danceability,energy,key,loudness,mode,speechiness,acousticness,instrumentalness,liveness,valence,tempo,type,id,uri,track_href,analysis_url,duration_ms,time_signature
0.686,0.623,1,-3.425,1,0.13,0.00287,0.00145,0.219,0.176,140.171,audio_features,2eqUZAVXjK61mZqLl4LKJJ,spotify:track:2eqUZAVXjK61mZqLl4LKJJ,https://api.spotify.com/v1/tracks/2eqUZAVXjK61mZqLl4LKJJ,https://api.spotify.com/v1/audio-analysis/2eqUZAVXjK61mZqLl4LKJJ,219759,4
0.838,0.411,2,-7.148,1,0.29,0.0339,0.00022,0.159,0.168,75.044,audio_features,0BzDQgmeRdA4V71VhfBvXT,spotify:track:0BzDQgmeRdA4V71VhfBvXT,https://api.spotify.com/v1/tracks/0BzDQgmeRdA4V71VhfBvXT,https://api.spotify.com/v1/audio-analysis/0BzDQgmeRdA4V71VhfBvXT,185707,4
0.413,0.807,11,-3.499,0,0.318,0.0536,0,0.631,0.438,149.33,audio_features,608a1wIsSd5KzMEqm1O7w3,spotify:track:608a1wIsSd5KzMEqm1O7w3,https://api.spotify.com/v1/tracks/608a1wIsSd5KzMEqm1O7w3,https://api.spotify.com/v1/audio-analysis/608a1wIsSd5KzMEqm1O7w3,296147,4
0.603,0.562,8,-7.221,1,0.348,0.255,0,0.1,0.4,180.362,audio_features,26oF6WjkOjDIRK9YsdZp2l,spotify:track:26oF6WjkOjDIRK9YsdZp2l,https://api.spotify.com/v1/tracks/26oF6WjkOjDIRK9YsdZp2l,https://api.spotify.com/v1/audio-analysis/26oF6WjkOjDIRK9YsdZp2l,229000,3
0.697,0.4,5,-5.888,0,0.0511,0.106,0,0.102,0.443,179.007,audio_features,3WjyiSbfR74pjWXQ3IaFKJ,spotify:track:3WjyiSbfR74pjWXQ3IaFKJ,https://api.spotify.com/v1/tracks/3WjyiSbfR74pjWXQ3IaFKJ,https://api.spotify.com/v1/audio-analysis/3WjyiSbfR74pjWXQ3IaFKJ,245520,4
0.704,0.419,8,-7.984,1,0.392,0.501,0,0.103,0.222,159.299,audio_features,2RwFo57JjznjveEqvBuRJX,spotify:track:2RwFo57JjznjveEqvBuRJX,https://api.spotify.com/v1/tracks/2RwFo57JjznjveEqvBuRJX,https://api.spotify.com/v1/audio-analysis/2RwFo57JjznjveEqvBuRJX,351720,4
0.835,0.413,1,-9.81,1,0.396,0.373,0.00133,0.101,0.111,149.004,audio_features,6fwdbPMwP1zVStm8FybmkO,spotify:track:6fwdbPMwP1zVStm8FybmkO,https://api.spotify.com/v1/tracks/6fwdbPMwP1zVStm8FybmkO,https://api.spotify.com/v1/audio-analysis/6fwdbPMwP1zVStm8FybmkO,258880,4
0.842,0.333,8,-13.886,1,0.384,0.22,0,0.168,0.143,141.001,audio_features,7A1Heow9lN9CIuuJzJ6MDP,spotify:track:7A1Heow9lN9CIuuJzJ6MDP,https://api.spotify.com/v1/tracks/7A1Heow9lN9CIuuJzJ6MDP,https://api.spotify.com/v1/audio-analysis/7A1Heow9lN9CIuuJzJ6MDP,247092,4
0.895,0.49,10,-10.31,0,0.251,0.0125,0.00101,0.142,0.257,83.508,audio_features,24BSTATmWEmrPOgEM17bfN,spotify:track:24BSTATmWEmrPOgEM17bfN,https://api.spotify.com/v1/tracks/24BSTATmWEmrPOgEM17bfN,https://api.spotify.com/v1/audio-analysis/24BSTATmWEmrPOgEM17bfN,227727,4
