danceability,energy,key,loudness,mode,speechiness,acousticness,instrumentalness,liveness,valence,tempo,type,id,uri,track_href,analysis_url,duration_ms,time_signature
0.722,0.331,8,-7.789,1,0.0726,0.337,0.282,0.146,0.102,143.961,audio_features,7EiZI6JVHllARrX9PUvAdX,spotify:track:7EiZI6JVHllARrX9PUvAdX,https://api.spotify.com/v1/tracks/7EiZI6JVHllARrX9PUvAdX,https://api.spotify.com/v1/audio-analysis/7EiZI6JVHllARrX9PUvAdX,313547,4
0.886,0.511,1,-4.691,0,0.0972,0.531,0.0501,0.112,0.261,127.898,audio_features,0xrdZMsJIaxoTHAB4bvGnu,spotify:track:0xrdZMsJIaxoTHAB4bvGnu,https://api.spotify.com/v1/tracks/0xrdZMsJIaxoTHAB4bvGnu,https://api.spotify.com/v1/audio-analysis/0xrdZMsJIaxoTHAB4bvGnu,173840,4
0.508,0.921,5,-1.644,1,0.303,0.246,0,0.221,0.681,93.058,audio_features,0zLClc0emc6qUeV1p5nc99,spotify:track:0zLClc0emc6qUeV1p5nc99,https://api.spotify.com/v1/tracks/0zLClc0emc6qUeV1p5nc99,https://api.spotify.com/v1/audio-analysis/0zLClc0emc6qUeV1p5nc99,374413,4
0.576,0.766,10,-4.943,0,0.449,0.028,1.68e-06,0.366,0.236,144.833,audio_features,5OOkp4U9P9oL23maHFHL1h,spotify:track:5OOkp4U9P9oL23maHFHL1h,https://api.spotify.com/v1/tracks/5OOkp4U9P9oL23maHFHL1h,https://api.spotify.com/v1/audio-analysis/5OOkp4U9P9oL23maHFHL1h,246761,4
0.791,0.619,1,-5.886,1,0.0532,0.00784,0.00423,0.351,0.371,103.989,audio_features,1xznGGDReH1oQq0xzbwXa3,spotify:track:1xznGGDReH1oQq0xzbwXa3,https://api.spotify.com/v1/tracks/1xznGGDReH1oQq0xzbwXa3,https://api.spotify.com/v1/audio-analysis/1xznGGDReH1oQq0xzbwXa3,173987,4
0.735,0.567,0,-5.962,1,0.0635,0.554,0,0.0659,0.574,149.968,audio_features,20s34XSPIiYMGSFDRSs24t,spotify:track:20s34XSPIiYMGSFDRSs24t,https://api.spotify.com/v1/tracks/20s34XSPIiYMGSFDRSs24t,https://api.spotify.com/v1/audio-analysis/20s34XSPIiYMGSFDRSs24t,232707,4
0.794,0.51,9,-7.314,1,0.42,0.0505,1.81e-06,0.0562,0.18,167.879,audio_features,19gEmPjfqSZT0ulDRfjl0m,spotify:track:19gEmPjfqSZT0ulDRfjl0m,https://api.spotify.com/v1/tracks/19gEmPjfqSZT0ulDRfjl0m,https://api.spotify.com/v1/audio-analysis/19gEmPjfqSZT0ulDRfjl0m,194561,4
0.831,0.667,1,-8.438,1,0.188,0.0103,0,0.35,0.339,95.073,audio_features,2NRUU0gP1d8Yif8CpsCW8l,spotify:track:2NRUU0gP1d8Yif8CpsCW8l,https://api.spotify.com/v1/tracks/2NRUU0gP1d8Yif8CpsCW8l,https://api.spotify.com/v1/audio-analysis/2NRUU0gP1d8Yif8CpsCW8l,206667,4
0.546,0.667,1,-5.236,1,0.274,0.0152,0,0.0895,0.471,87.666,audio_features,7DTlsMOQjGysXHpwwpHuPl,spotify:track:7DTlsMOQjGysXHpwwpHuPl,https://api.spotify.com/v1/tracks/7DTlsMOQjGysXHpwwpHuPl,https://api.spotify.com/v1/audio-analysis/7DTlsMOQjGysXHpwwpHuPl,269693,4
