danceability,energy,key,loudness,mode,speechiness,acousticness,instrumentalness,liveness,valence,tempo,type,id,uri,track_href,analysis_url,duration_ms,time_signature
0.886,0.629,1,-4.404,0,0.306,0.051,7.66e-06,0.121,0.487,158.002,audio_features,6j0teRL3WdExzqmy334sh5,spotify:track:6j0teRL3WdExzqmy334sh5,https://api.spotify.com/v1/tracks/6j0teRL3WdExzqmy334sh5,https://api.spotify.com/v1/audio-analysis/6j0teRL3WdExzqmy334sh5,182491,4
0.664,0.704,8,-6.859,0,0.0974,0.0233,0,0.112,0.633,147.067,audio_features,0BU7nIcCZxYSE0hYcc5oZz,spotify:track:0BU7nIcCZxYSE0hYcc5oZz,https://api.spotify.com/v1/tracks/0BU7nIcCZxYSE0hYcc5oZz,https://api.spotify.com/v1/audio-analysis/0BU7nIcCZxYSE0hYcc5oZz,196336,4
0.794,0.632,0,-6.163,1,0.0649,0.142,0,0.128,0.355,145.926,audio_features,6fujklziTHa8uoM5OQSfIo,spotify:track:6fujklziTHa8uoM5OQSfIo,https://api.spotify.com/v1/tracks/6fujklziTHa8uoM5OQSfIo,https://api.spotify.com/v1/audio-analysis/6fujklziTHa8uoM5OQSfIo,291893,4
0.806,0.558,8,-6.538,1,0.172,0.00496,1.45e-06,0.16,0.26,85.011,audio_features,4ckuS4Nj4FZ7i3Def3Br8W,spotify:track:4ckuS4Nj4FZ7i3Def3Br8W,https://api.spotify.com/v1/tracks/4ckuS4Nj4FZ7i3Def3Br8W,https://api.spotify.com/v1/audio-analysis/4ckuS4Nj4FZ7i3Def3Br8W,251333,4
0.801,0.898,4,-6.662,1,0.269,0.0398,3.17e-06,0.108,0.563,140.102,audio_features,7bEKga8eFygrhFWB5KTl3A,spotify:track:7bEKga8eFygrhFWB5KTl3A,https://api.spotify.com/v1/tracks/7bEKga8eFygrhFWB5KTl3A,https://api.spotify.com/v1/audio-analysis/7bEKga8eFygrhFWB5KTl3A,172248,4
0.928,0.481,9,-9.35,0,0.287,0.105,0,0.176,0.613,134.007,audio_features,343YBumqHu19cGoGARUTsd,spotify:track:343YBumqHu19cGoGARUTsd,https://api.spotify.com/v1/tracks/343YBumqHu19cGoGARUTsd,https://api.spotify.com/v1/audio-analysis/343YBumqHu19cGoGARUTsd,210937,4
0.7,0.693,2,-6.553,1,0.14,0.00375,0,0.314,0.525,133.981,audio_features,3klzr0269NpGoBpe9BUNXN,spotify:track:3klzr0269NpGoBpe9BUNXN,https://api.spotify.com/v1/tracks/3klzr0269NpGoBpe9BUNXN,https://api.spotify.com/v1/audio-analysis/3klzr0269NpGoBpe9BUNXN,210472,4
0.969,0.491,2,-9.859,1,0.233,0.0361,0,0.118,0.768,126.048,audio_features,252gJUec2oDsGBPcxZs4nX,spotify:track:252gJUec2oDsGBPcxZs4nX,https://api.spotify.com/v1/tracks/252gJUec2oDsGBPcxZs4nX,https://api.spotify.com/v1/audio-analysis/252gJUec2oDsGBPcxZs4nX,198095,4
0.628,0.658,1,-6.378,1,0.0976,0.082,0,0.111,0.256,180.044,audio_features,0JszC5e6xrye17Fig9yv9b,spotify:track:0JszC5e6xrye17Fig9yv9b,https://api.spotify.com/v1/tracks/0JszC5e6xrye17Fig9yv9b,https://api.spotify.com/v1/audio-analysis/0JszC5e6xrye17Fig9yv9b,213333,4
