danceability,energy,key,loudness,mode,speechiness,acousticness,instrumentalness,liveness,valence,tempo,type,id,uri,track_href,analysis_url,duration_ms,time_signature
0.531,0.544,0,-8.615,0,0.462,0.308,1.89e-06,0.0835,0.398,131.921,audio_features,3ZLyt2ndLFBh148XRYjYYZ,spotify:track:3ZLyt2ndLFBh148XRYjYYZ,https://api.spotify.com/v1/tracks/3ZLyt2ndLFBh148XRYjYYZ,https://api.spotify.com/v1/audio-analysis/3ZLyt2ndLFBh148XRYjYYZ,203794,4
0.539,0.528,11,-8.113,0,0.252,0.0108,0,0.117,0.252,190.169,audio_features,16Ah4QqH4mgYVXqfC4mdSd,spotify:track:16Ah4QqH4mgYVXqfC4mdSd,https://api.spotify.com/v1/tracks/16Ah4QqH4mgYVXqfC4mdSd,https://api.spotify.com/v1/audio-analysis/16Ah4QqH4mgYVXqfC4mdSd,228640,4
0.923,0.599,6,-4.888,1,0.238,0.07,1.23e-06,0.0951,0.667,138.024,audio_features,46IdjlVO3EmaMqooXZ1Hcu,spotify:track:46IdjlVO3EmaMqooXZ1Hcu,https://api.spotify.com/v1/tracks/46IdjlVO3EmaMqooXZ1Hcu,https://api.spotify.com/v1/audio-analysis/46IdjlVO3EmaMqooXZ1Hcu,181739,4
0.94,0.335,5,-10.179,0,0.505,0.17,0,0.262,0.707,120.04,audio_features,5hTpBe8h35rJ67eAWHQsJx,spotify:track:5hTpBe8h35rJ67eAWHQsJx,https://api.spotify.com/v1/tracks/5hTpBe8h35rJ67eAWHQsJx,https://api.spotify.com/v1/audio-analysis/5hTpBe8h35rJ67eAWHQsJx,209640,4
0.465,0.735,6,-3.715,1,0.117,0.0711,0,0.0975,0.409,173.935,audio_features,19a3JfW8BQwqHWUMbcqSx8,spotify:track:19a3JfW8BQwqHWUMbcqSx8,https://api.spotify.com/v1/tracks/19a3JfW8BQwqHWUMbcqSx8,https://api.spotify.com/v1/audio-analysis/19a3JfW8BQwqHWUMbcqSx8,196040,4
0.554,0.481,0,-9.823,1,0.329,0.0139,0,0.0787,0.456,191.991,audio_features,2Fe6gDE0mCZz0g98i5QpVL,spotify:track:2Fe6gDE0mCZz0g98i5QpVL,https://api.spotify.com/v1/tracks/2Fe6gDE0mCZz0g98i5QpVL,https://api.spotify.com/v1/audio-analysis/2Fe6gDE0mCZz0g98i5QpVL,236867,4
0.773,0.56,9,-5.742,1,0.126,0.0258,0,0.328,0.26,128.091,audio_features,5htB2gxndGHrLb09x1Q3Vp,spotify:track:5htB2gxndGHrLb09x1Q3Vp,https://api.spotify.com/v1/tracks/5htB2gxndGHrLb09x1Q3Vp,https://api.spotify.com/v1/audio-analysis/5htB2gxndGHrLb09x1Q3Vp,204027,4
0.926,0.336,0,-9.326,0,0.594,0.0392,0,0.138,0.38,92.995,audio_features,39hnH8WdPmNT3Q3yzwC9Rg,spotify:track:39hnH8WdPmNT3Q3yzwC9Rg,https://api.spotify.com/v1/tracks/39hnH8WdPmNT3Q3yzwC9Rg,https://api.spotify.com/v1/audio-analysis/39hnH8WdPmNT3Q3yzwC9Rg,196600,4
0.681,0.594,7,-7.028,1,0.282,0.165,3.49e-06,0.134,0.535,186.054,audio_features,5aAx2yezTd8zXrkmtKl66Z,spotify:track:5aAx2yezTd8zXrkmtKl66Z,https://api.spotify.com/v1/tracks/5aAx2yezTd8zXrkmtKl66Z,https://api.spotify.com/v1/audio-analysis/5aAx2yezTd8zXrkmtKl66Z,230453,4
