danceability,energy,key,loudness,mode,speechiness,acousticness,instrumentalness,liveness,valence,tempo,type,id,uri,track_href,analysis_url,duration_ms,time_signature
0.733,0.408,7,-7.834,0,0.0388,0.679,3.92e-05,0.11,0.291,94.947,audio_features,4NYwy0R3NdvORX2B6OZXBT,spotify:track:4NYwy0R3NdvORX2B6OZXBT,https://api.spotify.com/v1/tracks/4NYwy0R3NdvORX2B6OZXBT,https://api.spotify.com/v1/audio-analysis/4NYwy0R3NdvORX2B6OZXBT,197854,4
0.75,0.327,1,-10.723,0,0.0817,0.0537,0,0.0845,0.216,94.527,audio_features,7zLUZyE6sNuU5pMRieg3at,spotify:track:7zLUZyE6sNuU5pMRieg3at,https://api.spotify.com/v1/tracks/7zLUZyE6sNuU5pMRieg3at,https://api.spotify.com/v1/audio-analysis/7zLUZyE6sNuU5pMRieg3at,241069,4
0.637,0.69,9,-3.214,0,0.0693,0.417,0,0.211,0.103,140.329,audio_features,35srNkJVToAzYiZzron1FY,spotify:track:35srNkJVToAzYiZzron1FY,https://api.spotify.com/v1/tracks/35srNkJVToAzYiZzron1FY,https://api.spotify.com/v1/audio-analysis/35srNkJVToAzYiZzron1FY,253907,4
0.801,0.802,1,-5.516,1,0.434,0.0445,0,0.388,0.777,82.115,audio_features,3tZlxGCaynTIKK83TF4uPB,spotify:track:3tZlxGCaynTIKK83TF4uPB,https://api.spotify.com/v1/tracks/3tZlxGCaynTIKK83TF4uPB,https://api.spotify.com/v1/audio-analysis/3tZlxGCaynTIKK83TF4uPB,202031,4
0.688,0.556,6,-7.738,1,0.264,0.7,1.87e-06,0.108,0.416,129.336,audio_features,08zJpaUQVi9FrKv2e32Bah,spotify:track:08zJpaUQVi9FrKv2e32Bah,https://api.spotify.com/v1/tracks/08zJpaUQVi9FrKv2e32Bah,https://api.spotify.com/v1/audio-analysis/08zJpaUQVi9FrKv2e32Bah,240320,4
0.684,0.607,11,-8.127,0,0.1,0.0267,0.000307,0.191,0.498,81.001,audio_features,0JXXNGljqupsJaZsgSbMZV,spotify:track:0JXXNGljqupsJaZsgSbMZV,https://api.spotify.com/v1/tracks/0JXXNGljqupsJaZsgSbMZV,https://api.spotify.com/v1/audio-analysis/0JXXNGljqupsJaZsgSbMZV,195373,4
0.696,0.801,5,-5.641,0,0.0952,0.0469,0,0.502,0.536,93.003,audio_features,59PL9AwYjIrIpP04n9gmMR,spotify:track:59PL9AwYjIrIpP04n9gmMR,https://api.spotify.com/v1/tracks/59PL9AwYjIrIpP04n9gmMR,https://api.spotify.com/v1/audio-analysis/59PL9AwYjIrIpP04n9gmMR,211909,4
0.931,0.415,7,-8.491,1,0.293,0.0613,0,0.059,0.619,97.995,audio_features,77doqkS2s213W6AKgPC6Xj,spotify:track:77doqkS2s213W6AKgPC6Xj,https://api.spotify.com/v1/tracks/77doqkS2s213W6AKgPC6Xj,https://api.spotify.com/v1/audio-analysis/77doqkS2s213W6AKgPC6Xj,202199,4
0.618,0.717,7,-5.738,1,0.318,0.00256,0,0.625,0.603,190.05,audio_features,5NQbUaeTEOGdD6hHcre0dZ,spotify:track:5NQbUaeTEOGdD6hHcre0dZ,https://api.spotify.com/v1/tracks/5NQbUaeTEOGdD6hHcre0dZ,https://api.spotify.com/v1/audio-analysis/5NQbUaeTEOGdD6hHcre0dZ,196693,4
