danceability,energy,key,loudness,mode,speechiness,acousticness,instrumentalness,liveness,valence,tempo,type,id,uri,track_href,analysis_url,duration_ms,time_signature
0.746,0.687,1,-7.475,1,0.382,0.155,0,0.137,0.283,143.931,audio_features,6HfOzLLjsaXsehIFEsrxTk,spotify:track:6HfOzLLjsaXsehIFEsrxTk,https://api.spotify.com/v1/tracks/6HfOzLLjsaXsehIFEsrxTk,https://api.spotify.com/v1/audio-analysis/6HfOzLLjsaXsehIFEsrxTk,188320,4
0.895,0.681,7,-5.267,0,0.358,0.157,0,0.189,0.554,121.918,audio_features,0wdKiSBUT7aZkXUIdJWcwC,spotify:track:0wdKiSBUT7aZkXUIdJWcwC,https://api.spotify.com/v1/tracks/0wdKiSBUT7aZkXUIdJWcwC,https://api.spotify.com/v1/audio-analysis/0wdKiSBUT7aZkXUIdJWcwC,240000,4
0.762,0.666,0,-6.055,1,0.0916,0.00427,0,0.127,0.278,118.97,audio_features,10I3CmmwT0BkOVhduDy53o,spotify:track:10I3CmmwT0BkOVhduDy53o,https://api.spotify.com/v1/tracks/10I3CmmwT0BkOVhduDy53o,https://api.spotify.com/v1/audio-analysis/10I3CmmwT0BkOVhduDy53o,232093,4
0.849,0.521,11,-12.999,0,0.216,0.304,1.65e-06,0.115,0.763,95.265,audio_features,7nYvUtkQMx1v80S2FH2s9J,spotify:track:7nYvUtkQMx1v80S2FH2s9J,https://api.spotify.com/v1/tracks/7nYvUtkQMx1v80S2FH2s9J,https://api.spotify.com/v1/audio-analysis/7nYvUtkQMx1v80S2FH2s9J,248867,4
0.763,0.629,7,-8.66,0,0.225,0.0891,0,0.169,0.709,142.149,audio_features,4F55RCGuM477OjznpYGhYz,spotify:track:4F55RCGuM477OjznpYGhYz,https://api.spotify.com/v1/tracks/4F55RCGuM477OjznpYGhYz,https://api.spotify.com/v1/audio-analysis/4F55RCGuM477OjznpYGhYz,267507,4
0.492,0.698,1,-5.606,1,0.171,0.0524,0,0.428,0.288,139.953,audio_features,6HMHgBHdLBQ0QYIaOp2gse,spotify:track:6HMHgBHdLBQ0QYIaOp2gse,https://api.spotify.com/v1/tracks/6HMHgBHdLBQ0QYIaOp2gse,https://api.spotify.com/v1/audio-analysis/6HMHgBHdLBQ0QYIaOp2gse,209707,4
0.661,0.604,5,-6.827,0,0.052,0.24,0,0.116,0.64,99.969,audio_features,1lp1YyncJKAabaSuP3vvuf,spotify:track:1lp1YyncJKAabaSuP3vvuf,https://api.spotify.com/v1/tracks/1lp1YyncJKAabaSuP3vvuf,https://api.spotify.com/v1/audio-analysis/1lp1YyncJKAabaSuP3vvuf,312027,4
0.418,0.724,5,-3.724,1,0.0964,0.213,0,0.112,0.604,78.521,audio_features,0PJIbOdMs3bd5AT8liULMQ,spotify:track:0PJIbOdMs3bd5AT8liULMQ,https://api.spotify.com/v1/tracks/0PJIbOdMs3bd5AT8liULMQ,https://api.spotify.com/v1/audio-analysis/0PJIbOdMs3bd5AT8liULMQ,238320,5
0.881,0.546,2,-7.566,1,0.12,0.00296,4.72e-06,0.226,0.276,140.032,audio_features,0GR7iJLhj80KD5LkA14ZRn,spotify:track:0GR7iJLhj80KD5LkA14ZRn,https://api.spotify.com/v1/tracks/0GR7iJLhj80KD5LkA14ZRn,https://api.spotify.com/v1/audio-analysis/0GR7iJLhj80KD5LkA14ZRn,231231,4
