danceability,energy,key,loudness,mode,speechiness,acousticness,instrumentalness,liveness,valence,tempo,type,id,uri,track_href,analysis_url,duration_ms,time_signature
0.517,0.705,6,-8.205,0,0.364,0.0751,0,0.128,0.584,175.906,audio_features,6Ius4TC0L3cN74HT7ENE6e,spotify:track:6Ius4TC0L3cN74HT7ENE6e,https://api.spotify.com/v1/tracks/6Ius4TC0L3cN74HT7ENE6e,https://api.spotify.com/v1/audio-analysis/6Ius4TC0L3cN74HT7ENE6e,239320,4
0.833,0.496,1,-9.188,0,0.359,0.0215,0,0.101,0.316,135.02,audio_features,4kdVdB8sOkoaBeEd05G6Gu,spotify:track:4kdVdB8sOkoaBeEd05G6Gu,https://api.spotify.com/v1/tracks/4kdVdB8sOkoaBeEd05G6Gu,https://api.spotify.com/v1/audio-analysis/4kdVdB8sOkoaBeEd05G6Gu,170710,4
0.851,0.651,9,-6.249,1,0.233,0.555,0.0264,0.461,0.916,93.995,audio_features,58NcFB7kNMOzYkS3qzME4C,spotify:track:58NcFB7kNMOzYkS3qzME4C,https://api.spotify.com/v1/tracks/58NcFB7kNMOzYkS3qzME4C,https://api.spotify.com/v1/audio-analysis/58NcFB7kNMOzYkS3qzME4C,261373,4
0.879,0.681,5,-6.664,0,0.174,0.0885,0,0.123,0.487,96.027,audio_features,7oigG0toPdu2Oj8mYowsBM,spotify:track:7oigG0toPdu2Oj8mYowsBM,https://api.spotify.com/v1/tracks/7oigG0toPdu2Oj8mYowsBM,https://api.spotify.com/v1/audio-analysis/7oigG0toPdu2Oj8mYowsBM,201147,4
0.8,0.478,8,-7.874,1,0.181,0.427,0,0.134,0.687,135.957,audio_features,5xwpXWWkfJRqg1S27oVxh4,spotify:track:5xwpXWWkfJRqg1S27oVxh4,https://api.spotify.com/v1/tracks/5xwpXWWkfJRqg1S27oVxh4,https://api.spotify.com/v1/audio-analysis/5xwpXWWkfJRqg1S27oVxh4,259760,4
0.899,0.504,8,-6.758,0,0.5,0.826,0,0.052,0.537,129.89,audio_features,22DKsoYFV5npPXmnPpXL7i,spotify:track:22DKsoYFV5npPXmnPpXL7i,https://api.spotify.com/v1/tracks/22DKsoYFV5npPXmnPpXL7i,https://api.spotify.com/v1/audio-analysis/22DKsoYFV5npPXmnPpXL7i,207813,4
0.813,0.453,1,-6.941,1,0.338,0.0933,0,0.14,0.191,161.997,audio_features,5nN8BwAQDJDguq7Dpd3JQQ,spotify:track:5nN8BwAQDJDguq7Dpd3JQQ,https://api.spotify.com/v1/tracks/5nN8BwAQDJDguq7Dpd3JQQ,https://api.spotify.com/v1/audio-analysis/5nN8BwAQDJDguq7Dpd3JQQ,208027,4
0.692,0.521,10,-8.465,0,0.33,0.301,0,0.0565,0.463,100.45,audio_features,62vpWI1CHwFy7tMIcSStl8,spotify:track:62vpWI1CHwFy7tMIcSStl8,https://api.spotify.com/v1/tracks/62vpWI1CHwFy7tMIcSStl8,https://api.spotify.com/v1/audio-analysis/62vpWI1CHwFy7tMIcSStl8,292987,4
0.89,0.393,4,-10.821,0,0.267,0.331,8.81e-06,0.283,0.304,128.084,audio_features,16qYlQ6koFxYVbiJbGHblz,spotify:track:16qYlQ6koFxYVbiJbGHblz,https://api.spotify.com/v1/tracks/16qYlQ6koFxYVbiJbGHblz,https://api.spotify.com/v1/audio-analysis/16qYlQ6koFxYVbiJbGHblz,301133,4
