danceability,energy,key,loudness,mode,speechiness,acousticness,instrumentalness,liveness,valence,tempo,type,id,uri,track_href,analysis_url,duration_ms,time_signature
0.732,0.899,0,-4.237,1,0.143,0.00496,4.64e-05,0.372,0.759,127.091,audio_features,1uXbwHHfgsXcUKfSZw5ZJ0,spotify:track:1uXbwHHfgsXcUKfSZw5ZJ0,https://api.spotify.com/v1/tracks/1uXbwHHfgsXcUKfSZw5ZJ0,https://api.spotify.com/v1/audio-analysis/1uXbwHHfgsXcUKfSZw5ZJ0,236093,4
0.874,0.568,11,-5.896,0,0.224,0.0698,1.38e-05,0.149,0.46,139.995,audio_features,49zD0wr2S3d0lZPib0K4e1,spotify:track:49zD0wr2S3d0lZPib0K4e1,https://api.spotify.com/v1/tracks/49zD0wr2S3d0lZPib0K4e1,https://api.spotify.com/v1/audio-analysis/49zD0wr2S3d0lZPib0K4e1,237400,4
0.734,0.703,1,-1.69,0,0.132,0.0344,0,0.162,0.152,121.08,audio_features,25rc1PFgPvtV6GFSloyOI0,spotify:track:25rc1PFgPvtV6GFSloyOI0,https://api.spotify.com/v1/tracks/25rc1PFgPvtV6GFSloyOI0,https://api.spotify.com/v1/audio-analysis/25rc1PFgPvtV6GFSloyOI0,264973,4
0.795,0.646,8,-9.001,1,0.436,0.0192,0,0.278,0.619,80.027,audio_features,3anp5nvmUKwMBEIEL1sPHR,spotify:track:3anp5nvmUKwMBEIEL1sPHR,https://api.spotify.com/v1/tracks/3anp5nvmUKwMBEIEL1sPHR,https://api.spotify.com/v1/audio-analysis/3anp5nvmUKwMBEIEL1sPHR,237054,4
0.798,0.443,2,-6.062,1,0.0403,0.244,0,0.326,0.354,125.232,audio_features,7I6DceMT3utDOHjcYCbrr4,spotify:track:7I6DceMT3utDOHjcYCbrr4,https://api.spotify.com/v1/tracks/7I6DceMT3utDOHjcYCbrr4,https://api.spotify.com/v1/audio-analysis/7I6DceMT3utDOHjcYCbrr4,293053,4
0.776,0.662,1,-7.016,0,0.0489,0.00157,2.1e-05,0.0887,0.324,152.927,audio_features,1LxKKYsJNPeBdOwdudsJzv,spotify:track:1LxKKYsJNPeBdOwdudsJzv,https://api.spotify.com/v1/tracks/1LxKKYsJNPeBdOwdudsJzv,https://api.spotify.com/v1/audio-analysis/1LxKKYsJNPeBdOwdudsJzv,182733,4
0.876,0.984,10,-2.018,0,0.274,0.233,0,0.0505,0.642,99.976,audio_features,1Oenqmtbzt331Pgv0ODfS2,spotify:track:1Oenqmtbzt331Pgv0ODfS2,https://api.spotify.com/v1/tracks/1Oenqmtbzt331Pgv0ODfS2,https://api.spotify.com/v1/audio-analysis/1Oenqmtbzt331Pgv0ODfS2,250747,4
0.662,0.693,3,-4.298,1,0.0698,0.134,0,0.145,0.655,86.009,audio_features,1CdkNxTlkUWR4ZnXcKES3b,spotify:track:1CdkNxTlkUWR4ZnXcKES3b,https://api.spotify.com/v1/tracks/1CdkNxTlkUWR4ZnXcKES3b,https://api.spotify.com/v1/audio-analysis/1CdkNxTlkUWR4ZnXcKES3b,252120,4
0.692,0.736,1,-5.109,1,0.11,0.0324,0,0.0787,0.217,73.987,audio_features,1M919GYWDcWoGzhf4i2jYg,spotify:track:1M919GYWDcWoGzhf4i2jYg,https://api.spotify.com/v1/tracks/1M919GYWDcWoGzhf4i2jYg,https://api.spotify.com/v1/audio-analysis/1M919GYWDcWoGzhf4i2jYg,276560,4
