danceability,energy,key,loudness,mode,speechiness,acousticness,instrumentalness,liveness,valence,tempo,type,id,uri,track_href,analysis_url,duration_ms,time_signature
0.868,0.623,2,-8.595,1,0.101,0.0249,0,0.125,0.498,105.446,audio_features,3a8tAZFJxlmBwOtrf5L1oC,spotify:track:3a8tAZFJxlmBwOtrf5L1oC,https://api.spotify.com/v1/tracks/3a8tAZFJxlmBwOtrf5L1oC,https://api.spotify.com/v1/audio-analysis/3a8tAZFJxlmBwOtrf5L1oC,180667,4
0.394,0.771,3,-6.873,1,0.29,0.00193,0,0.114,0.548,145.947,audio_features,4HnPZXkx15Y5hfBWh9vtQL,spotify:track:4HnPZXkx15Y5hfBWh9vtQL,https://api.spotify.com/v1/tracks/4HnPZXkx15Y5hfBWh9vtQL,https://api.spotify.com/v1/audio-analysis/4HnPZXkx15Y5hfBWh9vtQL,249401,4
0.328,0.622,5,-7.291,0,0.0866,0.858,0,0.104,0.401,74.267,audio_features,6MreoQf8oixWI2xRcw3Fv1,spotify:track:6MreoQf8oixWI2xRcw3Fv1,https://api.spotify.com/v1/tracks/6MreoQf8oixWI2xRcw3Fv1,https://api.spotify.com/v1/audio-analysis/6MreoQf8oixWI2xRcw3Fv1,228093,4
0.439,0.675,1,-7.062,1,0.354,0.145,0,0.44,0.945,91.415,audio_features,78c3IFOZdqCvelTH65zA0g,spotify:track:78c3IFOZdqCvelTH65zA0g,https://api.spotify.com/v1/tracks/78c3IFOZdqCvelTH65zA0g,https://api.spotify.com/v1/audio-analysis/78c3IFOZdqCvelTH65zA0g,182720,4
0.87,0.464,4,-8.337,1,0.178,0.205,0,0.0902,0.457,112.974,audio_features,7aXuop4Qambx5Oi3ynsKQr,spotify:track:7aXuop4Qambx5Oi3ynsKQr,https://api.spotify.com/v1/tracks/7aXuop4Qambx5Oi3ynsKQr,https://api.spotify.com/v1/audio-analysis/7aXuop4Qambx5Oi3ynsKQr,251989,4
0.589,0.658,11,-5.288,0,0.203,0.0242,0,0.118,0.251,77.521,audio_features,0hy1SOTEn9ifXTzOwnCwEr,spotify:track:0hy1SOTEn9ifXTzOwnCwEr,https://api.spotify.com/v1/tracks/0hy1SOTEn9ifXTzOwnCwEr,https://api.spotify.com/v1/audio-analysis/0hy1SOTEn9ifXTzOwnCwEr,223973,4
0.883,0.85,10,-4.053,0,0.361,0.308,0,0.368,0.711,150.138,audio_features,0z9hbAY5d0RhmvZr3DWMPK,spotify:track:0z9hbAY5d0RhmvZr3DWMPK,https://api.spotify.com/v1/tracks/0z9hbAY5d0RhmvZr3DWMPK,https://api.spotify.com/v1/audio-analysis/0z9hbAY5d0RhmvZr3DWMPK,146000,4
0.889,0.818,9,-4.639,1,0.253,0.47,0,0.179,0.782,96.063,audio_features,5ByAIlEEnxYdvpnezg7HTX,spotify:track:5ByAIlEEnxYdvpnezg7HTX,https://api.spotify.com/v1/tracks/5ByAIlEEnxYdvpnezg7HTX,https://api.spotify.com/v1/audio-analysis/5ByAIlEEnxYdvpnezg7HTX,302760,4
0.706,0.621,4,-7.793,0,0.134,0.183,0,0.684,0.524,99.961,audio_features,0GRSF02AmBaMoD7wBiN8Pe,spotify:track:0GRSF02AmBaMoD7wBiN8Pe,https://api.spotify.com/v1/tracks/0GRSF02AmBaMoD7wBiN8Pe,https://api.spotify.com/v1/audio-analysis/0GRSF02AmBaMoD7wBiN8Pe,244387,4
