danceability,energy,key,loudness,mode,speechiness,acousticness,instrumentalness,liveness,valence,tempo,type,id,uri,track_href,analysis_url,duration_ms,time_signature
0.718,0.679,11,-5.899,0,0.0706,0.00191,0.0104,0.385,0.205,157.97,audio_features,6BbINUfGabVyiNFJpQXn3x,spotify:track:6BbINUfGabVyiNFJpQXn3x,https://api.spotify.com/v1/tracks/6BbINUfGabVyiNFJpQXn3x,https://api.spotify.com/v1/audio-analysis/6BbINUfGabVyiNFJpQXn3x,173347,4
0.595,0.46,1,-7.607,1,0.396,0.00354,2.76e-05,0.147,0.0542,144.988,audio_features,2ZRJRe82aZaVhOKKlbJr4v,spotify:track:2ZRJRe82aZaVhOKKlbJr4v,https://api.spotify.com/v1/tracks/2ZRJRe82aZaVhOKKlbJr4v,https://api.spotify.com/v1/audio-analysis/2ZRJRe82aZaVhOKKlbJr4v,202451,4
0.886,0.525,8,-7.39,1,0.131,0.236,0,0.057,0.708,145.99,audio_features,7yyRTcZmCiyzzJlNzGC9Ol,spotify:track:7yyRTcZmCiyzzJlNzGC9Ol,https://api.spotify.com/v1/tracks/7yyRTcZmCiyzzJlNzGC9Ol,https://api.spotify.com/v1/audio-analysis/7yyRTcZmCiyzzJlNzGC9Ol,225205,4
0.675,0.562,7,-7.678,1,0.0352,0.233,0,0.0816,0.309,130.098,audio_features,6eT7xZZlB2mwyzJ2sUKG6w,spotify:track:6eT7xZZlB2mwyzJ2sUKG6w,https://api.spotify.com/v1/tracks/6eT7xZZlB2mwyzJ2sUKG6w,https://api.spotify.com/v1/audio-analysis/6eT7xZZlB2mwyzJ2sUKG6w,256533,4
0.875,0.673,7,-4.184,1,0.0932,0.135,0,0.292,0.231,130.0,audio_features,376KnY4TrgBITxjlnbnmIy,spotify:track:376KnY4TrgBITxjlnbnmIy,https://api.spotify.com/v1/tracks/376KnY4TrgBITxjlnbnmIy,https://api.spotify.com/v1/audio-analysis/376KnY4TrgBITxjlnbnmIy,222600,4
0.652,0.795,11,-5.192,0,0.174,0.156,0,0.123,0.788,135.018,audio_features,0v9Wz8o0BT8DU38R4ddjeH,spotify:track:0v9Wz8o0BT8DU38R4ddjeH,https://api.spotify.com/v1/tracks/0v9Wz8o0BT8DU38R4ddjeH,https://api.spotify.com/v1/audio-analysis/0v9Wz8o0BT8DU38R4ddjeH,304607,4
0.446,0.509,4,-7.351,0,0.216,0.407,0,0.362,0.362,72.073,audio_features,7FB5GWffHejisEp6HZ9Bwr,spotify:track:7FB5GWffHejisEp6HZ9Bwr,https://api.spotify.com/v1/tracks/7FB5GWffHejisEp6HZ9Bwr,https://api.spotify.com/v1/audio-analysis/7FB5GWffHejisEp6HZ9Bwr,229520,4
0.774,0.632,11,-5.393,0,0.164,0.149,6.59e-06,0.507,0.455,154.991,audio_features,4VksxNeObBK9aaWMc6ZXK8,spotify:track:4VksxNeObBK9aaWMc6ZXK8,https://api.spotify.com/v1/tracks/4VksxNeObBK9aaWMc6ZXK8,https://api.spotify.com/v1/audio-analysis/4VksxNeObBK9aaWMc6ZXK8,254440,4
0.776,0.662,1,-7.016,0,0.0489,0.00157,2.1e-05,0.0887,0.324,152.927,audio_features,1LxKKYsJNPeBdOwdudsJzv,spotify:track:1LxKKYsJNPeBdOwdudsJzv,https://api.spotify.com/v1/tracks/1LxKKYsJNPeBdOwdudsJzv,https://api.spotify.com/v1/audio-analysis/1LxKKYsJNPeBdOwdudsJzv,182733,4
