danceability,energy,key,loudness,mode,speechiness,acousticness,instrumentalness,liveness,valence,tempo,type,id,uri,track_href,analysis_url,duration_ms,time_signature
0.709,0.638,1,-4.3,1,0.0405,0.0649,0,0.0969,0.468,141.994,audio_features,3nw9J97nUugT84SIJdjhAV,spotify:track:3nw9J97nUugT84SIJdjhAV,https://api.spotify.com/v1/tracks/3nw9J97nUugT84SIJdjhAV,https://api.spotify.com/v1/audio-analysis/3nw9J97nUugT84SIJdjhAV,244133,4
0.831,0.427,2,-6.903,1,0.106,0.0531,0,0.316,0.216,93.004,audio_features,6rbeWjEavBHvX2kr6lSogS,spotify:track:6rbeWjEavBHvX2kr6lSogS,https://api.spotify.com/v1/tracks/6rbeWjEavBHvX2kr6lSogS,https://api.spotify.com/v1/audio-analysis/6rbeWjEavBHvX2kr6lSogS,234773,4
0.534,0.566,1,-13.266,1,0.252,0.0289,0,0.349,0.334,133.947,audio_features,18JN8jWtoNuxazB9xe5IxC,spotify:track:18JN8jWtoNuxazB9xe5IxC,https://api.spotify.com/v1/tracks/18JN8jWtoNuxazB9xe5IxC,https://api.spotify.com/v1/audio-analysis/18JN8jWtoNuxazB9xe5IxC,203546,4
0.859,0.627,6,-7.91,0,0.13,0.0388,0.000202,0.101,0.594,142.062,audio_features,5uqphUYsR45kPYplrYSAQh,spotify:track:5uqphUYsR45kPYplrYSAQh,https://api.spotify.com/v1/tracks/5uqphUYsR45kPYplrYSAQh,https://api.spotify.com/v1/audio-analysis/5uqphUYsR45kPYplrYSAQh,260453,4
0.676,0.615,6,-7.534,0,0.0496,0.0384,0,0.341,0.883,163.993,audio_features,2NVt7fxr5GsqTkGwYXcNTE,spotify:track:2NVt7fxr5GsqTkGwYXcNTE,https://api.spotify.com/v1/tracks/2NVt7fxr5GsqTkGwYXcNTE,https://api.spotify.com/v1/audio-analysis/2NVt7fxr5GsqTkGwYXcNTE,176675,4
0.733,0.676,10,-5.655,0,0.0432,0.0697,0,0.208,0.701,97.448,audio_features,0fgZUSa7D7aVvv3GfO0A1n,spotify:track:0fgZUSa7D7aVvv3GfO0A1n,https://api.spotify.com/v1/tracks/0fgZUSa7D7aVvv3GfO0A1n,https://api.spotify.com/v1/audio-analysis/0fgZUSa7D7aVvv3GfO0A1n,226581,4
0.939,0.468,6,-7.907,1,0.426,0.075,0,0.06,0.618,125.069,audio_features,5JedBhwRzsHLodF17y6lor,spotify:track:5JedBhwRzsHLodF17y6lor,https://api.spotify.com/v1/tracks/5JedBhwRzsHLodF17y6lor,https://api.spotify.com/v1/audio-analysis/5JedBhwRzsHLodF17y6lor,292486,4
0.717,0.862,8,-4.736,1,0.054,0.00689,0,0.321,0.52,130.021,audio_features,1ULa3GfdMKs0MfRpm6xVlu,spotify:track:1ULa3GfdMKs0MfRpm6xVlu,https://api.spotify.com/v1/tracks/1ULa3GfdMKs0MfRpm6xVlu,https://api.spotify.com/v1/audio-analysis/1ULa3GfdMKs0MfRpm6xVlu,224933,4
0.794,0.522,8,-7.829,1,0.159,0.0328,0,0.156,0.567,86.318,audio_features,6V2D8Lls36APk0THDjBDfE,spotify:track:6V2D8Lls36APk0THDjBDfE,https://api.spotify.com/v1/tracks/6V2D8Lls36APk0THDjBDfE,https://api.spotify.com/v1/audio-analysis/6V2D8Lls36APk0THDjBDfE,174133,4
