danceability,energy,key,loudness,mode,speechiness,acousticness,instrumentalness,liveness,valence,tempo,type,id,uri,track_href,analysis_url,duration_ms,time_signature
0.693,0.547,1,-8.127,1,0.114,0.0111,0,0.0677,0.612,80.028,audio_features,4gFXY5yvHayGckJndafYQE,spotify:track:4gFXY5yvHayGckJndafYQE,https://api.spotify.com/v1/tracks/4gFXY5yvHayGckJndafYQE,https://api.spotify.com/v1/audio-analysis/4gFXY5yvHayGckJndafYQE,227960,4
0.929,0.339,1,-10.881,1,0.371,0.0373,1.96e-05,0.187,0.273,98.986,audio_features,0srwKuJPH8yBzzFUJMBQM2,spotify:track:0srwKuJPH8yBzzFUJMBQM2,https://api.spotify.com/v1/tracks/0srwKuJPH8yBzzFUJMBQM2,https://api.spotify.com/v1/audio-analysis/0srwKuJPH8yBzzFUJMBQM2,203200,4
0.835,0.757,8,-5.029,0,0.23,0.00647,0,0.29,0.626,82.038,audio_features,6o3s08kk2fQI37vxGZDrJ1,spotify:track:6o3s08kk2fQI37vxGZDrJ1,https://api.spotify.com/v1/tracks/6o3s08kk2fQI37vxGZDrJ1,https://api.spotify.com/v1/audio-analysis/6o3s08kk2fQI37vxGZDrJ1,274387,4
0.825,0.856,1,-1.912,1,0.0476,0.00851,1.4e-06,0.127,0.207,128.016,audio_features,1V4jC0vJ5525lEF1bFgPX2,spotify:track:1V4jC0vJ5525lEF1bFgPX2,https://api.spotify.com/v1/tracks/1V4jC0vJ5525lEF1bFgPX2,https://api.spotify.com/v1/audio-analysis/1V4jC0vJ5525lEF1bFgPX2,222133,4
0.899,0.713,6,-2.752,0,0.366,0.255,0,0.0708,0.777,90.051,audio_features,7iL6o9tox1zgHpKUfh9vuC,spotify:track:7iL6o9tox1zgHpKUfh9vuC,https://api.spotify.com/v1/tracks/7iL6o9tox1zgHpKUfh9vuC,https://api.spotify.com/v1/audio-analysis/7iL6o9tox1zgHpKUfh9vuC,193467,4
0.673,0.614,7,-5.426,1,0.103,0.0782,0,0.139,0.362,176.052,audio_features,08uGhvS5MfBk7crUCpnjva,spotify:track:08uGhvS5MfBk7crUCpnjva,https://api.spotify.com/v1/tracks/08uGhvS5MfBk7crUCpnjva,https://api.spotify.com/v1/audio-analysis/08uGhvS5MfBk7crUCpnjva,289747,4
0.83,0.682,10,-7.415,0,0.0936,0.00359,1.76e-06,0.0432,0.863,101.171,audio_features,1mhrPZCfGbDkQn8IYBtgIO,spotify:track:1mhrPZCfGbDkQn8IYBtgIO,https://api.spotify.com/v1/tracks/1mhrPZCfGbDkQn8IYBtgIO,https://api.spotify.com/v1/audio-analysis/1mhrPZCfGbDkQn8IYBtgIO,176467,4
0.607,0.654,5,-8.398,0,0.0482,0.131,7.71e-06,0.409,0.306,100.875,audio_features,0Iw4oH057OTHEfHcjDSDb0,spotify:track:0Iw4oH057OTHEfHcjDSDb0,https://api.spotify.com/v1/tracks/0Iw4oH057OTHEfHcjDSDb0,https://api.spotify.com/v1/audio-analysis/0Iw4oH057OTHEfHcjDSDb0,197228,4
0.667,0.637,9,-7.697,1,0.295,0.0425,0,0.345,0.737,93.005,audio_features,6rktW7ir6seXSqBoMaoJih,spotify:track:6rktW7ir6seXSqBoMaoJih,https://api.spotify.com/v1/tracks/6rktW7ir6seXSqBoMaoJih,https://api.spotify.com/v1/audio-analysis/6rktW7ir6seXSqBoMaoJih,185966,4
