danceability,energy,key,loudness,mode,speechiness,acousticness,instrumentalness,liveness,valence,tempo,type,id,uri,track_href,analysis_url,duration_ms,time_signature
0.671,0.939,8,-3.206,1,0.161,0.191,0,0.298,0.53,129.024,audio_features,4QNpBfC0zvjKqPJcyqBy9W,spotify:track:4QNpBfC0zvjKqPJcyqBy9W,https://api.spotify.com/v1/tracks/4QNpBfC0zvjKqPJcyqBy9W,https://api.spotify.com/v1/audio-analysis/4QNpBfC0zvjKqPJcyqBy9W,252307,4
0.92,0.731,4,-4.996,0,0.274,0.18,0,0.121,0.472,132.086,audio_features,6eBrlbv2HMYcldwjoMWIrC,spotify:track:6eBrlbv2HMYcldwjoMWIrC,https://api.spotify.com/v1/tracks/6eBrlbv2HMYcldwjoMWIrC,https://api.spotify.com/v1/audio-analysis/6eBrlbv2HMYcldwjoMWIrC,206267,4
0.874,0.706,1,-5.132,1,0.207,0.182,0,0.334,0.895,89.961,audio_features,2n5gVJ9fzeX2SSWlLQuyS9,spotify:track:2n5gVJ9fzeX2SSWlLQuyS9,https://api.spotify.com/v1/tracks/2n5gVJ9fzeX2SSWlLQuyS9,https://api.spotify.com/v1/audio-analysis/2n5gVJ9fzeX2SSWlLQuyS9,216248,4
0.868,0.679,6,-6.941,1,0.0397,0.0799,1.22e-06,0.0504,0.75,97.012,audio_features,1tYt8PbpbeTuqsNmprAZYY,spotify:track:1tYt8PbpbeTuqsNmprAZYY,https://api.spotify.com/v1/tracks/1tYt8PbpbeTuqsNmprAZYY,https://api.spotify.com/v1/audio-analysis/1tYt8PbpbeTuqsNmprAZYY,210983,4
0.776,0.675,8,-6.224,0,0.266,0.00196,0,0.227,0.27,131.984,audio_features,7jslhIiELQkgW9IHeYNOWE,spotify:track:7jslhIiELQkgW9IHeYNOWE,https://api.spotify.com/v1/tracks/7jslhIiELQkgW9IHeYNOWE,https://api.spotify.com/v1/audio-analysis/7jslhIiELQkgW9IHeYNOWE,217707,4
0.828,0.55,5,-9.158,1,0.255,0.000379,0.0016,0.134,0.254,160.016,audio_features,6bqtKURdSWkInAJHDkuaL0,spotify:track:6bqtKURdSWkInAJHDkuaL0,https://api.spotify.com/v1/tracks/6bqtKURdSWkInAJHDkuaL0,https://api.spotify.com/v1/audio-analysis/6bqtKURdSWkInAJHDkuaL0,180000,4
0.858,0.697,2,-5.361,1,0.23,0.114,0,0.224,0.364,98.012,audio_features,6AoYWCzsDls6c61Zp5qTuU,spotify:track:6AoYWCzsDls6c61Zp5qTuU,https://api.spotify.com/v1/tracks/6AoYWCzsDls6c61Zp5qTuU,https://api.spotify.com/v1/audio-analysis/6AoYWCzsDls6c61Zp5qTuU,290836,4
0.691,0.492,4,-10.815,0,0.196,0.405,0,0.0955,0.54,92.019,audio_features,0cyDtn3bMS1XoTp6Lcef1d,spotify:track:0cyDtn3bMS1XoTp6Lcef1d,https://api.spotify.com/v1/tracks/0cyDtn3bMS1XoTp6Lcef1d,https://api.spotify.com/v1/audio-analysis/0cyDtn3bMS1XoTp6Lcef1d,187826,4
0.714,0.563,1,-7.574,1,0.0723,0.0266,0,0.0776,0.31,100.091,audio_features,1ID1QFSNNxi0hiZCNcwjUC,spotify:track:1ID1QFSNNxi0hiZCNcwjUC,https://api.spotify.com/v1/tracks/1ID1QFSNNxi0hiZCNcwjUC,https://api.spotify.com/v1/audio-analysis/1ID1QFSNNxi0hiZCNcwjUC,241853,4
