danceability,energy,key,loudness,mode,speechiness,acousticness,instrumentalness,liveness,valence,tempo,type,id,uri,track_href,analysis_url,duration_ms,time_signature
0.86,0.719,11,-4.325,0,0.33,0.125,0,0.0799,0.496,160.049,audio_features,6qMXubogFdMrvVMJwqATzd,spotify:track:6qMXubogFdMrvVMJwqATzd,https://api.spotify.com/v1/tracks/6qMXubogFdMrvVMJwqATzd,https://api.spotify.com/v1/audio-analysis/6qMXubogFdMrvVMJwqATzd,207912,4
0.6,0.721,0,-4.596,1,0.212,0.182,0,0.256,0.371,94.939,audio_features,2YYvZyVDx0GxkoAYyHyV24,spotify:track:2YYvZyVDx0GxkoAYyHyV24,https://api.spotify.com/v1/tracks/2YYvZyVDx0GxkoAYyHyV24,https://api.spotify.com/v1/audio-analysis/2YYvZyVDx0GxkoAYyHyV24,193547,4
0.713,0.552,8,-6.526,1,0.0499,0.0298,0,0.0879,0.424,95.961,audio_features,1PTqbs9FV8hSJCS7OOF5OC,spotify:track:1PTqbs9FV8hSJCS7OOF5OC,https://api.spotify.com/v1/tracks/1PTqbs9FV8hSJCS7OOF5OC,https://api.spotify.com/v1/audio-analysis/1PTqbs9FV8hSJCS7OOF5OC,207746,4
0.916,0.301,2,-7.657,1,0.237,0.117,0,0.089,0.351,100.518,audio_features,3lSR267IJfT54p0Gfuw7mi,spotify:track:3lSR267IJfT54p0Gfuw7mi,https://api.spotify.com/v1/tracks/3lSR267IJfT54p0Gfuw7mi,https://api.spotify.com/v1/audio-analysis/3lSR267IJfT54p0Gfuw7mi,190595,4
0.559,0.716,11,-3.964,0,0.39,0.737,0,0.252,0.504,176.618,audio_features,4jtyUzZm9WLc2AdaJ1dso7,spotify:track:4jtyUzZm9WLc2AdaJ1dso7,https://api.spotify.com/v1/tracks/4jtyUzZm9WLc2AdaJ1dso7,https://api.spotify.com/v1/audio-analysis/4jtyUzZm9WLc2AdaJ1dso7,275227,4
0.903,0.62,2,-8.094,1,0.0587,0.00347,0.000119,0.0504,0.539,134.96,audio_features,2FBUoWkIuQXwayw2RNo5l6,spotify:track:2FBUoWkIuQXwayw2RNo5l6,https://api.spotify.com/v1/tracks/2FBUoWkIuQXwayw2RNo5l6,https://api.spotify.com/v1/audio-analysis/2FBUoWkIuQXwayw2RNo5l6,267067,4
0.919,0.506,1,-7.14,1,0.304,0.132,0,0.0771,0.273,97.465,audio_features,2LvRR121MWFmmEGkuV2vQP,spotify:track:2LvRR121MWFmmEGkuV2vQP,https://api.spotify.com/v1/tracks/2LvRR121MWFmmEGkuV2vQP,https://api.spotify.com/v1/audio-analysis/2LvRR121MWFmmEGkuV2vQP,220240,4
0.546,0.651,1,-7.601,1,0.3,0.000739,0,0.235,0.646,77.878,audio_features,6fAyRZ0GHuuvSOEIOwi58N,spotify:track:6fAyRZ0GHuuvSOEIOwi58N,https://api.spotify.com/v1/tracks/6fAyRZ0GHuuvSOEIOwi58N,https://api.spotify.com/v1/audio-analysis/6fAyRZ0GHuuvSOEIOwi58N,212653,4
0.611,0.543,1,-5.288,0,0.0672,0.329,0,0.281,0.561,174.862,audio_features,5MGeW5mHnqeJiM0NPBbkEZ,spotify:track:5MGeW5mHnqeJiM0NPBbkEZ,https://api.spotify.com/v1/tracks/5MGeW5mHnqeJiM0NPBbkEZ,https://api.spotify.com/v1/audio-analysis/5MGeW5mHnqeJiM0NPBbkEZ,189000,4
