danceability,energy,key,loudness,mode,speechiness,acousticness,instrumentalness,liveness,valence,tempo,type,id,uri,track_href,analysis_url,duration_ms,time_signature
0.699,0.543,0,-8.879,1,0.138,0.0411,1.26e-06,0.178,0.14,130.064,audio_features,17AS0y6FnHdYImAPUydAJg,spotify:track:17AS0y6FnHdYImAPUydAJg,https://api.spotify.com/v1/tracks/17AS0y6FnHdYImAPUydAJg,https://api.spotify.com/v1/audio-analysis/17AS0y6FnHdYImAPUydAJg,161907,4
0.772,0.413,0,-8.193,0,0.089,0.0361,0,0.111,0.211,131.965,audio_features,4IowQDUOzUvNtp72HMDcKO,spotify:track:4IowQDUOzUvNtp72HMDcKO,https://api.spotify.com/v1/tracks/4IowQDUOzUvNtp72HMDcKO,https://api.spotify.com/v1/audio-analysis/4IowQDUOzUvNtp72HMDcKO,246213,4
0.726,0.535,1,-5.867,1,0.0383,0.0345,0,0.103,0.509,134.986,audio_features,0828kFWjAE5Da3XtE998iw,spotify:track:0828kFWjAE5Da3XtE998iw,https://api.spotify.com/v1/tracks/0828kFWjAE5Da3XtE998iw,https://api.spotify.com/v1/audio-analysis/0828kFWjAE5Da3XtE998iw,219120,4
0.636,0.741,11,-5.436,0,0.041,0.0132,0,0.287,0.53,88.999,audio_features,3qRHCvn70YpVFFkx3lrAYf,spotify:track:3qRHCvn70YpVFFkx3lrAYf,https://api.spotify.com/v1/tracks/3qRHCvn70YpVFFkx3lrAYf,https://api.spotify.com/v1/audio-analysis/3qRHCvn70YpVFFkx3lrAYf,225218,4
0.768,0.557,11,-6.157,0,0.0505,0.0112,0,0.587,0.439,103.045,audio_features,3nZzPmNKA9IkqaFhaM6cku,spotify:track:3nZzPmNKA9IkqaFhaM6cku,https://api.spotify.com/v1/tracks/3nZzPmNKA9IkqaFhaM6cku,https://api.spotify.com/v1/audio-analysis/3nZzPmNKA9IkqaFhaM6cku,193613,4
0.765,0.356,11,-5.556,0,0.195,0.223,0,0.0963,0.189,96.991,audio_features,3pXF1nA74528Edde4of9CC,spotify:track:3pXF1nA74528Edde4of9CC,https://api.spotify.com/v1/tracks/3pXF1nA74528Edde4of9CC,https://api.spotify.com/v1/audio-analysis/3pXF1nA74528Edde4of9CC,198293,4
0.825,0.756,11,-3.687,0,0.383,0.265,2.15e-06,0.0762,0.888,172.938,audio_features,12d5QFwzh60IIHlsSnAvps,spotify:track:12d5QFwzh60IIHlsSnAvps,https://api.spotify.com/v1/tracks/12d5QFwzh60IIHlsSnAvps,https://api.spotify.com/v1/audio-analysis/12d5QFwzh60IIHlsSnAvps,177733,4
0.679,0.472,9,-8.142,0,0.0309,0.15,1.24e-05,0.0897,0.393,139.999,audio_features,7FYldGutEZ5PH9DOI7psFc,spotify:track:7FYldGutEZ5PH9DOI7psFc,https://api.spotify.com/v1/tracks/7FYldGutEZ5PH9DOI7psFc,https://api.spotify.com/v1/audio-analysis/7FYldGutEZ5PH9DOI7psFc,171625,4
0.763,0.656,2,-6.533,1,0.0823,0.0676,0,0.159,0.879,149.981,audio_features,3Ec6M3rgVtxrA4V3YHWz0v,spotify:track:3Ec6M3rgVtxrA4V3YHWz0v,https://api.spotify.com/v1/tracks/3Ec6M3rgVtxrA4V3YHWz0v,https://api.spotify.com/v1/audio-analysis/3Ec6M3rgVtxrA4V3YHWz0v,214173,4
