danceability,energy,key,loudness,mode,speechiness,acousticness,instrumentalness,liveness,valence,tempo,type,id,uri,track_href,analysis_url,duration_ms,time_signature
0.594,0.811,4,-3.754,0,0.0954,0.098,0,0.116,0.128,143.912,audio_features,1sZWRWPnJoV9ac32i3oMwz,spotify:track:1sZWRWPnJoV9ac32i3oMwz,https://api.spotify.com/v1/tracks/1sZWRWPnJoV9ac32i3oMwz,https://api.spotify.com/v1/audio-analysis/1sZWRWPnJoV9ac32i3oMwz,272693,4
0,0,0,-60.0,0,0,0,0,0,0,0,audio_features,1fscxlCZZpjzDnS8CSJmuL,spotify:track:1fscxlCZZpjzDnS8CSJmuL,https://api.spotify.com/v1/tracks/1fscxlCZZpjzDnS8CSJmuL,https://api.spotify.com/v1/audio-analysis/1fscxlCZZpjzDnS8CSJmuL,231000,0
0.83,0.33,4,-9.156,1,0.0485,0.0544,0,0.119,0.0744,121.973,audio_features,2LX9coJz8pfFHb8AaoVhXS,spotify:track:2LX9coJz8pfFHb8AaoVhXS,https://api.spotify.com/v1/tracks/2LX9coJz8pfFHb8AaoVhXS,https://api.spotify.com/v1/audio-analysis/2LX9coJz8pfFHb8AaoVhXS,251861,4
0.823,0.733,1,-5.474,1,0.0628,0.0349,0,0.324,0.397,97.972,audio_features,4w7yrP4RAeeyhfG9nJqQvS,spotify:track:4w7yrP4RAeeyhfG9nJqQvS,https://api.spotify.com/v1/tracks/4w7yrP4RAeeyhfG9nJqQvS,https://api.spotify.com/v1/audio-analysis/4w7yrP4RAeeyhfG9nJqQvS,284387,4
0.525,0.681,6,-4.158,0,0.0683,0.195,0,0.141,0.437,151.875,audio_features,2Ima72UXnfvR539afL3SAF,spotify:track:2Ima72UXnfvR539afL3SAF,https://api.spotify.com/v1/tracks/2Ima72UXnfvR539afL3SAF,https://api.spotify.com/v1/audio-analysis/2Ima72UXnfvR539afL3SAF,293120,3
0.711,0.508,7,-7.299,1,0.0494,0.0354,0,0.141,0.665,98.098,audio_features,2q6j0nlwgKlYy7xgrria4S,spotify:track:2q6j0nlwgKlYy7xgrria4S,https://api.spotify.com/v1/tracks/2q6j0nlwgKlYy7xgrria4S,https://api.spotify.com/v1/audio-analysis/2q6j0nlwgKlYy7xgrria4S,217800,4
0.775,0.496,10,-5.652,1,0.0354,0.0393,0,0.526,0.204,95.072,audio_features,1vS1Rd10oLbmggo9GwOswt,spotify:track:1vS1Rd10oLbmggo9GwOswt,https://api.spotify.com/v1/tracks/1vS1Rd10oLbmggo9GwOswt,https://api.spotify.com/v1/audio-analysis/1vS1Rd10oLbmggo9GwOswt,197813,4
0.767,0.677,11,-6.128,0,0.184,0.0339,5.51e-06,0.144,0.538,146.155,audio_features,0LWQWOFoz5GJLqcHk1fRO2,spotify:track:0LWQWOFoz5GJLqcHk1fRO2,https://api.spotify.com/v1/tracks/0LWQWOFoz5GJLqcHk1fRO2,https://api.spotify.com/v1/audio-analysis/0LWQWOFoz5GJLqcHk1fRO2,222587,4
0.747,0.705,9,-5.137,0,0.126,0.0128,0,0.126,0.56,136.024,audio_features,02M6vucOvmRfMxTXDUwRXu,spotify:track:02M6vucOvmRfMxTXDUwRXu,https://api.spotify.com/v1/tracks/02M6vucOvmRfMxTXDUwRXu,https://api.spotify.com/v1/audio-analysis/02M6vucOvmRfMxTXDUwRXu,213507,4
