danceability,energy,key,loudness,mode,speechiness,acousticness,instrumentalness,liveness,valence,tempo,type,id,uri,track_href,analysis_url,duration_ms,time_signature
0.704,0.569,7,-4.998,0,0.247,0.0488,0,0.191,0.313,109.314,audio_features,3rbNV2GI8Vtd8byhUtXZID,spotify:track:3rbNV2GI8Vtd8byhUtXZID,https://api.spotify.com/v1/tracks/3rbNV2GI8Vtd8byhUtXZID,https://api.spotify.com/v1/audio-analysis/3rbNV2GI8Vtd8byhUtXZID,293533,5
0.76,0.595,1,-6.366,1,0.0391,0.00544,0,0.241,0.361,131.497,audio_features,03tqyYWC9Um2ZqU0ZN849H,spotify:track:03tqyYWC9Um2ZqU0ZN849H,https://api.spotify.com/v1/tracks/03tqyYWC9Um2ZqU0ZN849H,https://api.spotify.com/v1/audio-analysis/03tqyYWC9Um2ZqU0ZN849H,263773,4
0.768,0.614,1,-6.024,0,0.368,0.445,0,0.117,0.606,75.753,audio_features,3xhTCpyWpZJ6z5miHy8TRF,spotify:track:3xhTCpyWpZJ6z5miHy8TRF,https://api.spotify.com/v1/tracks/3xhTCpyWpZJ6z5miHy8TRF,https://api.spotify.com/v1/audio-analysis/3xhTCpyWpZJ6z5miHy8TRF,291733,4
0.49,0.961,8,-1.595,0,0.398,0.0263,0,0.535,0.795,173.595,audio_features,3lPAHV0b53zgRRm9LBgnTY,spotify:track:3lPAHV0b53zgRRm9LBgnTY,https://api.spotify.com/v1/tracks/3lPAHV0b53zgRRm9LBgnTY,https://api.spotify.com/v1/audio-analysis/3lPAHV0b53zgRRm9LBgnTY,276920,4
0.689,0.784,2,-2.972,1,0.074,0.182,0,0.0843,0.561,99.954,audio_features,6DkXLzBQT7cwXmTyzAB1DJ,spotify:track:6DkXLzBQT7cwXmTyzAB1DJ,https://api.spotify.com/v1/tracks/6DkXLzBQT7cwXmTyzAB1DJ,https://api.spotify.com/v1/audio-analysis/6DkXLzBQT7cwXmTyzAB1DJ,263173,4
0.891,0.403,8,-9.84,0,0.345,0.0293,0,0.146,0.541,135.13,audio_features,0FRDRVD3PCsp5EwroPcXxi,spotify:track:0FRDRVD3PCsp5EwroPcXxi,https://api.spotify.com/v1/tracks/0FRDRVD3PCsp5EwroPcXxi,https://api.spotify.com/v1/audio-analysis/0FRDRVD3PCsp5EwroPcXxi,143071,4
0.912,0.644,11,-6.63,1,0.288,0.00714,0,0.107,0.492,95.999,audio_features,0kIHfcHGFGm5xb0dSlKEdp,spotify:track:0kIHfcHGFGm5xb0dSlKEdp,https://api.spotify.com/v1/tracks/0kIHfcHGFGm5xb0dSlKEdp,https://api.spotify.com/v1/audio-analysis/0kIHfcHGFGm5xb0dSlKEdp,225040,4
0.763,0.627,1,-7.457,1,0.037,0.031,0,0.118,0.152,101.045,audio_features,5KY7zgFeH2GWoL1zP9mME6,spotify:track:5KY7zgFeH2GWoL1zP9mME6,https://api.spotify.com/v1/tracks/5KY7zgFeH2GWoL1zP9mME6,https://api.spotify.com/v1/audio-analysis/5KY7zgFeH2GWoL1zP9mME6,334093,4
0.645,0.606,10,-8.074,0,0.512,0.292,0,0.129,0.121,118.8,audio_features,4UaWrzY75h1tAvlxa4NKP9,spotify:track:4UaWrzY75h1tAvlxa4NKP9,https://api.spotify.com/v1/tracks/4UaWrzY75h1tAvlxa4NKP9,https://api.spotify.com/v1/audio-analysis/4UaWrzY75h1tAvlxa4NKP9,301960,4
