danceability,energy,key,loudness,mode,speechiness,acousticness,instrumentalness,liveness,valence,tempo,type,id,uri,track_href,analysis_url,duration_ms,time_signature
0.843,0.359,0,-7.417,1,0.461,0.069,0,0.12,0.156,81.987,audio_features,2ANLarE8yHVsLWW21nj79M,spotify:track:2ANLarE8yHVsLWW21nj79M,https://api.spotify.com/v1/tracks/2ANLarE8yHVsLWW21nj79M,https://api.spotify.com/v1/audio-analysis/2ANLarE8yHVsLWW21nj79M,163944,4
0.916,0.571,10,-8.241,0,0.2,0.0173,1.11e-06,0.153,0.498,103.521,audio_features,5TqBAOIBe0bQA0spNdcG3k,spotify:track:5TqBAOIBe0bQA0spNdcG3k,https://api.spotify.com/v1/tracks/5TqBAOIBe0bQA0spNdcG3k,https://api.spotify.com/v1/audio-analysis/5TqBAOIBe0bQA0spNdcG3k,183695,4
0.539,0.545,9,-5.775,1,0.0721,0.196,0,0.101,0.144,73.08,audio_features,1DFPibRb9RU3yfM3wOLdDT,spotify:track:1DFPibRb9RU3yfM3wOLdDT,https://api.spotify.com/v1/tracks/1DFPibRb9RU3yfM3wOLdDT,https://api.spotify.com/v1/audio-analysis/1DFPibRb9RU3yfM3wOLdDT,255882,4
0.845,0.479,1,-6.065,1,0.298,0.0104,1.79e-06,0.157,0.35,170.919,audio_features,76kyKtPLsFbQkdQ86QrkF4,spotify:track:76kyKtPLsFbQkdQ86QrkF4,https://api.spotify.com/v1/tracks/76kyKtPLsFbQkdQ86QrkF4,https://api.spotify.com/v1/audio-analysis/76kyKtPLsFbQkdQ86QrkF4,202085,3
0.602,0.635,4,-6.526,0,0.052,0.271,3.2e-05,0.0829,0.225,123.05,audio_features,4SYUUlkScpNR1QvPscXf8t,spotify:track:4SYUUlkScpNR1QvPscXf8t,https://api.spotify.com/v1/tracks/4SYUUlkScpNR1QvPscXf8t,https://api.spotify.com/v1/audio-analysis/4SYUUlkScpNR1QvPscXf8t,237147,4
0.764,0.475,0,-12.618,1,0.114,0.345,0,0.14,0.34,129.974,audio_features,40yJGQyEaBbIkXpwMFkXip,spotify:track:40yJGQyEaBbIkXpwMFkXip,https://api.spotify.com/v1/tracks/40yJGQyEaBbIkXpwMFkXip,https://api.spotify.com/v1/audio-analysis/40yJGQyEaBbIkXpwMFkXip,243270,4
0.812,0.648,2,-4.994,1,0.0887,0.0951,0,0.11,0.246,130.022,audio_features,4XkOcWt0C2JX1s2RXybosk,spotify:track:4XkOcWt0C2JX1s2RXybosk,https://api.spotify.com/v1/tracks/4XkOcWt0C2JX1s2RXybosk,https://api.spotify.com/v1/audio-analysis/4XkOcWt0C2JX1s2RXybosk,268115,4
0.839,0.545,3,-8.608,1,0.242,0.0745,6.76e-05,0.176,0.409,116.955,audio_features,3Mrvf3YfYFfqLqgmMZcKQ1,spotify:track:3Mrvf3YfYFfqLqgmMZcKQ1,https://api.spotify.com/v1/tracks/3Mrvf3YfYFfqLqgmMZcKQ1,https://api.spotify.com/v1/audio-analysis/3Mrvf3YfYFfqLqgmMZcKQ1,205166,4
0.779,0.455,1,-15.025,1,0.28,0.0542,0,0.177,0.197,140.181,audio_features,7zBPzAjKAqQpcv8F8GCq5s,spotify:track:7zBPzAjKAqQpcv8F8GCq5s,https://api.spotify.com/v1/tracks/7zBPzAjKAqQpcv8F8GCq5s,https://api.spotify.com/v1/audio-analysis/7zBPzAjKAqQpcv8F8GCq5s,153429,4
