danceability,energy,key,loudness,mode,speechiness,acousticness,instrumentalness,liveness,valence,tempo,type,id,uri,track_href,analysis_url,duration_ms,time_signature
0.667,0.61,1,-7.054,1,0.217,0.322,0.000203,0.426,0.465,99.991,audio_features,7FOJvA3PxiIU0DN3JjQ7jT,spotify:track:7FOJvA3PxiIU0DN3JjQ7jT,https://api.spotify.com/v1/tracks/7FOJvA3PxiIU0DN3JjQ7jT,https://api.spotify.com/v1/audio-analysis/7FOJvA3PxiIU0DN3JjQ7jT,241160,4
0.427,0.861,1,-4.874,1,0.376,0.219,0,0.277,0.581,161.776,audio_features,3fyMH1t6UPeR5croea9PrR,spotify:track:3fyMH1t6UPeR5croea9PrR,https://api.spotify.com/v1/tracks/3fyMH1t6UPeR5croea9PrR,https://api.spotify.com/v1/audio-analysis/3fyMH1t6UPeR5croea9PrR,257760,4
0.893,0.48,1,-3.728,0,0.356,0.00855,0,0.116,0.382,86.976,audio_features,5lFDtgWsjRJu8fPOAyJIAK,spotify:track:5lFDtgWsjRJu8fPOAyJIAK,https://api.spotify.com/v1/tracks/5lFDtgWsjRJu8fPOAyJIAK,https://api.spotify.com/v1/audio-analysis/5lFDtgWsjRJu8fPOAyJIAK,170638,4
0.727,0.599,1,-6.941,1,0.327,0.317,0,0.219,0.386,167.909,audio_features,0Y0TOsE1q11qgbi7c5WZsG,spotify:track:0Y0TOsE1q11qgbi7c5WZsG,https://api.spotify.com/v1/tracks/0Y0TOsE1q11qgbi7c5WZsG,https://api.spotify.com/v1/audio-analysis/0Y0TOsE1q11qgbi7c5WZsG,197133,3
0.766,0.442,1,-8.558,1,0.356,0.000107,6.12e-05,0.111,0.39,201.8,audio_features,4Kz4RdRCceaA9VgTqBhBfa,spotify:track:4Kz4RdRCceaA9VgTqBhBfa,https://api.spotify.com/v1/tracks/4Kz4RdRCceaA9VgTqBhBfa,https://api.spotify.com/v1/audio-analysis/4Kz4RdRCceaA9VgTqBhBfa,181573,4
0.794,0.522,8,-7.829,1,0.159,0.0328,0,0.156,0.567,86.318,audio_features,6V2D8Lls36APk0THDjBDfE,spotify:track:6V2D8Lls36APk0THDjBDfE,https://api.spotify.com/v1/tracks/6V2D8Lls36APk0THDjBDfE,https://api.spotify.com/v1/audio-analysis/6V2D8Lls36APk0THDjBDfE,174133,4
0.748,0.733,11,-4.421,0,0.072,0.0062,0,0.329,0.291,93.019,audio_features,3ESSGgWzRf1xvP7G5hHMhB,spotify:track:3ESSGgWzRf1xvP7G5hHMhB,https://api.spotify.com/v1/tracks/3ESSGgWzRf1xvP7G5hHMhB,https://api.spotify.com/v1/audio-analysis/3ESSGgWzRf1xvP7G5hHMhB,312240,4
0.852,0.553,1,-7.286,1,0.187,0.0559,0,0.332,0.656,142.079,audio_features,27GmP9AWRs744SzKcpJsTZ,spotify:track:27GmP9AWRs744SzKcpJsTZ,https://api.spotify.com/v1/tracks/27GmP9AWRs744SzKcpJsTZ,https://api.spotify.com/v1/audio-analysis/27GmP9AWRs744SzKcpJsTZ,205879,4
0.892,0.607,9,-7.232,0,0.367,0.144,0.000314,0.0909,0.244,120.0,audio_features,5vIu19A3EEdHgFM4Cba6F4,spotify:track:5vIu19A3EEdHgFM4Cba6F4,https://api.spotify.com/v1/tracks/5vIu19A3EEdHgFM4Cba6F4,https://api.spotify.com/v1/audio-analysis/5vIu19A3EEdHgFM4Cba6F4,272720,4
