danceability,energy,key,loudness,mode,speechiness,acousticness,instrumentalness,liveness,valence,tempo,type,id,uri,track_href,analysis_url,duration_ms,time_signature
0.68,0.687,9,-6.162,0,0.0709,0.0161,0,0.261,0.467,150.053,audio_features,1IAzD1muglOxOcPbUHs70R,spotify:track:1IAzD1muglOxOcPbUHs70R,https://api.spotify.com/v1/tracks/1IAzD1muglOxOcPbUHs70R,https://api.spotify.com/v1/audio-analysis/1IAzD1muglOxOcPbUHs70R,249533,4
0.905,0.844,1,-3.055,1,0.238,0.00823,0,0.37,0.355,106.998,audio_features,160dikEPmpdpu5HXcCGW4s,spotify:track:160dikEPmpdpu5HXcCGW4s,https://api.spotify.com/v1/tracks/160dikEPmpdpu5HXcCGW4s,https://api.spotify.com/v1/audio-analysis/160dikEPmpdpu5HXcCGW4s,241587,4
0.713,0.526,1,-5.046,1,0.032,0.00767,0.000148,0.124,0.131,131.05,audio_features,1wHZx0LgzFHyeIZkUydNXq,spotify:track:1wHZx0LgzFHyeIZkUydNXq,https://api.spotify.com/v1/tracks/1wHZx0LgzFHyeIZkUydNXq,https://api.spotify.com/v1/audio-analysis/1wHZx0LgzFHyeIZkUydNXq,262693,4
0.865,0.94,5,-4.924,0,0.163,0.0642,0,0.083,0.526,127.975,audio_features,4lfat3iasshnuohX7BWlon,spotify:track:4lfat3iasshnuohX7BWlon,https://api.spotify.com/v1/tracks/4lfat3iasshnuohX7BWlon,https://api.spotify.com/v1/audio-analysis/4lfat3iasshnuohX7BWlon,214960,4
0.66,0.633,2,-6.072,1,0.0806,0.739,0.9,0.114,0.195,84.882,audio_features,7M2KyKzSHQwdckmvTP9hnW,spotify:track:7M2KyKzSHQwdckmvTP9hnW,https://api.spotify.com/v1/tracks/7M2KyKzSHQwdckmvTP9hnW,https://api.spotify.com/v1/audio-analysis/7M2KyKzSHQwdckmvTP9hnW,140225,4
0.959,0.598,8,-5.534,1,0.0713,0.0358,0,0.358,0.408,127.029,audio_features,33JcUj9qQDayKswunZP9ar,spotify:track:33JcUj9qQDayKswunZP9ar,https://api.spotify.com/v1/tracks/33JcUj9qQDayKswunZP9ar,https://api.spotify.com/v1/audio-analysis/33JcUj9qQDayKswunZP9ar,213000,4
0.737,0.673,1,-5.381,0,0.0682,0.000233,0,0.092,0.266,139.985,audio_features,0kPgn96FXEO9Bnz9QN1Tc0,spotify:track:0kPgn96FXEO9Bnz9QN1Tc0,https://api.spotify.com/v1/tracks/0kPgn96FXEO9Bnz9QN1Tc0,https://api.spotify.com/v1/audio-analysis/0kPgn96FXEO9Bnz9QN1Tc0,205812,4
0.523,0.805,3,-5.473,1,0.192,0.0524,0,0.0914,0.602,125.358,audio_features,53DB6LJV9B8sz0p1s6tlGS,spotify:track:53DB6LJV9B8sz0p1s6tlGS,https://api.spotify.com/v1/tracks/53DB6LJV9B8sz0p1s6tlGS,https://api.spotify.com/v1/audio-analysis/53DB6LJV9B8sz0p1s6tlGS,227773,5
0.647,0.755,7,-6.935,1,0.358,0.343,0,0.124,0.688,73.991,audio_features,6EnUOnOEBb6Nw6JpKdgZkZ,spotify:track:6EnUOnOEBb6Nw6JpKdgZkZ,https://api.spotify.com/v1/tracks/6EnUOnOEBb6Nw6JpKdgZkZ,https://api.spotify.com/v1/audio-analysis/6EnUOnOEBb6Nw6JpKdgZkZ,210584,4
