danceability,energy,key,loudness,mode,speechiness,acousticness,instrumentalness,liveness,valence,tempo,type,id,uri,track_href,analysis_url,duration_ms,time_signature
0.689,0.563,1,-5.539,1,0.275,0.692,0,0.0579,0.819,129.517,audio_features,6x44NmhdsmgRzG07kzqOO6,spotify:track:6x44NmhdsmgRzG07kzqOO6,https://api.spotify.com/v1/tracks/6x44NmhdsmgRzG07kzqOO6,https://api.spotify.com/v1/audio-analysis/6x44NmhdsmgRzG07kzqOO6,245040,4
0.743,0.675,8,-4.267,0,0.0953,0.0251,0.000717,0.0685,0.59,92.909,audio_features,1KGi9sZVMeszgZOWivFpxs,spotify:track:1KGi9sZVMeszgZOWivFpxs,https://api.spotify.com/v1/tracks/1KGi9sZVMeszgZOWivFpxs,https://api.spotify.com/v1/audio-analysis/1KGi9sZVMeszgZOWivFpxs,214400,4
0.732,0.899,0,-4.237,1,0.143,0.00496,4.64e-05,0.372,0.759,127.091,audio_features,1uXbwHHfgsXcUKfSZw5ZJ0,spotify:track:1uXbwHHfgsXcUKfSZw5ZJ0,https://api.spotify.com/v1/tracks/1uXbwHHfgsXcUKfSZw5ZJ0,https://api.spotify.com/v1/audio-analysis/1uXbwHHfgsXcUKfSZw5ZJ0,236093,4
0.869,0.546,6,-6.755,0,0.327,0.0512,0.0113,0.0541,0.855,146.118,audio_features,6GQuF9vzJAVs7fYN9ftBdP,spotify:track:6GQuF9vzJAVs7fYN9ftBdP,https://api.spotify.com/v1/tracks/6GQuF9vzJAVs7fYN9ftBdP,https://api.spotify.com/v1/audio-analysis/6GQuF9vzJAVs7fYN9ftBdP,200320,4
0.666,0.87,11,-5.004,0,0.246,0.203,0,0.0851,0.9,160.014,audio_features,2Adn2LNgkHMH5TelQVAu4n,spotify:track:2Adn2LNgkHMH5TelQVAu4n,https://api.spotify.com/v1/tracks/2Adn2LNgkHMH5TelQVAu4n,https://api.spotify.com/v1/audio-analysis/2Adn2LNgkHMH5TelQVAu4n,243920,4
0.706,0.841,7,-3.956,1,0.0418,7.95e-05,0,0.0688,0.861,132.032,audio_features,1ulXmqjktxSdrdT1bzc69H,spotify:track:1ulXmqjktxSdrdT1bzc69H,https://api.spotify.com/v1/tracks/1ulXmqjktxSdrdT1bzc69H,https://api.spotify.com/v1/audio-analysis/1ulXmqjktxSdrdT1bzc69H,220227,4
0.737,0.833,1,-4.879,1,0.0358,0.000798,0.12,0.228,0.764,132.965,audio_features,7AQjiRtIpr33P8UT98iveh,spotify:track:7AQjiRtIpr33P8UT98iveh,https://api.spotify.com/v1/tracks/7AQjiRtIpr33P8UT98iveh,https://api.spotify.com/v1/audio-analysis/7AQjiRtIpr33P8UT98iveh,212280,4
0.53,0.422,5,-6.262,1,0.0342,0.407,0,0.107,0.349,119.964,audio_features,2vwlzO0Qp8kfEtzTsCXfyE,spotify:track:2vwlzO0Qp8kfEtzTsCXfyE,https://api.spotify.com/v1/tracks/2vwlzO0Qp8kfEtzTsCXfyE,https://api.spotify.com/v1/audio-analysis/2vwlzO0Qp8kfEtzTsCXfyE,221360,4
0.61,0.893,9,-3.681,1,0.0921,0.154,4.41e-05,0.021,0.673,104.031,audio_features,1j8z4TTjJ1YOdoFEDwJTQa,spotify:track:1j8z4TTjJ1YOdoFEDwJTQa,https://api.spotify.com/v1/tracks/1j8z4TTjJ1YOdoFEDwJTQa,https://api.spotify.com/v1/audio-analysis/1j8z4TTjJ1YOdoFEDwJTQa,296520,4
