danceability,energy,key,loudness,mode,speechiness,acousticness,instrumentalness,liveness,valence,tempo,type,id,uri,track_href,analysis_url,duration_ms,time_signature
0.587,0.698,1,-8.948,1,0.0943,0.0152,0,0.442,0.0985,133.954,audio_features,4Pwjz3DfvfQWV0rO2V8jyh,spotify:track:4Pwjz3DfvfQWV0rO2V8jyh,https://api.spotify.com/v1/tracks/4Pwjz3DfvfQWV0rO2V8jyh,https://api.spotify.com/v1/audio-analysis/4Pwjz3DfvfQWV0rO2V8jyh,310720,4
0.624,0.654,8,-6.582,0,0.183,0.577,0,0.104,0.564,73.898,audio_features,7Lf7oSEVdzZqTA0kEDSlS5,spotify:track:7Lf7oSEVdzZqTA0kEDSlS5,https://api.spotify.com/v1/tracks/7Lf7oSEVdzZqTA0kEDSlS5,https://api.spotify.com/v1/audio-analysis/7Lf7oSEVdzZqTA0kEDSlS5,288333,4
0.607,0.784,7,-6.293,1,0.268,0.433,0,0.689,0.482,81.004,audio_features,6JG0qhINKVwiHxqN85j7RG,spotify:track:6JG0qhINKVwiHxqN85j7RG,https://api.spotify.com/v1/tracks/6JG0qhINKVwiHxqN85j7RG,https://api.spotify.com/v1/audio-analysis/6JG0qhINKVwiHxqN85j7RG,278573,4
0.662,0.739,9,-5.354,0,0.0322,0.00206,0.0603,0.113,0.382,130.999,audio_features,6JY1IdkZGeIcPegKxjSKeb,spotify:track:6JY1IdkZGeIcPegKxjSKeb,https://api.spotify.com/v1/tracks/6JY1IdkZGeIcPegKxjSKeb,https://api.spotify.com/v1/audio-analysis/6JY1IdkZGeIcPegKxjSKeb,188960,4
0.718,0.691,4,-6.44,1,0.0387,0.0159,0,0.0627,0.552,100.008,audio_features,6ihL9TjfRjadfEePzXXyVF,spotify:track:6ihL9TjfRjadfEePzXXyVF,https://api.spotify.com/v1/tracks/6ihL9TjfRjadfEePzXXyVF,https://api.spotify.com/v1/audio-analysis/6ihL9TjfRjadfEePzXXyVF,213107,4
0.535,0.888,11,-3.1,1,0.0446,0.000304,2.17e-06,0.324,0.451,126.011,audio_features,19qn6oU2t0E72ENA0aWNsX,spotify:track:19qn6oU2t0E72ENA0aWNsX,https://api.spotify.com/v1/tracks/19qn6oU2t0E72ENA0aWNsX,https://api.spotify.com/v1/audio-analysis/19qn6oU2t0E72ENA0aWNsX,215160,4
0.925,0.56,1,-10.281,1,0.24,0.137,0,0.138,0.544,124.972,audio_features,3tm66xqlZjnqJEjt74U7Js,spotify:track:3tm66xqlZjnqJEjt74U7Js,https://api.spotify.com/v1/tracks/3tm66xqlZjnqJEjt74U7Js,https://api.spotify.com/v1/audio-analysis/3tm66xqlZjnqJEjt74U7Js,128836,4
0.69,0.834,0,-5.79,1,0.0566,0.129,0,0.136,0.738,127.43,audio_features,4ycLiPVzE5KamivXrAzGFG,spotify:track:4ycLiPVzE5KamivXrAzGFG,https://api.spotify.com/v1/tracks/4ycLiPVzE5KamivXrAzGFG,https://api.spotify.com/v1/audio-analysis/4ycLiPVzE5KamivXrAzGFG,222933,4
0.571,0.932,6,-3.68,0,0.0576,0.00448,0.00939,0.117,0.864,150.014,audio_features,4KBKK8JuXzJaPmiz8ZGwy3,spotify:track:4KBKK8JuXzJaPmiz8ZGwy3,https://api.spotify.com/v1/tracks/4KBKK8JuXzJaPmiz8ZGwy3,https://api.spotify.com/v1/audio-analysis/4KBKK8JuXzJaPmiz8ZGwy3,220627,4
