danceability,energy,key,loudness,mode,speechiness,acousticness,instrumentalness,liveness,valence,tempo,type,id,uri,track_href,analysis_url,duration_ms,time_signature
0.378,0.896,2,-4.066,1,0.0407,0.000452,0,0.194,0.469,174.302,audio_features,5qqabIl2vWzo9ApSC317sa,spotify:track:5qqabIl2vWzo9ApSC317sa,https://api.spotify.com/v1/tracks/5qqabIl2vWzo9ApSC317sa,https://api.spotify.com/v1/audio-analysis/5qqabIl2vWzo9ApSC317sa,258773,4
0.843,0.806,4,-5.946,0,0.269,0.143,0,0.0771,0.613,94.948,audio_features,0I3q5fE6wg7LIfHGngUTnV,spotify:track:0I3q5fE6wg7LIfHGngUTnV,https://api.spotify.com/v1/tracks/0I3q5fE6wg7LIfHGngUTnV,https://api.spotify.com/v1/audio-analysis/0I3q5fE6wg7LIfHGngUTnV,270507,4
0.493,0.808,5,-3.365,0,0.0362,0.000235,0,0.0983,0.38,117.971,audio_features,7EbpUdQ4nQ5VnnFlZjvqYl,spotify:track:7EbpUdQ4nQ5VnnFlZjvqYl,https://api.spotify.com/v1/tracks/7EbpUdQ4nQ5VnnFlZjvqYl,https://api.spotify.com/v1/audio-analysis/7EbpUdQ4nQ5VnnFlZjvqYl,268613,4
0.512,0.864,7,-4.146,1,0.0338,0.000821,0,0.0982,0.527,138.018,audio_features,3pxCXv0NACYfYnLjFcQW5D,spotify:track:3pxCXv0NACYfYnLjFcQW5D,https://api.spotify.com/v1/tracks/3pxCXv0NACYfYnLjFcQW5D,https://api.spotify.com/v1/audio-analysis/3pxCXv0NACYfYnLjFcQW5D,222827,4
0.563,0.592,9,-4.571,1,0.0276,0.209,5.08e-05,0.132,0.136,104.016,audio_features,11bD1JtSjlIgKgZG2134DZ,spotify:track:11bD1JtSjlIgKgZG2134DZ,https://api.spotify.com/v1/tracks/11bD1JtSjlIgKgZG2134DZ,https://api.spotify.com/v1/audio-analysis/11bD1JtSjlIgKgZG2134DZ,267933,4
0.431,0.94,3,-4.462,0,0.0563,0.00916,0,0.142,0.484,157.477,audio_features,5ceGigL7CZQ3Ih6W8SIbv8,spotify:track:5ceGigL7CZQ3Ih6W8SIbv8,https://api.spotify.com/v1/tracks/5ceGigL7CZQ3Ih6W8SIbv8,https://api.spotify.com/v1/audio-analysis/5ceGigL7CZQ3Ih6W8SIbv8,304000,4
0.606,0.942,2,-3.618,1,0.0357,0.000233,7.07e-06,0.106,0.373,110.98,audio_features,1mX6SYJ1ZpcoxQUiER8wOI,spotify:track:1mX6SYJ1ZpcoxQUiER8wOI,https://api.spotify.com/v1/tracks/1mX6SYJ1ZpcoxQUiER8wOI,https://api.spotify.com/v1/audio-analysis/1mX6SYJ1ZpcoxQUiER8wOI,270387,4
0.353,0.898,2,-5.877,1,0.052,2.23e-05,0.105,0.39,0.525,103.293,audio_features,6W21LNLz9Sw7sUSNWMSHRu,spotify:track:6W21LNLz9Sw7sUSNWMSHRu,https://api.spotify.com/v1/tracks/6W21LNLz9Sw7sUSNWMSHRu,https://api.spotify.com/v1/audio-analysis/6W21LNLz9Sw7sUSNWMSHRu,255733,4
0.544,0.922,2,-3.222,1,0.0416,0.00107,6.29e-05,0.291,0.589,111.987,audio_features,1WTbOb9bzd2Ym3xh0ZPzZ4,spotify:track:1WTbOb9bzd2Ym3xh0ZPzZ4,https://api.spotify.com/v1/tracks/1WTbOb9bzd2Ym3xh0ZPzZ4,https://api.spotify.com/v1/audio-analysis/1WTbOb9bzd2Ym3xh0ZPzZ4,175173,4
