danceability,energy,key,loudness,mode,speechiness,acousticness,instrumentalness,liveness,valence,tempo,type,id,uri,track_href,analysis_url,duration_ms,time_signature
0.481,0.94,7,-5.204,1,0.066,0.000891,0,0.0939,0.66,96.493,audio_features,3mNecsYFb6LQg7822DPXCP,spotify:track:3mNecsYFb6LQg7822DPXCP,https://api.spotify.com/v1/tracks/3mNecsYFb6LQg7822DPXCP,https://api.spotify.com/v1/audio-analysis/3mNecsYFb6LQg7822DPXCP,189333,4
0.64,0.864,7,-6.576,1,0.0314,0.00832,0,0.123,0.701,102.026,audio_features,42et6fnHCw1HIPSrdPprMl,spotify:track:42et6fnHCw1HIPSrdPprMl,https://api.spotify.com/v1/tracks/42et6fnHCw1HIPSrdPprMl,https://api.spotify.com/v1/audio-analysis/42et6fnHCw1HIPSrdPprMl,268360,4
0.599,0.543,0,-9.226,1,0.0302,0.0129,0.00204,0.291,0.624,91.105,audio_features,3354J49VpkbZJho7Ztdzpw,spotify:track:3354J49VpkbZJho7Ztdzpw,https://api.spotify.com/v1/tracks/3354J49VpkbZJho7Ztdzpw,https://api.spotify.com/v1/audio-analysis/3354J49VpkbZJho7Ztdzpw,272973,4
0.433,0.778,2,-4.68,0,0.0371,0.00838,0,0.163,0.217,149.864,audio_features,5y7NRMui3GLbwj2zBaOqo1,spotify:track:5y7NRMui3GLbwj2zBaOqo1,https://api.spotify.com/v1/tracks/5y7NRMui3GLbwj2zBaOqo1,https://api.spotify.com/v1/audio-analysis/5y7NRMui3GLbwj2zBaOqo1,209333,4
0.545,0.865,11,-5.708,0,0.0286,0.00664,1.1e-05,0.168,0.543,99.009,audio_features,6ZOBP3NvffbU4SZcrnt1k6,spotify:track:6ZOBP3NvffbU4SZcrnt1k6,https://api.spotify.com/v1/tracks/6ZOBP3NvffbU4SZcrnt1k6,https://api.spotify.com/v1/audio-analysis/6ZOBP3NvffbU4SZcrnt1k6,233933,4
0.557,0.533,10,-6.817,0,0.0252,0.0492,0,0.205,0.233,143.994,audio_features,3NLrRZoMF0Lx6zTlYqeIo4,spotify:track:3NLrRZoMF0Lx6zTlYqeIo4,https://api.spotify.com/v1/tracks/3NLrRZoMF0Lx6zTlYqeIo4,https://api.spotify.com/v1/audio-analysis/3NLrRZoMF0Lx6zTlYqeIo4,238733,4
0.446,0.764,10,-5.042,1,0.033,0.00135,0,0.099,0.543,172.094,audio_features,0gmbgwZ8iqyMPmXefof8Yf,spotify:track:0gmbgwZ8iqyMPmXefof8Yf,https://api.spotify.com/v1/tracks/0gmbgwZ8iqyMPmXefof8Yf,https://api.spotify.com/v1/audio-analysis/0gmbgwZ8iqyMPmXefof8Yf,223840,4
0.396,0.917,1,-4.121,1,0.0542,0.00308,0,0.17,0.303,160.031,audio_features,6N7XssPwmGBM6P1qgQt3ea,spotify:track:6N7XssPwmGBM6P1qgQt3ea,https://api.spotify.com/v1/tracks/6N7XssPwmGBM6P1qgQt3ea,https://api.spotify.com/v1/audio-analysis/6N7XssPwmGBM6P1qgQt3ea,208347,4
0.789,0.914,9,-7.682,0,0.157,0.0308,4.01e-05,0.0832,0.469,135.924,audio_features,1JTvunRSpfEcrNfUoq9ltw,spotify:track:1JTvunRSpfEcrNfUoq9ltw,https://api.spotify.com/v1/tracks/1JTvunRSpfEcrNfUoq9ltw,https://api.spotify.com/v1/audio-analysis/1JTvunRSpfEcrNfUoq9ltw,203533,4
