danceability,energy,key,loudness,mode,speechiness,acousticness,instrumentalness,liveness,valence,tempo,type,id,uri,track_href,analysis_url,duration_ms,time_signature
0.596,0.898,1,-2.992,1,0.0555,0.0331,0,0.0821,0.44,130.955,audio_features,0Kri97lVP7sPlqplGRPPEI,spotify:track:0Kri97lVP7sPlqplGRPPEI,https://api.spotify.com/v1/tracks/0Kri97lVP7sPlqplGRPPEI,https://api.spotify.com/v1/audio-analysis/0Kri97lVP7sPlqplGRPPEI,199213,4
0.566,0.92,6,-1.883,1,0.039,0.0136,0,0.0697,0.621,104.972,audio_features,4YxreUOGP8nRcXYnUoJ3K4,spotify:track:4YxreUOGP8nRcXYnUoJ3K4,https://api.spotify.com/v1/tracks/4YxreUOGP8nRcXYnUoJ3K4,https://api.spotify.com/v1/audio-analysis/4YxreUOGP8nRcXYnUoJ3K4,199600,4
0.718,0.691,4,-6.44,1,0.0387,0.0159,0,0.0627,0.552,100.008,audio_features,6ihL9TjfRjadfEePzXXyVF,spotify:track:6ihL9TjfRjadfEePzXXyVF,https://api.spotify.com/v1/tracks/6ihL9TjfRjadfEePzXXyVF,https://api.spotify.com/v1/audio-analysis/6ihL9TjfRjadfEePzXXyVF,213107,4
0.465,0.954,10,-4.251,1,0.044,0.000346,5.38e-06,0.573,0.458,143.85,audio_features,5lDriBxJd22IhOH9zTcFrV,spotify:track:5lDriBxJd22IhOH9zTcFrV,https://api.spotify.com/v1/tracks/5lDriBxJd22IhOH9zTcFrV,https://api.spotify.com/v1/audio-analysis/5lDriBxJd22IhOH9zTcFrV,193653,4
0.518,0.916,3,-3.858,1,0.0454,0.000148,0,0.291,0.646,109.864,audio_features,2l57cfmCnOkwNX1tky02n1,spotify:track:2l57cfmCnOkwNX1tky02n1,https://api.spotify.com/v1/tracks/2l57cfmCnOkwNX1tky02n1,https://api.spotify.com/v1/audio-analysis/2l57cfmCnOkwNX1tky02n1,238880,4
0.527,0.834,1,-5.531,1,0.0447,0.00107,0.000102,0.0993,0.422,110.065,audio_features,1hIupFeRu3nmMcjbjxPnMc,spotify:track:1hIupFeRu3nmMcjbjxPnMc,https://api.spotify.com/v1/tracks/1hIupFeRu3nmMcjbjxPnMc,https://api.spotify.com/v1/audio-analysis/1hIupFeRu3nmMcjbjxPnMc,198333,4
0.606,0.887,4,-4.404,1,0.0598,0.000242,0,0.337,0.903,119.974,audio_features,5oQcOu1omDykbIPSdSQQNJ,spotify:track:5oQcOu1omDykbIPSdSQQNJ,https://api.spotify.com/v1/tracks/5oQcOu1omDykbIPSdSQQNJ,https://api.spotify.com/v1/audio-analysis/5oQcOu1omDykbIPSdSQQNJ,193000,4
0.536,0.923,2,-3.494,1,0.125,0.0122,0,0.142,0.77,160.03,audio_features,1bhjMY5O0ZjB41OHcdRH0a,spotify:track:1bhjMY5O0ZjB41OHcdRH0a,https://api.spotify.com/v1/tracks/1bhjMY5O0ZjB41OHcdRH0a,https://api.spotify.com/v1/audio-analysis/1bhjMY5O0ZjB41OHcdRH0a,209040,4
0.774,0.75,11,-4.927,0,0.0412,0.00207,1.78e-05,0.0808,0.927,118.015,audio_features,27L8sESb3KR79asDUBu8nW,spotify:track:27L8sESb3KR79asDUBu8nW,https://api.spotify.com/v1/tracks/27L8sESb3KR79asDUBu8nW,https://api.spotify.com/v1/audio-analysis/27L8sESb3KR79asDUBu8nW,197987,4
