danceability,energy,key,loudness,mode,speechiness,acousticness,instrumentalness,liveness,valence,tempo,type,id,uri,track_href,analysis_url,duration_ms,time_signature
0.691,0.933,6,-4.795,0,0.103,0.0519,0,0.145,0.835,125.033,audio_features,0Q1O45DEOM66SRmEV631js,spotify:track:0Q1O45DEOM66SRmEV631js,https://api.spotify.com/v1/tracks/0Q1O45DEOM66SRmEV631js,https://api.spotify.com/v1/audio-analysis/0Q1O45DEOM66SRmEV631js,204813,4
0.588,0.933,9,-5.907,1,0.0559,0.0334,0,0.295,0.737,139.026,audio_features,3oaNlW0QJa02WqnIjtEAK9,spotify:track:3oaNlW0QJa02WqnIjtEAK9,https://api.spotify.com/v1/tracks/3oaNlW0QJa02WqnIjtEAK9,https://api.spotify.com/v1/audio-analysis/3oaNlW0QJa02WqnIjtEAK9,171493,4
0.619,0.958,4,-3.83,1,0.0776,0.00212,2.23e-06,0.622,0.819,150.025,audio_features,46SFeuNs1K5D76D9vCwFuR,spotify:track:46SFeuNs1K5D76D9vCwFuR,https://api.spotify.com/v1/tracks/46SFeuNs1K5D76D9vCwFuR,https://api.spotify.com/v1/audio-analysis/46SFeuNs1K5D76D9vCwFuR,179947,4
0.566,0.829,0,-5.012,0,0.0328,0.00201,0.000378,0.116,0.662,139.98,audio_features,6NMm7MtbRA5gb3nO3qduQg,spotify:track:6NMm7MtbRA5gb3nO3qduQg,https://api.spotify.com/v1/tracks/6NMm7MtbRA5gb3nO3qduQg,https://api.spotify.com/v1/audio-analysis/6NMm7MtbRA5gb3nO3qduQg,173453,4
0.632,0.823,0,-4.797,1,0.0319,0.00688,0,0.22,0.521,120.001,audio_features,77moULAMb2WyGSdHMPAiwH,spotify:track:77moULAMb2WyGSdHMPAiwH,https://api.spotify.com/v1/tracks/77moULAMb2WyGSdHMPAiwH,https://api.spotify.com/v1/audio-analysis/77moULAMb2WyGSdHMPAiwH,217373,4
0.576,0.916,0,-5.522,1,0.0551,0.00243,0.000712,0.0486,0.321,94.987,audio_features,4L9nM4zYc3P7Vj67sJyoW5,spotify:track:4L9nM4zYc3P7Vj67sJyoW5,https://api.spotify.com/v1/tracks/4L9nM4zYc3P7Vj67sJyoW5,https://api.spotify.com/v1/audio-analysis/4L9nM4zYc3P7Vj67sJyoW5,200067,4
0.38,0.988,1,-2.042,1,0.0639,2.64e-05,7.86e-05,0.368,0.769,186.113,audio_features,6nTiIhLmQ3FWhvrGafw2zj,spotify:track:6nTiIhLmQ3FWhvrGafw2zj,https://api.spotify.com/v1/tracks/6nTiIhLmQ3FWhvrGafw2zj,https://api.spotify.com/v1/audio-analysis/6nTiIhLmQ3FWhvrGafw2zj,176346,4
0.417,0.647,8,-5.87,1,0.0296,0.0569,1.67e-06,0.0585,0.339,166.12,audio_features,41pFyxOpS119Pb8JEzhx0w,spotify:track:41pFyxOpS119Pb8JEzhx0w,https://api.spotify.com/v1/tracks/41pFyxOpS119Pb8JEzhx0w,https://api.spotify.com/v1/audio-analysis/41pFyxOpS119Pb8JEzhx0w,262387,4
0.664,0.781,11,-6.547,1,0.0339,0.00103,5.33e-06,0.0867,0.593,110.0,audio_features,1oTo3ijRbaDAtrjJrGAPSw,spotify:track:1oTo3ijRbaDAtrjJrGAPSw,https://api.spotify.com/v1/tracks/1oTo3ijRbaDAtrjJrGAPSw,https://api.spotify.com/v1/audio-analysis/1oTo3ijRbaDAtrjJrGAPSw,227240,4
