danceability,energy,key,loudness,mode,speechiness,acousticness,instrumentalness,liveness,valence,tempo,type,id,uri,track_href,analysis_url,duration_ms,time_signature
0.569,0.83,9,-4.106,0,0.14,0.0807,0,0.114,0.609,170.094,audio_features,4bPQs0PHn4xbipzdPfn6du,spotify:track:4bPQs0PHn4xbipzdPfn6du,https://api.spotify.com/v1/tracks/4bPQs0PHn4xbipzdPfn6du,https://api.spotify.com/v1/audio-analysis/4bPQs0PHn4xbipzdPfn6du,186635,4
0.405,0.689,10,-5.75,1,0.0365,0.0843,0,0.207,0.397,155.189,audio_features,1S30kHvkkdMkcuCTGSgS41,spotify:track:1S30kHvkkdMkcuCTGSgS41,https://api.spotify.com/v1/tracks/1S30kHvkkdMkcuCTGSgS41,https://api.spotify.com/v1/audio-analysis/1S30kHvkkdMkcuCTGSgS41,191560,4
0.536,0.796,10,-6.32,1,0.0333,0.103,0,0.177,0.397,95.98,audio_features,2d1D1E8M48hHE99u6BO8RN,spotify:track:2d1D1E8M48hHE99u6BO8RN,https://api.spotify.com/v1/tracks/2d1D1E8M48hHE99u6BO8RN,https://api.spotify.com/v1/audio-analysis/2d1D1E8M48hHE99u6BO8RN,195013,4
0.501,0.933,6,-3.476,0,0.198,0.0457,0,0.376,0.708,170.13,audio_features,4WdopfTdSd0nCLropjhsgH,spotify:track:4WdopfTdSd0nCLropjhsgH,https://api.spotify.com/v1/tracks/4WdopfTdSd0nCLropjhsgH,https://api.spotify.com/v1/audio-analysis/4WdopfTdSd0nCLropjhsgH,174867,4
0.66,0.8,8,-4.644,1,0.0992,0.106,0,0.154,0.476,125.966,audio_features,5eB7w8UZJKjL5XmnC6Pctg,spotify:track:5eB7w8UZJKjL5XmnC6Pctg,https://api.spotify.com/v1/tracks/5eB7w8UZJKjL5XmnC6Pctg,https://api.spotify.com/v1/audio-analysis/5eB7w8UZJKjL5XmnC6Pctg,200227,4
0.418,0.862,11,-3.239,1,0.0451,0.000261,0,0.129,0.258,94.476,audio_features,4v1DBjXexqj9YCvGKOWEY1,spotify:track:4v1DBjXexqj9YCvGKOWEY1,https://api.spotify.com/v1/tracks/4v1DBjXexqj9YCvGKOWEY1,https://api.spotify.com/v1/audio-analysis/4v1DBjXexqj9YCvGKOWEY1,289870,4
0.645,0.862,10,-6.253,0,0.0679,0.0294,3.19e-05,0.0323,0.69,100.037,audio_features,1JUUcg0vtcePPsXdOxgDID,spotify:track:1JUUcg0vtcePPsXdOxgDID,https://api.spotify.com/v1/tracks/1JUUcg0vtcePPsXdOxgDID,https://api.spotify.com/v1/audio-analysis/1JUUcg0vtcePPsXdOxgDID,195680,4
0.445,0.928,9,-5.35,1,0.0755,4.29e-05,0,0.342,0.501,154.969,audio_features,1X5Vmsn025nGZslbFm3Scv,spotify:track:1X5Vmsn025nGZslbFm3Scv,https://api.spotify.com/v1/tracks/1X5Vmsn025nGZslbFm3Scv,https://api.spotify.com/v1/audio-analysis/1X5Vmsn025nGZslbFm3Scv,223040,4
0.594,0.571,1,-6.349,0,0.0371,0.149,0,0.188,0.186,77.061,audio_features,0ZGD86ANZoQT2tU57Y4gCE,spotify:track:0ZGD86ANZoQT2tU57Y4gCE,https://api.spotify.com/v1/tracks/0ZGD86ANZoQT2tU57Y4gCE,https://api.spotify.com/v1/audio-analysis/0ZGD86ANZoQT2tU57Y4gCE,227573,4
