danceability,energy,key,loudness,mode,speechiness,acousticness,instrumentalness,liveness,valence,tempo,type,id,uri,track_href,analysis_url,duration_ms,time_signature
0.575,0.67,7,-10.39,1,0.0318,0.343,4.95e-06,0.129,0.74,139.191,audio_features,4yugZvBYaoREkJKtbG08Qr,spotify:track:4yugZvBYaoREkJKtbG08Qr,https://api.spotify.com/v1/tracks/4yugZvBYaoREkJKtbG08Qr,https://api.spotify.com/v1/audio-analysis/4yugZvBYaoREkJKtbG08Qr,211578,4
0.545,0.932,7,-2.189,0,0.0399,0.000665,0,0.127,0.464,92.956,audio_features,4wzjNqjKAKDU82e8uMhzmr,spotify:track:4wzjNqjKAKDU82e8uMhzmr,https://api.spotify.com/v1/tracks/4wzjNqjKAKDU82e8uMhzmr,https://api.spotify.com/v1/audio-analysis/4wzjNqjKAKDU82e8uMhzmr,192000,4
0.502,0.912,1,-4.556,1,0.0564,2.55e-05,0.000173,0.106,0.72,116.761,audio_features,5ghIJDpPoe3CfHMGu71E6T,spotify:track:5ghIJDpPoe3CfHMGu71E6T,https://api.spotify.com/v1/tracks/5ghIJDpPoe3CfHMGu71E6T,https://api.spotify.com/v1/audio-analysis/5ghIJDpPoe3CfHMGu71E6T,301920,4
0.463,0.857,4,-3.063,1,0.0632,0.0506,0,0.184,0.856,111.647,audio_features,7j31rVgGX9Q2blT92VBEA0,spotify:track:7j31rVgGX9Q2blT92VBEA0,https://api.spotify.com/v1/tracks/7j31rVgGX9Q2blT92VBEA0,https://api.spotify.com/v1/audio-analysis/7j31rVgGX9Q2blT92VBEA0,161920,4
0.644,0.939,11,-3.486,0,0.0456,0.157,0,0.233,0.861,106.031,audio_features,28IEbk5a7twNTbUEvWslUb,spotify:track:28IEbk5a7twNTbUEvWslUb,https://api.spotify.com/v1/tracks/28IEbk5a7twNTbUEvWslUb,https://api.spotify.com/v1/audio-analysis/28IEbk5a7twNTbUEvWslUb,208107,4
0.809,0.28,10,-8.818,1,0.329,0.918,0,0.179,0.564,122.046,audio_features,4UuVbsWwTyfJ6CcNOCtzBe,spotify:track:4UuVbsWwTyfJ6CcNOCtzBe,https://api.spotify.com/v1/tracks/4UuVbsWwTyfJ6CcNOCtzBe,https://api.spotify.com/v1/audio-analysis/4UuVbsWwTyfJ6CcNOCtzBe,145907,4
0.217,0.905,2,-4.103,1,0.0752,0.000289,0.00011,0.222,0.236,96.95,audio_features,5wQnmLuC1W7ATsArWACrgW,spotify:track:5wQnmLuC1W7ATsArWACrgW,https://api.spotify.com/v1/tracks/5wQnmLuC1W7ATsArWACrgW,https://api.spotify.com/v1/audio-analysis/5wQnmLuC1W7ATsArWACrgW,311107,4
0.467,0.883,2,-3.679,0,0.106,0.000321,0.000152,0.125,0.309,122.252,audio_features,2d6m2F4I7wCuAKtSsdhh83,spotify:track:2d6m2F4I7wCuAKtSsdhh83,https://api.spotify.com/v1/tracks/2d6m2F4I7wCuAKtSsdhh83,https://api.spotify.com/v1/audio-analysis/2d6m2F4I7wCuAKtSsdhh83,299227,4
0.448,0.665,9,-4.203,1,0.026,0.06,2.55e-05,0.0828,0.304,172.004,audio_features,1SKPmfSYaPsETbRHaiA18G,spotify:track:1SKPmfSYaPsETbRHaiA18G,https://api.spotify.com/v1/tracks/1SKPmfSYaPsETbRHaiA18G,https://api.spotify.com/v1/audio-analysis/1SKPmfSYaPsETbRHaiA18G,237147,4
