danceability,energy,key,loudness,mode,speechiness,acousticness,instrumentalness,liveness,valence,tempo,type,id,uri,track_href,analysis_url,duration_ms,time_signature
0.662,0.819,6,-4.609,1,0.124,0.00537,0,0.0498,0.801,122.951,audio_features,0Xm1uwAeW0ujb1AWRgZOdT,spotify:track:0Xm1uwAeW0ujb1AWRgZOdT,https://api.spotify.com/v1/tracks/0Xm1uwAeW0ujb1AWRgZOdT,https://api.spotify.com/v1/audio-analysis/0Xm1uwAeW0ujb1AWRgZOdT,210200,4
0.426,0.868,1,-3.702,1,0.047,6.54e-05,0,0.0723,0.402,149.042,audio_features,05qCCJQJiOwvPQBb7akf1R,spotify:track:05qCCJQJiOwvPQBb7akf1R,https://api.spotify.com/v1/tracks/05qCCJQJiOwvPQBb7akf1R,https://api.spotify.com/v1/audio-analysis/05qCCJQJiOwvPQBb7akf1R,216000,4
0.489,0.364,2,-10.672,1,0.03,0.572,0,0.108,0.377,135.352,audio_features,1ONoPkp5XIuw3tZ1GzrNKZ,spotify:track:1ONoPkp5XIuw3tZ1GzrNKZ,https://api.spotify.com/v1/tracks/1ONoPkp5XIuw3tZ1GzrNKZ,https://api.spotify.com/v1/audio-analysis/1ONoPkp5XIuw3tZ1GzrNKZ,316987,4
0.465,0.896,2,-3.126,1,0.0795,0.00725,0,0.206,0.569,181.014,audio_features,0J69x3mqm7U6tBPKsjpsWR,spotify:track:0J69x3mqm7U6tBPKsjpsWR,https://api.spotify.com/v1/tracks/0J69x3mqm7U6tBPKsjpsWR,https://api.spotify.com/v1/audio-analysis/0J69x3mqm7U6tBPKsjpsWR,182827,4
0.35,0.909,2,-4.204,1,0.0774,0.0024,0,0.163,0.314,166.866,audio_features,1b7vg5T9YKR3NNqXfBYRF7,spotify:track:1b7vg5T9YKR3NNqXfBYRF7,https://api.spotify.com/v1/tracks/1b7vg5T9YKR3NNqXfBYRF7,https://api.spotify.com/v1/audio-analysis/1b7vg5T9YKR3NNqXfBYRF7,220133,4
0.624,0.952,0,-5.301,1,0.0709,0.00423,0.000345,0.147,0.628,102.038,audio_features,1CJWqvuoxon9DCPfdKyazq,spotify:track:1CJWqvuoxon9DCPfdKyazq,https://api.spotify.com/v1/tracks/1CJWqvuoxon9DCPfdKyazq,https://api.spotify.com/v1/audio-analysis/1CJWqvuoxon9DCPfdKyazq,192562,4
0.353,0.709,7,-3.455,1,0.0345,0.118,0,0.102,0.437,179.926,audio_features,3skPCcteHhoPV6GkzxVl2p,spotify:track:3skPCcteHhoPV6GkzxVl2p,https://api.spotify.com/v1/tracks/3skPCcteHhoPV6GkzxVl2p,https://api.spotify.com/v1/audio-analysis/3skPCcteHhoPV6GkzxVl2p,239227,4
0.578,0.942,4,-3.614,1,0.0623,0.067,0,0.348,0.693,130.953,audio_features,3nOjVAn9ohlCATDl1040v6,spotify:track:3nOjVAn9ohlCATDl1040v6,https://api.spotify.com/v1/tracks/3nOjVAn9ohlCATDl1040v6,https://api.spotify.com/v1/audio-analysis/3nOjVAn9ohlCATDl1040v6,192627,4
0.574,0.957,8,-2.761,1,0.109,0.0218,0,0.299,0.66,101.013,audio_features,4GhiM8Q1GdiIrOaN7orJLB,spotify:track:4GhiM8Q1GdiIrOaN7orJLB,https://api.spotify.com/v1/tracks/4GhiM8Q1GdiIrOaN7orJLB,https://api.spotify.com/v1/audio-analysis/4GhiM8Q1GdiIrOaN7orJLB,157173,4
