danceability,energy,key,loudness,mode,speechiness,acousticness,instrumentalness,liveness,valence,tempo,type,id,uri,track_href,analysis_url,duration_ms,time_signature
0.423,0.94,1,-4.012,0,0.0635,0.00166,0,0.178,0.505,149.934,audio_features,6GIrIt2M39wEGwjCQjGChX,spotify:track:6GIrIt2M39wEGwjCQjGChX,https://api.spotify.com/v1/tracks/6GIrIt2M39wEGwjCQjGChX,https://api.spotify.com/v1/audio-analysis/6GIrIt2M39wEGwjCQjGChX,206520,4
0.44,0.976,10,-3.17,1,0.141,0.00177,3.39e-06,0.16,0.412,150.005,audio_features,20X9OeC606XNwEtDBOym5u,spotify:track:20X9OeC606XNwEtDBOym5u,https://api.spotify.com/v1/tracks/20X9OeC606XNwEtDBOym5u,https://api.spotify.com/v1/audio-analysis/20X9OeC606XNwEtDBOym5u,226707,4
0.422,0.904,0,-4.531,1,0.102,0.02,4.49e-06,0.686,0.32,163.929,audio_features,1AnesEZjtNHT7Nr2Y4BuNR,spotify:track:1AnesEZjtNHT7Nr2Y4BuNR,https://api.spotify.com/v1/tracks/1AnesEZjtNHT7Nr2Y4BuNR,https://api.spotify.com/v1/audio-analysis/1AnesEZjtNHT7Nr2Y4BuNR,232240,4
0.608,0.896,2,-2.987,1,0.0581,0.00686,0,0.5,0.871,130.008,audio_features,7L5sWyyQcNa7Hb1Ndc018y,spotify:track:7L5sWyyQcNa7Hb1Ndc018y,https://api.spotify.com/v1/tracks/7L5sWyyQcNa7Hb1Ndc018y,https://api.spotify.com/v1/audio-analysis/7L5sWyyQcNa7Hb1Ndc018y,245387,4
0.54,0.913,8,-4.176,1,0.233,0.0674,0,0.101,0.632,160.168,audio_features,4tk347oICCDJExiWHndadC,spotify:track:4tk347oICCDJExiWHndadC,https://api.spotify.com/v1/tracks/4tk347oICCDJExiWHndadC,https://api.spotify.com/v1/audio-analysis/4tk347oICCDJExiWHndadC,188440,4
0.628,0.886,2,-3.805,1,0.0608,0.000706,0,0.275,0.72,135.45,audio_features,3JOdLCIBzQYwHIvpN3isVf,spotify:track:3JOdLCIBzQYwHIvpN3isVf,https://api.spotify.com/v1/tracks/3JOdLCIBzQYwHIvpN3isVf,https://api.spotify.com/v1/audio-analysis/3JOdLCIBzQYwHIvpN3isVf,191373,4
0.459,0.891,10,-5.057,0,0.0623,0.00511,0,0.106,0.588,154.837,audio_features,18GC3F8YPGB8CePXcTUizQ,spotify:track:18GC3F8YPGB8CePXcTUizQ,https://api.spotify.com/v1/tracks/18GC3F8YPGB8CePXcTUizQ,https://api.spotify.com/v1/audio-analysis/18GC3F8YPGB8CePXcTUizQ,203507,4
0.538,0.889,7,-3.586,1,0.0596,0.00704,0,0.312,0.696,133.044,audio_features,4pmU8AtVu9qU40Xd9zjEfA,spotify:track:4pmU8AtVu9qU40Xd9zjEfA,https://api.spotify.com/v1/tracks/4pmU8AtVu9qU40Xd9zjEfA,https://api.spotify.com/v1/audio-analysis/4pmU8AtVu9qU40Xd9zjEfA,169027,4
0.622,0.961,11,-3.198,0,0.154,0.00523,0,0.0854,0.449,114.452,audio_features,0a7BloCiNzLDD9qSQHh5m7,spotify:track:0a7BloCiNzLDD9qSQHh5m7,https://api.spotify.com/v1/tracks/0a7BloCiNzLDD9qSQHh5m7,https://api.spotify.com/v1/audio-analysis/0a7BloCiNzLDD9qSQHh5m7,180267,4
