danceability,energy,key,loudness,mode,speechiness,acousticness,instrumentalness,liveness,valence,tempo,type,id,uri,track_href,analysis_url,duration_ms,time_signature
0.517,0.206,5,-12.233,1,0.0421,0.924,0,0.118,0.489,80.401,audio_features,3kZC0ZmFWrEHdUCmUqlvgZ,spotify:track:3kZC0ZmFWrEHdUCmUqlvgZ,https://api.spotify.com/v1/tracks/3kZC0ZmFWrEHdUCmUqlvgZ,https://api.spotify.com/v1/audio-analysis/3kZC0ZmFWrEHdUCmUqlvgZ,189187,4
0.507,0.898,8,-4.255,0,0.0648,0.0589,0,0.107,0.27,101.994,audio_features,2mq1FjzujBbS1CQhIHSFSu,spotify:track:2mq1FjzujBbS1CQhIHSFSu,https://api.spotify.com/v1/tracks/2mq1FjzujBbS1CQhIHSFSu,https://api.spotify.com/v1/audio-analysis/2mq1FjzujBbS1CQhIHSFSu,259587,4
0.606,0.924,11,-4.531,0,0.0349,0.00216,3.3e-06,0.24,0.965,144.998,audio_features,2wEjPgOCEczmjlvq60LyQi,spotify:track:2wEjPgOCEczmjlvq60LyQi,https://api.spotify.com/v1/tracks/2wEjPgOCEczmjlvq60LyQi,https://api.spotify.com/v1/audio-analysis/2wEjPgOCEczmjlvq60LyQi,206840,4
0.795,0.523,1,-7.165,1,0.0423,0.061,0,0.0914,0.855,133.024,audio_features,5dNfHmqgr128gMY2tc5CeJ,spotify:track:5dNfHmqgr128gMY2tc5CeJ,https://api.spotify.com/v1/tracks/5dNfHmqgr128gMY2tc5CeJ,https://api.spotify.com/v1/audio-analysis/5dNfHmqgr128gMY2tc5CeJ,186067,4
0.636,0.676,2,-3.442,1,0.0263,0.0807,0,0.0831,0.273,113.98,audio_features,2tznHmp70DxMyr2XhWLOW0,spotify:track:2tznHmp70DxMyr2XhWLOW0,https://api.spotify.com/v1/tracks/2tznHmp70DxMyr2XhWLOW0,https://api.spotify.com/v1/audio-analysis/2tznHmp70DxMyr2XhWLOW0,208760,4
0.49,0.955,5,-4.682,0,0.0589,0.00211,0,0.151,0.488,130.021,audio_features,5vzvpATBFCRmIyhXP3jYcO,spotify:track:5vzvpATBFCRmIyhXP3jYcO,https://api.spotify.com/v1/tracks/5vzvpATBFCRmIyhXP3jYcO,https://api.spotify.com/v1/audio-analysis/5vzvpATBFCRmIyhXP3jYcO,173480,4
0.541,0.727,2,-4.329,1,0.0307,0.0684,1.69e-06,0.116,0.547,169.953,audio_features,1GIQxjIAuUgA5w3hWW5TgN,spotify:track:1GIQxjIAuUgA5w3hWW5TgN,https://api.spotify.com/v1/tracks/1GIQxjIAuUgA5w3hWW5TgN,https://api.spotify.com/v1/audio-analysis/1GIQxjIAuUgA5w3hWW5TgN,251867,4
0.542,0.559,1,-5.313,1,0.0258,0.197,0,0.0989,0.295,129.898,audio_features,59024P5aFpZN2ZnoPgYGca,spotify:track:59024P5aFpZN2ZnoPgYGca,https://api.spotify.com/v1/tracks/59024P5aFpZN2ZnoPgYGca,https://api.spotify.com/v1/audio-analysis/59024P5aFpZN2ZnoPgYGca,186867,4
0.484,0.886,10,-4.838,1,0.0467,0.127,5.36e-06,0.121,0.457,115.007,audio_features,0Ic4vWMiH7T600tP1RQnjh,spotify:track:0Ic4vWMiH7T600tP1RQnjh,https://api.spotify.com/v1/tracks/0Ic4vWMiH7T600tP1RQnjh,https://api.spotify.com/v1/audio-analysis/0Ic4vWMiH7T600tP1RQnjh,184693,4
