danceability,energy,key,loudness,mode,speechiness,acousticness,instrumentalness,liveness,valence,tempo,type,id,uri,track_href,analysis_url,duration_ms,time_signature
0.425,0.936,8,-5.52,0,0.0829,2.1e-05,0,0.926,0.417,158.046,audio_features,1wFRkVclQWfMQQcaVLjmBE,spotify:track:1wFRkVclQWfMQQcaVLjmBE,https://api.spotify.com/v1/tracks/1wFRkVclQWfMQQcaVLjmBE,https://api.spotify.com/v1/audio-analysis/1wFRkVclQWfMQQcaVLjmBE,219107,4
0.631,0.891,0,-4.202,1,0.0998,0.00368,0.00124,0.157,0.677,119.96,audio_features,66324Jt0mZdXaM7f8uUitE,spotify:track:66324Jt0mZdXaM7f8uUitE,https://api.spotify.com/v1/tracks/66324Jt0mZdXaM7f8uUitE,https://api.spotify.com/v1/audio-analysis/66324Jt0mZdXaM7f8uUitE,243040,4
0.517,0.906,1,-3.677,1,0.0735,0.00272,9.26e-06,0.113,0.731,172.977,audio_features,6SpLc7EXZIPpy0sVko0aoU,spotify:track:6SpLc7EXZIPpy0sVko0aoU,https://api.spotify.com/v1/tracks/6SpLc7EXZIPpy0sVko0aoU,https://api.spotify.com/v1/audio-analysis/6SpLc7EXZIPpy0sVko0aoU,211520,4
0.528,0.831,8,-3.607,1,0.0429,9.43e-05,0,0.141,0.632,131.094,audio_features,1JdKrFyoU05abww0Zv0ayQ,spotify:track:1JdKrFyoU05abww0Zv0ayQ,https://api.spotify.com/v1/tracks/1JdKrFyoU05abww0Zv0ayQ,https://api.spotify.com/v1/audio-analysis/1JdKrFyoU05abww0Zv0ayQ,220480,3
0.571,0.89,9,-1.6,1,0.0395,0.00509,0,0.0769,0.751,110.958,audio_features,1JURww012QnWAw0zZXi6Aa,spotify:track:1JURww012QnWAw0zZXi6Aa,https://api.spotify.com/v1/tracks/1JURww012QnWAw0zZXi6Aa,https://api.spotify.com/v1/audio-analysis/1JURww012QnWAw0zZXi6Aa,234147,4
0.515,0.949,1,-2.802,0,0.093,0.00609,0,0.0561,0.572,183.988,audio_features,655ooO5eAEicphEHAhZTS1,spotify:track:655ooO5eAEicphEHAhZTS1,https://api.spotify.com/v1/tracks/655ooO5eAEicphEHAhZTS1,https://api.spotify.com/v1/audio-analysis/655ooO5eAEicphEHAhZTS1,180600,4
0.312,0.713,9,-4.489,1,0.0327,0.0258,0,0.135,0.196,169.871,audio_features,0jh2HyqarexLFrEyN1dpKp,spotify:track:0jh2HyqarexLFrEyN1dpKp,https://api.spotify.com/v1/tracks/0jh2HyqarexLFrEyN1dpKp,https://api.spotify.com/v1/audio-analysis/0jh2HyqarexLFrEyN1dpKp,224200,4
0.669,0.667,4,-3.0,1,0.0511,0.00769,0,0.0983,0.69,128.103,audio_features,1t9UncsYhEZP2MuhDfjXoT,spotify:track:1t9UncsYhEZP2MuhDfjXoT,https://api.spotify.com/v1/tracks/1t9UncsYhEZP2MuhDfjXoT,https://api.spotify.com/v1/audio-analysis/1t9UncsYhEZP2MuhDfjXoT,199960,4
0.697,0.775,10,-4.106,1,0.0636,0.139,0,0.0737,0.822,90.015,audio_features,4XRZbiVdsA5qv6f6qP70lS,spotify:track:4XRZbiVdsA5qv6f6qP70lS,https://api.spotify.com/v1/tracks/4XRZbiVdsA5qv6f6qP70lS,https://api.spotify.com/v1/audio-analysis/4XRZbiVdsA5qv6f6qP70lS,200453,4
