danceability,energy,key,loudness,mode,speechiness,acousticness,instrumentalness,liveness,valence,tempo,type,id,uri,track_href,analysis_url,duration_ms,time_signature
0.651,0.732,2,-8.037,1,0.0381,0.0164,1.58e-06,0.0925,0.638,85.023,audio_features,0ipcmHor30Y8p6hCd8QUVq,spotify:track:0ipcmHor30Y8p6hCd8QUVq,https://api.spotify.com/v1/tracks/0ipcmHor30Y8p6hCd8QUVq,https://api.spotify.com/v1/audio-analysis/0ipcmHor30Y8p6hCd8QUVq,199213,4
0.409,0.8,7,-5.216,1,0.0746,0.272,5.29e-05,0.092,0.321,159.943,audio_features,1VN6TvmHTIWvLzBAOmre6P,spotify:track:1VN6TvmHTIWvLzBAOmre6P,https://api.spotify.com/v1/tracks/1VN6TvmHTIWvLzBAOmre6P,https://api.spotify.com/v1/audio-analysis/1VN6TvmHTIWvLzBAOmre6P,252893,4
0.591,0.888,6,-5.807,1,0.0601,0.0758,0.00403,0.535,0.771,147.943,audio_features,1ffMmNQ42w7dIwyCDTKySb,spotify:track:1ffMmNQ42w7dIwyCDTKySb,https://api.spotify.com/v1/tracks/1ffMmNQ42w7dIwyCDTKySb,https://api.spotify.com/v1/audio-analysis/1ffMmNQ42w7dIwyCDTKySb,205227,4
0.586,0.677,1,-8.343,1,0.0294,0.043,0.0936,0.0884,0.562,144.001,audio_features,1TKlBK9cSrM5u4CiL4SETS,spotify:track:1TKlBK9cSrM5u4CiL4SETS,https://api.spotify.com/v1/tracks/1TKlBK9cSrM5u4CiL4SETS,https://api.spotify.com/v1/audio-analysis/1TKlBK9cSrM5u4CiL4SETS,262280,4
0.693,0.335,0,-10.863,1,0.0395,0.338,0.000552,0.118,0.623,136.071,audio_features,6hr4weuSidHy2LNMw8UVJ2,spotify:track:6hr4weuSidHy2LNMw8UVJ2,https://api.spotify.com/v1/tracks/6hr4weuSidHy2LNMw8UVJ2,https://api.spotify.com/v1/audio-analysis/6hr4weuSidHy2LNMw8UVJ2,198907,4
0.621,0.676,1,-7.808,1,0.0303,0.506,0.0675,0.0825,0.482,104.008,audio_features,3MykNWa65IP2VN1Qa6B9yK,spotify:track:3MykNWa65IP2VN1Qa6B9yK,https://api.spotify.com/v1/tracks/3MykNWa65IP2VN1Qa6B9yK,https://api.spotify.com/v1/audio-analysis/3MykNWa65IP2VN1Qa6B9yK,252493,4
0.464,0.889,5,-5.042,1,0.0497,0.0389,0.0272,0.31,0.539,87.858,audio_features,2krJlC7MXXpOdPipgc0TaS,spotify:track:2krJlC7MXXpOdPipgc0TaS,https://api.spotify.com/v1/tracks/2krJlC7MXXpOdPipgc0TaS,https://api.spotify.com/v1/audio-analysis/2krJlC7MXXpOdPipgc0TaS,232720,4
0.626,0.913,0,-4.452,1,0.0318,0.00635,0,0.293,0.946,113.044,audio_features,1cktZnxiONH0hR6Q3DKy8h,spotify:track:1cktZnxiONH0hR6Q3DKy8h,https://api.spotify.com/v1/tracks/1cktZnxiONH0hR6Q3DKy8h,https://api.spotify.com/v1/audio-analysis/1cktZnxiONH0hR6Q3DKy8h,191307,4
0.576,0.355,1,-8.388,1,0.033,0.439,4.55e-05,0.13,0.299,137.232,audio_features,3wxgj5N8ZKoZWHDw6FJUf2,spotify:track:3wxgj5N8ZKoZWHDw6FJUf2,https://api.spotify.com/v1/tracks/3wxgj5N8ZKoZWHDw6FJUf2,https://api.spotify.com/v1/audio-analysis/3wxgj5N8ZKoZWHDw6FJUf2,198733,4
