danceability,energy,key,loudness,mode,speechiness,acousticness,instrumentalness,liveness,valence,tempo,type,id,uri,track_href,analysis_url,duration_ms,time_signature
0.523,0.666,7,-4.081,0,0.0327,0.401,0,0.0728,0.564,78.077,audio_features,0BCy325UZyR9z0t0uxwn2N,spotify:track:0BCy325UZyR9z0t0uxwn2N,https://api.spotify.com/v1/tracks/0BCy325UZyR9z0t0uxwn2N,https://api.spotify.com/v1/audio-analysis/0BCy325UZyR9z0t0uxwn2N,194187,4
0.549,0.878,1,-5.066,1,0.0358,0.106,6.07e-05,0.176,0.44,104.98,audio_features,6IFPfV8PNSYOmufzQ95hmm,spotify:track:6IFPfV8PNSYOmufzQ95hmm,https://api.spotify.com/v1/tracks/6IFPfV8PNSYOmufzQ95hmm,https://api.spotify.com/v1/audio-analysis/6IFPfV8PNSYOmufzQ95hmm,190640,4
0.457,0.948,10,-3.364,1,0.0354,0.0191,0,0.0536,0.878,148.0,audio_features,0i5el041vd6nxrGEU8QRxy,spotify:track:0i5el041vd6nxrGEU8QRxy,https://api.spotify.com/v1/tracks/0i5el041vd6nxrGEU8QRxy,https://api.spotify.com/v1/audio-analysis/0i5el041vd6nxrGEU8QRxy,208960,4
0.555,0.931,8,-2.969,1,0.0367,0.016,0,0.405,0.723,132.085,audio_features,2TR7A4ulH9R1PNwMyd8o8U,spotify:track:2TR7A4ulH9R1PNwMyd8o8U,https://api.spotify.com/v1/tracks/2TR7A4ulH9R1PNwMyd8o8U,https://api.spotify.com/v1/audio-analysis/2TR7A4ulH9R1PNwMyd8o8U,220907,4
0.458,0.976,0,-3.791,1,0.0459,0.00182,0,0.193,0.76,154.007,audio_features,46ZfPS5VpSQVU5gb82hg3K,spotify:track:46ZfPS5VpSQVU5gb82hg3K,https://api.spotify.com/v1/tracks/46ZfPS5VpSQVU5gb82hg3K,https://api.spotify.com/v1/audio-analysis/46ZfPS5VpSQVU5gb82hg3K,218867,4
0.476,0.952,4,-3.783,1,0.041,0.0981,2.91e-06,0.438,0.849,170.062,audio_features,0El2Zyt68nYySFDG87hZgM,spotify:track:0El2Zyt68nYySFDG87hZgM,https://api.spotify.com/v1/tracks/0El2Zyt68nYySFDG87hZgM,https://api.spotify.com/v1/audio-analysis/0El2Zyt68nYySFDG87hZgM,184707,4
0.476,0.92,10,-3.223,1,0.0329,0.00485,1.15e-05,0.355,0.694,142.952,audio_features,0H9Q7Vzu8nYRDBZYKbtU8d,spotify:track:0H9Q7Vzu8nYRDBZYKbtU8d,https://api.spotify.com/v1/tracks/0H9Q7Vzu8nYRDBZYKbtU8d,https://api.spotify.com/v1/audio-analysis/0H9Q7Vzu8nYRDBZYKbtU8d,193640,4
0.428,0.898,10,-3.348,1,0.0353,0.0443,0,0.312,0.653,168.002,audio_features,4o9wvGpLZi4pla9CxvDsHb,spotify:track:4o9wvGpLZi4pla9CxvDsHb,https://api.spotify.com/v1/tracks/4o9wvGpLZi4pla9CxvDsHb,https://api.spotify.com/v1/audio-analysis/4o9wvGpLZi4pla9CxvDsHb,214987,4
0.547,0.878,2,-4.224,1,0.0451,0.0638,7.08e-06,0.106,0.592,121.973,audio_features,5CXnIPD6rTjszYYQm6fY2P,spotify:track:5CXnIPD6rTjszYYQm6fY2P,https://api.spotify.com/v1/tracks/5CXnIPD6rTjszYYQm6fY2P,https://api.spotify.com/v1/audio-analysis/5CXnIPD6rTjszYYQm6fY2P,230587,4
