danceability,energy,key,loudness,mode,speechiness,acousticness,instrumentalness,liveness,valence,tempo,type,id,uri,track_href,analysis_url,duration_ms,time_signature
0.497,0.927,0,-4.52,1,0.0371,0.00286,1.26e-06,0.413,0.607,96.991,audio_features,6s9ICeczYOfbHHIaSMq9jd,spotify:track:6s9ICeczYOfbHHIaSMq9jd,https://api.spotify.com/v1/tracks/6s9ICeczYOfbHHIaSMq9jd,https://api.spotify.com/v1/audio-analysis/6s9ICeczYOfbHHIaSMq9jd,222013,4
0.494,0.936,1,-2.989,1,0.0418,0.0744,0,0.148,0.582,141.939,audio_features,3grPZ1iQg2tEdh0ZCh3HTt,spotify:track:3grPZ1iQg2tEdh0ZCh3HTt,https://api.spotify.com/v1/tracks/3grPZ1iQg2tEdh0ZCh3HTt,https://api.spotify.com/v1/audio-analysis/3grPZ1iQg2tEdh0ZCh3HTt,199320,4
0.373,0.823,10,-4.143,0,0.0317,0.0229,1.94e-05,0.265,0.433,173.995,audio_features,37z5awcsf6MNdobyY2GiLt,spotify:track:37z5awcsf6MNdobyY2GiLt,https://api.spotify.com/v1/tracks/37z5awcsf6MNdobyY2GiLt,https://api.spotify.com/v1/audio-analysis/37z5awcsf6MNdobyY2GiLt,226160,4
0.45,0.948,5,-3.347,1,0.0464,0.000513,0,0.387,0.848,163.953,audio_features,1BkeuMWQzM8QNDrAqkmGBM,spotify:track:1BkeuMWQzM8QNDrAqkmGBM,https://api.spotify.com/v1/tracks/1BkeuMWQzM8QNDrAqkmGBM,https://api.spotify.com/v1/audio-analysis/1BkeuMWQzM8QNDrAqkmGBM,224853,4
0.48,0.969,1,-2.887,1,0.0448,0.0471,1.03e-06,0.085,0.833,171.93,audio_features,0qR9rQ3v1nONaLI1uraWTA,spotify:track:0qR9rQ3v1nONaLI1uraWTA,https://api.spotify.com/v1/tracks/0qR9rQ3v1nONaLI1uraWTA,https://api.spotify.com/v1/audio-analysis/0qR9rQ3v1nONaLI1uraWTA,219773,4
0.385,0.808,7,-6.67,1,0.045,0.0629,0,0.33,0.546,129.22,audio_features,79dlQxvdsCDApoM8XChkpy,spotify:track:79dlQxvdsCDApoM8XChkpy,https://api.spotify.com/v1/tracks/79dlQxvdsCDApoM8XChkpy,https://api.spotify.com/v1/audio-analysis/79dlQxvdsCDApoM8XChkpy,319240,4
0.714,0.221,0,-12.929,1,0.032,0.516,1.68e-06,0.0937,0.424,135.843,audio_features,1EnoCmQSpJaiCyA3Kr87XG,spotify:track:1EnoCmQSpJaiCyA3Kr87XG,https://api.spotify.com/v1/tracks/1EnoCmQSpJaiCyA3Kr87XG,https://api.spotify.com/v1/audio-analysis/1EnoCmQSpJaiCyA3Kr87XG,178107,4
0.638,0.441,2,-9.064,1,0.0347,0.0422,1.33e-05,0.107,0.473,76.078,audio_features,52ioLaTnO2J7BWY8UN2n9D,spotify:track:52ioLaTnO2J7BWY8UN2n9D,https://api.spotify.com/v1/tracks/52ioLaTnO2J7BWY8UN2n9D,https://api.spotify.com/v1/audio-analysis/52ioLaTnO2J7BWY8UN2n9D,214627,4
0.589,0.641,5,-8.12,1,0.0838,0.205,0,0.0864,0.57,160.031,audio_features,5fSPbm5lcwtqwXkeQQswW8,spotify:track:5fSPbm5lcwtqwXkeQQswW8,https://api.spotify.com/v1/tracks/5fSPbm5lcwtqwXkeQQswW8,https://api.spotify.com/v1/audio-analysis/5fSPbm5lcwtqwXkeQQswW8,179347,4
