danceability,energy,key,loudness,mode,speechiness,acousticness,instrumentalness,liveness,valence,tempo,type,id,uri,track_href,analysis_url,duration_ms,time_signature
0.837,0.583,3,-7.231,0,0.0367,0.00784,0,0.0637,0.965,106.961,audio_features,4vLRCGOBz4zIS8nEHk5v9j,spotify:track:4vLRCGOBz4zIS8nEHk5v9j,https://api.spotify.com/v1/tracks/4vLRCGOBz4zIS8nEHk5v9j,https://api.spotify.com/v1/audio-analysis/4vLRCGOBz4zIS8nEHk5v9j,195427,4
0.577,0.968,1,-3.896,1,0.0779,0.0351,0,0.397,0.677,100.025,audio_features,4Cr5XBkdiv9yB3j3RhWJzQ,spotify:track:4Cr5XBkdiv9yB3j3RhWJzQ,https://api.spotify.com/v1/tracks/4Cr5XBkdiv9yB3j3RhWJzQ,https://api.spotify.com/v1/audio-analysis/4Cr5XBkdiv9yB3j3RhWJzQ,177160,4
0.561,0.932,1,-4.443,1,0.0433,0.00841,4.97e-05,0.0992,0.495,126.116,audio_features,6iWg88k0UH7BjBP2yWXM0i,spotify:track:6iWg88k0UH7BjBP2yWXM0i,https://api.spotify.com/v1/tracks/6iWg88k0UH7BjBP2yWXM0i,https://api.spotify.com/v1/audio-analysis/6iWg88k0UH7BjBP2yWXM0i,199347,4
0.753,0.772,2,-6.271,1,0.119,0.0823,0,0.0602,0.924,94.993,audio_features,78GjajEEFelJf4Ibk3q7GL,spotify:track:78GjajEEFelJf4Ibk3q7GL,https://api.spotify.com/v1/tracks/78GjajEEFelJf4Ibk3q7GL,https://api.spotify.com/v1/audio-analysis/78GjajEEFelJf4Ibk3q7GL,194373,4
0.543,0.837,11,-6.448,1,0.0608,0.117,0,0.0872,0.506,168.056,audio_features,6GsAD8PgHxmEuIPTG8GP3M,spotify:track:6GsAD8PgHxmEuIPTG8GP3M,https://api.spotify.com/v1/tracks/6GsAD8PgHxmEuIPTG8GP3M,https://api.spotify.com/v1/audio-analysis/6GsAD8PgHxmEuIPTG8GP3M,186080,4
0.545,0.818,9,-6.38,1,0.0541,0.0369,0,0.101,0.679,109.019,audio_features,69DR48pXzSabFUfQfDDJDb,spotify:track:69DR48pXzSabFUfQfDDJDb,https://api.spotify.com/v1/tracks/69DR48pXzSabFUfQfDDJDb,https://api.spotify.com/v1/audio-analysis/69DR48pXzSabFUfQfDDJDb,225067,3
0.577,0.803,9,-6.305,1,0.0347,0.0985,0,0.108,0.735,151.115,audio_features,0mahSEa17a2ouPEY9gPTTW,spotify:track:0mahSEa17a2ouPEY9gPTTW,https://api.spotify.com/v1/tracks/0mahSEa17a2ouPEY9gPTTW,https://api.spotify.com/v1/audio-analysis/0mahSEa17a2ouPEY9gPTTW,217547,4
0.517,0.617,7,-7.844,1,0.0396,0.00543,0,0.198,0.52,119.794,audio_features,5w95ogMPIe72VekD4UKh1y,spotify:track:5w95ogMPIe72VekD4UKh1y,https://api.spotify.com/v1/tracks/5w95ogMPIe72VekD4UKh1y,https://api.spotify.com/v1/audio-analysis/5w95ogMPIe72VekD4UKh1y,207427,3
0.523,0.382,8,-8.386,1,0.0274,0.133,0,0.11,0.274,77.925,audio_features,38qDc4DgEnnkr9UaRI5owP,spotify:track:38qDc4DgEnnkr9UaRI5owP,https://api.spotify.com/v1/tracks/38qDc4DgEnnkr9UaRI5owP,https://api.spotify.com/v1/audio-analysis/38qDc4DgEnnkr9UaRI5owP,255387,4
