danceability,energy,key,loudness,mode,speechiness,acousticness,instrumentalness,liveness,valence,tempo,type,id,uri,track_href,analysis_url,duration_ms,time_signature
0.599,0.807,4,-4.679,1,0.0402,0.202,0,0.196,0.812,172.017,audio_features,3ts6xK5GzfMAAriT9AIBmP,spotify:track:3ts6xK5GzfMAAriT9AIBmP,https://api.spotify.com/v1/tracks/3ts6xK5GzfMAAriT9AIBmP,https://api.spotify.com/v1/audio-analysis/3ts6xK5GzfMAAriT9AIBmP,167427,4
0.527,0.902,6,-5.352,1,0.0601,0.344,4.63e-05,0.0669,0.709,181.964,audio_features,5dNGORzxFb5z3v7vSAFkTU,spotify:track:5dNGORzxFb5z3v7vSAFkTU,https://api.spotify.com/v1/tracks/5dNGORzxFb5z3v7vSAFkTU,https://api.spotify.com/v1/audio-analysis/5dNGORzxFb5z3v7vSAFkTU,191040,4
0.475,0.936,5,-2.545,1,0.0413,0.0418,0,0.0873,0.598,151.988,audio_features,2yWtLaPCOUDyi7f1lOXCn5,spotify:track:2yWtLaPCOUDyi7f1lOXCn5,https://api.spotify.com/v1/tracks/2yWtLaPCOUDyi7f1lOXCn5,https://api.spotify.com/v1/audio-analysis/2yWtLaPCOUDyi7f1lOXCn5,209587,4
0.654,0.749,1,-5.383,0,0.0257,0.00195,0,0.0956,0.774,108.004,audio_features,5NUvj4WX2tAQGxOF4CWJ7I,spotify:track:5NUvj4WX2tAQGxOF4CWJ7I,https://api.spotify.com/v1/tracks/5NUvj4WX2tAQGxOF4CWJ7I,https://api.spotify.com/v1/audio-analysis/5NUvj4WX2tAQGxOF4CWJ7I,169827,4
0.535,0.885,4,-4.892,1,0.0304,0.0563,0.000205,0.315,0.878,149.99,audio_features,5fqclhBCkOrqDwE84JxUWZ,spotify:track:5fqclhBCkOrqDwE84JxUWZ,https://api.spotify.com/v1/tracks/5fqclhBCkOrqDwE84JxUWZ,https://api.spotify.com/v1/audio-analysis/5fqclhBCkOrqDwE84JxUWZ,218893,4
0.432,0.926,1,-3.269,0,0.0367,0.00251,0,0.442,0.692,170.996,audio_features,4u5D3bBhlIVvnrSdNqKyER,spotify:track:4u5D3bBhlIVvnrSdNqKyER,https://api.spotify.com/v1/tracks/4u5D3bBhlIVvnrSdNqKyER,https://api.spotify.com/v1/audio-analysis/4u5D3bBhlIVvnrSdNqKyER,199653,4
0.576,0.865,0,-3.288,1,0.0407,0.0343,5.32e-05,0.252,0.535,119.913,audio_features,7oizkVPKiJYU5CyTjrcVp0,spotify:track:7oizkVPKiJYU5CyTjrcVp0,https://api.spotify.com/v1/tracks/7oizkVPKiJYU5CyTjrcVp0,https://api.spotify.com/v1/audio-analysis/7oizkVPKiJYU5CyTjrcVp0,194173,4
0.645,0.843,0,-4.072,1,0.0475,0.104,0,0.249,0.534,92.357,audio_features,0XjXQDJpajDzCdpazp1562,spotify:track:0XjXQDJpajDzCdpazp1562,https://api.spotify.com/v1/tracks/0XjXQDJpajDzCdpazp1562,https://api.spotify.com/v1/audio-analysis/0XjXQDJpajDzCdpazp1562,187320,3
0.512,0.773,6,-3.562,1,0.0422,0.187,0,0.0924,0.571,92.655,audio_features,1OPZZRb7dokIJ0b5CcIFbf,spotify:track:1OPZZRb7dokIJ0b5CcIFbf,https://api.spotify.com/v1/tracks/1OPZZRb7dokIJ0b5CcIFbf,https://api.spotify.com/v1/audio-analysis/1OPZZRb7dokIJ0b5CcIFbf,205933,4
