danceability,energy,key,loudness,mode,speechiness,acousticness,instrumentalness,liveness,valence,tempo,type,id,uri,track_href,analysis_url,duration_ms,time_signature
0.575,0.845,10,-3.838,1,0.035,0.0282,0,0.0814,0.376,127.997,audio_features,0H04yVa3DJxoXbLBpAb7iV,spotify:track:0H04yVa3DJxoXbLBpAb7iV,https://api.spotify.com/v1/tracks/0H04yVa3DJxoXbLBpAb7iV,https://api.spotify.com/v1/audio-analysis/0H04yVa3DJxoXbLBpAb7iV,197280,4
0.616,0.893,11,-3.588,1,0.0375,0.000937,0,0.111,0.567,111.959,audio_features,6W9W8dSswA8KNegvl3W97V,spotify:track:6W9W8dSswA8KNegvl3W97V,https://api.spotify.com/v1/tracks/6W9W8dSswA8KNegvl3W97V,https://api.spotify.com/v1/audio-analysis/6W9W8dSswA8KNegvl3W97V,218947,4
0.652,0.859,2,-3.746,1,0.0358,0.0639,0,0.0777,0.491,109.971,audio_features,53Dj5PCDhb22qWqmre3YQs,spotify:track:53Dj5PCDhb22qWqmre3YQs,https://api.spotify.com/v1/tracks/53Dj5PCDhb22qWqmre3YQs,https://api.spotify.com/v1/audio-analysis/53Dj5PCDhb22qWqmre3YQs,188707,4
0.466,0.702,0,-4.308,1,0.032,0.0983,1.29e-05,0.242,0.47,150.309,audio_features,4u7KjVIQPdzGCcAwg4W5Kl,spotify:track:4u7KjVIQPdzGCcAwg4W5Kl,https://api.spotify.com/v1/tracks/4u7KjVIQPdzGCcAwg4W5Kl,https://api.spotify.com/v1/audio-analysis/4u7KjVIQPdzGCcAwg4W5Kl,191573,4
0.401,0.928,11,-4.125,1,0.0585,0.000246,0,0.121,0.714,175.908,audio_features,7ehOF430eA6pg8rsOG2DRN,spotify:track:7ehOF430eA6pg8rsOG2DRN,https://api.spotify.com/v1/tracks/7ehOF430eA6pg8rsOG2DRN,https://api.spotify.com/v1/audio-analysis/7ehOF430eA6pg8rsOG2DRN,175387,4
0.553,0.616,10,-6.035,1,0.0288,0.0345,0,0.111,0.335,121.928,audio_features,1pLfw3OyeXSDG71k4O9YAm,spotify:track:1pLfw3OyeXSDG71k4O9YAm,https://api.spotify.com/v1/tracks/1pLfw3OyeXSDG71k4O9YAm,https://api.spotify.com/v1/audio-analysis/1pLfw3OyeXSDG71k4O9YAm,243320,3
0.529,0.86,10,-4.171,1,0.0458,0.0166,0,0.281,0.71,78.05,audio_features,6CoPNCd1MY6TaJBWkkVdN6,spotify:track:6CoPNCd1MY6TaJBWkkVdN6,https://api.spotify.com/v1/tracks/6CoPNCd1MY6TaJBWkkVdN6,https://api.spotify.com/v1/audio-analysis/6CoPNCd1MY6TaJBWkkVdN6,191120,4
0.472,0.917,10,-5.164,1,0.0545,0.00125,0,0.124,0.659,74.957,audio_features,7fx3FT8eMbK6N0eMRbFNx7,spotify:track:7fx3FT8eMbK6N0eMRbFNx7,https://api.spotify.com/v1/tracks/7fx3FT8eMbK6N0eMRbFNx7,https://api.spotify.com/v1/audio-analysis/7fx3FT8eMbK6N0eMRbFNx7,185747,4
0.589,0.905,7,-3.655,1,0.0365,0.0859,0,0.111,0.706,90.082,audio_features,7AI5v0wFQeliV1ocAsiObb,spotify:track:7AI5v0wFQeliV1ocAsiObb,https://api.spotify.com/v1/tracks/7AI5v0wFQeliV1ocAsiObb,https://api.spotify.com/v1/audio-analysis/7AI5v0wFQeliV1ocAsiObb,174000,4
