danceability,energy,key,loudness,mode,speechiness,acousticness,instrumentalness,liveness,valence,tempo,type,id,uri,track_href,analysis_url,duration_ms,time_signature
0.686,0.816,3,-5.953,1,0.0318,0.155,0,0.252,0.871,113.939,audio_features,4elsQHzndSMtjrsbcwnZgf,spotify:track:4elsQHzndSMtjrsbcwnZgf,https://api.spotify.com/v1/tracks/4elsQHzndSMtjrsbcwnZgf,https://api.spotify.com/v1/audio-analysis/4elsQHzndSMtjrsbcwnZgf,158293,4
0.572,0.923,7,-3.669,1,0.107,0.0299,7.31e-06,0.0388,0.646,136.008,audio_features,1mvl4McrgpDUwusRRrn7UU,spotify:track:1mvl4McrgpDUwusRRrn7UU,https://api.spotify.com/v1/tracks/1mvl4McrgpDUwusRRrn7UU,https://api.spotify.com/v1/audio-analysis/1mvl4McrgpDUwusRRrn7UU,165773,4
0.6,0.599,0,-6.102,1,0.0276,0.401,0,0.102,0.496,99.05,audio_features,575wNG8uXiF5jjaSdWqdxZ,spotify:track:575wNG8uXiF5jjaSdWqdxZ,https://api.spotify.com/v1/tracks/575wNG8uXiF5jjaSdWqdxZ,https://api.spotify.com/v1/audio-analysis/575wNG8uXiF5jjaSdWqdxZ,224160,4
0.708,0.708,6,-5.12,0,0.0266,0.316,0,0.361,0.667,95.031,audio_features,3VCWhe7AtBrkhour9t6dq6,spotify:track:3VCWhe7AtBrkhour9t6dq6,https://api.spotify.com/v1/tracks/3VCWhe7AtBrkhour9t6dq6,https://api.spotify.com/v1/audio-analysis/3VCWhe7AtBrkhour9t6dq6,164520,4
0.51,0.771,9,-4.822,1,0.0357,0.267,0,0.364,0.568,79.941,audio_features,5n2yia2AwxIAe9qMtlvYQt,spotify:track:5n2yia2AwxIAe9qMtlvYQt,https://api.spotify.com/v1/tracks/5n2yia2AwxIAe9qMtlvYQt,https://api.spotify.com/v1/audio-analysis/5n2yia2AwxIAe9qMtlvYQt,189133,3
0.552,0.788,0,-4.112,1,0.0525,0.38,0,0.15,0.641,76.528,audio_features,5pemEFax3jfocz4FGHa3UC,spotify:track:5pemEFax3jfocz4FGHa3UC,https://api.spotify.com/v1/tracks/5pemEFax3jfocz4FGHa3UC,https://api.spotify.com/v1/audio-analysis/5pemEFax3jfocz4FGHa3UC,186107,4
0.639,0.678,7,-5.02,1,0.0278,0.44,1.45e-06,0.221,0.531,106.966,audio_features,28Sc21lrWcZD9Ov4rRkPJq,spotify:track:28Sc21lrWcZD9Ov4rRkPJq,https://api.spotify.com/v1/tracks/28Sc21lrWcZD9Ov4rRkPJq,https://api.spotify.com/v1/audio-analysis/28Sc21lrWcZD9Ov4rRkPJq,212133,4
0.571,0.935,9,-2.036,1,0.0448,0.191,0,0.0937,0.753,181.892,audio_features,1kyPB0bIDkXsNBHJ5uefbA,spotify:track:1kyPB0bIDkXsNBHJ5uefbA,https://api.spotify.com/v1/tracks/1kyPB0bIDkXsNBHJ5uefbA,https://api.spotify.com/v1/audio-analysis/1kyPB0bIDkXsNBHJ5uefbA,208907,4
0.635,0.829,5,-2.981,1,0.0381,0.377,0,0.128,0.672,82.189,audio_features,5GpdOAuxBbDKGjQ7yyGtDu,spotify:track:5GpdOAuxBbDKGjQ7yyGtDu,https://api.spotify.com/v1/tracks/5GpdOAuxBbDKGjQ7yyGtDu,https://api.spotify.com/v1/audio-analysis/5GpdOAuxBbDKGjQ7yyGtDu,182467,4
