danceability,energy,key,loudness,mode,speechiness,acousticness,instrumentalness,liveness,valence,tempo,type,id,uri,track_href,analysis_url,duration_ms,time_signature
0.686,0.691,5,-4.616,0,0.0371,0.257,0,0.145,0.477,95.046,audio_features,052vSBPxqdmYRDlkSPiavc,spotify:track:052vSBPxqdmYRDlkSPiavc,https://api.spotify.com/v1/tracks/052vSBPxqdmYRDlkSPiavc,https://api.spotify.com/v1/audio-analysis/052vSBPxqdmYRDlkSPiavc,239080,4
0.581,0.656,4,-4.891,0,0.0294,0.00269,2.78e-06,0.101,0.338,108.033,audio_features,0EfsDEYaSjGYd66Pr881nq,spotify:track:0EfsDEYaSjGYd66Pr881nq,https://api.spotify.com/v1/tracks/0EfsDEYaSjGYd66Pr881nq,https://api.spotify.com/v1/audio-analysis/0EfsDEYaSjGYd66Pr881nq,235160,4
0.695,0.573,4,-8.597,0,0.106,0.46,0.0734,0.482,0.408,99.939,audio_features,51NFxnQvaosfDDutk0tams,spotify:track:51NFxnQvaosfDDutk0tams,https://api.spotify.com/v1/tracks/51NFxnQvaosfDDutk0tams,https://api.spotify.com/v1/audio-analysis/51NFxnQvaosfDDutk0tams,179172,4
0.567,0.685,1,-6.086,0,0.0827,0.106,0.00142,0.0674,0.38,189.948,audio_features,2QffgsYVZkvMQsZmQdgf2L,spotify:track:2QffgsYVZkvMQsZmQdgf2L,https://api.spotify.com/v1/tracks/2QffgsYVZkvMQsZmQdgf2L,https://api.spotify.com/v1/audio-analysis/2QffgsYVZkvMQsZmQdgf2L,197673,4
0.654,0.85,0,-5.719,1,0.0804,0.292,4.6e-05,0.0638,0.52,154.962,audio_features,3NDPcoeno6oasqi6Hs75Ax,spotify:track:3NDPcoeno6oasqi6Hs75Ax,https://api.spotify.com/v1/tracks/3NDPcoeno6oasqi6Hs75Ax,https://api.spotify.com/v1/audio-analysis/3NDPcoeno6oasqi6Hs75Ax,253067,4
0.511,0.318,10,-9.869,1,0.0293,0.829,0.0142,0.102,0.183,128.083,audio_features,7iCnvJb4R6hSuvE7G5khoF,spotify:track:7iCnvJb4R6hSuvE7G5khoF,https://api.spotify.com/v1/tracks/7iCnvJb4R6hSuvE7G5khoF,https://api.spotify.com/v1/audio-analysis/7iCnvJb4R6hSuvE7G5khoF,224112,4
0.716,0.73,6,-4.126,0,0.0364,0.058,7.32e-06,0.151,0.339,136.05,audio_features,3fo6DYGktjENCiagUeU9yH,spotify:track:3fo6DYGktjENCiagUeU9yH,https://api.spotify.com/v1/tracks/3fo6DYGktjENCiagUeU9yH,https://api.spotify.com/v1/audio-analysis/3fo6DYGktjENCiagUeU9yH,204086,4
0.576,0.593,9,-6.024,0,0.0306,0.0467,0.000767,0.237,0.373,157.993,audio_features,360Wr96ywrCQq4kTAJ8Pq6,spotify:track:360Wr96ywrCQq4kTAJ8Pq6,https://api.spotify.com/v1/tracks/360Wr96ywrCQq4kTAJ8Pq6,https://api.spotify.com/v1/audio-analysis/360Wr96ywrCQq4kTAJ8Pq6,220013,4
0.852,0.577,6,-6.347,0,0.16,0.215,0,0.138,0.448,119.986,audio_features,6SUxrwVN19Kmd9JfIbjJUj,spotify:track:6SUxrwVN19Kmd9JfIbjJUj,https://api.spotify.com/v1/tracks/6SUxrwVN19Kmd9JfIbjJUj,https://api.spotify.com/v1/audio-analysis/6SUxrwVN19Kmd9JfIbjJUj,140008,4
