danceability,energy,key,loudness,mode,speechiness,acousticness,instrumentalness,liveness,valence,tempo,type,id,uri,track_href,analysis_url,duration_ms,time_signature
0.582,0.795,0,-4.108,1,0.0671,0.0108,1e-06,0.0979,0.241,74.992,audio_features,46PIPQSUEmFqLQyq3r4QS4,spotify:track:46PIPQSUEmFqLQyq3r4QS4,https://api.spotify.com/v1/tracks/46PIPQSUEmFqLQyq3r4QS4,https://api.spotify.com/v1/audio-analysis/46PIPQSUEmFqLQyq3r4QS4,240840,4
0.236,0.249,6,-9.595,0,0.0348,0.811,1e-06,0.087,0.181,72.847,audio_features,0fBSs3fRoh1yJcne77fdu9,spotify:track:0fBSs3fRoh1yJcne77fdu9,https://api.spotify.com/v1/tracks/0fBSs3fRoh1yJcne77fdu9,https://api.spotify.com/v1/audio-analysis/0fBSs3fRoh1yJcne77fdu9,281960,5
0.567,0.813,1,-5.744,0,0.0581,0.0138,9.03e-06,0.125,0.114,126.044,audio_features,6D5pfooPP6hi99RaXjkDsP,spotify:track:6D5pfooPP6hi99RaXjkDsP,https://api.spotify.com/v1/tracks/6D5pfooPP6hi99RaXjkDsP,https://api.spotify.com/v1/audio-analysis/6D5pfooPP6hi99RaXjkDsP,214912,4
0.534,0.842,2,-7.031,0,0.0925,0.0904,0.0388,0.203,0.441,138.004,audio_features,1Lw2xRuW5fcieRPfoskgog,spotify:track:1Lw2xRuW5fcieRPfoskgog,https://api.spotify.com/v1/tracks/1Lw2xRuW5fcieRPfoskgog,https://api.spotify.com/v1/audio-analysis/1Lw2xRuW5fcieRPfoskgog,238427,4
0.397,0.585,7,-6.518,1,0.0359,0.535,0.000438,0.0976,0.18,143.983,audio_features,1Yfgbr2kZrb3u0NP8ioyuk,spotify:track:1Yfgbr2kZrb3u0NP8ioyuk,https://api.spotify.com/v1/tracks/1Yfgbr2kZrb3u0NP8ioyuk,https://api.spotify.com/v1/audio-analysis/1Yfgbr2kZrb3u0NP8ioyuk,248907,4
0.613,0.873,7,-6.376,0,0.0449,0.00397,0.00111,0.367,0.392,129.989,audio_features,7i9763l5SSfOnqZ35VOcfy,spotify:track:7i9763l5SSfOnqZ35VOcfy,https://api.spotify.com/v1/tracks/7i9763l5SSfOnqZ35VOcfy,https://api.spotify.com/v1/audio-analysis/7i9763l5SSfOnqZ35VOcfy,234813,4
0.651,0.718,2,-3.452,1,0.0846,0.513,0,0.38,0.675,97.781,audio_features,35CvHzVnl8Xtyk9z82glG0,spotify:track:35CvHzVnl8Xtyk9z82glG0,https://api.spotify.com/v1/tracks/35CvHzVnl8Xtyk9z82glG0,https://api.spotify.com/v1/audio-analysis/35CvHzVnl8Xtyk9z82glG0,190027,4
0.324,0.416,11,-8.92,0,0.0368,0.262,3.69e-05,0.11,0.151,113.986,audio_features,2nMeu6UenVvwUktBCpLMK9,spotify:track:2nMeu6UenVvwUktBCpLMK9,https://api.spotify.com/v1/tracks/2nMeu6UenVvwUktBCpLMK9,https://api.spotify.com/v1/audio-analysis/2nMeu6UenVvwUktBCpLMK9,236053,4
0.449,0.652,6,-4.401,1,0.0389,0.256,1.33e-06,0.076,0.508,166.036,audio_features,2vgZSXt1KmekJICQbNZH4H,spotify:track:2vgZSXt1KmekJICQbNZH4H,https://api.spotify.com/v1/tracks/2vgZSXt1KmekJICQbNZH4H,https://api.spotify.com/v1/audio-analysis/2vgZSXt1KmekJICQbNZH4H,228627,4
