danceability,energy,key,loudness,mode,speechiness,acousticness,instrumentalness,liveness,valence,tempo,type,id,uri,track_href,analysis_url,duration_ms,time_signature
0.736,0.515,1,-7.944,1,0.066,0.0249,0.00497,0.348,0.827,74.9,audio_features,1MweULEzWWg5WTlBWMZosS,spotify:track:1MweULEzWWg5WTlBWMZosS,https://api.spotify.com/v1/tracks/1MweULEzWWg5WTlBWMZosS,https://api.spotify.com/v1/audio-analysis/1MweULEzWWg5WTlBWMZosS,226527,4
0.637,0.686,9,-8.03,1,0.0568,0.278,0.00702,0.0576,0.652,132.992,audio_features,2hDtkP0ge2Gckcj7qi2NQ2,spotify:track:2hDtkP0ge2Gckcj7qi2NQ2,https://api.spotify.com/v1/tracks/2hDtkP0ge2Gckcj7qi2NQ2,https://api.spotify.com/v1/audio-analysis/2hDtkP0ge2Gckcj7qi2NQ2,247794,4
0.677,0.743,6,-5.876,1,0.0611,0.0135,0.00222,0.0581,0.469,127.971,audio_features,0A0RBBTrgfq9eClnw6ZXT7,spotify:track:0A0RBBTrgfq9eClnw6ZXT7,https://api.spotify.com/v1/tracks/0A0RBBTrgfq9eClnw6ZXT7,https://api.spotify.com/v1/audio-analysis/0A0RBBTrgfq9eClnw6ZXT7,248200,4
0.515,0.281,1,-7.845,1,0.0264,0.972,0.00949,0.108,0.105,98.251,audio_features,7D1ONerlSPQOpq1EfV84uU,spotify:track:7D1ONerlSPQOpq1EfV84uU,https://api.spotify.com/v1/tracks/7D1ONerlSPQOpq1EfV84uU,https://api.spotify.com/v1/audio-analysis/7D1ONerlSPQOpq1EfV84uU,219682,3
0.802,0.705,7,-5.153,1,0.171,0.124,3.26e-06,0.0293,0.972,160.178,audio_features,1ICV1zuhS5APyRDXhifYJO,spotify:track:1ICV1zuhS5APyRDXhifYJO,https://api.spotify.com/v1/tracks/1ICV1zuhS5APyRDXhifYJO,https://api.spotify.com/v1/audio-analysis/1ICV1zuhS5APyRDXhifYJO,188947,4
0.736,0.47,7,-6.338,1,0.281,0.166,0.000163,0.0795,0.46,79.841,audio_features,30ZHW440CfBiCigLcP4ZrJ,spotify:track:30ZHW440CfBiCigLcP4ZrJ,https://api.spotify.com/v1/tracks/30ZHW440CfBiCigLcP4ZrJ,https://api.spotify.com/v1/audio-analysis/30ZHW440CfBiCigLcP4ZrJ,138253,4
0.627,0.817,9,-5.402,1,0.0812,0.0133,0.388,0.124,0.81,170.975,audio_features,74YtxILHNTvhlnsnCi7ED7,spotify:track:74YtxILHNTvhlnsnCi7ED7,https://api.spotify.com/v1/tracks/74YtxILHNTvhlnsnCi7ED7,https://api.spotify.com/v1/audio-analysis/74YtxILHNTvhlnsnCi7ED7,272360,4
0.578,0.837,7,-4.604,0,0.0348,0.0201,0.689,0.0857,0.72,142.004,audio_features,5NzFEY1HbAOBwoWNUMTrHv,spotify:track:5NzFEY1HbAOBwoWNUMTrHv,https://api.spotify.com/v1/tracks/5NzFEY1HbAOBwoWNUMTrHv,https://api.spotify.com/v1/audio-analysis/5NzFEY1HbAOBwoWNUMTrHv,253400,4
0.735,0.871,9,-4.793,0,0.0735,0.037,0.000222,0.135,0.762,144.993,audio_features,59quCcnG0ZKC3kDbdkYFZJ,spotify:track:59quCcnG0ZKC3kDbdkYFZJ,https://api.spotify.com/v1/tracks/59quCcnG0ZKC3kDbdkYFZJ,https://api.spotify.com/v1/audio-analysis/59quCcnG0ZKC3kDbdkYFZJ,260093,4
