danceability,energy,key,loudness,mode,speechiness,acousticness,instrumentalness,liveness,valence,tempo,type,id,uri,track_href,analysis_url,duration_ms,time_signature
0.838,0.443,7,-7.124,0,0.0531,0.13,0.0136,0.0742,0.186,118.995,audio_features,3N5GWxRqVRfKWwMs0vxFWu,spotify:track:3N5GWxRqVRfKWwMs0vxFWu,https://api.spotify.com/v1/tracks/3N5GWxRqVRfKWwMs0vxFWu,https://api.spotify.com/v1/audio-analysis/3N5GWxRqVRfKWwMs0vxFWu,230920,4
0.441,0.99,1,-2.322,1,0.108,0.111,0.00045,0.0636,0.26,156.077,audio_features,1yYhKkqxIAJM6fH3oDbe7p,spotify:track:1yYhKkqxIAJM6fH3oDbe7p,https://api.spotify.com/v1/tracks/1yYhKkqxIAJM6fH3oDbe7p,https://api.spotify.com/v1/audio-analysis/1yYhKkqxIAJM6fH3oDbe7p,99213,4
0.877,0.86,4,-4.752,1,0.23,0.533,0,0.0385,0.947,148.021,audio_features,5o3qUQl35Kgb2YVQNqhefh,spotify:track:5o3qUQl35Kgb2YVQNqhefh,https://api.spotify.com/v1/tracks/5o3qUQl35Kgb2YVQNqhefh,https://api.spotify.com/v1/audio-analysis/5o3qUQl35Kgb2YVQNqhefh,107160,4
0.729,0.789,5,-5.691,1,0.104,0.345,0.00104,0.0734,0.552,140.061,audio_features,5GnRadgPa2o74H6byPQAZh,spotify:track:5GnRadgPa2o74H6byPQAZh,https://api.spotify.com/v1/tracks/5GnRadgPa2o74H6byPQAZh,https://api.spotify.com/v1/audio-analysis/5GnRadgPa2o74H6byPQAZh,197720,4
0.815,0.311,5,-13.414,1,0.036,0.922,0.904,0.106,0.386,96.048,audio_features,5Ig3Sqgc8bNShJXAqKls0E,spotify:track:5Ig3Sqgc8bNShJXAqKls0E,https://api.spotify.com/v1/tracks/5Ig3Sqgc8bNShJXAqKls0E,https://api.spotify.com/v1/audio-analysis/5Ig3Sqgc8bNShJXAqKls0E,233920,4
0.638,0.661,9,-6.594,0,0.0526,0.0128,0.00816,0.457,0.457,121.318,audio_features,1hIykVsRfYsMdTjGeeKLxF,spotify:track:1hIykVsRfYsMdTjGeeKLxF,https://api.spotify.com/v1/tracks/1hIykVsRfYsMdTjGeeKLxF,https://api.spotify.com/v1/audio-analysis/1hIykVsRfYsMdTjGeeKLxF,185307,4
0.926,0.719,7,-8.93,1,0.0795,0.0779,0.214,0.109,0.212,123.279,audio_features,7ILttqu6vwIU7eogQ5VRvx,spotify:track:7ILttqu6vwIU7eogQ5VRvx,https://api.spotify.com/v1/tracks/7ILttqu6vwIU7eogQ5VRvx,https://api.spotify.com/v1/audio-analysis/7ILttqu6vwIU7eogQ5VRvx,238627,4
0.481,0.858,1,-25.59,1,0.238,0.713,0.000745,0.96,0.0337,109.954,audio_features,0t2PaOHRAVsPQsa0UZuFvb,spotify:track:0t2PaOHRAVsPQsa0UZuFvb,https://api.spotify.com/v1/tracks/0t2PaOHRAVsPQsa0UZuFvb,https://api.spotify.com/v1/audio-analysis/0t2PaOHRAVsPQsa0UZuFvb,49080,4
0.59,0.938,11,-5.635,1,0.0721,0.618,0.648,0.21,0.559,134.749,audio_features,0bFP23lIPuRxUbwW0ZKygD,spotify:track:0bFP23lIPuRxUbwW0ZKygD,https://api.spotify.com/v1/tracks/0bFP23lIPuRxUbwW0ZKygD,https://api.spotify.com/v1/audio-analysis/0bFP23lIPuRxUbwW0ZKygD,228000,4
