danceability,energy,key,loudness,mode,speechiness,acousticness,instrumentalness,liveness,valence,tempo,type,id,uri,track_href,analysis_url,duration_ms,time_signature
0.344,0.306,2,-11.909,1,0.0519,0.876,9.64e-05,0.125,0.347,103.994,audio_features,1WrLRpICoUl7V9I8N0l8Jo,spotify:track:1WrLRpICoUl7V9I8N0l8Jo,https://api.spotify.com/v1/tracks/1WrLRpICoUl7V9I8N0l8Jo,https://api.spotify.com/v1/audio-analysis/1WrLRpICoUl7V9I8N0l8Jo,74747,4
0.704,0.836,0,-5.26,1,0.0358,0.0209,0.513,0.226,0.521,119.731,audio_features,52kCx3YrlbnmKMIt5DEnNk,spotify:track:52kCx3YrlbnmKMIt5DEnNk,https://api.spotify.com/v1/tracks/52kCx3YrlbnmKMIt5DEnNk,https://api.spotify.com/v1/audio-analysis/52kCx3YrlbnmKMIt5DEnNk,268533,4
0.74,0.764,1,-4.776,1,0.0515,0.0782,0.00544,0.116,0.532,107.002,audio_features,6rvrzVhya8UVM3d5TyWPmJ,spotify:track:6rvrzVhya8UVM3d5TyWPmJ,https://api.spotify.com/v1/tracks/6rvrzVhya8UVM3d5TyWPmJ,https://api.spotify.com/v1/audio-analysis/6rvrzVhya8UVM3d5TyWPmJ,232840,4
0.708,0.877,8,-4.745,1,0.0964,0.0952,0.00229,0.228,0.785,128.056,audio_features,3v0wm25TMkCd1eNgWZt6Ie,spotify:track:3v0wm25TMkCd1eNgWZt6Ie,https://api.spotify.com/v1/tracks/3v0wm25TMkCd1eNgWZt6Ie,https://api.spotify.com/v1/audio-analysis/3v0wm25TMkCd1eNgWZt6Ie,202587,4
0.674,0.569,4,-7.012,1,0.042,0.752,0.352,0.092,0.405,138.929,audio_features,6McG9PASy2ljVQFw7fpDVH,spotify:track:6McG9PASy2ljVQFw7fpDVH,https://api.spotify.com/v1/tracks/6McG9PASy2ljVQFw7fpDVH,https://api.spotify.com/v1/audio-analysis/6McG9PASy2ljVQFw7fpDVH,275387,4
0.885,0.718,11,-5.493,0,0.0768,0.00114,0.000499,0.0753,0.67,128.96,audio_features,2a4l5kfHZiCSFu4YUqfNGX,spotify:track:2a4l5kfHZiCSFu4YUqfNGX,https://api.spotify.com/v1/tracks/2a4l5kfHZiCSFu4YUqfNGX,https://api.spotify.com/v1/audio-analysis/2a4l5kfHZiCSFu4YUqfNGX,148680,4
0.975,0.534,9,-4.181,1,0.0422,0.0276,0.00453,0.029,0.743,115.998,audio_features,2v4QDxWYnWApZZhU0D62yW,spotify:track:2v4QDxWYnWApZZhU0D62yW,https://api.spotify.com/v1/tracks/2v4QDxWYnWApZZhU0D62yW,https://api.spotify.com/v1/audio-analysis/2v4QDxWYnWApZZhU0D62yW,217693,4
0.832,0.551,2,-6.428,0,0.101,0.102,0.127,0.108,0.764,74.993,audio_features,7FVyG7oMP7M6myPCiuRPUI,spotify:track:7FVyG7oMP7M6myPCiuRPUI,https://api.spotify.com/v1/tracks/7FVyG7oMP7M6myPCiuRPUI,https://api.spotify.com/v1/audio-analysis/7FVyG7oMP7M6myPCiuRPUI,177653,4
0.632,0.887,1,-3.313,1,0.076,0.0794,3.29e-05,0.317,0.7,147.934,audio_features,6tAolDK5vbvjnZklJPLNE2,spotify:track:6tAolDK5vbvjnZklJPLNE2,https://api.spotify.com/v1/tracks/6tAolDK5vbvjnZklJPLNE2,https://api.spotify.com/v1/audio-analysis/6tAolDK5vbvjnZklJPLNE2,203387,4
