danceability,energy,key,loudness,mode,speechiness,acousticness,instrumentalness,liveness,valence,tempo,type,id,uri,track_href,analysis_url,duration_ms,time_signature
0.547,0.567,1,-7.629,0,0.026,0.00173,0.574,0.119,0.602,104.02,audio_features,6i0qKDEDubUdiypGSb3YdI,spotify:track:6i0qKDEDubUdiypGSb3YdI,https://api.spotify.com/v1/tracks/6i0qKDEDubUdiypGSb3YdI,https://api.spotify.com/v1/audio-analysis/6i0qKDEDubUdiypGSb3YdI,302733,4
0.624,0.982,1,-4.756,0,0.126,0.443,0.652,0.683,0.392,105.284,audio_features,5rM9g0m2VvG7jaUXLUtNck,spotify:track:5rM9g0m2VvG7jaUXLUtNck,https://api.spotify.com/v1/tracks/5rM9g0m2VvG7jaUXLUtNck,https://api.spotify.com/v1/audio-analysis/5rM9g0m2VvG7jaUXLUtNck,128267,4
0.313,0.879,6,-17.974,1,0.828,0.9,0.207,0.956,0.364,172.871,audio_features,62XFShtJ9Iw7JDh8e6I2Rw,spotify:track:62XFShtJ9Iw7JDh8e6I2Rw,https://api.spotify.com/v1/tracks/62XFShtJ9Iw7JDh8e6I2Rw,https://api.spotify.com/v1/audio-analysis/62XFShtJ9Iw7JDh8e6I2Rw,50533,3
0.459,0.823,9,-4.36,1,0.0345,0.0248,0.544,0.202,0.146,150.304,audio_features,487vhYwNaKj1GxJ78FC2h9,spotify:track:487vhYwNaKj1GxJ78FC2h9,https://api.spotify.com/v1/tracks/487vhYwNaKj1GxJ78FC2h9,https://api.spotify.com/v1/audio-analysis/487vhYwNaKj1GxJ78FC2h9,242800,4
0.474,0.962,4,-4.997,1,0.0742,0.0694,0.515,0.167,0.588,140.258,audio_features,4WWPmsATRClDZfF7ii0DRz,spotify:track:4WWPmsATRClDZfF7ii0DRz,https://api.spotify.com/v1/tracks/4WWPmsATRClDZfF7ii0DRz,https://api.spotify.com/v1/audio-analysis/4WWPmsATRClDZfF7ii0DRz,264200,4
0.678,0.682,11,-7.388,1,0.0271,0.264,0.0545,0.0701,0.879,95.206,audio_features,3oSJcxS6VccgrJbtvR56i1,spotify:track:3oSJcxS6VccgrJbtvR56i1,https://api.spotify.com/v1/tracks/3oSJcxS6VccgrJbtvR56i1,https://api.spotify.com/v1/audio-analysis/3oSJcxS6VccgrJbtvR56i1,287973,4
0.497,0.966,4,-4.335,1,0.0714,0.00314,0.145,0.475,0.362,78.579,audio_features,1dwVmE34uaEWmzpDUTDO9J,spotify:track:1dwVmE34uaEWmzpDUTDO9J,https://api.spotify.com/v1/tracks/1dwVmE34uaEWmzpDUTDO9J,https://api.spotify.com/v1/audio-analysis/1dwVmE34uaEWmzpDUTDO9J,257360,4
0.449,0.359,11,-9.773,1,0.0278,0.0178,0.536,0.0936,0.0387,130.324,audio_features,1ijCQwBh2jGXm1pe9hJ2Qu,spotify:track:1ijCQwBh2jGXm1pe9hJ2Qu,https://api.spotify.com/v1/tracks/1ijCQwBh2jGXm1pe9hJ2Qu,https://api.spotify.com/v1/audio-analysis/1ijCQwBh2jGXm1pe9hJ2Qu,186533,4
0.615,0.305,9,-12.233,1,0.0322,0.9,0.0131,0.0703,0.635,134.618,audio_features,3389c73PSVyJBa1ieLjWcD,spotify:track:3389c73PSVyJBa1ieLjWcD,https://api.spotify.com/v1/tracks/3389c73PSVyJBa1ieLjWcD,https://api.spotify.com/v1/audio-analysis/3389c73PSVyJBa1ieLjWcD,130307,4
