danceability,energy,key,loudness,mode,speechiness,acousticness,instrumentalness,liveness,valence,tempo,type,id,uri,track_href,analysis_url,duration_ms,time_signature
0.576,0.964,11,-5.969,1,0.0972,0.42,0.0421,0.885,0.529,133.241,audio_features,69E2zklBrc9X3cOpQQn3Sv,spotify:track:69E2zklBrc9X3cOpQQn3Sv,https://api.spotify.com/v1/tracks/69E2zklBrc9X3cOpQQn3Sv,https://api.spotify.com/v1/audio-analysis/69E2zklBrc9X3cOpQQn3Sv,217947,4
0.576,0.964,11,-5.969,1,0.0972,0.42,0.0421,0.885,0.529,133.241,audio_features,69E2zklBrc9X3cOpQQn3Sv,spotify:track:69E2zklBrc9X3cOpQQn3Sv,https://api.spotify.com/v1/tracks/69E2zklBrc9X3cOpQQn3Sv,https://api.spotify.com/v1/audio-analysis/69E2zklBrc9X3cOpQQn3Sv,217947,4
0.246,0.703,11,-10.785,1,0.138,0.00143,0.0059,0.121,0.225,178.069,audio_features,1WqnSCQefHct30fHrkzODq,spotify:track:1WqnSCQefHct30fHrkzODq,https://api.spotify.com/v1/tracks/1WqnSCQefHct30fHrkzODq,https://api.spotify.com/v1/audio-analysis/1WqnSCQefHct30fHrkzODq,106000,4
0.74,0.729,1,-6.381,1,0.0461,0.154,1.29e-06,0.11,0.942,105.271,audio_features,6pbPbDwXFJo2IWUNRUrVAl,spotify:track:6pbPbDwXFJo2IWUNRUrVAl,https://api.spotify.com/v1/tracks/6pbPbDwXFJo2IWUNRUrVAl,https://api.spotify.com/v1/audio-analysis/6pbPbDwXFJo2IWUNRUrVAl,147800,4
0.76,0.788,2,-7.295,1,0.0902,0.434,0.0169,0.0949,0.85,144.178,audio_features,6zmJH53hty0c6nh9UshGxP,spotify:track:6zmJH53hty0c6nh9UshGxP,https://api.spotify.com/v1/tracks/6zmJH53hty0c6nh9UshGxP,https://api.spotify.com/v1/audio-analysis/6zmJH53hty0c6nh9UshGxP,304360,4
0.764,0.844,6,-5.537,0,0.0431,0.356,0.138,0.106,0.964,144.109,audio_features,05pHYbXre9NYBCev7Uxvzh,spotify:track:05pHYbXre9NYBCev7Uxvzh,https://api.spotify.com/v1/tracks/05pHYbXre9NYBCev7Uxvzh,https://api.spotify.com/v1/audio-analysis/05pHYbXre9NYBCev7Uxvzh,261627,4
0.764,0.844,6,-5.537,0,0.0431,0.356,0.138,0.106,0.964,144.109,audio_features,6SqFoUxCV4hPEwrhfXp5mU,spotify:track:6SqFoUxCV4hPEwrhfXp5mU,https://api.spotify.com/v1/tracks/6SqFoUxCV4hPEwrhfXp5mU,https://api.spotify.com/v1/audio-analysis/6SqFoUxCV4hPEwrhfXp5mU,261627,4
0.484,0.719,6,-8.657,0,0.266,0.508,0.0134,0.288,0.299,117.967,audio_features,4fRp8vZV2P2BNBbBuFarLR,spotify:track:4fRp8vZV2P2BNBbBuFarLR,https://api.spotify.com/v1/tracks/4fRp8vZV2P2BNBbBuFarLR,https://api.spotify.com/v1/audio-analysis/4fRp8vZV2P2BNBbBuFarLR,280133,4
0.582,0.973,4,-2.988,0,0.062,0.394,0.000124,0.281,0.895,121.186,audio_features,0IsPi4mcNjsw4now9BkgKG,spotify:track:0IsPi4mcNjsw4now9BkgKG,https://api.spotify.com/v1/tracks/0IsPi4mcNjsw4now9BkgKG,https://api.spotify.com/v1/audio-analysis/0IsPi4mcNjsw4now9BkgKG,212867,4
