danceability,energy,key,loudness,mode,speechiness,acousticness,instrumentalness,liveness,valence,tempo,type,id,uri,track_href,analysis_url,duration_ms,time_signature
0.706,0.925,9,-3.834,0,0.0783,0.144,0.687,0.0885,0.68,110.318,audio_features,0ttVkyE7LKREitwlsuNQW8,spotify:track:0ttVkyE7LKREitwlsuNQW8,https://api.spotify.com/v1/tracks/0ttVkyE7LKREitwlsuNQW8,https://api.spotify.com/v1/audio-analysis/0ttVkyE7LKREitwlsuNQW8,167853,4
0.412,0.904,2,-3.313,1,0.105,0.0407,0.886,0.505,0.528,141.296,audio_features,7ELy2G2tqrK6EbOe5K5tvB,spotify:track:7ELy2G2tqrK6EbOe5K5tvB,https://api.spotify.com/v1/tracks/7ELy2G2tqrK6EbOe5K5tvB,https://api.spotify.com/v1/audio-analysis/7ELy2G2tqrK6EbOe5K5tvB,260720,4
0.695,0.82,11,-6.541,1,0.112,0.268,0.00546,0.0778,0.444,126.567,audio_features,5KnajU3gXp0dv7UzbuEu9o,spotify:track:5KnajU3gXp0dv7UzbuEu9o,https://api.spotify.com/v1/tracks/5KnajU3gXp0dv7UzbuEu9o,https://api.spotify.com/v1/audio-analysis/5KnajU3gXp0dv7UzbuEu9o,178360,4
0.424,0.983,11,-3.504,0,0.0704,0.19,0.703,0.302,0.867,138.064,audio_features,6tyDxu9m7odcAHx7mIBnHT,spotify:track:6tyDxu9m7odcAHx7mIBnHT,https://api.spotify.com/v1/tracks/6tyDxu9m7odcAHx7mIBnHT,https://api.spotify.com/v1/audio-analysis/6tyDxu9m7odcAHx7mIBnHT,247120,4
0.637,0.686,9,-8.03,1,0.0568,0.278,0.00702,0.0576,0.652,132.992,audio_features,2hDtkP0ge2Gckcj7qi2NQ2,spotify:track:2hDtkP0ge2Gckcj7qi2NQ2,https://api.spotify.com/v1/tracks/2hDtkP0ge2Gckcj7qi2NQ2,https://api.spotify.com/v1/audio-analysis/2hDtkP0ge2Gckcj7qi2NQ2,247794,4
0.736,0.515,1,-7.944,1,0.066,0.0249,0.00497,0.348,0.827,74.9,audio_features,1MweULEzWWg5WTlBWMZosS,spotify:track:1MweULEzWWg5WTlBWMZosS,https://api.spotify.com/v1/tracks/1MweULEzWWg5WTlBWMZosS,https://api.spotify.com/v1/audio-analysis/1MweULEzWWg5WTlBWMZosS,226527,4
0.717,0.856,9,-8.993,0,0.0629,0.0211,0.278,0.0756,0.767,137.989,audio_features,2mBIHFv81gM8vgB5ACICpR,spotify:track:2mBIHFv81gM8vgB5ACICpR,https://api.spotify.com/v1/tracks/2mBIHFv81gM8vgB5ACICpR,https://api.spotify.com/v1/audio-analysis/2mBIHFv81gM8vgB5ACICpR,232688,4
0.781,0.759,11,-7.204,1,0.029,0.228,0.00416,0.314,0.735,118.328,audio_features,76BsLZciY9psGaY9hMycUL,spotify:track:76BsLZciY9psGaY9hMycUL,https://api.spotify.com/v1/tracks/76BsLZciY9psGaY9hMycUL,https://api.spotify.com/v1/audio-analysis/76BsLZciY9psGaY9hMycUL,254666,4
0.698,0.505,5,-9.532,0,0.0352,0.0492,0.0846,0.104,0.298,90.954,audio_features,1cyX3SKvy1OivUpoHXuQdd,spotify:track:1cyX3SKvy1OivUpoHXuQdd,https://api.spotify.com/v1/tracks/1cyX3SKvy1OivUpoHXuQdd,https://api.spotify.com/v1/audio-analysis/1cyX3SKvy1OivUpoHXuQdd,272336,4
