danceability,energy,key,loudness,mode,speechiness,acousticness,instrumentalness,liveness,valence,tempo,type,id,uri,track_href,analysis_url,duration_ms,time_signature
0.821,0.703,11,-8.464,0,0.24,0.192,0,0.0816,0.536,105.154,audio_features,7hfRrdFJgFKK3cJ4rmkecE,spotify:track:7hfRrdFJgFKK3cJ4rmkecE,https://api.spotify.com/v1/tracks/7hfRrdFJgFKK3cJ4rmkecE,https://api.spotify.com/v1/audio-analysis/7hfRrdFJgFKK3cJ4rmkecE,203627,4
0.821,0.703,11,-8.464,0,0.24,0.192,0,0.0816,0.536,105.154,audio_features,7hfRrdFJgFKK3cJ4rmkecE,spotify:track:7hfRrdFJgFKK3cJ4rmkecE,https://api.spotify.com/v1/tracks/7hfRrdFJgFKK3cJ4rmkecE,https://api.spotify.com/v1/audio-analysis/7hfRrdFJgFKK3cJ4rmkecE,203627,4
0.854,0.738,6,-7.284,0,0.244,0.0581,0,0.106,0.847,100.0,audio_features,12LjNmRrdzhTn1vMcxN81m,spotify:track:12LjNmRrdzhTn1vMcxN81m,https://api.spotify.com/v1/tracks/12LjNmRrdzhTn1vMcxN81m,https://api.spotify.com/v1/audio-analysis/12LjNmRrdzhTn1vMcxN81m,254253,4
0.751,0.786,3,-7.441,0,0.383,0.0126,0,0.107,0.679,95.989,audio_features,3uKlgyQI2sZnrlF7nlMkab,spotify:track:3uKlgyQI2sZnrlF7nlMkab,https://api.spotify.com/v1/tracks/3uKlgyQI2sZnrlF7nlMkab,https://api.spotify.com/v1/audio-analysis/3uKlgyQI2sZnrlF7nlMkab,200840,4
0.847,0.589,10,-6.559,0,0.0503,0.0325,5.32e-05,0.254,0.246,94.946,audio_features,6BIloxxvovEdX3wXIzvHPE,spotify:track:6BIloxxvovEdX3wXIzvHPE,https://api.spotify.com/v1/tracks/6BIloxxvovEdX3wXIzvHPE,https://api.spotify.com/v1/audio-analysis/6BIloxxvovEdX3wXIzvHPE,275400,4
0.844,0.731,2,-8.089,1,0.0636,0.0394,3.6e-06,0.0968,0.358,109.843,audio_features,4hmRPijChpPvIcyshknhFY,spotify:track:4hmRPijChpPvIcyshknhFY,https://api.spotify.com/v1/tracks/4hmRPijChpPvIcyshknhFY,https://api.spotify.com/v1/audio-analysis/4hmRPijChpPvIcyshknhFY,250133,4
0.57,0.663,6,-7.33,0,0.393,0.0117,0,0.163,0.8,82.783,audio_features,7uHgKdsO495phuSY73wiQq,spotify:track:7uHgKdsO495phuSY73wiQq,https://api.spotify.com/v1/tracks/7uHgKdsO495phuSY73wiQq,https://api.spotify.com/v1/audio-analysis/7uHgKdsO495phuSY73wiQq,277800,4
0.863,0.694,2,-5.862,1,0.319,0.03,0,0.0873,0.653,88.744,audio_features,3tsPcEU67BYtV0ic8RucWH,spotify:track:3tsPcEU67BYtV0ic8RucWH,https://api.spotify.com/v1/tracks/3tsPcEU67BYtV0ic8RucWH,https://api.spotify.com/v1/audio-analysis/3tsPcEU67BYtV0ic8RucWH,263133,4
0.879,0.681,10,-8.951,0,0.24,0.017,0,0.0669,0.817,99.974,audio_features,5RvOS6KCdwZvH5PSxqJXpp,spotify:track:5RvOS6KCdwZvH5PSxqJXpp,https://api.spotify.com/v1/tracks/5RvOS6KCdwZvH5PSxqJXpp,https://api.spotify.com/v1/audio-analysis/5RvOS6KCdwZvH5PSxqJXpp,221160,4
