danceability,energy,key,loudness,mode,speechiness,acousticness,instrumentalness,liveness,valence,tempo,type,id,uri,track_href,analysis_url,duration_ms,time_signature
0.825,0.493,7,-6.479,1,0.0749,0.0196,0,0.755,0.382,97.025,audio_features,0NAgDFpoufQUmdw92b4c2o,spotify:track:0NAgDFpoufQUmdw92b4c2o,https://api.spotify.com/v1/tracks/0NAgDFpoufQUmdw92b4c2o,https://api.spotify.com/v1/audio-analysis/0NAgDFpoufQUmdw92b4c2o,276787,4
0.538,0.942,8,-4.99,1,0.301,0.235,0,0.468,0.329,98.959,audio_features,17H9s6wjjf3avY013CeEVD,spotify:track:17H9s6wjjf3avY013CeEVD,https://api.spotify.com/v1/tracks/17H9s6wjjf3avY013CeEVD,https://api.spotify.com/v1/audio-analysis/17H9s6wjjf3avY013CeEVD,246147,4
0.764,0.594,6,-10.05,1,0.185,0.591,0,0.145,0.695,87.261,audio_features,00FROhC5g4iJdax5US8jRr,spotify:track:00FROhC5g4iJdax5US8jRr,https://api.spotify.com/v1/tracks/00FROhC5g4iJdax5US8jRr,https://api.spotify.com/v1/audio-analysis/00FROhC5g4iJdax5US8jRr,286441,4
0.863,0.514,4,-7.243,0,0.249,0.0419,0,0.301,0.843,82.985,audio_features,0Aqlt4N5h6rUtKnd09VXpr,spotify:track:0Aqlt4N5h6rUtKnd09VXpr,https://api.spotify.com/v1/tracks/0Aqlt4N5h6rUtKnd09VXpr,https://api.spotify.com/v1/audio-analysis/0Aqlt4N5h6rUtKnd09VXpr,271160,4
0.644,0.725,11,-4.618,1,0.0701,0.0112,0,0.146,0.584,77.977,audio_features,0x1LCpY9Rgeq97VPajm81B,spotify:track:0x1LCpY9Rgeq97VPajm81B,https://api.spotify.com/v1/tracks/0x1LCpY9Rgeq97VPajm81B,https://api.spotify.com/v1/audio-analysis/0x1LCpY9Rgeq97VPajm81B,222053,4
0.763,0.629,7,-8.66,0,0.225,0.0891,0,0.169,0.709,142.149,audio_features,4F55RCGuM477OjznpYGhYz,spotify:track:4F55RCGuM477OjznpYGhYz,https://api.spotify.com/v1/tracks/4F55RCGuM477OjznpYGhYz,https://api.spotify.com/v1/audio-analysis/4F55RCGuM477OjznpYGhYz,267507,4
0.542,0.859,11,-5.651,1,0.197,0.16,0.00466,0.137,0.403,159.797,audio_features,0QsvXIfqM0zZoerQfsI9lm,spotify:track:0QsvXIfqM0zZoerQfsI9lm,https://api.spotify.com/v1/tracks/0QsvXIfqM0zZoerQfsI9lm,https://api.spotify.com/v1/audio-analysis/0QsvXIfqM0zZoerQfsI9lm,208053,4
0.638,0.568,7,-6.872,0,0.0428,0.131,0,0.127,0.12,126.989,audio_features,1mjMXiWYKSJ5XmJCC0O9HJ,spotify:track:1mjMXiWYKSJ5XmJCC0O9HJ,https://api.spotify.com/v1/tracks/1mjMXiWYKSJ5XmJCC0O9HJ,https://api.spotify.com/v1/audio-analysis/1mjMXiWYKSJ5XmJCC0O9HJ,303733,4
0.833,0.655,1,-8.016,0,0.121,0.000231,0.136,0.179,0.553,95.027,audio_features,2KyiIp5r7uPc0WGeyd5Pbk,spotify:track:2KyiIp5r7uPc0WGeyd5Pbk,https://api.spotify.com/v1/tracks/2KyiIp5r7uPc0WGeyd5Pbk,https://api.spotify.com/v1/audio-analysis/2KyiIp5r7uPc0WGeyd5Pbk,230133,4
