danceability,energy,key,loudness,mode,speechiness,acousticness,instrumentalness,liveness,valence,tempo,type,id,uri,track_href,analysis_url,duration_ms,time_signature
0.676,0.2,9,-17.735,0,0.0282,0.826,0.0289,0.144,0.176,104.016,audio_features,6qlfzOpeLcdoSxrgbkR0Zi,spotify:track:6qlfzOpeLcdoSxrgbkR0Zi,https://api.spotify.com/v1/tracks/6qlfzOpeLcdoSxrgbkR0Zi,https://api.spotify.com/v1/audio-analysis/6qlfzOpeLcdoSxrgbkR0Zi,262640,4
0.511,0.472,4,-9.277,1,0.091,0.534,0.614,0.11,0.0399,127.978,audio_features,2MvvoeRt8NcOXWESkxWn3g,spotify:track:2MvvoeRt8NcOXWESkxWn3g,https://api.spotify.com/v1/tracks/2MvvoeRt8NcOXWESkxWn3g,https://api.spotify.com/v1/audio-analysis/2MvvoeRt8NcOXWESkxWn3g,258969,4
0.534,0.721,11,-7.307,0,0.0417,0.0343,6.24e-06,0.115,0.225,128.978,audio_features,1UqhkbzB1kuFwt2iy4h29Q,spotify:track:1UqhkbzB1kuFwt2iy4h29Q,https://api.spotify.com/v1/tracks/1UqhkbzB1kuFwt2iy4h29Q,https://api.spotify.com/v1/audio-analysis/1UqhkbzB1kuFwt2iy4h29Q,249520,3
0.544,0.383,3,-10.143,0,0.0334,0.67,0.00204,0.125,0.367,145.025,audio_features,3XHrTm6WE2BOHafLwTT3GR,spotify:track:3XHrTm6WE2BOHafLwTT3GR,https://api.spotify.com/v1/tracks/3XHrTm6WE2BOHafLwTT3GR,https://api.spotify.com/v1/audio-analysis/3XHrTm6WE2BOHafLwTT3GR,302827,4
0.389,0.665,0,-6.169,1,0.0644,0.178,0.000732,0.116,0.199,117.055,audio_features,7lGKEWMXVWWTt3X71Bv44I,spotify:track:7lGKEWMXVWWTt3X71Bv44I,https://api.spotify.com/v1/tracks/7lGKEWMXVWWTt3X71Bv44I,https://api.spotify.com/v1/audio-analysis/7lGKEWMXVWWTt3X71Bv44I,193547,4
0.451,0.931,9,-3.871,1,0.0719,0.00076,0.0049,0.361,0.172,122.961,audio_features,5QldjuXcxplhjjUqLrzl6H,spotify:track:5QldjuXcxplhjjUqLrzl6H,https://api.spotify.com/v1/tracks/5QldjuXcxplhjjUqLrzl6H,https://api.spotify.com/v1/audio-analysis/5QldjuXcxplhjjUqLrzl6H,302840,4
0.532,0.712,2,-5.867,1,0.0269,0.0271,0,0.173,0.35,88.995,audio_features,2cIRkCb17AXi0pox5iiAcl,spotify:track:2cIRkCb17AXi0pox5iiAcl,https://api.spotify.com/v1/tracks/2cIRkCb17AXi0pox5iiAcl,https://api.spotify.com/v1/audio-analysis/2cIRkCb17AXi0pox5iiAcl,234067,4
0.544,0.788,5,-5.593,0,0.0474,0.000366,0,0.141,0.818,148.121,audio_features,7eMpW9I1ZpVs6VQ90naDBh,spotify:track:7eMpW9I1ZpVs6VQ90naDBh,https://api.spotify.com/v1/tracks/7eMpW9I1ZpVs6VQ90naDBh,https://api.spotify.com/v1/audio-analysis/7eMpW9I1ZpVs6VQ90naDBh,245133,4
0.323,0.936,3,-4.505,1,0.108,0.00656,0,0.0972,0.326,163.124,audio_features,3tZwKujD64Ad6vlDVxZOrg,spotify:track:3tZwKujD64Ad6vlDVxZOrg,https://api.spotify.com/v1/tracks/3tZwKujD64Ad6vlDVxZOrg,https://api.spotify.com/v1/audio-analysis/3tZwKujD64Ad6vlDVxZOrg,251533,4
