danceability,energy,key,loudness,mode,speechiness,acousticness,instrumentalness,liveness,valence,tempo,type,id,uri,track_href,analysis_url,duration_ms,time_signature
0.484,0.889,4,-5.469,1,0.0572,0.00195,0,0.222,0.553,100.014,audio_features,1Ik16tNa5sbOckwDEeKji6,spotify:track:1Ik16tNa5sbOckwDEeKji6,https://api.spotify.com/v1/tracks/1Ik16tNa5sbOckwDEeKji6,https://api.spotify.com/v1/audio-analysis/1Ik16tNa5sbOckwDEeKji6,204667,4
0.478,0.992,7,-3.165,1,0.211,0.000245,0.000206,0.327,0.117,109.969,audio_features,4vVUoi4U6ikqH2wIoE2fmG,spotify:track:4vVUoi4U6ikqH2wIoE2fmG,https://api.spotify.com/v1/tracks/4vVUoi4U6ikqH2wIoE2fmG,https://api.spotify.com/v1/audio-analysis/4vVUoi4U6ikqH2wIoE2fmG,220040,4
0.404,0.829,8,-5.164,1,0.0558,0.00161,0,0.374,0.359,165.026,audio_features,6l010scCyvcwdQDlxrzClw,spotify:track:6l010scCyvcwdQDlxrzClw,https://api.spotify.com/v1/tracks/6l010scCyvcwdQDlxrzClw,https://api.spotify.com/v1/audio-analysis/6l010scCyvcwdQDlxrzClw,216747,4
0.239,0.969,11,-3.547,0,0.27,0.0224,9.24e-05,0.452,0.245,93.565,audio_features,4MjJlPgUYMQjvHOQq0uvOv,spotify:track:4MjJlPgUYMQjvHOQq0uvOv,https://api.spotify.com/v1/tracks/4MjJlPgUYMQjvHOQq0uvOv,https://api.spotify.com/v1/audio-analysis/4MjJlPgUYMQjvHOQq0uvOv,183782,4
0.541,0.599,8,-5.626,1,0.0362,0.0017,0,0.164,0.599,157.606,audio_features,2GMhTbfqswlZiGBuDlyLeM,spotify:track:2GMhTbfqswlZiGBuDlyLeM,https://api.spotify.com/v1/tracks/2GMhTbfqswlZiGBuDlyLeM,https://api.spotify.com/v1/audio-analysis/2GMhTbfqswlZiGBuDlyLeM,169347,4
0.379,0.96,8,-3.754,1,0.13,1.37e-05,3.65e-05,0.0646,0.551,119.991,audio_features,3t9OWuyMpQclTWD6ABjqXj,spotify:track:3t9OWuyMpQclTWD6ABjqXj,https://api.spotify.com/v1/tracks/3t9OWuyMpQclTWD6ABjqXj,https://api.spotify.com/v1/audio-analysis/3t9OWuyMpQclTWD6ABjqXj,220787,4
0.288,0.93,2,-3.949,0,0.0406,0.000297,0,0.238,0.732,90.213,audio_features,05T4Rvc2OCzZt9x5muo5no,spotify:track:05T4Rvc2OCzZt9x5muo5no,https://api.spotify.com/v1/tracks/05T4Rvc2OCzZt9x5muo5no,https://api.spotify.com/v1/audio-analysis/05T4Rvc2OCzZt9x5muo5no,181147,4
0.522,0.931,0,-4.32,0,0.0885,0.00159,0,0.57,0.367,134.103,audio_features,5koyOdvQU9AUgPMA14N4mD,spotify:track:5koyOdvQU9AUgPMA14N4mD,https://api.spotify.com/v1/tracks/5koyOdvQU9AUgPMA14N4mD,https://api.spotify.com/v1/audio-analysis/5koyOdvQU9AUgPMA14N4mD,196373,4
0.512,0.982,10,-4.203,1,0.151,0.000432,0.00024,0.294,0.372,122.022,audio_features,4KuwjTOfniivWFKJz3p1yW,spotify:track:4KuwjTOfniivWFKJz3p1yW,https://api.spotify.com/v1/tracks/4KuwjTOfniivWFKJz3p1yW,https://api.spotify.com/v1/audio-analysis/4KuwjTOfniivWFKJz3p1yW,209827,4
