danceability,energy,key,loudness,mode,speechiness,acousticness,instrumentalness,liveness,valence,tempo,type,id,uri,track_href,analysis_url,duration_ms,time_signature
0.31,0.976,8,-3.095,1,0.116,0.000128,0.384,0.222,0.771,113.249,audio_features,3Mjmll1qNCTw9LA0PndO2j,spotify:track:3Mjmll1qNCTw9LA0PndO2j,https://api.spotify.com/v1/tracks/3Mjmll1qNCTw9LA0PndO2j,https://api.spotify.com/v1/audio-analysis/3Mjmll1qNCTw9LA0PndO2j,169517,4
0.464,0.947,0,-2.843,1,0.101,0.000535,0.0768,0.0724,0.574,95.1,audio_features,4e9GhjdIrJLR9C8ydXQ9hn,spotify:track:4e9GhjdIrJLR9C8ydXQ9hn,https://api.spotify.com/v1/tracks/4e9GhjdIrJLR9C8ydXQ9hn,https://api.spotify.com/v1/audio-analysis/4e9GhjdIrJLR9C8ydXQ9hn,166772,4
0.449,0.941,1,-3.731,1,0.0665,3.89e-05,0.413,0.0842,0.585,102.623,audio_features,5e3yA1CMvoYrZNCqsNaKgC,spotify:track:5e3yA1CMvoYrZNCqsNaKgC,https://api.spotify.com/v1/tracks/5e3yA1CMvoYrZNCqsNaKgC,https://api.spotify.com/v1/audio-analysis/5e3yA1CMvoYrZNCqsNaKgC,170797,4
0.321,0.954,0,-3.47,1,0.106,1.21e-05,0.531,0.111,0.61,185.328,audio_features,3LUH76sCt8Xgb6d9EgdgkN,spotify:track:3LUH76sCt8Xgb6d9EgdgkN,https://api.spotify.com/v1/tracks/3LUH76sCt8Xgb6d9EgdgkN,https://api.spotify.com/v1/audio-analysis/3LUH76sCt8Xgb6d9EgdgkN,192726,4
0.49,0.953,5,-3.694,1,0.0969,1.21e-05,0.351,0.295,0.493,120.016,audio_features,2PrfW4XuG9CVonGzGMMxlN,spotify:track:2PrfW4XuG9CVonGzGMMxlN,https://api.spotify.com/v1/tracks/2PrfW4XuG9CVonGzGMMxlN,https://api.spotify.com/v1/audio-analysis/2PrfW4XuG9CVonGzGMMxlN,199196,4
0.351,0.915,1,-4.53,0,0.0881,2.79e-05,0.0725,0.0972,0.472,184.815,audio_features,1EPqcEdcqdKqQHGHV8myqR,spotify:track:1EPqcEdcqdKqQHGHV8myqR,https://api.spotify.com/v1/tracks/1EPqcEdcqdKqQHGHV8myqR,https://api.spotify.com/v1/audio-analysis/1EPqcEdcqdKqQHGHV8myqR,165047,4
0.501,0.926,9,-3.842,1,0.0814,0.000129,0.0512,0.142,0.53,100.092,audio_features,3KmJRXv9ICWgOinQ3LgbUA,spotify:track:3KmJRXv9ICWgOinQ3LgbUA,https://api.spotify.com/v1/tracks/3KmJRXv9ICWgOinQ3LgbUA,https://api.spotify.com/v1/audio-analysis/3KmJRXv9ICWgOinQ3LgbUA,184747,4
0.542,0.439,2,-7.728,1,0.0272,0.626,0,0.109,0.466,144.945,audio_features,38hoUe0bZq5OYdixN0Ozki,spotify:track:38hoUe0bZq5OYdixN0Ozki,https://api.spotify.com/v1/tracks/38hoUe0bZq5OYdixN0Ozki,https://api.spotify.com/v1/audio-analysis/38hoUe0bZq5OYdixN0Ozki,218955,4
0.467,0.937,0,-3.714,1,0.0605,1.41e-05,0.594,0.0952,0.543,94.96,audio_features,3qciYzLAiPzXbYlPWX0aup,spotify:track:3qciYzLAiPzXbYlPWX0aup,https://api.spotify.com/v1/tracks/3qciYzLAiPzXbYlPWX0aup,https://api.spotify.com/v1/audio-analysis/3qciYzLAiPzXbYlPWX0aup,185287,4
