danceability,energy,key,loudness,mode,speechiness,acousticness,instrumentalness,liveness,valence,tempo,type,id,uri,track_href,analysis_url,duration_ms,time_signature
0.397,0.975,2,-3.532,0,0.365,0.00152,0,0.118,0.451,192.021,audio_features,3ouugfdFz6exFXUxu7wRvD,spotify:track:3ouugfdFz6exFXUxu7wRvD,https://api.spotify.com/v1/tracks/3ouugfdFz6exFXUxu7wRvD,https://api.spotify.com/v1/audio-analysis/3ouugfdFz6exFXUxu7wRvD,250240,4
0.531,0.984,3,-3.767,0,0.0652,0.0017,1.13e-05,0.361,0.386,107.036,audio_features,2G8PweZBBwTpyP8vpNQJK2,spotify:track:2G8PweZBBwTpyP8vpNQJK2,https://api.spotify.com/v1/tracks/2G8PweZBBwTpyP8vpNQJK2,https://api.spotify.com/v1/audio-analysis/2G8PweZBBwTpyP8vpNQJK2,268480,4
0.417,0.99,1,-3.203,1,0.208,0.000188,0,0.115,0.413,175.977,audio_features,3ikf8zLuO1MACbNFfDvJ12,spotify:track:3ikf8zLuO1MACbNFfDvJ12,https://api.spotify.com/v1/tracks/3ikf8zLuO1MACbNFfDvJ12,https://api.spotify.com/v1/audio-analysis/3ikf8zLuO1MACbNFfDvJ12,203093,4
0.447,0.891,8,-5.208,1,0.0629,0.00937,0,0.336,0.617,94.88,audio_features,4gA7iRDZO6EBT2ycroj5pr,spotify:track:4gA7iRDZO6EBT2ycroj5pr,https://api.spotify.com/v1/tracks/4gA7iRDZO6EBT2ycroj5pr,https://api.spotify.com/v1/audio-analysis/4gA7iRDZO6EBT2ycroj5pr,167800,4
0.559,0.959,11,-3.15,0,0.143,0.000749,3.42e-05,0.097,0.661,143.958,audio_features,5mRAaGQruKBXF5aPxy5s6J,spotify:track:5mRAaGQruKBXF5aPxy5s6J,https://api.spotify.com/v1/tracks/5mRAaGQruKBXF5aPxy5s6J,https://api.spotify.com/v1/audio-analysis/5mRAaGQruKBXF5aPxy5s6J,193803,4
0.443,0.985,4,-4.001,1,0.124,4.63e-05,0,0.378,0.429,143.97,audio_features,2ZsyiMM5KRLZwyy0LCu5iR,spotify:track:2ZsyiMM5KRLZwyy0LCu5iR,https://api.spotify.com/v1/tracks/2ZsyiMM5KRLZwyy0LCu5iR,https://api.spotify.com/v1/audio-analysis/2ZsyiMM5KRLZwyy0LCu5iR,202521,4
0.439,0.968,6,-3.21,0,0.159,0.00123,0,0.242,0.655,160.055,audio_features,0td6n7lIccGyYKgnWBGUvD,spotify:track:0td6n7lIccGyYKgnWBGUvD,https://api.spotify.com/v1/tracks/0td6n7lIccGyYKgnWBGUvD,https://api.spotify.com/v1/audio-analysis/0td6n7lIccGyYKgnWBGUvD,207778,4
0.441,0.986,3,-3.059,1,0.0863,0.00228,0,0.418,0.515,136.019,audio_features,1LKScCsG356DT8nzrBoSiw,spotify:track:1LKScCsG356DT8nzrBoSiw,https://api.spotify.com/v1/tracks/1LKScCsG356DT8nzrBoSiw,https://api.spotify.com/v1/audio-analysis/1LKScCsG356DT8nzrBoSiw,209225,4
0.288,0.991,3,-3.976,1,0.312,0.000126,3.77e-06,0.0902,0.353,169.607,audio_features,0OQmxZOINqWsbKysfiPSTO,spotify:track:0OQmxZOINqWsbKysfiPSTO,https://api.spotify.com/v1/tracks/0OQmxZOINqWsbKysfiPSTO,https://api.spotify.com/v1/audio-analysis/0OQmxZOINqWsbKysfiPSTO,200036,4
