danceability,energy,key,loudness,mode,speechiness,acousticness,instrumentalness,liveness,valence,tempo,type,id,uri,track_href,analysis_url,duration_ms,time_signature
0.581,0.925,0,-4.239,1,0.0435,0.000581,0.0406,0.207,0.534,105.097,audio_features,1v6tmbdVrsUylFyP2b81Jg,spotify:track:1v6tmbdVrsUylFyP2b81Jg,https://api.spotify.com/v1/tracks/1v6tmbdVrsUylFyP2b81Jg,https://api.spotify.com/v1/audio-analysis/1v6tmbdVrsUylFyP2b81Jg,200914,4
0.55,0.917,0,-3.159,1,0.0638,0.00428,0,0.197,0.601,126.115,audio_features,6TfBA04WJ3X1d1wXhaCFVT,spotify:track:6TfBA04WJ3X1d1wXhaCFVT,https://api.spotify.com/v1/tracks/6TfBA04WJ3X1d1wXhaCFVT,https://api.spotify.com/v1/audio-analysis/6TfBA04WJ3X1d1wXhaCFVT,177827,4
0.458,0.912,5,-3.666,1,0.0618,0.0173,0,0.363,0.611,104.522,audio_features,6EsBn1Md8C5YdbCzvwvZq8,spotify:track:6EsBn1Md8C5YdbCzvwvZq8,https://api.spotify.com/v1/tracks/6EsBn1Md8C5YdbCzvwvZq8,https://api.spotify.com/v1/audio-analysis/6EsBn1Md8C5YdbCzvwvZq8,257760,4
0.552,0.932,0,-3.782,1,0.0426,0.000102,0,0.119,0.518,103.108,audio_features,24CRDgNOgA72JLL7PHFjgB,spotify:track:24CRDgNOgA72JLL7PHFjgB,https://api.spotify.com/v1/tracks/24CRDgNOgA72JLL7PHFjgB,https://api.spotify.com/v1/audio-analysis/24CRDgNOgA72JLL7PHFjgB,227200,4
0.491,0.888,5,-4.412,1,0.038,0.00407,0,0.286,0.656,135.253,audio_features,18IqyOGs1pRNZfbMo93r57,spotify:track:18IqyOGs1pRNZfbMo93r57,https://api.spotify.com/v1/tracks/18IqyOGs1pRNZfbMo93r57,https://api.spotify.com/v1/audio-analysis/18IqyOGs1pRNZfbMo93r57,220027,4
0.217,0.905,2,-4.103,1,0.0752,0.000289,0.00011,0.222,0.236,96.95,audio_features,5wQnmLuC1W7ATsArWACrgW,spotify:track:5wQnmLuC1W7ATsArWACrgW,https://api.spotify.com/v1/tracks/5wQnmLuC1W7ATsArWACrgW,https://api.spotify.com/v1/audio-analysis/5wQnmLuC1W7ATsArWACrgW,311107,4
0.66,0.8,8,-4.644,1,0.0992,0.106,0,0.154,0.476,125.966,audio_features,5eB7w8UZJKjL5XmnC6Pctg,spotify:track:5eB7w8UZJKjL5XmnC6Pctg,https://api.spotify.com/v1/tracks/5eB7w8UZJKjL5XmnC6Pctg,https://api.spotify.com/v1/audio-analysis/5eB7w8UZJKjL5XmnC6Pctg,200227,4
0.479,0.904,6,-4.546,0,0.0822,0.00183,1.5e-05,0.221,0.231,147.057,audio_features,1rO8SV0CvDFyvYhPF35IUE,spotify:track:1rO8SV0CvDFyvYhPF35IUE,https://api.spotify.com/v1/tracks/1rO8SV0CvDFyvYhPF35IUE,https://api.spotify.com/v1/audio-analysis/1rO8SV0CvDFyvYhPF35IUE,274120,4
0.425,0.882,8,-3.71,1,0.0918,0.000673,0,0.28,0.399,144.117,audio_features,5tYqrn7cItYhDGDLHt8XuH,spotify:track:5tYqrn7cItYhDGDLHt8XuH,https://api.spotify.com/v1/tracks/5tYqrn7cItYhDGDLHt8XuH,https://api.spotify.com/v1/audio-analysis/5tYqrn7cItYhDGDLHt8XuH,190920,4
