danceability,energy,key,loudness,mode,speechiness,acousticness,instrumentalness,liveness,valence,tempo,type,id,uri,track_href,analysis_url,duration_ms,time_signature
0.584,0.536,10,-8.158,1,0.0279,0.112,0,0.456,0.44,126.996,audio_features,6J7cSyvSCnPwv3vqHchEfL,spotify:track:6J7cSyvSCnPwv3vqHchEfL,https://api.spotify.com/v1/tracks/6J7cSyvSCnPwv3vqHchEfL,https://api.spotify.com/v1/audio-analysis/6J7cSyvSCnPwv3vqHchEfL,243227,4
0.456,0.985,6,-2.949,1,0.207,0.000235,0.00368,0.103,0.183,143.006,audio_features,68osIGtVjM7QWVe6pazLHj,spotify:track:68osIGtVjM7QWVe6pazLHj,https://api.spotify.com/v1/tracks/68osIGtVjM7QWVe6pazLHj,https://api.spotify.com/v1/audio-analysis/68osIGtVjM7QWVe6pazLHj,243320,4
0.452,0.964,6,-2.877,1,0.0792,0.00205,5.31e-06,0.205,0.464,144.048,audio_features,6bGac1gBHs7kUKihrudMzq,spotify:track:6bGac1gBHs7kUKihrudMzq,https://api.spotify.com/v1/tracks/6bGac1gBHs7kUKihrudMzq,https://api.spotify.com/v1/audio-analysis/6bGac1gBHs7kUKihrudMzq,237400,4
0.405,0.95,6,-2.8,1,0.071,0.00033,3.47e-06,0.108,0.383,139.715,audio_features,2EGF4JrisrJ4D4HOdTyYEO,spotify:track:2EGF4JrisrJ4D4HOdTyYEO,https://api.spotify.com/v1/tracks/2EGF4JrisrJ4D4HOdTyYEO,https://api.spotify.com/v1/audio-analysis/2EGF4JrisrJ4D4HOdTyYEO,296733,4
0.442,0.939,8,-4.18,1,0.094,0.000181,0.00568,0.0857,0.266,140.02,audio_features,2RxqHa7EgbKHEjYav48eXX,spotify:track:2RxqHa7EgbKHEjYav48eXX,https://api.spotify.com/v1/tracks/2RxqHa7EgbKHEjYav48eXX,https://api.spotify.com/v1/audio-analysis/2RxqHa7EgbKHEjYav48eXX,228280,4
0.463,0.857,4,-3.063,1,0.0632,0.0506,0,0.184,0.856,111.647,audio_features,7j31rVgGX9Q2blT92VBEA0,spotify:track:7j31rVgGX9Q2blT92VBEA0,https://api.spotify.com/v1/tracks/7j31rVgGX9Q2blT92VBEA0,https://api.spotify.com/v1/audio-analysis/7j31rVgGX9Q2blT92VBEA0,161920,4
0.15,0.859,4,-2.827,0,0.0595,0.00201,0.194,0.387,0.354,170.527,audio_features,0WSa1sucoNRcEeULlZVQXj,spotify:track:0WSa1sucoNRcEeULlZVQXj,https://api.spotify.com/v1/tracks/0WSa1sucoNRcEeULlZVQXj,https://api.spotify.com/v1/audio-analysis/0WSa1sucoNRcEeULlZVQXj,228147,5
0.491,0.888,5,-4.412,1,0.038,0.00407,0,0.286,0.656,135.253,audio_features,18IqyOGs1pRNZfbMo93r57,spotify:track:18IqyOGs1pRNZfbMo93r57,https://api.spotify.com/v1/tracks/18IqyOGs1pRNZfbMo93r57,https://api.spotify.com/v1/audio-analysis/18IqyOGs1pRNZfbMo93r57,220027,4
0.553,0.837,6,-5.608,1,0.0452,0.00941,0,0.372,0.432,140.495,audio_features,48O6kz322Dzu1R6Al5147q,spotify:track:48O6kz322Dzu1R6Al5147q,https://api.spotify.com/v1/tracks/48O6kz322Dzu1R6Al5147q,https://api.spotify.com/v1/audio-analysis/48O6kz322Dzu1R6Al5147q,208280,4
