danceability,energy,key,loudness,mode,speechiness,acousticness,instrumentalness,liveness,valence,tempo,type,id,uri,track_href,analysis_url,duration_ms,time_signature
0.545,0.932,7,-2.189,0,0.0399,0.000665,0,0.127,0.464,92.956,audio_features,4wzjNqjKAKDU82e8uMhzmr,spotify:track:4wzjNqjKAKDU82e8uMhzmr,https://api.spotify.com/v1/tracks/4wzjNqjKAKDU82e8uMhzmr,https://api.spotify.com/v1/audio-analysis/4wzjNqjKAKDU82e8uMhzmr,192000,4
0.421,0.858,1,-4.535,1,0.0963,0.0134,0,0.067,0.491,173.255,audio_features,714Lw0m2SmCEhKSPw0Dn8J,spotify:track:714Lw0m2SmCEhKSPw0Dn8J,https://api.spotify.com/v1/tracks/714Lw0m2SmCEhKSPw0Dn8J,https://api.spotify.com/v1/audio-analysis/714Lw0m2SmCEhKSPw0Dn8J,206773,4
0.442,0.943,3,-3.205,1,0.0602,0.00293,8.71e-06,0.091,0.781,85.064,audio_features,6L89mwZXSOwYl76YXfX13s,spotify:track:6L89mwZXSOwYl76YXfX13s,https://api.spotify.com/v1/tracks/6L89mwZXSOwYl76YXfX13s,https://api.spotify.com/v1/audio-analysis/6L89mwZXSOwYl76YXfX13s,181533,4
0.496,0.863,9,-4.153,1,0.0381,0.0046,0,0.639,0.243,110.018,audio_features,2nLtzopw4rPReszdYBJU6h,spotify:track:2nLtzopw4rPReszdYBJU6h,https://api.spotify.com/v1/tracks/2nLtzopw4rPReszdYBJU6h,https://api.spotify.com/v1/audio-analysis/2nLtzopw4rPReszdYBJU6h,185587,4
0.597,0.931,11,-4.591,0,0.0984,0.127,0,0.0504,0.534,92.003,audio_features,0DKNNR9iDjwfCEpMiFXMJq,spotify:track:0DKNNR9iDjwfCEpMiFXMJq,https://api.spotify.com/v1/tracks/0DKNNR9iDjwfCEpMiFXMJq,https://api.spotify.com/v1/audio-analysis/0DKNNR9iDjwfCEpMiFXMJq,235200,4
0.434,0.952,4,-3.177,0,0.18,0.00301,1.6e-05,0.406,0.296,184.048,audio_features,4PnGUf4Z8cnVyojRvOZcg0,spotify:track:4PnGUf4Z8cnVyojRvOZcg0,https://api.spotify.com/v1/tracks/4PnGUf4Z8cnVyojRvOZcg0,https://api.spotify.com/v1/audio-analysis/4PnGUf4Z8cnVyojRvOZcg0,193920,4
0.403,0.965,6,-2.238,1,0.0964,3.81e-05,0.000276,0.341,0.431,112.363,audio_features,1IT0WQk5J8NsaeII8ktdlZ,spotify:track:1IT0WQk5J8NsaeII8ktdlZ,https://api.spotify.com/v1/tracks/1IT0WQk5J8NsaeII8ktdlZ,https://api.spotify.com/v1/audio-analysis/1IT0WQk5J8NsaeII8ktdlZ,236293,4
0.418,0.824,2,-4.089,1,0.0469,0.00119,6.48e-05,0.2,0.382,143.983,audio_features,6EJB5gnuf6xujkSH9M3m7J,spotify:track:6EJB5gnuf6xujkSH9M3m7J,https://api.spotify.com/v1/tracks/6EJB5gnuf6xujkSH9M3m7J,https://api.spotify.com/v1/audio-analysis/6EJB5gnuf6xujkSH9M3m7J,222040,4
0.425,0.936,8,-5.52,0,0.0829,2.1e-05,0,0.926,0.417,158.046,audio_features,1wFRkVclQWfMQQcaVLjmBE,spotify:track:1wFRkVclQWfMQQcaVLjmBE,https://api.spotify.com/v1/tracks/1wFRkVclQWfMQQcaVLjmBE,https://api.spotify.com/v1/audio-analysis/1wFRkVclQWfMQQcaVLjmBE,219107,4
