danceability,energy,key,loudness,mode,speechiness,acousticness,instrumentalness,liveness,valence,tempo,type,id,uri,track_href,analysis_url,duration_ms,time_signature
0.568,0.835,8,-6.896,0,0.0687,0.0411,0,0.357,0.625,170.045,audio_features,6QfnvcOKsdN4Q6exUWVuzn,spotify:track:6QfnvcOKsdN4Q6exUWVuzn,https://api.spotify.com/v1/tracks/6QfnvcOKsdN4Q6exUWVuzn,https://api.spotify.com/v1/audio-analysis/6QfnvcOKsdN4Q6exUWVuzn,244480,4
0.291,0.878,7,-4.454,0,0.0626,0.000122,0,0.358,0.367,109.147,audio_features,2zw87gpLBkDLPsXyno0iot,spotify:track:2zw87gpLBkDLPsXyno0iot,https://api.spotify.com/v1/tracks/2zw87gpLBkDLPsXyno0iot,https://api.spotify.com/v1/audio-analysis/2zw87gpLBkDLPsXyno0iot,210187,4
0.267,0.946,5,-4.943,0,0.0807,1.98e-05,4.17e-05,0.297,0.409,169.702,audio_features,1kjjlABEA05YZ43XUxdN4W,spotify:track:1kjjlABEA05YZ43XUxdN4W,https://api.spotify.com/v1/tracks/1kjjlABEA05YZ43XUxdN4W,https://api.spotify.com/v1/audio-analysis/1kjjlABEA05YZ43XUxdN4W,218559,4
0.628,0.886,2,-3.805,1,0.0608,0.000706,0,0.275,0.72,135.45,audio_features,3JOdLCIBzQYwHIvpN3isVf,spotify:track:3JOdLCIBzQYwHIvpN3isVf,https://api.spotify.com/v1/tracks/3JOdLCIBzQYwHIvpN3isVf,https://api.spotify.com/v1/audio-analysis/3JOdLCIBzQYwHIvpN3isVf,191373,4
0.531,0.982,11,-2.638,1,0.068,0.000698,0.00511,0.0739,0.591,140.0,audio_features,27uKUtjrnjx1vCKFqSDe6B,spotify:track:27uKUtjrnjx1vCKFqSDe6B,https://api.spotify.com/v1/tracks/27uKUtjrnjx1vCKFqSDe6B,https://api.spotify.com/v1/audio-analysis/27uKUtjrnjx1vCKFqSDe6B,235147,4
0.622,0.961,11,-3.198,0,0.154,0.00523,0,0.0854,0.449,114.452,audio_features,0a7BloCiNzLDD9qSQHh5m7,spotify:track:0a7BloCiNzLDD9qSQHh5m7,https://api.spotify.com/v1/tracks/0a7BloCiNzLDD9qSQHh5m7,https://api.spotify.com/v1/audio-analysis/0a7BloCiNzLDD9qSQHh5m7,180267,4
0.494,0.914,9,-4.249,1,0.165,0.00442,0,0.322,0.293,127.892,audio_features,3Q4TrciFW0rFrcKqyMZUCg,spotify:track:3Q4TrciFW0rFrcKqyMZUCg,https://api.spotify.com/v1/tracks/3Q4TrciFW0rFrcKqyMZUCg,https://api.spotify.com/v1/audio-analysis/3Q4TrciFW0rFrcKqyMZUCg,238720,4
0.398,0.978,2,-4.001,1,0.133,0.000291,0,0.0947,0.441,177.797,audio_features,12mF5rnbbT7jNqiBv8NBFt,spotify:track:12mF5rnbbT7jNqiBv8NBFt,https://api.spotify.com/v1/tracks/12mF5rnbbT7jNqiBv8NBFt,https://api.spotify.com/v1/audio-analysis/12mF5rnbbT7jNqiBv8NBFt,220200,4
0.329,0.978,10,-3.078,1,0.122,0.00111,0,0.334,0.339,164.068,audio_features,5b3aQxS5QzL2UazVO0GPXN,spotify:track:5b3aQxS5QzL2UazVO0GPXN,https://api.spotify.com/v1/tracks/5b3aQxS5QzL2UazVO0GPXN,https://api.spotify.com/v1/audio-analysis/5b3aQxS5QzL2UazVO0GPXN,163676,4
