danceability,energy,key,loudness,mode,speechiness,acousticness,instrumentalness,liveness,valence,tempo,type,id,uri,track_href,analysis_url,duration_ms,time_signature
0.419,0.932,1,-3.604,0,0.106,0.00171,0,0.137,0.445,169.881,audio_features,47IWLfIKOKhFnz1FUEUIkE,spotify:track:47IWLfIKOKhFnz1FUEUIkE,https://api.spotify.com/v1/tracks/47IWLfIKOKhFnz1FUEUIkE,https://api.spotify.com/v1/audio-analysis/47IWLfIKOKhFnz1FUEUIkE,268000,4
0.501,0.989,7,-4.369,1,0.173,0.000133,1.6e-06,0.57,0.162,140.029,audio_features,6UZ8PjuMPQI6i7NOImb2mA,spotify:track:6UZ8PjuMPQI6i7NOImb2mA,https://api.spotify.com/v1/tracks/6UZ8PjuMPQI6i7NOImb2mA,https://api.spotify.com/v1/audio-analysis/6UZ8PjuMPQI6i7NOImb2mA,147627,4
0.462,0.861,7,-4.676,0,0.0681,0.0679,0,0.0917,0.384,123.973,audio_features,2yFfBYrAg8KDuUnZYLer1t,spotify:track:2yFfBYrAg8KDuUnZYLer1t,https://api.spotify.com/v1/tracks/2yFfBYrAg8KDuUnZYLer1t,https://api.spotify.com/v1/audio-analysis/2yFfBYrAg8KDuUnZYLer1t,231187,4
0.483,0.875,0,-5.939,1,0.0489,0.00225,1.33e-06,0.0719,0.584,100.133,audio_features,7JdXBDJPBTkersbgkcB0fr,spotify:track:7JdXBDJPBTkersbgkcB0fr,https://api.spotify.com/v1/tracks/7JdXBDJPBTkersbgkcB0fr,https://api.spotify.com/v1/audio-analysis/7JdXBDJPBTkersbgkcB0fr,231973,4
0.564,0.705,6,-3.887,1,0.0585,0.0022,0,0.0507,0.601,77.069,audio_features,6uddSq7cjGlJ7aKuNdpuFd,spotify:track:6uddSq7cjGlJ7aKuNdpuFd,https://api.spotify.com/v1/tracks/6uddSq7cjGlJ7aKuNdpuFd,https://api.spotify.com/v1/audio-analysis/6uddSq7cjGlJ7aKuNdpuFd,218554,4
0.512,0.911,0,-9.558,0,0.0697,9.96e-05,2.83e-06,0.692,0.432,134.999,audio_features,3XUPhnjXKVFFxIbN9EGS3I,spotify:track:3XUPhnjXKVFFxIbN9EGS3I,https://api.spotify.com/v1/tracks/3XUPhnjXKVFFxIbN9EGS3I,https://api.spotify.com/v1/audio-analysis/3XUPhnjXKVFFxIbN9EGS3I,248215,4
0.256,0.936,5,-2.906,0,0.105,0.000754,0.000735,0.0874,0.179,174.913,audio_features,2VoxEmEJ96ZTT06u2x9yuE,spotify:track:2VoxEmEJ96ZTT06u2x9yuE,https://api.spotify.com/v1/tracks/2VoxEmEJ96ZTT06u2x9yuE,https://api.spotify.com/v1/audio-analysis/2VoxEmEJ96ZTT06u2x9yuE,240840,4
0.402,0.859,1,-4.41,0,0.0466,0.0394,0,0.0745,0.514,95.31,audio_features,6PsISpFaCEKwysPfwO9SfC,spotify:track:6PsISpFaCEKwysPfwO9SfC,https://api.spotify.com/v1/tracks/6PsISpFaCEKwysPfwO9SfC,https://api.spotify.com/v1/audio-analysis/6PsISpFaCEKwysPfwO9SfC,211547,4
0.548,0.855,3,-3.266,1,0.151,0.0149,0,0.127,0.644,145.133,audio_features,1mB7dCUM7sPyNab6R43nlj,spotify:track:1mB7dCUM7sPyNab6R43nlj,https://api.spotify.com/v1/tracks/1mB7dCUM7sPyNab6R43nlj,https://api.spotify.com/v1/audio-analysis/1mB7dCUM7sPyNab6R43nlj,218787,4
