danceability,energy,key,loudness,mode,speechiness,acousticness,instrumentalness,liveness,valence,tempo,type,id,uri,track_href,analysis_url,duration_ms,time_signature
0.677,0.744,1,-4.512,0,0.0882,0.279,0,0.119,0.531,145.928,audio_features,4U38hORPx8SsUAXGumsUYN,spotify:track:4U38hORPx8SsUAXGumsUYN,https://api.spotify.com/v1/tracks/4U38hORPx8SsUAXGumsUYN,https://api.spotify.com/v1/audio-analysis/4U38hORPx8SsUAXGumsUYN,204785,4
0.389,0.748,2,-4.461,1,0.0805,0.000821,0.00058,0.358,0.216,78.056,audio_features,3xgK660fsZH7ZDcOMfIdfB,spotify:track:3xgK660fsZH7ZDcOMfIdfB,https://api.spotify.com/v1/tracks/3xgK660fsZH7ZDcOMfIdfB,https://api.spotify.com/v1/audio-analysis/3xgK660fsZH7ZDcOMfIdfB,189707,4
0.616,0.85,5,-5.419,0,0.058,0.00216,0.0667,0.181,0.47,142.841,audio_features,3RCT90rX7F5rSwMwUU4Pz6,spotify:track:3RCT90rX7F5rSwMwUU4Pz6,https://api.spotify.com/v1/tracks/3RCT90rX7F5rSwMwUU4Pz6,https://api.spotify.com/v1/audio-analysis/3RCT90rX7F5rSwMwUU4Pz6,219560,4
0.61,0.77,6,-4.136,1,0.0314,0.000229,0.168,0.298,0.356,115.982,audio_features,2zmk3eaesHxXcC2eEbDckZ,spotify:track:2zmk3eaesHxXcC2eEbDckZ,https://api.spotify.com/v1/tracks/2zmk3eaesHxXcC2eEbDckZ,https://api.spotify.com/v1/audio-analysis/2zmk3eaesHxXcC2eEbDckZ,260920,4
0.549,0.88,4,-4.573,0,0.1,0.00849,0.00546,0.35,0.338,156.062,audio_features,0ZBBoiQhCCqOvSjAjtVfXN,spotify:track:0ZBBoiQhCCqOvSjAjtVfXN,https://api.spotify.com/v1/tracks/0ZBBoiQhCCqOvSjAjtVfXN,https://api.spotify.com/v1/audio-analysis/0ZBBoiQhCCqOvSjAjtVfXN,179267,4
0.408,0.974,2,-4.139,1,0.126,1.31e-05,4.86e-05,0.526,0.173,148.298,audio_features,67ispalOAo3jnZWYSTTfZk,spotify:track:67ispalOAo3jnZWYSTTfZk,https://api.spotify.com/v1/tracks/67ispalOAo3jnZWYSTTfZk,https://api.spotify.com/v1/audio-analysis/67ispalOAo3jnZWYSTTfZk,207002,4
0.621,0.692,4,-6.858,1,0.0291,0.000363,1.75e-05,0.335,0.381,99.806,audio_features,73jVPicY2G9YHmzgjk69ae,spotify:track:73jVPicY2G9YHmzgjk69ae,https://api.spotify.com/v1/tracks/73jVPicY2G9YHmzgjk69ae,https://api.spotify.com/v1/audio-analysis/73jVPicY2G9YHmzgjk69ae,254510,4
0.215,0.0133,0,-6.101,1,0.0566,0.00645,0.00403,0.159,0.966,138.006,audio_features,1ZwJALwnYbeHdEVCNVmniz,spotify:track:1ZwJALwnYbeHdEVCNVmniz,https://api.spotify.com/v1/tracks/1ZwJALwnYbeHdEVCNVmniz,https://api.spotify.com/v1/audio-analysis/1ZwJALwnYbeHdEVCNVmniz,591160,5
0.399,0.721,4,-5.562,0,0.0523,0.0621,0.00282,0.278,0.113,160.125,audio_features,3uUCgL0cbSd0isnqhHCm1f,spotify:track:3uUCgL0cbSd0isnqhHCm1f,https://api.spotify.com/v1/tracks/3uUCgL0cbSd0isnqhHCm1f,https://api.spotify.com/v1/audio-analysis/3uUCgL0cbSd0isnqhHCm1f,299934,4
