danceability,energy,key,loudness,mode,speechiness,acousticness,instrumentalness,liveness,valence,tempo,type,id,uri,track_href,analysis_url,duration_ms,time_signature
0.421,0.993,4,-1.835,1,0.149,0.00118,0,0.218,0.283,101.341,audio_features,1TxWN5QwIrxMO9xibsJ7hX,spotify:track:1TxWN5QwIrxMO9xibsJ7hX,https://api.spotify.com/v1/tracks/1TxWN5QwIrxMO9xibsJ7hX,https://api.spotify.com/v1/audio-analysis/1TxWN5QwIrxMO9xibsJ7hX,203645,4
0.595,0.908,2,-3.492,1,0.0732,0.011,0,0.12,0.619,99.954,audio_features,7K6mRlcDIPflumtD4D0XwU,spotify:track:7K6mRlcDIPflumtD4D0XwU,https://api.spotify.com/v1/tracks/7K6mRlcDIPflumtD4D0XwU,https://api.spotify.com/v1/audio-analysis/7K6mRlcDIPflumtD4D0XwU,220980,4
0.466,0.936,2,-2.56,1,0.0754,0.000999,1.48e-05,0.117,0.58,76.027,audio_features,2Mc1UqEXCiM9tsJxmwzyCa,spotify:track:2Mc1UqEXCiM9tsJxmwzyCa,https://api.spotify.com/v1/tracks/2Mc1UqEXCiM9tsJxmwzyCa,https://api.spotify.com/v1/audio-analysis/2Mc1UqEXCiM9tsJxmwzyCa,171456,4
0.525,0.909,0,-2.207,1,0.0894,9.7e-05,0,0.309,0.669,127.065,audio_features,6azvNSkj7HjtSE2SufMELO,spotify:track:6azvNSkj7HjtSE2SufMELO,https://api.spotify.com/v1/tracks/6azvNSkj7HjtSE2SufMELO,https://api.spotify.com/v1/audio-analysis/6azvNSkj7HjtSE2SufMELO,200722,4
0.555,0.988,1,-3.74,0,0.102,0.000643,0.000182,0.0564,0.554,136.001,audio_features,7trZFY6J0ZfnZYUg3NIHot,spotify:track:7trZFY6J0ZfnZYUg3NIHot,https://api.spotify.com/v1/tracks/7trZFY6J0ZfnZYUg3NIHot,https://api.spotify.com/v1/audio-analysis/7trZFY6J0ZfnZYUg3NIHot,248853,4
0.519,0.563,10,-7.33,1,0.0298,0.105,0,0.0933,0.427,157.902,audio_features,0YrPCuuSlZrydRAObHQ17X,spotify:track:0YrPCuuSlZrydRAObHQ17X,https://api.spotify.com/v1/tracks/0YrPCuuSlZrydRAObHQ17X,https://api.spotify.com/v1/audio-analysis/0YrPCuuSlZrydRAObHQ17X,204733,4
0.521,0.96,6,-2.624,1,0.085,0.000694,0,0.242,0.36,101.954,audio_features,4NL4JJOVtmWszLNzfDCGRb,spotify:track:4NL4JJOVtmWszLNzfDCGRb,https://api.spotify.com/v1/tracks/4NL4JJOVtmWszLNzfDCGRb,https://api.spotify.com/v1/audio-analysis/4NL4JJOVtmWszLNzfDCGRb,169960,4
0.531,0.971,10,-3.888,1,0.101,0.000139,0.185,0.35,0.398,125.111,audio_features,0g5wG8qeaQJaOVVb5TkX0E,spotify:track:0g5wG8qeaQJaOVVb5TkX0E,https://api.spotify.com/v1/tracks/0g5wG8qeaQJaOVVb5TkX0E,https://api.spotify.com/v1/audio-analysis/0g5wG8qeaQJaOVVb5TkX0E,192107,4
0.554,0.918,1,-2.613,1,0.0447,0.00139,0,0.143,0.634,111.996,audio_features,7hMDNH43QpoD3x2uFAUlBP,spotify:track:7hMDNH43QpoD3x2uFAUlBP,https://api.spotify.com/v1/tracks/7hMDNH43QpoD3x2uFAUlBP,https://api.spotify.com/v1/audio-analysis/7hMDNH43QpoD3x2uFAUlBP,186259,4
