danceability,energy,key,loudness,mode,speechiness,acousticness,instrumentalness,liveness,valence,tempo,type,id,uri,track_href,analysis_url,duration_ms,time_signature
0.467,0.928,5,-5.643,0,0.0628,0.0435,3.31e-06,0.219,0.453,90.064,audio_features,3EMvFbBf601pZjBYtDY7JX,spotify:track:3EMvFbBf601pZjBYtDY7JX,https://api.spotify.com/v1/tracks/3EMvFbBf601pZjBYtDY7JX,https://api.spotify.com/v1/audio-analysis/3EMvFbBf601pZjBYtDY7JX,187027,4
0.477,0.426,6,-6.961,1,0.043,0.544,0,0.0903,0.789,184.866,audio_features,6GrrkiCRO3HYdgRpO4eKEL,spotify:track:6GrrkiCRO3HYdgRpO4eKEL,https://api.spotify.com/v1/tracks/6GrrkiCRO3HYdgRpO4eKEL,https://api.spotify.com/v1/audio-analysis/6GrrkiCRO3HYdgRpO4eKEL,200067,3
0.466,0.929,10,-3.9,1,0.0575,0.000446,0,0.0656,0.408,171.948,audio_features,5USz3xMIy6wvBpIhfGFccE,spotify:track:5USz3xMIy6wvBpIhfGFccE,https://api.spotify.com/v1/tracks/5USz3xMIy6wvBpIhfGFccE,https://api.spotify.com/v1/audio-analysis/5USz3xMIy6wvBpIhfGFccE,257413,4
0.584,0.536,10,-8.158,1,0.0279,0.112,0,0.456,0.44,126.996,audio_features,6J7cSyvSCnPwv3vqHchEfL,spotify:track:6J7cSyvSCnPwv3vqHchEfL,https://api.spotify.com/v1/tracks/6J7cSyvSCnPwv3vqHchEfL,https://api.spotify.com/v1/audio-analysis/6J7cSyvSCnPwv3vqHchEfL,243227,4
0.546,0.814,7,-5.146,1,0.0314,0.023,0,0.0972,0.146,104.98,audio_features,3ZffCQKLFLUvYM59XKLbVm,spotify:track:3ZffCQKLFLUvYM59XKLbVm,https://api.spotify.com/v1/tracks/3ZffCQKLFLUvYM59XKLbVm,https://api.spotify.com/v1/audio-analysis/3ZffCQKLFLUvYM59XKLbVm,285653,4
0.481,0.973,7,-1.945,1,0.0542,0.0037,0.000877,0.325,0.362,99.331,audio_features,0uukw2CgEIApv4IWAjXrBC,spotify:track:0uukw2CgEIApv4IWAjXrBC,https://api.spotify.com/v1/tracks/0uukw2CgEIApv4IWAjXrBC,https://api.spotify.com/v1/audio-analysis/0uukw2CgEIApv4IWAjXrBC,195520,4
0.195,0.935,7,-3.623,0,0.133,0.00173,0.000137,0.108,0.236,129.328,audio_features,4UJX7so2d2L2XttE5Pfwm7,spotify:track:4UJX7so2d2L2XttE5Pfwm7,https://api.spotify.com/v1/tracks/4UJX7so2d2L2XttE5Pfwm7,https://api.spotify.com/v1/audio-analysis/4UJX7so2d2L2XttE5Pfwm7,283360,5
0.368,0.871,2,-3.395,0,0.106,0.0346,0,0.0599,0.527,84.585,audio_features,4vqmSmLC0dbw1UF7mmUDZe,spotify:track:4vqmSmLC0dbw1UF7mmUDZe,https://api.spotify.com/v1/tracks/4vqmSmLC0dbw1UF7mmUDZe,https://api.spotify.com/v1/audio-analysis/4vqmSmLC0dbw1UF7mmUDZe,204693,4
0.495,0.973,1,-3.966,1,0.113,0.00092,0,0.038,0.368,130.088,audio_features,2hQK6AhcMMQPsJDRWhcwxI,spotify:track:2hQK6AhcMMQPsJDRWhcwxI,https://api.spotify.com/v1/tracks/2hQK6AhcMMQPsJDRWhcwxI,https://api.spotify.com/v1/audio-analysis/2hQK6AhcMMQPsJDRWhcwxI,225467,4
