danceability,energy,key,loudness,mode,speechiness,acousticness,instrumentalness,liveness,valence,tempo,type,id,uri,track_href,analysis_url,duration_ms,time_signature
0.517,0.549,9,-7.627,1,0.0456,0.135,0.000263,0.0872,0.166,130.043,audio_features,6LbN9JT2sAckykm78CA8Ol,spotify:track:6LbN9JT2sAckykm78CA8Ol,https://api.spotify.com/v1/tracks/6LbN9JT2sAckykm78CA8Ol,https://api.spotify.com/v1/audio-analysis/6LbN9JT2sAckykm78CA8Ol,211669,4
0.57,0.606,7,-8.085,1,0.129,0.0529,0.000727,0.134,0.212,95.038,audio_features,5dcYoYFAXh0f0qI05AoufB,spotify:track:5dcYoYFAXh0f0qI05AoufB,https://api.spotify.com/v1/tracks/5dcYoYFAXh0f0qI05AoufB,https://api.spotify.com/v1/audio-analysis/5dcYoYFAXh0f0qI05AoufB,153657,4
0.586,0.83,0,-5.375,1,0.0416,0.00823,0.0028,0.348,0.486,120.017,audio_features,5Dg2h1wsm7ZijCo0yLmbvR,spotify:track:5Dg2h1wsm7ZijCo0yLmbvR,https://api.spotify.com/v1/tracks/5Dg2h1wsm7ZijCo0yLmbvR,https://api.spotify.com/v1/audio-analysis/5Dg2h1wsm7ZijCo0yLmbvR,223082,4
0.45,0.811,1,-3.898,0,0.0397,0.00832,0,0.253,0.203,143.968,audio_features,5xxNsTUrZYAbkACrpqbdQa,spotify:track:5xxNsTUrZYAbkACrpqbdQa,https://api.spotify.com/v1/tracks/5xxNsTUrZYAbkACrpqbdQa,https://api.spotify.com/v1/audio-analysis/5xxNsTUrZYAbkACrpqbdQa,207410,4
0.645,0.713,6,-5.355,1,0.0393,0.00835,0,0.113,0.566,74.989,audio_features,2Z8WuEywRWYTKe1NybPQEW,spotify:track:2Z8WuEywRWYTKe1NybPQEW,https://api.spotify.com/v1/tracks/2Z8WuEywRWYTKe1NybPQEW,https://api.spotify.com/v1/audio-analysis/2Z8WuEywRWYTKe1NybPQEW,214507,4
0.715,0.723,6,-5.993,0,0.0569,0.0396,8.57e-05,0.084,0.479,114.985,audio_features,1s9xuJxhYM0LdVqksjegcg,spotify:track:1s9xuJxhYM0LdVqksjegcg,https://api.spotify.com/v1/tracks/1s9xuJxhYM0LdVqksjegcg,https://api.spotify.com/v1/audio-analysis/1s9xuJxhYM0LdVqksjegcg,207160,4
0.597,0.666,6,-6.365,0,0.0418,0.122,0.00302,0.1,0.626,164.992,audio_features,6GmkJJMe9U1tEcrJ3Hq3A1,spotify:track:6GmkJJMe9U1tEcrJ3Hq3A1,https://api.spotify.com/v1/tracks/6GmkJJMe9U1tEcrJ3Hq3A1,https://api.spotify.com/v1/audio-analysis/6GmkJJMe9U1tEcrJ3Hq3A1,226787,4
0.612,0.807,10,-2.81,1,0.0336,0.0495,0.0177,0.101,0.398,124.053,audio_features,2QjOHCTQ1Jl3zawyYOpxh6,spotify:track:2QjOHCTQ1Jl3zawyYOpxh6,https://api.spotify.com/v1/tracks/2QjOHCTQ1Jl3zawyYOpxh6,https://api.spotify.com/v1/audio-analysis/2QjOHCTQ1Jl3zawyYOpxh6,240400,4
0.321,0.777,4,-4.856,0,0.0751,0.335,0.692,0.109,0.308,85.022,audio_features,6xwCM0M4JkURMD4eljeChg,spotify:track:6xwCM0M4JkURMD4eljeChg,https://api.spotify.com/v1/tracks/6xwCM0M4JkURMD4eljeChg,https://api.spotify.com/v1/audio-analysis/6xwCM0M4JkURMD4eljeChg,217320,4
