danceability,energy,key,loudness,mode,speechiness,acousticness,instrumentalness,liveness,valence,tempo,type,id,uri,track_href,analysis_url,duration_ms,time_signature
0.541,0.643,3,-5.517,0,0.0366,0.0902,0,0.153,0.491,90.061,audio_features,21BrE3qn6z1S3KNA4d8uPK,spotify:track:21BrE3qn6z1S3KNA4d8uPK,https://api.spotify.com/v1/tracks/21BrE3qn6z1S3KNA4d8uPK,https://api.spotify.com/v1/audio-analysis/21BrE3qn6z1S3KNA4d8uPK,230213,4
0.511,0.946,1,-4.273,0,0.0694,1.23e-05,0.00318,0.174,0.556,147.995,audio_features,7vmC4xb1DwApE3ZmWRpWO7,spotify:track:7vmC4xb1DwApE3ZmWRpWO7,https://api.spotify.com/v1/tracks/7vmC4xb1DwApE3ZmWRpWO7,https://api.spotify.com/v1/audio-analysis/7vmC4xb1DwApE3ZmWRpWO7,251987,4
0.41,0.931,7,-4.084,0,0.0704,2.68e-05,0.00616,0.112,0.317,160.048,audio_features,4p2F2oqLIONeQwpGpyBox8,spotify:track:4p2F2oqLIONeQwpGpyBox8,https://api.spotify.com/v1/tracks/4p2F2oqLIONeQwpGpyBox8,https://api.spotify.com/v1/audio-analysis/4p2F2oqLIONeQwpGpyBox8,262027,4
0.483,0.927,11,-4.729,0,0.0742,0.00238,7.04e-05,0.0635,0.335,134.976,audio_features,3hWwK2kBwWlnApnSuqxdQb,spotify:track:3hWwK2kBwWlnApnSuqxdQb,https://api.spotify.com/v1/tracks/3hWwK2kBwWlnApnSuqxdQb,https://api.spotify.com/v1/audio-analysis/3hWwK2kBwWlnApnSuqxdQb,222773,4
0.405,0.945,1,-3.13,0,0.0812,0.000139,4.32e-05,0.746,0.229,143.145,audio_features,1RgPtXc8AmD8XlmP0IuBr4,spotify:track:1RgPtXc8AmD8XlmP0IuBr4,https://api.spotify.com/v1/tracks/1RgPtXc8AmD8XlmP0IuBr4,https://api.spotify.com/v1/audio-analysis/1RgPtXc8AmD8XlmP0IuBr4,222107,4
0.434,0.857,10,-4.137,0,0.0381,0.0001,0,0.371,0.454,77.02,audio_features,4qg3XS8ruVCTTp1giXTkXy,spotify:track:4qg3XS8ruVCTTp1giXTkXy,https://api.spotify.com/v1/tracks/4qg3XS8ruVCTTp1giXTkXy,https://api.spotify.com/v1/audio-analysis/4qg3XS8ruVCTTp1giXTkXy,275027,4
0.503,0.836,0,-5.476,1,0.0484,0.00551,1.82e-05,0.112,0.106,115.016,audio_features,6PCuVdPENYbYwSnoWxxeTM,spotify:track:6PCuVdPENYbYwSnoWxxeTM,https://api.spotify.com/v1/tracks/6PCuVdPENYbYwSnoWxxeTM,https://api.spotify.com/v1/audio-analysis/6PCuVdPENYbYwSnoWxxeTM,301027,4
0.437,0.958,8,-3.398,1,0.0994,0.0004,0.0275,0.0834,0.357,131.56,audio_features,1rh6RoD2Y86GqSM9S1dxlv,spotify:track:1rh6RoD2Y86GqSM9S1dxlv,https://api.spotify.com/v1/tracks/1rh6RoD2Y86GqSM9S1dxlv,https://api.spotify.com/v1/audio-analysis/1rh6RoD2Y86GqSM9S1dxlv,217737,4
0.809,0.28,10,-8.818,1,0.329,0.918,0,0.179,0.564,122.046,audio_features,4UuVbsWwTyfJ6CcNOCtzBe,spotify:track:4UuVbsWwTyfJ6CcNOCtzBe,https://api.spotify.com/v1/tracks/4UuVbsWwTyfJ6CcNOCtzBe,https://api.spotify.com/v1/audio-analysis/4UuVbsWwTyfJ6CcNOCtzBe,145907,4
