danceability,energy,key,loudness,mode,speechiness,acousticness,instrumentalness,liveness,valence,tempo,type,id,uri,track_href,analysis_url,duration_ms,time_signature
0.46,0.91,3,-3.71,1,0.0525,0.000585,0.00155,0.0735,0.327,73.019,audio_features,5u2FOoFhp495GIj5BJC77J,spotify:track:5u2FOoFhp495GIj5BJC77J,https://api.spotify.com/v1/tracks/5u2FOoFhp495GIj5BJC77J,https://api.spotify.com/v1/audio-analysis/5u2FOoFhp495GIj5BJC77J,278587,4
0.493,0.907,9,-4.696,1,0.0755,0.0102,0,0.119,0.517,156.024,audio_features,4DkZySjA8DNWdPnpd3nWJS,spotify:track:4DkZySjA8DNWdPnpd3nWJS,https://api.spotify.com/v1/tracks/4DkZySjA8DNWdPnpd3nWJS,https://api.spotify.com/v1/audio-analysis/4DkZySjA8DNWdPnpd3nWJS,247760,4
0.539,0.977,0,-3.738,1,0.0743,0.00441,0,0.943,0.261,104.978,audio_features,77BfOPXhlnNaSbg647qkx2,spotify:track:77BfOPXhlnNaSbg647qkx2,https://api.spotify.com/v1/tracks/77BfOPXhlnNaSbg647qkx2,https://api.spotify.com/v1/audio-analysis/77BfOPXhlnNaSbg647qkx2,215147,4
0.38,0.993,9,-2.374,1,0.155,0.000651,0,0.0797,0.214,140.058,audio_features,6d05C2cR01olKsCJoUvNgG,spotify:track:6d05C2cR01olKsCJoUvNgG,https://api.spotify.com/v1/tracks/6d05C2cR01olKsCJoUvNgG,https://api.spotify.com/v1/audio-analysis/6d05C2cR01olKsCJoUvNgG,236427,4
0.273,0.973,1,-3.324,0,0.0807,0.000892,0,0.388,0.179,133.428,audio_features,3bdqdxoWXP3z0KuDt0o4Cn,spotify:track:3bdqdxoWXP3z0KuDt0o4Cn,https://api.spotify.com/v1/tracks/3bdqdxoWXP3z0KuDt0o4Cn,https://api.spotify.com/v1/audio-analysis/3bdqdxoWXP3z0KuDt0o4Cn,229120,4
0.482,0.716,2,-4.362,0,0.0392,3.53e-05,0.000269,0.0649,0.39,141.063,audio_features,3iPMVDlzpkXuYkvsa1PRQj,spotify:track:3iPMVDlzpkXuYkvsa1PRQj,https://api.spotify.com/v1/tracks/3iPMVDlzpkXuYkvsa1PRQj,https://api.spotify.com/v1/audio-analysis/3iPMVDlzpkXuYkvsa1PRQj,193493,3
0.437,0.863,11,-5.28,0,0.0941,0.00302,0,0.144,0.233,194.073,audio_features,076jgZgkx4YiJ4q0dN3Xsl,spotify:track:076jgZgkx4YiJ4q0dN3Xsl,https://api.spotify.com/v1/tracks/076jgZgkx4YiJ4q0dN3Xsl,https://api.spotify.com/v1/audio-analysis/076jgZgkx4YiJ4q0dN3Xsl,240928,4
0.59,0.864,1,-4.139,0,0.0408,0.00017,0,0.172,0.33,103.993,audio_features,00Go3gWOIVO7blYdzztuzf,spotify:track:00Go3gWOIVO7blYdzztuzf,https://api.spotify.com/v1/tracks/00Go3gWOIVO7blYdzztuzf,https://api.spotify.com/v1/audio-analysis/00Go3gWOIVO7blYdzztuzf,228329,4
0.594,0.921,1,-3.893,0,0.117,0.00175,0,0.104,0.492,103.115,audio_features,4RzOKEHZM4ve7WUeBaKFy9,spotify:track:4RzOKEHZM4ve7WUeBaKFy9,https://api.spotify.com/v1/tracks/4RzOKEHZM4ve7WUeBaKFy9,https://api.spotify.com/v1/audio-analysis/4RzOKEHZM4ve7WUeBaKFy9,178933,4
