danceability,energy,key,loudness,mode,speechiness,acousticness,instrumentalness,liveness,valence,tempo,type,id,uri,track_href,analysis_url,duration_ms,time_signature
0.52,0.996,1,-4.496,1,0.183,0.00011,7.61e-06,0.225,0.124,96.484,audio_features,66MegElCbAyZRUSIkwhu0z,spotify:track:66MegElCbAyZRUSIkwhu0z,https://api.spotify.com/v1/tracks/66MegElCbAyZRUSIkwhu0z,https://api.spotify.com/v1/audio-analysis/66MegElCbAyZRUSIkwhu0z,187561,4
0.348,0.94,5,-3.667,1,0.232,0.0275,0,0.354,0.564,170.15,audio_features,22xmNDIOQecFRsXB5prggA,spotify:track:22xmNDIOQecFRsXB5prggA,https://api.spotify.com/v1/tracks/22xmNDIOQecFRsXB5prggA,https://api.spotify.com/v1/audio-analysis/22xmNDIOQecFRsXB5prggA,183853,4
0.49,0.978,6,-2.049,1,0.123,4.03e-05,0,0.103,0.556,131.942,audio_features,41zAAQi3DkCSAJ3ryQrODF,spotify:track:41zAAQi3DkCSAJ3ryQrODF,https://api.spotify.com/v1/tracks/41zAAQi3DkCSAJ3ryQrODF,https://api.spotify.com/v1/audio-analysis/41zAAQi3DkCSAJ3ryQrODF,206493,4
0.405,0.968,4,-4.842,1,0.14,0.00539,0,0.345,0.502,179.985,audio_features,3rQWKxOJtn2EXr6j3KfHdO,spotify:track:3rQWKxOJtn2EXr6j3KfHdO,https://api.spotify.com/v1/tracks/3rQWKxOJtn2EXr6j3KfHdO,https://api.spotify.com/v1/audio-analysis/3rQWKxOJtn2EXr6j3KfHdO,168773,4
0.409,0.977,11,-3.985,1,0.113,0.000119,0,0.235,0.727,119.345,audio_features,2L7ZeyDHPoaK2FpfBjOTC6,spotify:track:2L7ZeyDHPoaK2FpfBjOTC6,https://api.spotify.com/v1/tracks/2L7ZeyDHPoaK2FpfBjOTC6,https://api.spotify.com/v1/audio-analysis/2L7ZeyDHPoaK2FpfBjOTC6,143533,4
0.421,0.978,2,-4.664,0,0.0636,0.000337,0.000299,0.0636,0.457,186.093,audio_features,29Od8h2a4HZyD0PZ8SkBo6,spotify:track:29Od8h2a4HZyD0PZ8SkBo6,https://api.spotify.com/v1/tracks/29Od8h2a4HZyD0PZ8SkBo6,https://api.spotify.com/v1/audio-analysis/29Od8h2a4HZyD0PZ8SkBo6,255840,4
0.426,0.955,2,-4.429,1,0.111,0.00676,0,0.265,0.758,181.055,audio_features,3xQpDQrczTIYjOnCRodkqS,spotify:track:3xQpDQrczTIYjOnCRodkqS,https://api.spotify.com/v1/tracks/3xQpDQrczTIYjOnCRodkqS,https://api.spotify.com/v1/audio-analysis/3xQpDQrczTIYjOnCRodkqS,201533,4
0.505,0.974,5,-5.064,1,0.104,1.92e-05,0.000181,0.936,0.309,124.046,audio_features,14wr2I5FsCigi2Pkbr2qDf,spotify:track:14wr2I5FsCigi2Pkbr2qDf,https://api.spotify.com/v1/tracks/14wr2I5FsCigi2Pkbr2qDf,https://api.spotify.com/v1/audio-analysis/14wr2I5FsCigi2Pkbr2qDf,197453,4
0.527,0.994,5,-2.85,1,0.156,0.000203,0,0.1,0.298,119.999,audio_features,5RYHMMYEtjTkQlAMXcvRxY,spotify:track:5RYHMMYEtjTkQlAMXcvRxY,https://api.spotify.com/v1/tracks/5RYHMMYEtjTkQlAMXcvRxY,https://api.spotify.com/v1/audio-analysis/5RYHMMYEtjTkQlAMXcvRxY,211200,4
