danceability,energy,key,loudness,mode,speechiness,acousticness,instrumentalness,liveness,valence,tempo,type,id,uri,track_href,analysis_url,duration_ms,time_signature
0.584,0.536,10,-8.158,1,0.0279,0.112,0,0.456,0.44,126.996,audio_features,6J7cSyvSCnPwv3vqHchEfL,spotify:track:6J7cSyvSCnPwv3vqHchEfL,https://api.spotify.com/v1/tracks/6J7cSyvSCnPwv3vqHchEfL,https://api.spotify.com/v1/audio-analysis/6J7cSyvSCnPwv3vqHchEfL,243227,4
0.639,0.857,1,-3.686,1,0.0525,0.00531,0,0.0695,0.455,114.441,audio_features,1T7qEpxl8NvCRPnfHYNHoH,spotify:track:1T7qEpxl8NvCRPnfHYNHoH,https://api.spotify.com/v1/tracks/1T7qEpxl8NvCRPnfHYNHoH,https://api.spotify.com/v1/audio-analysis/1T7qEpxl8NvCRPnfHYNHoH,197267,3
0.524,0.912,10,-4.064,0,0.0693,0.015,0.00312,0.0973,0.449,158.994,audio_features,4CHZ6PTF6CElPw1Tzl6IA5,spotify:track:4CHZ6PTF6CElPw1Tzl6IA5,https://api.spotify.com/v1/tracks/4CHZ6PTF6CElPw1Tzl6IA5,https://api.spotify.com/v1/audio-analysis/4CHZ6PTF6CElPw1Tzl6IA5,203400,4
0.523,0.965,7,-3.378,1,0.0829,0.0825,0.00153,0.0556,0.566,134.946,audio_features,4VtlhxEtIlQe7dMfCOK36n,spotify:track:4VtlhxEtIlQe7dMfCOK36n,https://api.spotify.com/v1/tracks/4VtlhxEtIlQe7dMfCOK36n,https://api.spotify.com/v1/audio-analysis/4VtlhxEtIlQe7dMfCOK36n,150240,4
0.468,0.864,11,-3.54,1,0.0563,0.014,2.01e-06,0.218,0.397,157.022,audio_features,35sFrMX75ZeZmGdrkGuGH8,spotify:track:35sFrMX75ZeZmGdrkGuGH8,https://api.spotify.com/v1/tracks/35sFrMX75ZeZmGdrkGuGH8,https://api.spotify.com/v1/audio-analysis/35sFrMX75ZeZmGdrkGuGH8,218027,4
0.529,0.948,1,-3.043,1,0.0527,0.00149,0,0.372,0.588,102.945,audio_features,6zL1UwfXfYuKOWkunKxCYW,spotify:track:6zL1UwfXfYuKOWkunKxCYW,https://api.spotify.com/v1/tracks/6zL1UwfXfYuKOWkunKxCYW,https://api.spotify.com/v1/audio-analysis/6zL1UwfXfYuKOWkunKxCYW,210373,4
0.493,0.925,6,-4.011,0,0.0941,0.0103,2.81e-06,0.235,0.317,133.027,audio_features,4lEoQe6HqEW5aKSoFrD9Pq,spotify:track:4lEoQe6HqEW5aKSoFrD9Pq,https://api.spotify.com/v1/tracks/4lEoQe6HqEW5aKSoFrD9Pq,https://api.spotify.com/v1/audio-analysis/4lEoQe6HqEW5aKSoFrD9Pq,209533,4
0.334,0.874,6,-3.568,0,0.0697,0.0709,0,0.137,0.289,145.023,audio_features,6vdZL9QdpxOtMkwrhElW0b,spotify:track:6vdZL9QdpxOtMkwrhElW0b,https://api.spotify.com/v1/tracks/6vdZL9QdpxOtMkwrhElW0b,https://api.spotify.com/v1/audio-analysis/6vdZL9QdpxOtMkwrhElW0b,199533,4
0.528,0.9,8,-3.209,1,0.0675,0.000466,2.15e-05,0.296,0.767,162.974,audio_features,6jnDl31vW9YhrUmMIYgPzp,spotify:track:6jnDl31vW9YhrUmMIYgPzp,https://api.spotify.com/v1/tracks/6jnDl31vW9YhrUmMIYgPzp,https://api.spotify.com/v1/audio-analysis/6jnDl31vW9YhrUmMIYgPzp,177333,4
