danceability,energy,key,loudness,mode,speechiness,acousticness,instrumentalness,liveness,valence,tempo,type,id,uri,track_href,analysis_url,duration_ms,time_signature
0.405,0.689,10,-5.75,1,0.0365,0.0843,0,0.207,0.397,155.189,audio_features,1S30kHvkkdMkcuCTGSgS41,spotify:track:1S30kHvkkdMkcuCTGSgS41,https://api.spotify.com/v1/tracks/1S30kHvkkdMkcuCTGSgS41,https://api.spotify.com/v1/audio-analysis/1S30kHvkkdMkcuCTGSgS41,191560,4
0.393,0.482,9,-12.535,1,0.367,0.975,5.8e-05,0.365,0.541,99.731,audio_features,4E1R0vG10ed0wDhjn09kTG,spotify:track:4E1R0vG10ed0wDhjn09kTG,https://api.spotify.com/v1/tracks/4E1R0vG10ed0wDhjn09kTG,https://api.spotify.com/v1/audio-analysis/4E1R0vG10ed0wDhjn09kTG,116147,4
0.572,0.912,7,-4.875,1,0.0707,0.00155,1.2e-06,0.102,0.606,156.073,audio_features,3yZQk5PC52CCmT4ZaTIKvv,spotify:track:3yZQk5PC52CCmT4ZaTIKvv,https://api.spotify.com/v1/tracks/3yZQk5PC52CCmT4ZaTIKvv,https://api.spotify.com/v1/audio-analysis/3yZQk5PC52CCmT4ZaTIKvv,187187,4
0.642,0.873,2,-5.821,1,0.0551,0.00394,0,0.175,0.662,82.002,audio_features,46Kcradxrva9Dny4lHU1b3,spotify:track:46Kcradxrva9Dny4lHU1b3,https://api.spotify.com/v1/tracks/46Kcradxrva9Dny4lHU1b3,https://api.spotify.com/v1/audio-analysis/46Kcradxrva9Dny4lHU1b3,192053,4
0.606,0.924,11,-4.531,0,0.0349,0.00216,3.3e-06,0.24,0.965,144.998,audio_features,2wEjPgOCEczmjlvq60LyQi,spotify:track:2wEjPgOCEczmjlvq60LyQi,https://api.spotify.com/v1/tracks/2wEjPgOCEczmjlvq60LyQi,https://api.spotify.com/v1/audio-analysis/2wEjPgOCEczmjlvq60LyQi,206840,4
0.442,0.943,3,-3.205,1,0.0602,0.00293,8.71e-06,0.091,0.781,85.064,audio_features,6L89mwZXSOwYl76YXfX13s,spotify:track:6L89mwZXSOwYl76YXfX13s,https://api.spotify.com/v1/tracks/6L89mwZXSOwYl76YXfX13s,https://api.spotify.com/v1/audio-analysis/6L89mwZXSOwYl76YXfX13s,181533,4
0.38,0.988,1,-2.042,1,0.0639,2.64e-05,7.86e-05,0.368,0.769,186.113,audio_features,6nTiIhLmQ3FWhvrGafw2zj,spotify:track:6nTiIhLmQ3FWhvrGafw2zj,https://api.spotify.com/v1/tracks/6nTiIhLmQ3FWhvrGafw2zj,https://api.spotify.com/v1/audio-analysis/6nTiIhLmQ3FWhvrGafw2zj,176346,4
0.546,0.814,7,-5.146,1,0.0314,0.023,0,0.0972,0.146,104.98,audio_features,3ZffCQKLFLUvYM59XKLbVm,spotify:track:3ZffCQKLFLUvYM59XKLbVm,https://api.spotify.com/v1/tracks/3ZffCQKLFLUvYM59XKLbVm,https://api.spotify.com/v1/audio-analysis/3ZffCQKLFLUvYM59XKLbVm,285653,4
0.268,0.742,5,-4.939,1,0.0355,0.0518,0,0.626,0.416,159.779,audio_features,64yrDBpcdwEdNY9loyEGbX,spotify:track:64yrDBpcdwEdNY9loyEGbX,https://api.spotify.com/v1/tracks/64yrDBpcdwEdNY9loyEGbX,https://api.spotify.com/v1/audio-analysis/64yrDBpcdwEdNY9loyEGbX,321093,4
