danceability,energy,key,loudness,mode,speechiness,acousticness,instrumentalness,liveness,valence,tempo,type,id,uri,track_href,analysis_url,duration_ms,time_signature
0.3,0.929,1,-3.214,1,0.0636,0.000259,2.26e-06,0.329,0.59,147.116,audio_features,58KPPL1AdLHMvR2O2PZejr,spotify:track:58KPPL1AdLHMvR2O2PZejr,https://api.spotify.com/v1/tracks/58KPPL1AdLHMvR2O2PZejr,https://api.spotify.com/v1/audio-analysis/58KPPL1AdLHMvR2O2PZejr,548253,4
0.29,0.827,8,-3.451,1,0.0362,0.000659,2.55e-06,0.301,0.45,167.086,audio_features,0MsrWnxQZxPAcov7c74sSo,spotify:track:0MsrWnxQZxPAcov7c74sSo,https://api.spotify.com/v1/tracks/0MsrWnxQZxPAcov7c74sSo,https://api.spotify.com/v1/audio-analysis/0MsrWnxQZxPAcov7c74sSo,493400,4
0.317,0.958,9,-4.051,1,0.0989,0.00089,0.000184,0.103,0.422,137.921,audio_features,3RBXNeUbe3X7ZBch00D2St,spotify:track:3RBXNeUbe3X7ZBch00D2St,https://api.spotify.com/v1/tracks/3RBXNeUbe3X7ZBch00D2St,https://api.spotify.com/v1/audio-analysis/3RBXNeUbe3X7ZBch00D2St,460000,4
0.312,0.949,9,-3.533,1,0.0784,0.00185,1.78e-05,0.0569,0.65,154.795,audio_features,11I3KKHv7g2pXiuqRDabRA,spotify:track:11I3KKHv7g2pXiuqRDabRA,https://api.spotify.com/v1/tracks/11I3KKHv7g2pXiuqRDabRA,https://api.spotify.com/v1/audio-analysis/11I3KKHv7g2pXiuqRDabRA,326200,4
0.813,0.547,2,-5.936,1,0.0344,0.00104,0.00335,0.0914,0.8,119.998,audio_features,7HXtpmFjqt4Wv6T8y5lVz3,spotify:track:7HXtpmFjqt4Wv6T8y5lVz3,https://api.spotify.com/v1/tracks/7HXtpmFjqt4Wv6T8y5lVz3,https://api.spotify.com/v1/audio-analysis/7HXtpmFjqt4Wv6T8y5lVz3,257213,4
0.298,0.963,1,-3.105,1,0.0473,0.0108,0,0.178,0.407,114.944,audio_features,0RT1qESYHlNcUJI0Yo5Hzl,spotify:track:0RT1qESYHlNcUJI0Yo5Hzl,https://api.spotify.com/v1/tracks/0RT1qESYHlNcUJI0Yo5Hzl,https://api.spotify.com/v1/audio-analysis/0RT1qESYHlNcUJI0Yo5Hzl,309107,4
0.526,0.923,11,-4.089,1,0.0282,0.00247,0.000164,0.0866,0.775,121.597,audio_features,5Rjm3VIMlxAEIEy5gU2bF7,spotify:track:5Rjm3VIMlxAEIEy5gU2bF7,https://api.spotify.com/v1/tracks/5Rjm3VIMlxAEIEy5gU2bF7,https://api.spotify.com/v1/audio-analysis/5Rjm3VIMlxAEIEy5gU2bF7,231027,4
0.499,0.958,9,-5.417,1,0.0898,0.000326,2.19e-06,0.432,0.359,127.491,audio_features,278Ao6KQDxWGGszv24uvhI,spotify:track:278Ao6KQDxWGGszv24uvhI,https://api.spotify.com/v1/tracks/278Ao6KQDxWGGszv24uvhI,https://api.spotify.com/v1/audio-analysis/278Ao6KQDxWGGszv24uvhI,205440,4
0.54,0.902,1,-3.577,1,0.0442,0.0142,0,0.0756,0.692,75.033,audio_features,19YmvsVCetCBeVj6O2mljR,spotify:track:19YmvsVCetCBeVj6O2mljR,https://api.spotify.com/v1/tracks/19YmvsVCetCBeVj6O2mljR,https://api.spotify.com/v1/audio-analysis/19YmvsVCetCBeVj6O2mljR,224760,4
