danceability,energy,key,loudness,mode,speechiness,acousticness,instrumentalness,liveness,valence,tempo,type,id,uri,track_href,analysis_url,duration_ms,time_signature
0.278,0.933,4,-3.85,0,0.115,0.00711,1.68e-05,0.384,0.116,105.001,audio_features,7bUFAdnKK8CxEWWyzdopo0,spotify:track:7bUFAdnKK8CxEWWyzdopo0,https://api.spotify.com/v1/tracks/7bUFAdnKK8CxEWWyzdopo0,https://api.spotify.com/v1/audio-analysis/7bUFAdnKK8CxEWWyzdopo0,356893,3
0.503,0.961,2,-2.993,1,0.0799,2.61e-05,2.67e-06,0.178,0.276,126.023,audio_features,40WWeoX26jtsfdmFx5iRty,spotify:track:40WWeoX26jtsfdmFx5iRty,https://api.spotify.com/v1/tracks/40WWeoX26jtsfdmFx5iRty,https://api.spotify.com/v1/audio-analysis/40WWeoX26jtsfdmFx5iRty,252387,4
0.194,0.98,7,-2.884,1,0.151,3.3e-05,1.39e-05,0.331,0.155,93.85,audio_features,5FyYyTIwKv4JWRPfLZ2TOS,spotify:track:5FyYyTIwKv4JWRPfLZ2TOS,https://api.spotify.com/v1/tracks/5FyYyTIwKv4JWRPfLZ2TOS,https://api.spotify.com/v1/audio-analysis/5FyYyTIwKv4JWRPfLZ2TOS,205933,4
0.293,0.932,3,-2.559,0,0.11,0.000141,0.000667,0.0648,0.514,122.739,audio_features,5TNX6rJ91T8PdEt94X50Y9,spotify:track:5TNX6rJ91T8PdEt94X50Y9,https://api.spotify.com/v1/tracks/5TNX6rJ91T8PdEt94X50Y9,https://api.spotify.com/v1/audio-analysis/5TNX6rJ91T8PdEt94X50Y9,221840,4
0.412,0.975,2,-3.51,1,0.0841,5.81e-05,6.72e-05,0.101,0.335,156.061,audio_features,2ag0hixCwLjj9Gi5Z44hbO,spotify:track:2ag0hixCwLjj9Gi5Z44hbO,https://api.spotify.com/v1/tracks/2ag0hixCwLjj9Gi5Z44hbO,https://api.spotify.com/v1/audio-analysis/2ag0hixCwLjj9Gi5Z44hbO,218560,3
0.46,0.91,3,-3.71,1,0.0525,0.000585,0.00155,0.0735,0.327,73.019,audio_features,5u2FOoFhp495GIj5BJC77J,spotify:track:5u2FOoFhp495GIj5BJC77J,https://api.spotify.com/v1/tracks/5u2FOoFhp495GIj5BJC77J,https://api.spotify.com/v1/audio-analysis/5u2FOoFhp495GIj5BJC77J,278587,4
0.345,0.957,3,-3.796,0,0.113,0.000516,1.1e-05,0.352,0.39,160.915,audio_features,6LhGzSZlIGxZpyIXXZn9ZV,spotify:track:6LhGzSZlIGxZpyIXXZn9ZV,https://api.spotify.com/v1/tracks/6LhGzSZlIGxZpyIXXZn9ZV,https://api.spotify.com/v1/audio-analysis/6LhGzSZlIGxZpyIXXZn9ZV,292360,4
0.559,0.989,1,-3.306,0,0.0651,5.47e-05,0,0.0938,0.332,114.001,audio_features,1IwzGX2T7wtTjTerPiO2qQ,spotify:track:1IwzGX2T7wtTjTerPiO2qQ,https://api.spotify.com/v1/tracks/1IwzGX2T7wtTjTerPiO2qQ,https://api.spotify.com/v1/audio-analysis/1IwzGX2T7wtTjTerPiO2qQ,219040,4
0.555,0.988,1,-3.74,0,0.102,0.000643,0.000182,0.0564,0.554,136.001,audio_features,7trZFY6J0ZfnZYUg3NIHot,spotify:track:7trZFY6J0ZfnZYUg3NIHot,https://api.spotify.com/v1/tracks/7trZFY6J0ZfnZYUg3NIHot,https://api.spotify.com/v1/audio-analysis/7trZFY6J0ZfnZYUg3NIHot,248853,4
