danceability,energy,key,loudness,mode,speechiness,acousticness,instrumentalness,liveness,valence,tempo,type,id,uri,track_href,analysis_url,duration_ms,time_signature
0.412,0.226,7,-12.377,1,0.0323,0.895,7.74e-05,0.0871,0.524,168.139,audio_features,35weSxL477aChs1wx7oZS5,spotify:track:35weSxL477aChs1wx7oZS5,https://api.spotify.com/v1/tracks/35weSxL477aChs1wx7oZS5,https://api.spotify.com/v1/audio-analysis/35weSxL477aChs1wx7oZS5,182893,4
0.55,0.917,0,-3.159,1,0.0638,0.00428,0,0.197,0.601,126.115,audio_features,6TfBA04WJ3X1d1wXhaCFVT,spotify:track:6TfBA04WJ3X1d1wXhaCFVT,https://api.spotify.com/v1/tracks/6TfBA04WJ3X1d1wXhaCFVT,https://api.spotify.com/v1/audio-analysis/6TfBA04WJ3X1d1wXhaCFVT,177827,4
0.511,0.942,6,-3.254,0,0.107,0.0148,4.45e-06,0.112,0.515,118.002,audio_features,0xAA90OfUjpnxCw4Rf162Q,spotify:track:0xAA90OfUjpnxCw4Rf162Q,https://api.spotify.com/v1/tracks/0xAA90OfUjpnxCw4Rf162Q,https://api.spotify.com/v1/audio-analysis/0xAA90OfUjpnxCw4Rf162Q,252320,4
0.38,0.993,9,-2.374,1,0.155,0.000651,0,0.0797,0.214,140.058,audio_features,6d05C2cR01olKsCJoUvNgG,spotify:track:6d05C2cR01olKsCJoUvNgG,https://api.spotify.com/v1/tracks/6d05C2cR01olKsCJoUvNgG,https://api.spotify.com/v1/audio-analysis/6d05C2cR01olKsCJoUvNgG,236427,4
0.441,0.987,10,-2.214,0,0.223,6.14e-05,0,0.294,0.391,120.025,audio_features,2dS7e0gGi6fIjoPA5IzSl1,spotify:track:2dS7e0gGi6fIjoPA5IzSl1,https://api.spotify.com/v1/tracks/2dS7e0gGi6fIjoPA5IzSl1,https://api.spotify.com/v1/audio-analysis/2dS7e0gGi6fIjoPA5IzSl1,252013,4
0.153,0.989,6,-1.98,0,0.279,2.42e-05,0,0.38,0.382,85.89,audio_features,1u33l5OSltXJhoatkaEWdS,spotify:track:1u33l5OSltXJhoatkaEWdS,https://api.spotify.com/v1/tracks/1u33l5OSltXJhoatkaEWdS,https://api.spotify.com/v1/audio-analysis/1u33l5OSltXJhoatkaEWdS,221400,3
0.209,0.988,8,-2.074,0,0.176,0.000124,0,0.375,0.327,154.343,audio_features,2lthHGFrsE8LiQN5mLKPQs,spotify:track:2lthHGFrsE8LiQN5mLKPQs,https://api.spotify.com/v1/tracks/2lthHGFrsE8LiQN5mLKPQs,https://api.spotify.com/v1/audio-analysis/2lthHGFrsE8LiQN5mLKPQs,261787,4
0.127,0.991,1,-2.245,0,0.3,0.000314,1.31e-06,0.16,0.233,172.354,audio_features,3IKwzCdbrHL3lwWmVa8hvd,spotify:track:3IKwzCdbrHL3lwWmVa8hvd,https://api.spotify.com/v1/tracks/3IKwzCdbrHL3lwWmVa8hvd,https://api.spotify.com/v1/audio-analysis/3IKwzCdbrHL3lwWmVa8hvd,223520,4
0.404,0.991,0,-2.385,0,0.24,0.00143,0,0.0742,0.153,133.052,audio_features,1SZl1pA297dHMiKv41sSNp,spotify:track:1SZl1pA297dHMiKv41sSNp,https://api.spotify.com/v1/tracks/1SZl1pA297dHMiKv41sSNp,https://api.spotify.com/v1/audio-analysis/1SZl1pA297dHMiKv41sSNp,262013,4
