danceability,energy,key,loudness,mode,speechiness,acousticness,instrumentalness,liveness,valence,tempo,type,id,uri,track_href,analysis_url,duration_ms,time_signature
0.186,0.952,4,-3.401,0,0.196,0.0025,0,0.544,0.339,177.943,audio_features,10bSodWJ0q2c63ECltBhIN,spotify:track:10bSodWJ0q2c63ECltBhIN,https://api.spotify.com/v1/tracks/10bSodWJ0q2c63ECltBhIN,https://api.spotify.com/v1/audio-analysis/10bSodWJ0q2c63ECltBhIN,222853,3
0.536,0.925,4,-3.058,0,0.0561,0.00142,1.52e-06,0.303,0.565,141.945,audio_features,3yI2yqaK2QfQouc84mBYv9,spotify:track:3yI2yqaK2QfQouc84mBYv9,https://api.spotify.com/v1/tracks/3yI2yqaK2QfQouc84mBYv9,https://api.spotify.com/v1/audio-analysis/3yI2yqaK2QfQouc84mBYv9,194627,4
0.548,0.855,3,-3.266,1,0.151,0.0149,0,0.127,0.644,145.133,audio_features,1mB7dCUM7sPyNab6R43nlj,spotify:track:1mB7dCUM7sPyNab6R43nlj,https://api.spotify.com/v1/tracks/1mB7dCUM7sPyNab6R43nlj,https://api.spotify.com/v1/audio-analysis/1mB7dCUM7sPyNab6R43nlj,218787,4
0.675,0.97,8,-2.164,1,0.0613,0.00777,0,0.331,0.568,106.973,audio_features,5JUufCEin0aXyFLXCzJbUL,spotify:track:5JUufCEin0aXyFLXCzJbUL,https://api.spotify.com/v1/tracks/5JUufCEin0aXyFLXCzJbUL,https://api.spotify.com/v1/audio-analysis/5JUufCEin0aXyFLXCzJbUL,213371,4
0.235,0.965,2,-2.882,0,0.28,0.00887,0,0.0448,0.322,185.278,audio_features,7l0Lr7Tl4Gt8hQj4v3rwtf,spotify:track:7l0Lr7Tl4Gt8hQj4v3rwtf,https://api.spotify.com/v1/tracks/7l0Lr7Tl4Gt8hQj4v3rwtf,https://api.spotify.com/v1/audio-analysis/7l0Lr7Tl4Gt8hQj4v3rwtf,231840,4
0.332,0.78,10,-4.481,0,0.0609,0.0313,0,0.329,0.514,185.132,audio_features,0RfNw4pORHIb4dRw1tud6n,spotify:track:0RfNw4pORHIb4dRw1tud6n,https://api.spotify.com/v1/tracks/0RfNw4pORHIb4dRw1tud6n,https://api.spotify.com/v1/audio-analysis/0RfNw4pORHIb4dRw1tud6n,276827,3
0.578,0.909,8,-3.798,1,0.2,0.0238,0,0.258,0.382,74.985,audio_features,7bsUUgGrtXLxnyjLs226xN,spotify:track:7bsUUgGrtXLxnyjLs226xN,https://api.spotify.com/v1/tracks/7bsUUgGrtXLxnyjLs226xN,https://api.spotify.com/v1/audio-analysis/7bsUUgGrtXLxnyjLs226xN,285480,4
0.445,0.885,2,-3.475,0,0.236,0.0294,0,0.673,0.504,105.533,audio_features,7DhSMsvYduvpvWaTBC2HMH,spotify:track:7DhSMsvYduvpvWaTBC2HMH,https://api.spotify.com/v1/tracks/7DhSMsvYduvpvWaTBC2HMH,https://api.spotify.com/v1/audio-analysis/7DhSMsvYduvpvWaTBC2HMH,277627,4
0.474,0.948,3,-2.592,1,0.122,0.0223,0,0.43,0.611,146.46,audio_features,78ML3F5Lz3KiNkpnFAaR3q,spotify:track:78ML3F5Lz3KiNkpnFAaR3q,https://api.spotify.com/v1/tracks/78ML3F5Lz3KiNkpnFAaR3q,https://api.spotify.com/v1/audio-analysis/78ML3F5Lz3KiNkpnFAaR3q,195373,4
