danceability,energy,key,loudness,mode,speechiness,acousticness,instrumentalness,liveness,valence,tempo,type,id,uri,track_href,analysis_url,duration_ms,time_signature
0.445,0.974,7,-2.919,0,0.121,6.68e-05,0.000408,0.119,0.223,137.945,audio_features,1KAqeknDvEAmBEfGyJL6TR,spotify:track:1KAqeknDvEAmBEfGyJL6TR,https://api.spotify.com/v1/tracks/1KAqeknDvEAmBEfGyJL6TR,https://api.spotify.com/v1/audio-analysis/1KAqeknDvEAmBEfGyJL6TR,242995,4
0.336,0.835,1,-4.367,1,0.0472,0.00488,4.51e-05,0.0826,0.145,82.498,audio_features,5gawwgpayyI5xRadHUAEvx,spotify:track:5gawwgpayyI5xRadHUAEvx,https://api.spotify.com/v1/tracks/5gawwgpayyI5xRadHUAEvx,https://api.spotify.com/v1/audio-analysis/5gawwgpayyI5xRadHUAEvx,301947,4
0.221,0.773,9,-5.654,0,0.0604,0.00284,0.0057,0.0816,0.0768,132.737,audio_features,6kuudUd50kADw1HmSGoT6X,spotify:track:6kuudUd50kADw1HmSGoT6X,https://api.spotify.com/v1/tracks/6kuudUd50kADw1HmSGoT6X,https://api.spotify.com/v1/audio-analysis/6kuudUd50kADw1HmSGoT6X,406413,4
0.226,0.857,6,-5.379,1,0.208,0.000138,0,0.0805,0.123,154.018,audio_features,5fSgXNTAh3ImNGfh9jsE9N,spotify:track:5fSgXNTAh3ImNGfh9jsE9N,https://api.spotify.com/v1/tracks/5fSgXNTAh3ImNGfh9jsE9N,https://api.spotify.com/v1/audio-analysis/5fSgXNTAh3ImNGfh9jsE9N,228067,4
0.397,0.975,2,-3.532,0,0.365,0.00152,0,0.118,0.451,192.021,audio_features,3ouugfdFz6exFXUxu7wRvD,spotify:track:3ouugfdFz6exFXUxu7wRvD,https://api.spotify.com/v1/tracks/3ouugfdFz6exFXUxu7wRvD,https://api.spotify.com/v1/audio-analysis/3ouugfdFz6exFXUxu7wRvD,250240,4
0.693,0.562,0,-7.323,1,0.0379,0.195,0,0.123,0.183,123.979,audio_features,7la8N6YLMUDAXl2iAEe9Sy,spotify:track:7la8N6YLMUDAXl2iAEe9Sy,https://api.spotify.com/v1/tracks/7la8N6YLMUDAXl2iAEe9Sy,https://api.spotify.com/v1/audio-analysis/7la8N6YLMUDAXl2iAEe9Sy,197947,4
0.239,0.969,11,-3.547,0,0.27,0.0224,9.24e-05,0.452,0.245,93.565,audio_features,4MjJlPgUYMQjvHOQq0uvOv,spotify:track:4MjJlPgUYMQjvHOQq0uvOv,https://api.spotify.com/v1/tracks/4MjJlPgUYMQjvHOQq0uvOv,https://api.spotify.com/v1/audio-analysis/4MjJlPgUYMQjvHOQq0uvOv,183782,4
0.425,0.936,8,-5.52,0,0.0829,2.1e-05,0,0.926,0.417,158.046,audio_features,1wFRkVclQWfMQQcaVLjmBE,spotify:track:1wFRkVclQWfMQQcaVLjmBE,https://api.spotify.com/v1/tracks/1wFRkVclQWfMQQcaVLjmBE,https://api.spotify.com/v1/audio-analysis/1wFRkVclQWfMQQcaVLjmBE,219107,4
0.418,0.97,7,-3.192,0,0.0612,0.000311,0,0.515,0.351,101.978,audio_features,0BCMXOnotZ6NepVmDOepBQ,spotify:track:0BCMXOnotZ6NepVmDOepBQ,https://api.spotify.com/v1/tracks/0BCMXOnotZ6NepVmDOepBQ,https://api.spotify.com/v1/audio-analysis/0BCMXOnotZ6NepVmDOepBQ,216117,4
