danceability,energy,key,loudness,mode,speechiness,acousticness,instrumentalness,liveness,valence,tempo,type,id,uri,track_href,analysis_url,duration_ms,time_signature
0.217,0.905,2,-4.103,1,0.0752,0.000289,0.00011,0.222,0.236,96.95,audio_features,5wQnmLuC1W7ATsArWACrgW,spotify:track:5wQnmLuC1W7ATsArWACrgW,https://api.spotify.com/v1/tracks/5wQnmLuC1W7ATsArWACrgW,https://api.spotify.com/v1/audio-analysis/5wQnmLuC1W7ATsArWACrgW,311107,4
0.21,0.94,9,-3.427,1,0.123,0.00602,0,0.269,0.255,179.722,audio_features,7lRlq939cDG4SzWOF4VAnd,spotify:track:7lRlq939cDG4SzWOF4VAnd,https://api.spotify.com/v1/tracks/7lRlq939cDG4SzWOF4VAnd,https://api.spotify.com/v1/audio-analysis/7lRlq939cDG4SzWOF4VAnd,186480,4
0.356,0.96,4,-3.487,1,0.104,0.0142,0,0.209,0.0857,125.921,audio_features,5dTHtzHFPyi8TlTtzoz1J9,spotify:track:5dTHtzHFPyi8TlTtzoz1J9,https://api.spotify.com/v1/tracks/5dTHtzHFPyi8TlTtzoz1J9,https://api.spotify.com/v1/audio-analysis/5dTHtzHFPyi8TlTtzoz1J9,204733,4
0.202,0.886,11,-3.805,0,0.0816,0.0286,0,0.643,0.192,145.781,audio_features,1yKAqZoi8xWGLCf5vajroL,spotify:track:1yKAqZoi8xWGLCf5vajroL,https://api.spotify.com/v1/tracks/1yKAqZoi8xWGLCf5vajroL,https://api.spotify.com/v1/audio-analysis/1yKAqZoi8xWGLCf5vajroL,194253,4
0.289,0.796,0,-4.22,1,0.0494,0.00837,2.61e-05,0.202,0.33,169.835,audio_features,4RAOI1etsgbh5NP3T5R8rN,spotify:track:4RAOI1etsgbh5NP3T5R8rN,https://api.spotify.com/v1/tracks/4RAOI1etsgbh5NP3T5R8rN,https://api.spotify.com/v1/audio-analysis/4RAOI1etsgbh5NP3T5R8rN,238680,4
0.42,0.983,10,-3.437,1,0.113,0.000263,0,0.114,0.513,149.958,audio_features,15qf0H31MChhqKr2zvejla,spotify:track:15qf0H31MChhqKr2zvejla,https://api.spotify.com/v1/tracks/15qf0H31MChhqKr2zvejla,https://api.spotify.com/v1/audio-analysis/15qf0H31MChhqKr2zvejla,197200,4
0.409,0.989,9,-4.115,1,0.143,0.000122,0,0.356,0.228,154.986,audio_features,73CczWVa3cudmlTAgOwKXv,spotify:track:73CczWVa3cudmlTAgOwKXv,https://api.spotify.com/v1/tracks/73CczWVa3cudmlTAgOwKXv,https://api.spotify.com/v1/audio-analysis/73CczWVa3cudmlTAgOwKXv,204187,4
0.589,0.881,0,-4.62,1,0.0666,0.000256,0,0.327,0.709,129.95,audio_features,6G7URf5rGe6MvNoiTtNEP7,spotify:track:6G7URf5rGe6MvNoiTtNEP7,https://api.spotify.com/v1/tracks/6G7URf5rGe6MvNoiTtNEP7,https://api.spotify.com/v1/audio-analysis/6G7URf5rGe6MvNoiTtNEP7,209093,4
0.241,0.97,10,-4.246,0,0.104,7.35e-05,0,0.904,0.621,159.93,audio_features,1fTNpl2mxqHVlLqRNbyDhR,spotify:track:1fTNpl2mxqHVlLqRNbyDhR,https://api.spotify.com/v1/tracks/1fTNpl2mxqHVlLqRNbyDhR,https://api.spotify.com/v1/audio-analysis/1fTNpl2mxqHVlLqRNbyDhR,180840,4
