danceability,energy,key,loudness,mode,speechiness,acousticness,instrumentalness,liveness,valence,tempo,type,id,uri,track_href,analysis_url,duration_ms,time_signature
0.475,0.987,5,-3.515,0,0.121,0.00028,2.36e-06,0.335,0.632,162.002,audio_features,7vBBL9qR7sgvb0vD04iLTk,spotify:track:7vBBL9qR7sgvb0vD04iLTk,https://api.spotify.com/v1/tracks/7vBBL9qR7sgvb0vD04iLTk,https://api.spotify.com/v1/audio-analysis/7vBBL9qR7sgvb0vD04iLTk,213741,4
0.512,0.991,8,-3.343,1,0.0804,1.8e-05,0.00399,0.39,0.208,128.025,audio_features,10FxnWSf6GObN5WbbFQZX2,spotify:track:10FxnWSf6GObN5WbbFQZX2,https://api.spotify.com/v1/tracks/10FxnWSf6GObN5WbbFQZX2,https://api.spotify.com/v1/audio-analysis/10FxnWSf6GObN5WbbFQZX2,240769,4
0.537,0.99,8,-2.78,1,0.0958,9.7e-05,0.00211,0.418,0.321,130.074,audio_features,7KDnYbMZjpAzYLOlpXm2uC,spotify:track:7KDnYbMZjpAzYLOlpXm2uC,https://api.spotify.com/v1/tracks/7KDnYbMZjpAzYLOlpXm2uC,https://api.spotify.com/v1/audio-analysis/7KDnYbMZjpAzYLOlpXm2uC,190849,4
0.296,0.912,5,-3.433,1,0.0645,3.45e-05,0.00264,0.389,0.276,171.931,audio_features,4Smc57rqnTjKvz56WJaunv,spotify:track:4Smc57rqnTjKvz56WJaunv,https://api.spotify.com/v1/tracks/4Smc57rqnTjKvz56WJaunv,https://api.spotify.com/v1/audio-analysis/4Smc57rqnTjKvz56WJaunv,239293,4
0.425,0.882,8,-3.71,1,0.0918,0.000673,0,0.28,0.399,144.117,audio_features,5tYqrn7cItYhDGDLHt8XuH,spotify:track:5tYqrn7cItYhDGDLHt8XuH,https://api.spotify.com/v1/tracks/5tYqrn7cItYhDGDLHt8XuH,https://api.spotify.com/v1/audio-analysis/5tYqrn7cItYhDGDLHt8XuH,190920,4
0.405,0.945,1,-3.13,0,0.0812,0.000139,4.32e-05,0.746,0.229,143.145,audio_features,1RgPtXc8AmD8XlmP0IuBr4,spotify:track:1RgPtXc8AmD8XlmP0IuBr4,https://api.spotify.com/v1/tracks/1RgPtXc8AmD8XlmP0IuBr4,https://api.spotify.com/v1/audio-analysis/1RgPtXc8AmD8XlmP0IuBr4,222107,4
0.434,0.857,10,-4.137,0,0.0381,0.0001,0,0.371,0.454,77.02,audio_features,4qg3XS8ruVCTTp1giXTkXy,spotify:track:4qg3XS8ruVCTTp1giXTkXy,https://api.spotify.com/v1/tracks/4qg3XS8ruVCTTp1giXTkXy,https://api.spotify.com/v1/audio-analysis/4qg3XS8ruVCTTp1giXTkXy,275027,4
0.15,0.859,4,-2.827,0,0.0595,0.00201,0.194,0.387,0.354,170.527,audio_features,0WSa1sucoNRcEeULlZVQXj,spotify:track:0WSa1sucoNRcEeULlZVQXj,https://api.spotify.com/v1/tracks/0WSa1sucoNRcEeULlZVQXj,https://api.spotify.com/v1/audio-analysis/0WSa1sucoNRcEeULlZVQXj,228147,5
0.425,0.98,8,-2.219,1,0.189,0.000104,1.46e-06,0.346,0.279,152.0,audio_features,7hntkdvG3jWdFKm7pGCCzd,spotify:track:7hntkdvG3jWdFKm7pGCCzd,https://api.spotify.com/v1/tracks/7hntkdvG3jWdFKm7pGCCzd,https://api.spotify.com/v1/audio-analysis/7hntkdvG3jWdFKm7pGCCzd,205160,4
