danceability,energy,key,loudness,mode,speechiness,acousticness,instrumentalness,liveness,valence,tempo,type,id,uri,track_href,analysis_url,duration_ms,time_signature
0.437,0.946,10,-3.808,0,0.0448,0.00166,1.39e-05,0.187,0.566,77.521,audio_features,5M08Cm5ZIlgFoFMYd3zlz6,spotify:track:5M08Cm5ZIlgFoFMYd3zlz6,https://api.spotify.com/v1/tracks/5M08Cm5ZIlgFoFMYd3zlz6,https://api.spotify.com/v1/audio-analysis/5M08Cm5ZIlgFoFMYd3zlz6,173800,4
0.403,0.947,0,-5.011,0,0.0884,0.000924,0.0365,0.369,0.307,84.593,audio_features,5hC3nG6GuJoTUZixqS0Co4,spotify:track:5hC3nG6GuJoTUZixqS0Co4,https://api.spotify.com/v1/tracks/5hC3nG6GuJoTUZixqS0Co4,https://api.spotify.com/v1/audio-analysis/5hC3nG6GuJoTUZixqS0Co4,229093,4
0.25,0.661,4,-6.26,0,0.0341,0.00132,3.99e-06,0.108,0.291,126.737,audio_features,04ZoUbYzLKu2HeTU61rufH,spotify:track:04ZoUbYzLKu2HeTU61rufH,https://api.spotify.com/v1/tracks/04ZoUbYzLKu2HeTU61rufH,https://api.spotify.com/v1/audio-analysis/04ZoUbYzLKu2HeTU61rufH,223587,4
0.16,0.969,6,-4.689,0,0.126,0.000121,0.105,0.0543,0.362,180.29,audio_features,0CpjzuvY1fxcHPPgjrUNJu,spotify:track:0CpjzuvY1fxcHPPgjrUNJu,https://api.spotify.com/v1/tracks/0CpjzuvY1fxcHPPgjrUNJu,https://api.spotify.com/v1/audio-analysis/0CpjzuvY1fxcHPPgjrUNJu,179067,4
0.366,0.794,9,-5.962,0,0.0388,0.0246,0,0.0855,0.205,167.041,audio_features,4CI0vy8nofOwD62JR7sjbV,spotify:track:4CI0vy8nofOwD62JR7sjbV,https://api.spotify.com/v1/tracks/4CI0vy8nofOwD62JR7sjbV,https://api.spotify.com/v1/audio-analysis/4CI0vy8nofOwD62JR7sjbV,199413,4
0.437,0.979,10,-4.267,1,0.148,0.00219,2.56e-05,0.501,0.279,89.96,audio_features,2tr3bmoQBQrLHUYxsg8LpF,spotify:track:2tr3bmoQBQrLHUYxsg8LpF,https://api.spotify.com/v1/tracks/2tr3bmoQBQrLHUYxsg8LpF,https://api.spotify.com/v1/audio-analysis/2tr3bmoQBQrLHUYxsg8LpF,176960,4
0.316,0.93,11,-4.902,0,0.0644,0.000162,0.00015,0.366,0.435,179.943,audio_features,4vyTr2KuGyiafPfEQ2phya,spotify:track:4vyTr2KuGyiafPfEQ2phya,https://api.spotify.com/v1/tracks/4vyTr2KuGyiafPfEQ2phya,https://api.spotify.com/v1/audio-analysis/4vyTr2KuGyiafPfEQ2phya,210853,4
0.482,0.575,9,-7.125,1,0.0267,0.00161,7.53e-06,0.102,0.174,82.488,audio_features,4QCczE24wLpDmPJ3qwwEvC,spotify:track:4QCczE24wLpDmPJ3qwwEvC,https://api.spotify.com/v1/tracks/4QCczE24wLpDmPJ3qwwEvC,https://api.spotify.com/v1/audio-analysis/4QCczE24wLpDmPJ3qwwEvC,341053,4
0.465,0.896,2,-3.126,1,0.0795,0.00725,0,0.206,0.569,181.014,audio_features,0J69x3mqm7U6tBPKsjpsWR,spotify:track:0J69x3mqm7U6tBPKsjpsWR,https://api.spotify.com/v1/tracks/0J69x3mqm7U6tBPKsjpsWR,https://api.spotify.com/v1/audio-analysis/0J69x3mqm7U6tBPKsjpsWR,182827,4
