danceability,energy,key,loudness,mode,speechiness,acousticness,instrumentalness,liveness,valence,tempo,type,id,uri,track_href,analysis_url,duration_ms,time_signature
0.452,0.964,6,-2.877,1,0.0792,0.00205,5.31e-06,0.205,0.464,144.048,audio_features,6bGac1gBHs7kUKihrudMzq,spotify:track:6bGac1gBHs7kUKihrudMzq,https://api.spotify.com/v1/tracks/6bGac1gBHs7kUKihrudMzq,https://api.spotify.com/v1/audio-analysis/6bGac1gBHs7kUKihrudMzq,237400,4
0.434,0.907,6,-3.967,1,0.0468,0.000158,2.51e-06,0.321,0.391,150.046,audio_features,163ZkKtGjrCU3GquoCqiZZ,spotify:track:163ZkKtGjrCU3GquoCqiZZ,https://api.spotify.com/v1/tracks/163ZkKtGjrCU3GquoCqiZZ,https://api.spotify.com/v1/audio-analysis/163ZkKtGjrCU3GquoCqiZZ,264658,4
0.194,0.19,4,-13.465,0,0.0315,0.556,0.104,0.306,0.261,96.454,audio_features,61G5FPhPH0cOh4UsTipOaC,spotify:track:61G5FPhPH0cOh4UsTipOaC,https://api.spotify.com/v1/tracks/61G5FPhPH0cOh4UsTipOaC,https://api.spotify.com/v1/audio-analysis/61G5FPhPH0cOh4UsTipOaC,65198,4
0.45,0.943,9,-4.946,0,0.0809,0.00059,0.000102,0.36,0.106,105.017,audio_features,564Df8cLWxfWfDgxXoskhX,spotify:track:564Df8cLWxfWfDgxXoskhX,https://api.spotify.com/v1/tracks/564Df8cLWxfWfDgxXoskhX,https://api.spotify.com/v1/audio-analysis/564Df8cLWxfWfDgxXoskhX,310631,4
0.514,0.982,3,-4.141,0,0.0499,0.00037,0,0.366,0.513,107.008,audio_features,409hRnsh6aWZGM70EQuHzE,spotify:track:409hRnsh6aWZGM70EQuHzE,https://api.spotify.com/v1/tracks/409hRnsh6aWZGM70EQuHzE,https://api.spotify.com/v1/audio-analysis/409hRnsh6aWZGM70EQuHzE,265753,4
0.498,0.904,1,-4.809,0,0.0411,0.000614,0,0.209,0.461,93.054,audio_features,3a51LrM96bpt5jaXzvkjlq,spotify:track:3a51LrM96bpt5jaXzvkjlq,https://api.spotify.com/v1/tracks/3a51LrM96bpt5jaXzvkjlq,https://api.spotify.com/v1/audio-analysis/3a51LrM96bpt5jaXzvkjlq,238161,4
0.441,0.793,0,-5.518,0,0.0731,0.00789,0,0.0354,0.276,154.906,audio_features,36TjMCLhd5yiPJR1H4OJXS,spotify:track:36TjMCLhd5yiPJR1H4OJXS,https://api.spotify.com/v1/tracks/36TjMCLhd5yiPJR1H4OJXS,https://api.spotify.com/v1/audio-analysis/36TjMCLhd5yiPJR1H4OJXS,238055,3
0.483,0.877,6,-4.466,1,0.0415,6.86e-05,0.00013,0.0996,0.572,143.98,audio_features,0ghVICqc1IDXcaoY8AHUns,spotify:track:0ghVICqc1IDXcaoY8AHUns,https://api.spotify.com/v1/tracks/0ghVICqc1IDXcaoY8AHUns,https://api.spotify.com/v1/audio-analysis/0ghVICqc1IDXcaoY8AHUns,237244,4
0.586,0.728,9,-7.44,1,0.0233,0.148,0,0.115,0.467,77.497,audio_features,4prDTC0ffOikpzqpPkM52w,spotify:track:4prDTC0ffOikpzqpPkM52w,https://api.spotify.com/v1/tracks/4prDTC0ffOikpzqpPkM52w,https://api.spotify.com/v1/audio-analysis/4prDTC0ffOikpzqpPkM52w,281881,4
