danceability,energy,key,loudness,mode,speechiness,acousticness,instrumentalness,liveness,valence,tempo,type,id,uri,track_href,analysis_url,duration_ms,time_signature
0.398,0.961,6,-3.418,0,0.125,9.76e-05,7.8e-06,0.35,0.379,159.137,audio_features,4tOLvVb1rUCNKp1Sz1wCs2,spotify:track:4tOLvVb1rUCNKp1Sz1wCs2,https://api.spotify.com/v1/tracks/4tOLvVb1rUCNKp1Sz1wCs2,https://api.spotify.com/v1/audio-analysis/4tOLvVb1rUCNKp1Sz1wCs2,230920,4
0.482,0.975,2,-3.098,1,0.103,0.000278,2.69e-05,0.155,0.371,162.08,audio_features,6zUy2nnchfZpzaDalE6sO2,spotify:track:6zUy2nnchfZpzaDalE6sO2,https://api.spotify.com/v1/tracks/6zUy2nnchfZpzaDalE6sO2,https://api.spotify.com/v1/audio-analysis/6zUy2nnchfZpzaDalE6sO2,224307,4
0.505,0.987,3,-2.154,0,0.0673,0.000411,0,0.365,0.581,138.077,audio_features,48vr34351V9Sz1QVxmbYNf,spotify:track:48vr34351V9Sz1QVxmbYNf,https://api.spotify.com/v1/tracks/48vr34351V9Sz1QVxmbYNf,https://api.spotify.com/v1/audio-analysis/48vr34351V9Sz1QVxmbYNf,221960,4
0.531,0.933,1,-3.194,1,0.0462,0.00037,0.000814,0.0888,0.421,100.548,audio_features,0yq3IiS6IbPFmqLN46WxiG,spotify:track:0yq3IiS6IbPFmqLN46WxiG,https://api.spotify.com/v1/tracks/0yq3IiS6IbPFmqLN46WxiG,https://api.spotify.com/v1/audio-analysis/0yq3IiS6IbPFmqLN46WxiG,238307,4
0.559,0.923,1,-3.983,1,0.0416,0.000871,0,0.15,0.199,132.018,audio_features,3bkkbLyK4GIeg4wxIz4ajY,spotify:track:3bkkbLyK4GIeg4wxIz4ajY,https://api.spotify.com/v1/tracks/3bkkbLyK4GIeg4wxIz4ajY,https://api.spotify.com/v1/audio-analysis/3bkkbLyK4GIeg4wxIz4ajY,284667,4
0.33,0.965,7,-4.334,1,0.185,0.00044,1.14e-06,0.348,0.198,172.882,audio_features,5VwT1QS8kMSvxkr6ctzEIM,spotify:track:5VwT1QS8kMSvxkr6ctzEIM,https://api.spotify.com/v1/tracks/5VwT1QS8kMSvxkr6ctzEIM,https://api.spotify.com/v1/audio-analysis/5VwT1QS8kMSvxkr6ctzEIM,156493,4
0.306,0.952,0,-3.554,0,0.082,0.000151,1.09e-06,0.4,0.346,130.89,audio_features,6u9Rx9oQbS949L5udUvYzi,spotify:track:6u9Rx9oQbS949L5udUvYzi,https://api.spotify.com/v1/tracks/6u9Rx9oQbS949L5udUvYzi,https://api.spotify.com/v1/audio-analysis/6u9Rx9oQbS949L5udUvYzi,290573,4
0.508,0.649,10,-7.177,0,0.0349,0.0253,2.28e-06,0.375,0.301,97.52,audio_features,2k3fs1S5gYqwzN8G2QDXiJ,spotify:track:2k3fs1S5gYqwzN8G2QDXiJ,https://api.spotify.com/v1/tracks/2k3fs1S5gYqwzN8G2QDXiJ,https://api.spotify.com/v1/audio-analysis/2k3fs1S5gYqwzN8G2QDXiJ,220653,4
0.501,0.96,6,-4.535,0,0.0648,0.000745,7.97e-05,0.235,0.29,105.029,audio_features,55z9JKoPKREhOv1bppouag,spotify:track:55z9JKoPKREhOv1bppouag,https://api.spotify.com/v1/tracks/55z9JKoPKREhOv1bppouag,https://api.spotify.com/v1/audio-analysis/55z9JKoPKREhOv1bppouag,215800,4
