danceability,energy,key,loudness,mode,speechiness,acousticness,instrumentalness,liveness,valence,tempo,type,id,uri,track_href,analysis_url,duration_ms,time_signature
0.427,0.989,2,-2.673,0,0.164,0.000111,0,0.354,0.554,168.742,audio_features,1vW52OMcN2nrGzN69ctgXp,spotify:track:1vW52OMcN2nrGzN69ctgXp,https://api.spotify.com/v1/tracks/1vW52OMcN2nrGzN69ctgXp,https://api.spotify.com/v1/audio-analysis/1vW52OMcN2nrGzN69ctgXp,201706,4
0.499,0.979,5,-2.584,0,0.204,0.021,0,0.346,0.319,140.033,audio_features,0vvCicaCk05Rh8kehBDPOx,spotify:track:0vvCicaCk05Rh8kehBDPOx,https://api.spotify.com/v1/tracks/0vvCicaCk05Rh8kehBDPOx,https://api.spotify.com/v1/audio-analysis/0vvCicaCk05Rh8kehBDPOx,278621,4
0.363,0.984,8,-2.511,1,0.195,0.000339,0.00074,0.337,0.313,152.766,audio_features,5TzmQoMOSEtB3tfq3y6slN,spotify:track:5TzmQoMOSEtB3tfq3y6slN,https://api.spotify.com/v1/tracks/5TzmQoMOSEtB3tfq3y6slN,https://api.spotify.com/v1/audio-analysis/5TzmQoMOSEtB3tfq3y6slN,243975,4
0.422,0.976,8,-2.809,1,0.0807,0.000374,0,0.352,0.417,140.04,audio_features,6qpf0lDld0rAvd2poPqxZI,spotify:track:6qpf0lDld0rAvd2poPqxZI,https://api.spotify.com/v1/tracks/6qpf0lDld0rAvd2poPqxZI,https://api.spotify.com/v1/audio-analysis/6qpf0lDld0rAvd2poPqxZI,229828,4
0.536,0.943,5,-2.612,1,0.137,0.00369,0,0.519,0.672,82.522,audio_features,1P7oIDtrjsPS5CgTbom58X,spotify:track:1P7oIDtrjsPS5CgTbom58X,https://api.spotify.com/v1/tracks/1P7oIDtrjsPS5CgTbom58X,https://api.spotify.com/v1/audio-analysis/1P7oIDtrjsPS5CgTbom58X,225396,4
0.486,0.97,5,-2.662,0,0.153,0.000201,2.55e-05,0.0927,0.263,105.008,audio_features,2AOMMigM6lgv7L68yOjpEF,spotify:track:2AOMMigM6lgv7L68yOjpEF,https://api.spotify.com/v1/tracks/2AOMMigM6lgv7L68yOjpEF,https://api.spotify.com/v1/audio-analysis/2AOMMigM6lgv7L68yOjpEF,224299,4
0.516,0.282,0,-9.401,1,0.0325,0.78,0,0.0785,0.263,140.145,audio_features,6zBfayKHRNCi4qDw8sYSzd,spotify:track:6zBfayKHRNCi4qDw8sYSzd,https://api.spotify.com/v1/tracks/6zBfayKHRNCi4qDw8sYSzd,https://api.spotify.com/v1/audio-analysis/6zBfayKHRNCi4qDw8sYSzd,201056,4
0.375,0.995,8,-2.123,1,0.259,0.000969,1.68e-05,0.526,0.189,175.071,audio_features,4Mg5doudqpVyWSKE6czP0E,spotify:track:4Mg5doudqpVyWSKE6czP0E,https://api.spotify.com/v1/tracks/4Mg5doudqpVyWSKE6czP0E,https://api.spotify.com/v1/audio-analysis/4Mg5doudqpVyWSKE6czP0E,225081,4
0.47,0.959,5,-3.815,1,0.137,0.018,0,0.102,0.263,142.067,audio_features,3n7QBxRTWSxKMMvduMKUNM,spotify:track:3n7QBxRTWSxKMMvduMKUNM,https://api.spotify.com/v1/tracks/3n7QBxRTWSxKMMvduMKUNM,https://api.spotify.com/v1/audio-analysis/3n7QBxRTWSxKMMvduMKUNM,217413,4
