danceability,energy,key,loudness,mode,speechiness,acousticness,instrumentalness,liveness,valence,tempo,type,id,uri,track_href,analysis_url,duration_ms,time_signature
0.499,0.958,9,-5.417,1,0.0898,0.000326,2.19e-06,0.432,0.359,127.491,audio_features,278Ao6KQDxWGGszv24uvhI,spotify:track:278Ao6KQDxWGGszv24uvhI,https://api.spotify.com/v1/tracks/278Ao6KQDxWGGszv24uvhI,https://api.spotify.com/v1/audio-analysis/278Ao6KQDxWGGszv24uvhI,205440,4
0.419,0.971,7,-3.622,1,0.0909,4.63e-05,1.43e-05,0.171,0.677,180.033,audio_features,3oqYMRKQcwyNmFn1VD2ukD,spotify:track:3oqYMRKQcwyNmFn1VD2ukD,https://api.spotify.com/v1/tracks/3oqYMRKQcwyNmFn1VD2ukD,https://api.spotify.com/v1/audio-analysis/3oqYMRKQcwyNmFn1VD2ukD,180853,4
0.467,0.946,1,-3.995,1,0.0482,0.000216,0.00926,0.412,0.789,129.89,audio_features,2OV1oB6LQWNw7kTOHU7Bua,spotify:track:2OV1oB6LQWNw7kTOHU7Bua,https://api.spotify.com/v1/tracks/2OV1oB6LQWNw7kTOHU7Bua,https://api.spotify.com/v1/audio-analysis/2OV1oB6LQWNw7kTOHU7Bua,219347,4
0.274,0.717,5,-5.435,1,0.0382,0.0111,0,0.123,0.0931,185.17,audio_features,0PAlrNkCRRHv7hShF5s7Rr,spotify:track:0PAlrNkCRRHv7hShF5s7Rr,https://api.spotify.com/v1/tracks/0PAlrNkCRRHv7hShF5s7Rr,https://api.spotify.com/v1/audio-analysis/0PAlrNkCRRHv7hShF5s7Rr,302333,4
0.518,0.944,4,-4.602,1,0.055,0.000495,3.05e-05,0.426,0.678,128.994,audio_features,2OEXuupzwtyc5kufQE6QLY,spotify:track:2OEXuupzwtyc5kufQE6QLY,https://api.spotify.com/v1/tracks/2OEXuupzwtyc5kufQE6QLY,https://api.spotify.com/v1/audio-analysis/2OEXuupzwtyc5kufQE6QLY,159587,4
0.54,0.902,1,-3.577,1,0.0442,0.0142,0,0.0756,0.692,75.033,audio_features,19YmvsVCetCBeVj6O2mljR,spotify:track:19YmvsVCetCBeVj6O2mljR,https://api.spotify.com/v1/tracks/19YmvsVCetCBeVj6O2mljR,https://api.spotify.com/v1/audio-analysis/19YmvsVCetCBeVj6O2mljR,224760,4
0.522,0.963,1,-3.31,1,0.0528,0.00104,0,0.149,0.782,136.515,audio_features,5JwuHzmJCmHuHGjP9W6KtK,spotify:track:5JwuHzmJCmHuHGjP9W6KtK,https://api.spotify.com/v1/tracks/5JwuHzmJCmHuHGjP9W6KtK,https://api.spotify.com/v1/audio-analysis/5JwuHzmJCmHuHGjP9W6KtK,152760,4
0.412,0.965,9,-4.206,1,0.0654,0.000276,2.25e-06,0.408,0.612,167.049,audio_features,3QWgLzCrAVkmw5eoHPN5uB,spotify:track:3QWgLzCrAVkmw5eoHPN5uB,https://api.spotify.com/v1/tracks/3QWgLzCrAVkmw5eoHPN5uB,https://api.spotify.com/v1/audio-analysis/3QWgLzCrAVkmw5eoHPN5uB,203573,4
0.572,0.883,0,-3.74,1,0.0392,0.000893,0,0.102,0.469,117.915,audio_features,1bsQUnczB7JI4YnDzOjFMz,spotify:track:1bsQUnczB7JI4YnDzOjFMz,https://api.spotify.com/v1/tracks/1bsQUnczB7JI4YnDzOjFMz,https://api.spotify.com/v1/audio-analysis/1bsQUnczB7JI4YnDzOjFMz,184813,4
