danceability,energy,key,loudness,mode,speechiness,acousticness,instrumentalness,liveness,valence,tempo,type,id,uri,track_href,analysis_url,duration_ms,time_signature
0.564,0.629,0,-6.202,1,0.0288,0.131,0,0.103,0.251,118.979,audio_features,4MxLfqK9d1GUMGsjxPlWoF,spotify:track:4MxLfqK9d1GUMGsjxPlWoF,https://api.spotify.com/v1/tracks/4MxLfqK9d1GUMGsjxPlWoF,https://api.spotify.com/v1/audio-analysis/4MxLfqK9d1GUMGsjxPlWoF,243627,4
0.507,0.832,1,-4.849,1,0.048,0.000401,6.73e-06,0.0631,0.316,128.782,audio_features,7gE1F79yL8DzVnzwNaT1RH,spotify:track:7gE1F79yL8DzVnzwNaT1RH,https://api.spotify.com/v1/tracks/7gE1F79yL8DzVnzwNaT1RH,https://api.spotify.com/v1/audio-analysis/7gE1F79yL8DzVnzwNaT1RH,306347,4
0.629,0.839,0,-3.218,1,0.0763,0.0139,0,0.0828,0.646,136.87,audio_features,0bYsk7f0FaoxheQra7nwqr,spotify:track:0bYsk7f0FaoxheQra7nwqr,https://api.spotify.com/v1/tracks/0bYsk7f0FaoxheQra7nwqr,https://api.spotify.com/v1/audio-analysis/0bYsk7f0FaoxheQra7nwqr,189920,4
0.533,0.955,8,-3.708,1,0.0653,0.000165,1.36e-05,0.38,0.55,107.984,audio_features,2yXyz4NLTZx9CLdXfLTp5E,spotify:track:2yXyz4NLTZx9CLdXfLTp5E,https://api.spotify.com/v1/tracks/2yXyz4NLTZx9CLdXfLTp5E,https://api.spotify.com/v1/audio-analysis/2yXyz4NLTZx9CLdXfLTp5E,216733,4
0.392,0.964,10,-4.441,0,0.0644,7.13e-05,0.0387,0.106,0.269,167.024,audio_features,0faXHILILebCGnJBPU6KJJ,spotify:track:0faXHILILebCGnJBPU6KJJ,https://api.spotify.com/v1/tracks/0faXHILILebCGnJBPU6KJJ,https://api.spotify.com/v1/audio-analysis/0faXHILILebCGnJBPU6KJJ,200547,4
0.27,0.878,6,-3.957,1,0.106,0.00239,0,0.0541,0.252,118.28,audio_features,2DezzC1osZwVm3lxIRlrCe,spotify:track:2DezzC1osZwVm3lxIRlrCe,https://api.spotify.com/v1/tracks/2DezzC1osZwVm3lxIRlrCe,https://api.spotify.com/v1/audio-analysis/2DezzC1osZwVm3lxIRlrCe,214787,4
0.358,0.75,3,-3.572,1,0.0414,8.49e-05,0,0.113,0.218,125.103,audio_features,0c3fJd2HRi6uHWgTljIae5,spotify:track:0c3fJd2HRi6uHWgTljIae5,https://api.spotify.com/v1/tracks/0c3fJd2HRi6uHWgTljIae5,https://api.spotify.com/v1/audio-analysis/0c3fJd2HRi6uHWgTljIae5,258253,4
0.35,0.925,3,-4.554,0,0.134,0.000156,0.000169,0.128,0.231,155.081,audio_features,6x0BL6fIR8YLs5akFnAhEt,spotify:track:6x0BL6fIR8YLs5akFnAhEt,https://api.spotify.com/v1/tracks/6x0BL6fIR8YLs5akFnAhEt,https://api.spotify.com/v1/audio-analysis/6x0BL6fIR8YLs5akFnAhEt,227093,3
0.66,0.8,8,-4.644,1,0.0992,0.106,0,0.154,0.476,125.966,audio_features,5eB7w8UZJKjL5XmnC6Pctg,spotify:track:5eB7w8UZJKjL5XmnC6Pctg,https://api.spotify.com/v1/tracks/5eB7w8UZJKjL5XmnC6Pctg,https://api.spotify.com/v1/audio-analysis/5eB7w8UZJKjL5XmnC6Pctg,200227,4
