danceability,energy,key,loudness,mode,speechiness,acousticness,instrumentalness,liveness,valence,tempo,type,id,uri,track_href,analysis_url,duration_ms,time_signature
0.533,0.924,2,-2.697,1,0.154,0.0139,0,0.487,0.756,174.002,audio_features,5NSdMmd2LnvgDcpLiKeKeD,spotify:track:5NSdMmd2LnvgDcpLiKeKeD,https://api.spotify.com/v1/tracks/5NSdMmd2LnvgDcpLiKeKeD,https://api.spotify.com/v1/audio-analysis/5NSdMmd2LnvgDcpLiKeKeD,221730,4
0.533,0.924,2,-2.697,1,0.154,0.0139,0,0.487,0.756,174.002,audio_features,5NSdMmd2LnvgDcpLiKeKeD,spotify:track:5NSdMmd2LnvgDcpLiKeKeD,https://api.spotify.com/v1/tracks/5NSdMmd2LnvgDcpLiKeKeD,https://api.spotify.com/v1/audio-analysis/5NSdMmd2LnvgDcpLiKeKeD,221730,4
0.561,0.984,2,-2.626,0,0.0636,0.0536,0,0.176,0.584,146.036,audio_features,3Wn52FjoUJClQOXwKePPp3,spotify:track:3Wn52FjoUJClQOXwKePPp3,https://api.spotify.com/v1/tracks/3Wn52FjoUJClQOXwKePPp3,https://api.spotify.com/v1/audio-analysis/3Wn52FjoUJClQOXwKePPp3,233967,4
0.702,0.721,5,-3.024,1,0.13,0.0209,0,0.0571,0.783,106.029,audio_features,76tzDKhVle9QKpWx0apgCm,spotify:track:76tzDKhVle9QKpWx0apgCm,https://api.spotify.com/v1/tracks/76tzDKhVle9QKpWx0apgCm,https://api.spotify.com/v1/audio-analysis/76tzDKhVle9QKpWx0apgCm,188526,4
0.556,0.912,0,-3.053,1,0.0365,0.113,0,0.0789,0.485,93.02,audio_features,4LZVHclYgdatg6mMAf8tCi,spotify:track:4LZVHclYgdatg6mMAf8tCi,https://api.spotify.com/v1/tracks/4LZVHclYgdatg6mMAf8tCi,https://api.spotify.com/v1/audio-analysis/4LZVHclYgdatg6mMAf8tCi,295472,4
0.472,0.984,6,-2.861,0,0.174,0.00116,9.05e-06,0.337,0.265,145.033,audio_features,73nWqXQgY3kC72JPkzYoJW,spotify:track:73nWqXQgY3kC72JPkzYoJW,https://api.spotify.com/v1/tracks/73nWqXQgY3kC72JPkzYoJW,https://api.spotify.com/v1/audio-analysis/73nWqXQgY3kC72JPkzYoJW,260367,4
0.377,0.981,5,-2.505,0,0.122,0.000102,0,0.362,0.532,197.0,audio_features,7xhTU0UBVW8BBbkJzZ810W,spotify:track:7xhTU0UBVW8BBbkJzZ810W,https://api.spotify.com/v1/tracks/7xhTU0UBVW8BBbkJzZ810W,https://api.spotify.com/v1/audio-analysis/7xhTU0UBVW8BBbkJzZ810W,216134,4
0.367,0.978,5,-2.308,1,0.232,0.00146,0,0.113,0.639,135.15,audio_features,4TncWhCfACwaIU8hllz8SQ,spotify:track:4TncWhCfACwaIU8hllz8SQ,https://api.spotify.com/v1/tracks/4TncWhCfACwaIU8hllz8SQ,https://api.spotify.com/v1/audio-analysis/4TncWhCfACwaIU8hllz8SQ,194672,4
0.555,0.97,2,-2.036,1,0.0787,0.00221,0,0.122,0.677,112.564,audio_features,1wQPcfKUzpzrf6gcVqQh04,spotify:track:1wQPcfKUzpzrf6gcVqQh04,https://api.spotify.com/v1/tracks/1wQPcfKUzpzrf6gcVqQh04,https://api.spotify.com/v1/audio-analysis/1wQPcfKUzpzrf6gcVqQh04,212612,4
