danceability,energy,key,loudness,mode,speechiness,acousticness,instrumentalness,liveness,valence,tempo,type,id,uri,track_href,analysis_url,duration_ms,time_signature
0.482,0.575,9,-7.125,1,0.0267,0.00161,7.53e-06,0.102,0.174,82.488,audio_features,4QCczE24wLpDmPJ3qwwEvC,spotify:track:4QCczE24wLpDmPJ3qwwEvC,https://api.spotify.com/v1/tracks/4QCczE24wLpDmPJ3qwwEvC,https://api.spotify.com/v1/audio-analysis/4QCczE24wLpDmPJ3qwwEvC,341053,4
0.345,0.957,3,-3.796,0,0.113,0.000516,1.1e-05,0.352,0.39,160.915,audio_features,6LhGzSZlIGxZpyIXXZn9ZV,spotify:track:6LhGzSZlIGxZpyIXXZn9ZV,https://api.spotify.com/v1/tracks/6LhGzSZlIGxZpyIXXZn9ZV,https://api.spotify.com/v1/audio-analysis/6LhGzSZlIGxZpyIXXZn9ZV,292360,4
0.482,0.975,2,-3.098,1,0.103,0.000278,2.69e-05,0.155,0.371,162.08,audio_features,6zUy2nnchfZpzaDalE6sO2,spotify:track:6zUy2nnchfZpzaDalE6sO2,https://api.spotify.com/v1/tracks/6zUy2nnchfZpzaDalE6sO2,https://api.spotify.com/v1/audio-analysis/6zUy2nnchfZpzaDalE6sO2,224307,4
0.437,0.915,5,-3.697,1,0.0818,0.000769,0,0.279,0.354,108.126,audio_features,19NssrmujkjRG4k1BZaYuN,spotify:track:19NssrmujkjRG4k1BZaYuN,https://api.spotify.com/v1/tracks/19NssrmujkjRG4k1BZaYuN,https://api.spotify.com/v1/audio-analysis/19NssrmujkjRG4k1BZaYuN,223347,4
0.261,0.258,4,-12.301,0,0.0291,0.601,0.0642,0.29,0.402,105.343,audio_features,1ebh1wrBHO5JIRS4i95vR0,spotify:track:1ebh1wrBHO5JIRS4i95vR0,https://api.spotify.com/v1/tracks/1ebh1wrBHO5JIRS4i95vR0,https://api.spotify.com/v1/audio-analysis/1ebh1wrBHO5JIRS4i95vR0,64720,4
0.537,0.953,6,-2.957,0,0.0422,0.00626,0,0.132,0.4,93.006,audio_features,2Z7Q9xBlQvzsJ0AAUyKr7J,spotify:track:2Z7Q9xBlQvzsJ0AAUyKr7J,https://api.spotify.com/v1/tracks/2Z7Q9xBlQvzsJ0AAUyKr7J,https://api.spotify.com/v1/audio-analysis/2Z7Q9xBlQvzsJ0AAUyKr7J,241667,4
0.44,0.843,0,-5.019,0,0.0687,0.0438,0,0.0565,0.237,155.087,audio_features,0LRrtw1MFASb7tgyHqVXnh,spotify:track:0LRrtw1MFASb7tgyHqVXnh,https://api.spotify.com/v1/tracks/0LRrtw1MFASb7tgyHqVXnh,https://api.spotify.com/v1/audio-analysis/0LRrtw1MFASb7tgyHqVXnh,239573,3
0.517,0.819,9,-4.674,1,0.028,0.279,0,0.104,0.319,77.496,audio_features,3vvBMjyD7ZesKHe1k00gxO,spotify:track:3vvBMjyD7ZesKHe1k00gxO,https://api.spotify.com/v1/tracks/3vvBMjyD7ZesKHe1k00gxO,https://api.spotify.com/v1/audio-analysis/3vvBMjyD7ZesKHe1k00gxO,281800,4
0.37,0.975,6,-2.434,0,0.0764,0.00235,0,0.316,0.378,166.058,audio_features,5z4GWgru4a3X0SFnQMD2oH,spotify:track:5z4GWgru4a3X0SFnQMD2oH,https://api.spotify.com/v1/tracks/5z4GWgru4a3X0SFnQMD2oH,https://api.spotify.com/v1/audio-analysis/5z4GWgru4a3X0SFnQMD2oH,204893,4
