danceability,energy,key,loudness,mode,speechiness,acousticness,instrumentalness,liveness,valence,tempo,type,id,uri,track_href,analysis_url,duration_ms,time_signature
0.47,0.474,5,-9.406,1,0.0262,0.0643,0,0.0645,0.241,170.173,audio_features,49SL9f1Kz73p0bzsNPTY4l,spotify:track:49SL9f1Kz73p0bzsNPTY4l,https://api.spotify.com/v1/tracks/49SL9f1Kz73p0bzsNPTY4l,https://api.spotify.com/v1/audio-analysis/49SL9f1Kz73p0bzsNPTY4l,247773,4
0.425,0.451,9,-7.307,1,0.0293,0.505,0,0.136,0.324,157.25,audio_features,673WCjn0SxKJD4qRKczaCk,spotify:track:673WCjn0SxKJD4qRKczaCk,https://api.spotify.com/v1/tracks/673WCjn0SxKJD4qRKczaCk,https://api.spotify.com/v1/audio-analysis/673WCjn0SxKJD4qRKczaCk,227240,4
0.559,0.795,8,-5.974,1,0.0535,0.0114,0,0.204,0.708,140.137,audio_features,6BlNWpXnsONi1ieRt0Jzsh,spotify:track:6BlNWpXnsONi1ieRt0Jzsh,https://api.spotify.com/v1/tracks/6BlNWpXnsONi1ieRt0Jzsh,https://api.spotify.com/v1/audio-analysis/6BlNWpXnsONi1ieRt0Jzsh,228053,4
0.604,0.78,8,-5.792,1,0.0353,0.00382,0.0661,0.107,0.287,103.99,audio_features,1ozYwEeDttK6iWc1yQS8c4,spotify:track:1ozYwEeDttK6iWc1yQS8c4,https://api.spotify.com/v1/tracks/1ozYwEeDttK6iWc1yQS8c4,https://api.spotify.com/v1/audio-analysis/1ozYwEeDttK6iWc1yQS8c4,189240,4
0.676,0.756,7,-6.528,0,0.0446,0.00217,3.08e-05,0.104,0.543,126.98,audio_features,4NTL7fT4eqfPao94lmqth2,spotify:track:4NTL7fT4eqfPao94lmqth2,https://api.spotify.com/v1/tracks/4NTL7fT4eqfPao94lmqth2,https://api.spotify.com/v1/audio-analysis/4NTL7fT4eqfPao94lmqth2,197467,4
0.531,0.937,2,-4.756,1,0.0548,0.00156,0.000763,0.064,0.618,170.021,audio_features,1zN3CZlafjfEiMR9uXQGrW,spotify:track:1zN3CZlafjfEiMR9uXQGrW,https://api.spotify.com/v1/tracks/1zN3CZlafjfEiMR9uXQGrW,https://api.spotify.com/v1/audio-analysis/1zN3CZlafjfEiMR9uXQGrW,198467,4
0.21,0.233,5,-11.636,0,0.0287,0.827,0.0039,0.129,0.095,88.679,audio_features,78tro1rpoxmqjbjiRRRzoH,spotify:track:78tro1rpoxmqjbjiRRRzoH,https://api.spotify.com/v1/tracks/78tro1rpoxmqjbjiRRRzoH,https://api.spotify.com/v1/audio-analysis/78tro1rpoxmqjbjiRRRzoH,211893,5
0.455,0.867,9,-3.445,0,0.151,0.00428,5.01e-05,0.0998,0.29,185.977,audio_features,14uvyd51Ha7FihKHlOtUig,spotify:track:14uvyd51Ha7FihKHlOtUig,https://api.spotify.com/v1/tracks/14uvyd51Ha7FihKHlOtUig,https://api.spotify.com/v1/audio-analysis/14uvyd51Ha7FihKHlOtUig,213520,4
0.515,0.869,11,-4.381,0,0.109,0.00393,0,0.434,0.336,122.748,audio_features,7l9uOhfVJC8Y0c6PXHrgbs,spotify:track:7l9uOhfVJC8Y0c6PXHrgbs,https://api.spotify.com/v1/tracks/7l9uOhfVJC8Y0c6PXHrgbs,https://api.spotify.com/v1/audio-analysis/7l9uOhfVJC8Y0c6PXHrgbs,265333,4
