danceability,energy,key,loudness,mode,speechiness,acousticness,instrumentalness,liveness,valence,tempo,type,id,uri,track_href,analysis_url,duration_ms,time_signature
0.292,0.678,10,-5.595,1,0.0724,0.192,0,0.146,0.365,87.436,audio_features,0tjfognbowyFM3RHTdxjPK,spotify:track:0tjfognbowyFM3RHTdxjPK,https://api.spotify.com/v1/tracks/0tjfognbowyFM3RHTdxjPK,https://api.spotify.com/v1/audio-analysis/0tjfognbowyFM3RHTdxjPK,220403,4
0.715,0.838,2,-6.077,0,0.118,0.0897,0,0.15,0.497,120.007,audio_features,4Oyl6oYSNeeZZP0OAxPVaU,spotify:track:4Oyl6oYSNeeZZP0OAxPVaU,https://api.spotify.com/v1/tracks/4Oyl6oYSNeeZZP0OAxPVaU,https://api.spotify.com/v1/audio-analysis/4Oyl6oYSNeeZZP0OAxPVaU,240080,4
0.77,0.706,2,-4.705,1,0.0302,0.0605,0.00182,0.0985,0.527,115.011,audio_features,7qxjGHW485TL8ciwkHD5MK,spotify:track:7qxjGHW485TL8ciwkHD5MK,https://api.spotify.com/v1/tracks/7qxjGHW485TL8ciwkHD5MK,https://api.spotify.com/v1/audio-analysis/7qxjGHW485TL8ciwkHD5MK,238040,4
0.609,0.917,9,-2.563,1,0.0477,0.00614,1.96e-05,0.0775,0.67,149.948,audio_features,26HZ4xullUsdyMx8QnCbmO,spotify:track:26HZ4xullUsdyMx8QnCbmO,https://api.spotify.com/v1/tracks/26HZ4xullUsdyMx8QnCbmO,https://api.spotify.com/v1/audio-analysis/26HZ4xullUsdyMx8QnCbmO,213587,4
0.435,0.887,9,-4.07,1,0.0636,0.000747,0,0.0327,0.408,199.935,audio_features,2GD8Ia7rtJzfgTIy20TaRI,spotify:track:2GD8Ia7rtJzfgTIy20TaRI,https://api.spotify.com/v1/tracks/2GD8Ia7rtJzfgTIy20TaRI,https://api.spotify.com/v1/audio-analysis/2GD8Ia7rtJzfgTIy20TaRI,212040,4
0.466,0.941,2,-2.82,0,0.0497,0.00184,7.9e-06,0.34,0.599,140.765,audio_features,6FAUi2Xm6RCF0wpwG8oXGZ,spotify:track:6FAUi2Xm6RCF0wpwG8oXGZ,https://api.spotify.com/v1/tracks/6FAUi2Xm6RCF0wpwG8oXGZ,https://api.spotify.com/v1/audio-analysis/6FAUi2Xm6RCF0wpwG8oXGZ,203840,4
0.48,0.929,11,-3.931,1,0.0826,0.00163,0,0.341,0.624,98.045,audio_features,423FiDerFgzeEcqKEOmZ81,spotify:track:423FiDerFgzeEcqKEOmZ81,https://api.spotify.com/v1/tracks/423FiDerFgzeEcqKEOmZ81,https://api.spotify.com/v1/audio-analysis/423FiDerFgzeEcqKEOmZ81,216700,4
0.498,0.958,8,-3.454,0,0.103,4.59e-05,0,0.0841,0.753,87.269,audio_features,3koOoLN69AAiw5JCQNaZMe,spotify:track:3koOoLN69AAiw5JCQNaZMe,https://api.spotify.com/v1/tracks/3koOoLN69AAiw5JCQNaZMe,https://api.spotify.com/v1/audio-analysis/3koOoLN69AAiw5JCQNaZMe,201506,4
0.622,0.961,11,-3.198,0,0.154,0.00523,0,0.0854,0.449,114.452,audio_features,0a7BloCiNzLDD9qSQHh5m7,spotify:track:0a7BloCiNzLDD9qSQHh5m7,https://api.spotify.com/v1/tracks/0a7BloCiNzLDD9qSQHh5m7,https://api.spotify.com/v1/audio-analysis/0a7BloCiNzLDD9qSQHh5m7,180267,4
