danceability,energy,key,loudness,mode,speechiness,acousticness,instrumentalness,liveness,valence,tempo,type,id,uri,track_href,analysis_url,duration_ms,time_signature
0.57,0.922,0,-5.433,1,0.0424,0.000463,0.000188,0.363,0.32,135.01,audio_features,7m4HUtdXRUHEitLIqbVWxf,spotify:track:7m4HUtdXRUHEitLIqbVWxf,https://api.spotify.com/v1/tracks/7m4HUtdXRUHEitLIqbVWxf,https://api.spotify.com/v1/audio-analysis/7m4HUtdXRUHEitLIqbVWxf,217027,4
0.397,0.982,8,-3.752,1,0.0682,0.00587,0.00591,0.346,0.723,96.81,audio_features,7LZl1tWRNAPXLY4IgbCjmt,spotify:track:7LZl1tWRNAPXLY4IgbCjmt,https://api.spotify.com/v1/tracks/7LZl1tWRNAPXLY4IgbCjmt,https://api.spotify.com/v1/audio-analysis/7LZl1tWRNAPXLY4IgbCjmt,210480,4
0.513,0.934,4,-3.347,0,0.163,0.0433,0,0.832,0.591,169.907,audio_features,0N90pptABhFyr1axONlIEB,spotify:track:0N90pptABhFyr1axONlIEB,https://api.spotify.com/v1/tracks/0N90pptABhFyr1axONlIEB,https://api.spotify.com/v1/audio-analysis/0N90pptABhFyr1axONlIEB,203613,4
0.427,0.737,4,-4.124,0,0.0474,0.227,0,0.376,0.653,116.98,audio_features,4xSVkbqCz1xaevkjP8xXL5,spotify:track:4xSVkbqCz1xaevkjP8xXL5,https://api.spotify.com/v1/tracks/4xSVkbqCz1xaevkjP8xXL5,https://api.spotify.com/v1/audio-analysis/4xSVkbqCz1xaevkjP8xXL5,196653,4
0.562,0.0915,3,-13.666,1,0.0297,0.958,0,0.108,0.33,87.274,audio_features,1Aih5Ev0K3tZ2rEmxfoqT2,spotify:track:1Aih5Ev0K3tZ2rEmxfoqT2,https://api.spotify.com/v1/tracks/1Aih5Ev0K3tZ2rEmxfoqT2,https://api.spotify.com/v1/audio-analysis/1Aih5Ev0K3tZ2rEmxfoqT2,183680,4
0.73,0.703,0,-5.672,0,0.0369,0.109,0,0.0657,0.595,138.113,audio_features,2K87XMYnUMqLcX3zvtAF4G,spotify:track:2K87XMYnUMqLcX3zvtAF4G,https://api.spotify.com/v1/tracks/2K87XMYnUMqLcX3zvtAF4G,https://api.spotify.com/v1/audio-analysis/2K87XMYnUMqLcX3zvtAF4G,192120,4
0.494,0.951,9,-4.237,1,0.132,0.000569,0,0.327,0.441,160.025,audio_features,1gugDOSMREb34Xo0c1PlxM,spotify:track:1gugDOSMREb34Xo0c1PlxM,https://api.spotify.com/v1/tracks/1gugDOSMREb34Xo0c1PlxM,https://api.spotify.com/v1/audio-analysis/1gugDOSMREb34Xo0c1PlxM,202496,4
0.664,0.908,4,-4.806,1,0.0317,0.00182,0,0.109,0.889,118.031,audio_features,5fsQSDifYpjfbCqvZKPVBj,spotify:track:5fsQSDifYpjfbCqvZKPVBj,https://api.spotify.com/v1/tracks/5fsQSDifYpjfbCqvZKPVBj,https://api.spotify.com/v1/audio-analysis/5fsQSDifYpjfbCqvZKPVBj,216454,4
0.753,0.421,7,-6.988,1,0.0551,0.103,4.03e-05,0.139,0.134,140.031,audio_features,6cwemXIKrAQeP7TMErGwM3,spotify:track:6cwemXIKrAQeP7TMErGwM3,https://api.spotify.com/v1/tracks/6cwemXIKrAQeP7TMErGwM3,https://api.spotify.com/v1/audio-analysis/6cwemXIKrAQeP7TMErGwM3,345507,4
