danceability,energy,key,loudness,mode,speechiness,acousticness,instrumentalness,liveness,valence,tempo,type,id,uri,track_href,analysis_url,duration_ms,time_signature
0.459,0.891,10,-5.057,0,0.0623,0.00511,0,0.106,0.588,154.837,audio_features,18GC3F8YPGB8CePXcTUizQ,spotify:track:18GC3F8YPGB8CePXcTUizQ,https://api.spotify.com/v1/tracks/18GC3F8YPGB8CePXcTUizQ,https://api.spotify.com/v1/audio-analysis/18GC3F8YPGB8CePXcTUizQ,203507,4
0.403,0.965,6,-2.238,1,0.0964,3.81e-05,0.000276,0.341,0.431,112.363,audio_features,1IT0WQk5J8NsaeII8ktdlZ,spotify:track:1IT0WQk5J8NsaeII8ktdlZ,https://api.spotify.com/v1/tracks/1IT0WQk5J8NsaeII8ktdlZ,https://api.spotify.com/v1/audio-analysis/1IT0WQk5J8NsaeII8ktdlZ,236293,4
0.569,0.83,9,-4.106,0,0.14,0.0807,0,0.114,0.609,170.094,audio_features,4bPQs0PHn4xbipzdPfn6du,spotify:track:4bPQs0PHn4xbipzdPfn6du,https://api.spotify.com/v1/tracks/4bPQs0PHn4xbipzdPfn6du,https://api.spotify.com/v1/audio-analysis/4bPQs0PHn4xbipzdPfn6du,186635,4
0.486,0.948,9,-4.61,1,0.208,0.0397,0,0.258,0.188,110.033,audio_features,5LfFjqx9c83BMXrJVfYT0Y,spotify:track:5LfFjqx9c83BMXrJVfYT0Y,https://api.spotify.com/v1/tracks/5LfFjqx9c83BMXrJVfYT0Y,https://api.spotify.com/v1/audio-analysis/5LfFjqx9c83BMXrJVfYT0Y,151960,4
0.435,0.887,9,-4.07,1,0.0636,0.000747,0,0.0327,0.408,199.935,audio_features,2GD8Ia7rtJzfgTIy20TaRI,spotify:track:2GD8Ia7rtJzfgTIy20TaRI,https://api.spotify.com/v1/tracks/2GD8Ia7rtJzfgTIy20TaRI,https://api.spotify.com/v1/audio-analysis/2GD8Ia7rtJzfgTIy20TaRI,212040,4
0.55,0.938,11,-3.556,0,0.0522,0.00171,2.18e-05,0.555,0.433,133.99,audio_features,7nZGbjwTis0dJGaupJo1Pb,spotify:track:7nZGbjwTis0dJGaupJo1Pb,https://api.spotify.com/v1/tracks/7nZGbjwTis0dJGaupJo1Pb,https://api.spotify.com/v1/audio-analysis/7nZGbjwTis0dJGaupJo1Pb,214493,4
0.293,0.939,9,-3.412,1,0.116,0.000299,4.74e-06,0.281,0.235,171.345,audio_features,7Eey97p1hpwYxS5ZREVuAT,spotify:track:7Eey97p1hpwYxS5ZREVuAT,https://api.spotify.com/v1/tracks/7Eey97p1hpwYxS5ZREVuAT,https://api.spotify.com/v1/audio-analysis/7Eey97p1hpwYxS5ZREVuAT,167668,4
0.472,0.925,6,-3.545,0,0.15,0.000394,0.000528,0.0826,0.338,159.989,audio_features,23UoI3jlFiWdo5jadUYo69,spotify:track:23UoI3jlFiWdo5jadUYo69,https://api.spotify.com/v1/tracks/23UoI3jlFiWdo5jadUYo69,https://api.spotify.com/v1/audio-analysis/23UoI3jlFiWdo5jadUYo69,267867,4
0.445,0.979,1,-3.505,0,0.124,0.000146,0.000612,0.75,0.316,143.007,audio_features,5DoGCnGoFglf9FBCfq5mVb,spotify:track:5DoGCnGoFglf9FBCfq5mVb,https://api.spotify.com/v1/tracks/5DoGCnGoFglf9FBCfq5mVb,https://api.spotify.com/v1/audio-analysis/5DoGCnGoFglf9FBCfq5mVb,221907,4
