danceability,energy,key,loudness,mode,speechiness,acousticness,instrumentalness,liveness,valence,tempo,type,id,uri,track_href,analysis_url,duration_ms,time_signature
0.425,0.98,8,-2.219,1,0.189,0.000104,1.46e-06,0.346,0.279,152.0,audio_features,7hntkdvG3jWdFKm7pGCCzd,spotify:track:7hntkdvG3jWdFKm7pGCCzd,https://api.spotify.com/v1/tracks/7hntkdvG3jWdFKm7pGCCzd,https://api.spotify.com/v1/audio-analysis/7hntkdvG3jWdFKm7pGCCzd,205160,4
0.529,0.8,1,-3.79,1,0.0318,0.00301,1.17e-05,0.102,0.498,96.81,audio_features,6A9nyMBdNUzVcFHZUEZ71F,spotify:track:6A9nyMBdNUzVcFHZUEZ71F,https://api.spotify.com/v1/tracks/6A9nyMBdNUzVcFHZUEZ71F,https://api.spotify.com/v1/audio-analysis/6A9nyMBdNUzVcFHZUEZ71F,211720,4
0.381,0.929,0,-3.699,1,0.132,0.00273,0,0.162,0.531,133.189,audio_features,41GXQKmAw8jQRPRKzqEpD9,spotify:track:41GXQKmAw8jQRPRKzqEpD9,https://api.spotify.com/v1/tracks/41GXQKmAw8jQRPRKzqEpD9,https://api.spotify.com/v1/audio-analysis/41GXQKmAw8jQRPRKzqEpD9,174240,4
0.441,0.75,8,-4.275,0,0.0377,0.0054,0,0.187,0.76,172.089,audio_features,26TpDCzZwjrYUZkua2X6HF,spotify:track:26TpDCzZwjrYUZkua2X6HF,https://api.spotify.com/v1/tracks/26TpDCzZwjrYUZkua2X6HF,https://api.spotify.com/v1/audio-analysis/26TpDCzZwjrYUZkua2X6HF,198800,4
0.437,0.946,4,-2.998,1,0.08,0.00222,0.000222,0.405,0.343,154.959,audio_features,7iT7qkF9L06cYaIee0aY7B,spotify:track:7iT7qkF9L06cYaIee0aY7B,https://api.spotify.com/v1/tracks/7iT7qkF9L06cYaIee0aY7B,https://api.spotify.com/v1/audio-analysis/7iT7qkF9L06cYaIee0aY7B,275413,4
0.481,0.69,5,-4.177,1,0.0363,0.0516,1.89e-06,0.173,0.459,128.003,audio_features,62Vulfjc2qjCWim4LWBvvc,spotify:track:62Vulfjc2qjCWim4LWBvvc,https://api.spotify.com/v1/tracks/62Vulfjc2qjCWim4LWBvvc,https://api.spotify.com/v1/audio-analysis/62Vulfjc2qjCWim4LWBvvc,290800,4
0.387,0.846,10,-6.905,0,0.0945,0.026,4.06e-05,0.146,0.37,127.057,audio_features,5z2LeGnH19PuaOuA2Ksmp6,spotify:track:5z2LeGnH19PuaOuA2Ksmp6,https://api.spotify.com/v1/tracks/5z2LeGnH19PuaOuA2Ksmp6,https://api.spotify.com/v1/audio-analysis/5z2LeGnH19PuaOuA2Ksmp6,278013,4
0.622,0.961,11,-3.198,0,0.154,0.00523,0,0.0854,0.449,114.452,audio_features,0a7BloCiNzLDD9qSQHh5m7,spotify:track:0a7BloCiNzLDD9qSQHh5m7,https://api.spotify.com/v1/tracks/0a7BloCiNzLDD9qSQHh5m7,https://api.spotify.com/v1/audio-analysis/0a7BloCiNzLDD9qSQHh5m7,180267,4
0.528,0.94,0,-4.186,1,0.0588,0.000549,0,0.326,0.651,101.588,audio_features,6HJzCcSMggn7Ultxs48dAe,spotify:track:6HJzCcSMggn7Ultxs48dAe,https://api.spotify.com/v1/tracks/6HJzCcSMggn7Ultxs48dAe,https://api.spotify.com/v1/audio-analysis/6HJzCcSMggn7Ultxs48dAe,200747,4
