danceability,energy,key,loudness,mode,speechiness,acousticness,instrumentalness,liveness,valence,tempo,type,id,uri,track_href,analysis_url,duration_ms,time_signature
0.466,0.941,2,-2.82,0,0.0497,0.00184,7.9e-06,0.34,0.599,140.765,audio_features,6FAUi2Xm6RCF0wpwG8oXGZ,spotify:track:6FAUi2Xm6RCF0wpwG8oXGZ,https://api.spotify.com/v1/tracks/6FAUi2Xm6RCF0wpwG8oXGZ,https://api.spotify.com/v1/audio-analysis/6FAUi2Xm6RCF0wpwG8oXGZ,203840,4
0.42,0.949,10,-3.902,1,0.0823,0.0196,0,0.284,0.594,163.945,audio_features,1gSt2UlC7mtRtJIc5zqKWn,spotify:track:1gSt2UlC7mtRtJIc5zqKWn,https://api.spotify.com/v1/tracks/1gSt2UlC7mtRtJIc5zqKWn,https://api.spotify.com/v1/audio-analysis/1gSt2UlC7mtRtJIc5zqKWn,203667,4
0.552,0.915,4,-3.713,1,0.0559,0.0013,3.74e-05,0.206,0.606,90.013,audio_features,5MsZIaCYY6Tsdph0LiB0hE,spotify:track:5MsZIaCYY6Tsdph0LiB0hE,https://api.spotify.com/v1/tracks/5MsZIaCYY6Tsdph0LiB0hE,https://api.spotify.com/v1/audio-analysis/5MsZIaCYY6Tsdph0LiB0hE,203413,4
0.599,0.853,11,-3.878,0,0.0365,0.00123,0.000504,0.37,0.676,94.997,audio_features,3nSiB5WCF2pmRQrYSsteHv,spotify:track:3nSiB5WCF2pmRQrYSsteHv,https://api.spotify.com/v1/tracks/3nSiB5WCF2pmRQrYSsteHv,https://api.spotify.com/v1/audio-analysis/3nSiB5WCF2pmRQrYSsteHv,204507,4
0.48,0.929,11,-3.931,1,0.0826,0.00163,0,0.341,0.624,98.045,audio_features,423FiDerFgzeEcqKEOmZ81,spotify:track:423FiDerFgzeEcqKEOmZ81,https://api.spotify.com/v1/tracks/423FiDerFgzeEcqKEOmZ81,https://api.spotify.com/v1/audio-analysis/423FiDerFgzeEcqKEOmZ81,216700,4
0.577,0.928,4,-5.427,1,0.0888,0.00175,0,0.19,0.465,122.113,audio_features,3L09mZDFxB8snZATX0BbaJ,spotify:track:3L09mZDFxB8snZATX0BbaJ,https://api.spotify.com/v1/tracks/3L09mZDFxB8snZATX0BbaJ,https://api.spotify.com/v1/audio-analysis/3L09mZDFxB8snZATX0BbaJ,265790,4
0.49,0.837,6,-5.683,1,0.0658,0.000107,0.00326,0.0746,0.421,90.0,audio_features,4Yxsobcx8vcDbiLdYAgdNQ,spotify:track:4Yxsobcx8vcDbiLdYAgdNQ,https://api.spotify.com/v1/tracks/4Yxsobcx8vcDbiLdYAgdNQ,https://api.spotify.com/v1/audio-analysis/4Yxsobcx8vcDbiLdYAgdNQ,140040,4
0.217,0.905,2,-4.103,1,0.0752,0.000289,0.00011,0.222,0.236,96.95,audio_features,5wQnmLuC1W7ATsArWACrgW,spotify:track:5wQnmLuC1W7ATsArWACrgW,https://api.spotify.com/v1/tracks/5wQnmLuC1W7ATsArWACrgW,https://api.spotify.com/v1/audio-analysis/5wQnmLuC1W7ATsArWACrgW,311107,4
0.445,0.977,0,-2.674,1,0.0995,0.000347,0.0235,0.126,0.239,105.825,audio_features,7j2Bmzpnf6RwEWEQ2sv8Ho,spotify:track:7j2Bmzpnf6RwEWEQ2sv8Ho,https://api.spotify.com/v1/tracks/7j2Bmzpnf6RwEWEQ2sv8Ho,https://api.spotify.com/v1/audio-analysis/7j2Bmzpnf6RwEWEQ2sv8Ho,184000,4
