danceability,energy,key,loudness,mode,speechiness,acousticness,instrumentalness,liveness,valence,tempo,type,id,uri,track_href,analysis_url,duration_ms,time_signature
0.531,0.937,2,-4.756,1,0.0548,0.00156,0.000763,0.064,0.618,170.021,audio_features,1zN3CZlafjfEiMR9uXQGrW,spotify:track:1zN3CZlafjfEiMR9uXQGrW,https://api.spotify.com/v1/tracks/1zN3CZlafjfEiMR9uXQGrW,https://api.spotify.com/v1/audio-analysis/1zN3CZlafjfEiMR9uXQGrW,198467,4
0.501,0.933,6,-3.476,0,0.198,0.0457,0,0.376,0.708,170.13,audio_features,4WdopfTdSd0nCLropjhsgH,spotify:track:4WdopfTdSd0nCLropjhsgH,https://api.spotify.com/v1/tracks/4WdopfTdSd0nCLropjhsgH,https://api.spotify.com/v1/audio-analysis/4WdopfTdSd0nCLropjhsgH,174867,4
0.467,0.848,9,-3.063,0,0.0716,0.0617,0,0.29,0.674,170.038,audio_features,2ZqTtndqAZDRAWw2vgZwQK,spotify:track:2ZqTtndqAZDRAWw2vgZwQK,https://api.spotify.com/v1/tracks/2ZqTtndqAZDRAWw2vgZwQK,https://api.spotify.com/v1/audio-analysis/2ZqTtndqAZDRAWw2vgZwQK,205752,4
0.418,0.828,11,-4.132,0,0.0475,0.136,0,0.336,0.448,124.783,audio_features,4rstj4vgkFq49R2VV0fbxX,spotify:track:4rstj4vgkFq49R2VV0fbxX,https://api.spotify.com/v1/tracks/4rstj4vgkFq49R2VV0fbxX,https://api.spotify.com/v1/audio-analysis/4rstj4vgkFq49R2VV0fbxX,220720,4
0.405,0.689,10,-5.75,1,0.0365,0.0843,0,0.207,0.397,155.189,audio_features,1S30kHvkkdMkcuCTGSgS41,spotify:track:1S30kHvkkdMkcuCTGSgS41,https://api.spotify.com/v1/tracks/1S30kHvkkdMkcuCTGSgS41,https://api.spotify.com/v1/audio-analysis/1S30kHvkkdMkcuCTGSgS41,191560,4
0.436,0.893,9,-4.18,0,0.0556,0.000362,0,0.103,0.0794,124.113,audio_features,5rLi8B8qgk6qThwRnKHW2P,spotify:track:5rLi8B8qgk6qThwRnKHW2P,https://api.spotify.com/v1/tracks/5rLi8B8qgk6qThwRnKHW2P,https://api.spotify.com/v1/audio-analysis/5rLi8B8qgk6qThwRnKHW2P,226680,4
0.455,0.867,9,-3.445,0,0.151,0.00428,5.01e-05,0.0998,0.29,185.977,audio_features,14uvyd51Ha7FihKHlOtUig,spotify:track:14uvyd51Ha7FihKHlOtUig,https://api.spotify.com/v1/tracks/14uvyd51Ha7FihKHlOtUig,https://api.spotify.com/v1/audio-analysis/14uvyd51Ha7FihKHlOtUig,213520,4
0.728,0.92,2,-2.828,1,0.0294,0.0673,1.61e-05,0.199,0.892,120.989,audio_features,0ue0gFLwvXd8qZIPg35Qiu,spotify:track:0ue0gFLwvXd8qZIPg35Qiu,https://api.spotify.com/v1/tracks/0ue0gFLwvXd8qZIPg35Qiu,https://api.spotify.com/v1/audio-analysis/0ue0gFLwvXd8qZIPg35Qiu,221667,4
0.37,0.96,3,-4.162,0,0.0378,0.000241,0.0116,0.0563,0.717,89.428,audio_features,5kr3j5Clb9rjEposoMyLVt,spotify:track:5kr3j5Clb9rjEposoMyLVt,https://api.spotify.com/v1/tracks/5kr3j5Clb9rjEposoMyLVt,https://api.spotify.com/v1/audio-analysis/5kr3j5Clb9rjEposoMyLVt,224133,4
