danceability,energy,key,loudness,mode,speechiness,acousticness,instrumentalness,liveness,valence,tempo,type,id,uri,track_href,analysis_url,duration_ms,time_signature
0.55,0.938,11,-3.556,0,0.0522,0.00171,2.18e-05,0.555,0.433,133.99,audio_features,7nZGbjwTis0dJGaupJo1Pb,spotify:track:7nZGbjwTis0dJGaupJo1Pb,https://api.spotify.com/v1/tracks/7nZGbjwTis0dJGaupJo1Pb,https://api.spotify.com/v1/audio-analysis/7nZGbjwTis0dJGaupJo1Pb,214493,4
0.562,0.964,4,-2.991,0,0.072,0.000539,1.57e-06,0.579,0.41,138.063,audio_features,53AuxddsgPSlqM619nJhSd,spotify:track:53AuxddsgPSlqM619nJhSd,https://api.spotify.com/v1/tracks/53AuxddsgPSlqM619nJhSd,https://api.spotify.com/v1/audio-analysis/53AuxddsgPSlqM619nJhSd,244960,4
0.552,0.915,4,-3.713,1,0.0559,0.0013,3.74e-05,0.206,0.606,90.013,audio_features,5MsZIaCYY6Tsdph0LiB0hE,spotify:track:5MsZIaCYY6Tsdph0LiB0hE,https://api.spotify.com/v1/tracks/5MsZIaCYY6Tsdph0LiB0hE,https://api.spotify.com/v1/audio-analysis/5MsZIaCYY6Tsdph0LiB0hE,203413,4
0.599,0.853,11,-3.878,0,0.0365,0.00123,0.000504,0.37,0.676,94.997,audio_features,3nSiB5WCF2pmRQrYSsteHv,spotify:track:3nSiB5WCF2pmRQrYSsteHv,https://api.spotify.com/v1/tracks/3nSiB5WCF2pmRQrYSsteHv,https://api.spotify.com/v1/audio-analysis/3nSiB5WCF2pmRQrYSsteHv,204507,4
0.506,0.817,11,-5.051,0,0.0335,0.00272,0,0.0486,0.506,109.952,audio_features,2DgdHcjWmO3qd50RzuBLgZ,spotify:track:2DgdHcjWmO3qd50RzuBLgZ,https://api.spotify.com/v1/tracks/2DgdHcjWmO3qd50RzuBLgZ,https://api.spotify.com/v1/audio-analysis/2DgdHcjWmO3qd50RzuBLgZ,208707,4
0.531,0.825,7,-5.333,0,0.0545,0.00191,0,0.329,0.824,156.071,audio_features,5eoZTdiq4C4aoEfUwAN0ha,spotify:track:5eoZTdiq4C4aoEfUwAN0ha,https://api.spotify.com/v1/tracks/5eoZTdiq4C4aoEfUwAN0ha,https://api.spotify.com/v1/audio-analysis/5eoZTdiq4C4aoEfUwAN0ha,171520,4
0.49,0.848,9,-5.05,1,0.0645,0.00043,8.49e-06,0.0665,0.698,175.998,audio_features,2fmCA13dwQQOGBIbIOWRiJ,spotify:track:2fmCA13dwQQOGBIbIOWRiJ,https://api.spotify.com/v1/tracks/2fmCA13dwQQOGBIbIOWRiJ,https://api.spotify.com/v1/audio-analysis/2fmCA13dwQQOGBIbIOWRiJ,196520,4
0.556,0.708,7,-5.708,1,0.039,0.00329,0,0.329,0.206,128.006,audio_features,3fwKVZ73y7UUGMyR6rVCRa,spotify:track:3fwKVZ73y7UUGMyR6rVCRa,https://api.spotify.com/v1/tracks/3fwKVZ73y7UUGMyR6rVCRa,https://api.spotify.com/v1/audio-analysis/3fwKVZ73y7UUGMyR6rVCRa,254320,4
0.592,0.891,5,-4.766,0,0.0522,0.000912,0.000128,0.25,0.571,127.955,audio_features,5Q4H1XkVHxQjnrHCUpS61d,spotify:track:5Q4H1XkVHxQjnrHCUpS61d,https://api.spotify.com/v1/tracks/5Q4H1XkVHxQjnrHCUpS61d,https://api.spotify.com/v1/audio-analysis/5Q4H1XkVHxQjnrHCUpS61d,186600,4
