danceability,energy,key,loudness,mode,speechiness,acousticness,instrumentalness,liveness,valence,tempo,type,id,uri,track_href,analysis_url,duration_ms,time_signature
0.463,0.857,4,-3.063,1,0.0632,0.0506,0,0.184,0.856,111.647,audio_features,7j31rVgGX9Q2blT92VBEA0,spotify:track:7j31rVgGX9Q2blT92VBEA0,https://api.spotify.com/v1/tracks/7j31rVgGX9Q2blT92VBEA0,https://api.spotify.com/v1/audio-analysis/7j31rVgGX9Q2blT92VBEA0,161920,4
0.343,0.692,2,-3.926,1,0.0355,0.00218,0,0.112,0.153,174.07,audio_features,6T7MAQCekVb3UnCykjX3BP,spotify:track:6T7MAQCekVb3UnCykjX3BP,https://api.spotify.com/v1/tracks/6T7MAQCekVb3UnCykjX3BP,https://api.spotify.com/v1/audio-analysis/6T7MAQCekVb3UnCykjX3BP,295000,4
0.467,0.883,2,-3.679,0,0.106,0.000321,0.000152,0.125,0.309,122.252,audio_features,2d6m2F4I7wCuAKtSsdhh83,spotify:track:2d6m2F4I7wCuAKtSsdhh83,https://api.spotify.com/v1/tracks/2d6m2F4I7wCuAKtSsdhh83,https://api.spotify.com/v1/audio-analysis/2d6m2F4I7wCuAKtSsdhh83,299227,4
0.411,0.986,8,-2.522,0,0.0583,0.000264,0.00148,0.371,0.649,165.981,audio_features,5BB0Jzw60KyfSTyjJqtely,spotify:track:5BB0Jzw60KyfSTyjJqtely,https://api.spotify.com/v1/tracks/5BB0Jzw60KyfSTyjJqtely,https://api.spotify.com/v1/audio-analysis/5BB0Jzw60KyfSTyjJqtely,205960,4
0.608,0.954,7,-3.507,1,0.0499,0.0006,0.269,0.358,0.723,131.991,audio_features,3iitOoZUtWEgwZOEYFITFo,spotify:track:3iitOoZUtWEgwZOEYFITFo,https://api.spotify.com/v1/tracks/3iitOoZUtWEgwZOEYFITFo,https://api.spotify.com/v1/audio-analysis/3iitOoZUtWEgwZOEYFITFo,246760,4
0.5,0.978,9,-5.128,1,0.103,0.00408,0.593,0.204,0.199,100.038,audio_features,08gaUXuT1LXIae7TwBTCB9,spotify:track:08gaUXuT1LXIae7TwBTCB9,https://api.spotify.com/v1/tracks/08gaUXuT1LXIae7TwBTCB9,https://api.spotify.com/v1/audio-analysis/08gaUXuT1LXIae7TwBTCB9,272907,4
0.256,0.788,7,-7.545,1,0.0989,0.0519,0,0.157,0.3,163.748,audio_features,48wRnWDekEx5bCOA9oeVF4,spotify:track:48wRnWDekEx5bCOA9oeVF4,https://api.spotify.com/v1/tracks/48wRnWDekEx5bCOA9oeVF4,https://api.spotify.com/v1/audio-analysis/48wRnWDekEx5bCOA9oeVF4,224587,4
0.383,0.946,1,-8.122,0,0.0789,0.000328,1.13e-06,0.0537,0.534,108.591,audio_features,5gNVTfD1L6QrPgOf0wFo0q,spotify:track:5gNVTfD1L6QrPgOf0wFo0q,https://api.spotify.com/v1/tracks/5gNVTfD1L6QrPgOf0wFo0q,https://api.spotify.com/v1/audio-analysis/5gNVTfD1L6QrPgOf0wFo0q,231097,4
0.327,0.963,4,-8.871,0,0.174,0.0118,0,0.176,0.199,98.416,audio_features,7J4uwuiyWB7BqIcyNdcVRl,spotify:track:7J4uwuiyWB7BqIcyNdcVRl,https://api.spotify.com/v1/tracks/7J4uwuiyWB7BqIcyNdcVRl,https://api.spotify.com/v1/audio-analysis/7J4uwuiyWB7BqIcyNdcVRl,326507,4
