danceability,energy,key,loudness,mode,speechiness,acousticness,instrumentalness,liveness,valence,tempo,type,id,uri,track_href,analysis_url,duration_ms,time_signature
0.467,0.803,8,-3.282,1,0.0467,0.000169,6.8e-06,0.123,0.18,129.995,audio_features,62lc21zAcKWs11pbSOabO9,spotify:track:62lc21zAcKWs11pbSOabO9,https://api.spotify.com/v1/tracks/62lc21zAcKWs11pbSOabO9,https://api.spotify.com/v1/audio-analysis/62lc21zAcKWs11pbSOabO9,216093,4
0.57,0.922,0,-5.433,1,0.0424,0.000463,0.000188,0.363,0.32,135.01,audio_features,7m4HUtdXRUHEitLIqbVWxf,spotify:track:7m4HUtdXRUHEitLIqbVWxf,https://api.spotify.com/v1/tracks/7m4HUtdXRUHEitLIqbVWxf,https://api.spotify.com/v1/audio-analysis/7m4HUtdXRUHEitLIqbVWxf,217027,4
0.408,0.499,9,-7.651,1,0.0323,0.665,0,0.11,0.554,88.968,audio_features,5VL7pScLlKe4MbB8EAivgA,spotify:track:5VL7pScLlKe4MbB8EAivgA,https://api.spotify.com/v1/tracks/5VL7pScLlKe4MbB8EAivgA,https://api.spotify.com/v1/audio-analysis/5VL7pScLlKe4MbB8EAivgA,153653,4
0.6,0.614,8,-4.688,1,0.0885,0.00669,0,0.166,0.341,121.965,audio_features,2KA3lvDwQQiyvuJJvzifGL,spotify:track:2KA3lvDwQQiyvuJJvzifGL,https://api.spotify.com/v1/tracks/2KA3lvDwQQiyvuJJvzifGL,https://api.spotify.com/v1/audio-analysis/2KA3lvDwQQiyvuJJvzifGL,256467,4
0.61,0.893,9,-3.681,1,0.0921,0.154,4.41e-05,0.021,0.673,104.031,audio_features,1j8z4TTjJ1YOdoFEDwJTQa,spotify:track:1j8z4TTjJ1YOdoFEDwJTQa,https://api.spotify.com/v1/tracks/1j8z4TTjJ1YOdoFEDwJTQa,https://api.spotify.com/v1/audio-analysis/1j8z4TTjJ1YOdoFEDwJTQa,296520,4
0.602,0.923,5,-3.763,1,0.044,0.0098,0,0.0561,0.765,136.01,audio_features,1yjY7rpaAQvKwpdUliHx0d,spotify:track:1yjY7rpaAQvKwpdUliHx0d,https://api.spotify.com/v1/tracks/1yjY7rpaAQvKwpdUliHx0d,https://api.spotify.com/v1/audio-analysis/1yjY7rpaAQvKwpdUliHx0d,216013,4
0.517,0.906,1,-3.677,1,0.0735,0.00272,9.26e-06,0.113,0.731,172.977,audio_features,6SpLc7EXZIPpy0sVko0aoU,spotify:track:6SpLc7EXZIPpy0sVko0aoU,https://api.spotify.com/v1/tracks/6SpLc7EXZIPpy0sVko0aoU,https://api.spotify.com/v1/audio-analysis/6SpLc7EXZIPpy0sVko0aoU,211520,4
0.527,0.933,4,-3.035,0,0.0628,0.000269,6.8e-05,0.293,0.357,127.008,audio_features,2SYMnBpx7zyhSDPQwoOlFO,spotify:track:2SYMnBpx7zyhSDPQwoOlFO,https://api.spotify.com/v1/tracks/2SYMnBpx7zyhSDPQwoOlFO,https://api.spotify.com/v1/audio-analysis/2SYMnBpx7zyhSDPQwoOlFO,217853,4
0.437,0.946,10,-3.808,0,0.0448,0.00166,1.39e-05,0.187,0.566,77.521,audio_features,5M08Cm5ZIlgFoFMYd3zlz6,spotify:track:5M08Cm5ZIlgFoFMYd3zlz6,https://api.spotify.com/v1/tracks/5M08Cm5ZIlgFoFMYd3zlz6,https://api.spotify.com/v1/audio-analysis/5M08Cm5ZIlgFoFMYd3zlz6,173800,4
