danceability,energy,key,loudness,mode,speechiness,acousticness,instrumentalness,liveness,valence,tempo,type,id,uri,track_href,analysis_url,duration_ms,time_signature
0.493,0.684,2,-5.694,1,0.0351,0.0131,0,0.154,0.364,164.946,audio_features,2wTm4lzLG4EKQxhWHF9VGG,spotify:track:2wTm4lzLG4EKQxhWHF9VGG,https://api.spotify.com/v1/tracks/2wTm4lzLG4EKQxhWHF9VGG,https://api.spotify.com/v1/audio-analysis/2wTm4lzLG4EKQxhWHF9VGG,204867,4
0.417,0.99,1,-3.203,1,0.208,0.000188,0,0.115,0.413,175.977,audio_features,3ikf8zLuO1MACbNFfDvJ12,spotify:track:3ikf8zLuO1MACbNFfDvJ12,https://api.spotify.com/v1/tracks/3ikf8zLuO1MACbNFfDvJ12,https://api.spotify.com/v1/audio-analysis/3ikf8zLuO1MACbNFfDvJ12,203093,4
0.397,0.975,2,-3.532,0,0.365,0.00152,0,0.118,0.451,192.021,audio_features,3ouugfdFz6exFXUxu7wRvD,spotify:track:3ouugfdFz6exFXUxu7wRvD,https://api.spotify.com/v1/tracks/3ouugfdFz6exFXUxu7wRvD,https://api.spotify.com/v1/audio-analysis/3ouugfdFz6exFXUxu7wRvD,250240,4
0.466,0.929,10,-3.9,1,0.0575,0.000446,0,0.0656,0.408,171.948,audio_features,5USz3xMIy6wvBpIhfGFccE,spotify:track:5USz3xMIy6wvBpIhfGFccE,https://api.spotify.com/v1/tracks/5USz3xMIy6wvBpIhfGFccE,https://api.spotify.com/v1/audio-analysis/5USz3xMIy6wvBpIhfGFccE,257413,4
0.536,0.925,4,-3.058,0,0.0561,0.00142,1.52e-06,0.303,0.565,141.945,audio_features,3yI2yqaK2QfQouc84mBYv9,spotify:track:3yI2yqaK2QfQouc84mBYv9,https://api.spotify.com/v1/tracks/3yI2yqaK2QfQouc84mBYv9,https://api.spotify.com/v1/audio-analysis/3yI2yqaK2QfQouc84mBYv9,194627,4
0.475,0.979,5,-2.799,1,0.0613,0.00146,0,0.511,0.394,154.011,audio_features,6gWnbqyUi5SFhfLoC5No6d,spotify:track:6gWnbqyUi5SFhfLoC5No6d,https://api.spotify.com/v1/tracks/6gWnbqyUi5SFhfLoC5No6d,https://api.spotify.com/v1/audio-analysis/6gWnbqyUi5SFhfLoC5No6d,220293,3
0.452,0.922,7,-4.75,0,0.148,0.0162,0.00831,0.222,0.167,133.054,audio_features,4dq223vwGSqVPhgW7mU9ui,spotify:track:4dq223vwGSqVPhgW7mU9ui,https://api.spotify.com/v1/tracks/4dq223vwGSqVPhgW7mU9ui,https://api.spotify.com/v1/audio-analysis/4dq223vwGSqVPhgW7mU9ui,215697,4
0.371,0.966,11,-4.797,1,0.105,1.01e-05,0,0.735,0.413,180.04,audio_features,1x8IGM8FYl6uqn806QWdW0,spotify:track:1x8IGM8FYl6uqn806QWdW0,https://api.spotify.com/v1/tracks/1x8IGM8FYl6uqn806QWdW0,https://api.spotify.com/v1/audio-analysis/1x8IGM8FYl6uqn806QWdW0,179133,4
