danceability,energy,key,loudness,mode,speechiness,acousticness,instrumentalness,liveness,valence,tempo,type,id,uri,track_href,analysis_url,duration_ms,time_signature
0.538,0.913,2,-3.493,1,0.138,0.0177,0,0.115,0.409,156.076,audio_features,2hgkutEHVmJRg7drAJAFHi,spotify:track:2hgkutEHVmJRg7drAJAFHi,https://api.spotify.com/v1/tracks/2hgkutEHVmJRg7drAJAFHi,https://api.spotify.com/v1/audio-analysis/2hgkutEHVmJRg7drAJAFHi,191867,4
0.425,0.97,9,-2.512,0,0.163,0.0135,0,0.291,0.431,170.19,audio_features,4C2i4NymWRem1LOVEqwWV6,spotify:track:4C2i4NymWRem1LOVEqwWV6,https://api.spotify.com/v1/tracks/4C2i4NymWRem1LOVEqwWV6,https://api.spotify.com/v1/audio-analysis/4C2i4NymWRem1LOVEqwWV6,202027,4
0.66,0.8,8,-4.644,1,0.0992,0.106,0,0.154,0.476,125.966,audio_features,5eB7w8UZJKjL5XmnC6Pctg,spotify:track:5eB7w8UZJKjL5XmnC6Pctg,https://api.spotify.com/v1/tracks/5eB7w8UZJKjL5XmnC6Pctg,https://api.spotify.com/v1/audio-analysis/5eB7w8UZJKjL5XmnC6Pctg,200227,4
0.629,0.817,7,-5.56,0,0.0696,0.139,0,0.135,0.653,167.002,audio_features,3obggbhnOjjnytaGM1hpDR,spotify:track:3obggbhnOjjnytaGM1hpDR,https://api.spotify.com/v1/tracks/3obggbhnOjjnytaGM1hpDR,https://api.spotify.com/v1/audio-analysis/3obggbhnOjjnytaGM1hpDR,210253,4
0.427,0.737,4,-4.124,0,0.0474,0.227,0,0.376,0.653,116.98,audio_features,4xSVkbqCz1xaevkjP8xXL5,spotify:track:4xSVkbqCz1xaevkjP8xXL5,https://api.spotify.com/v1/tracks/4xSVkbqCz1xaevkjP8xXL5,https://api.spotify.com/v1/audio-analysis/4xSVkbqCz1xaevkjP8xXL5,196653,4
0.418,0.828,11,-4.132,0,0.0475,0.136,0,0.336,0.448,124.783,audio_features,4rstj4vgkFq49R2VV0fbxX,spotify:track:4rstj4vgkFq49R2VV0fbxX,https://api.spotify.com/v1/tracks/4rstj4vgkFq49R2VV0fbxX,https://api.spotify.com/v1/audio-analysis/4rstj4vgkFq49R2VV0fbxX,220720,4
0.495,0.94,2,-3.787,0,0.132,0.149,0,0.943,0.349,112.889,audio_features,0RMOeUWeNDQsAXeq48VF5N,spotify:track:0RMOeUWeNDQsAXeq48VF5N,https://api.spotify.com/v1/tracks/0RMOeUWeNDQsAXeq48VF5N,https://api.spotify.com/v1/audio-analysis/0RMOeUWeNDQsAXeq48VF5N,246347,4
0.383,0.772,5,-5.615,1,0.0403,0.204,0,0.858,0.357,84.96,audio_features,5yBwtNMXAz8yyfd4re8I8m,spotify:track:5yBwtNMXAz8yyfd4re8I8m,https://api.spotify.com/v1/tracks/5yBwtNMXAz8yyfd4re8I8m,https://api.spotify.com/v1/audio-analysis/5yBwtNMXAz8yyfd4re8I8m,294013,4
0.405,0.689,10,-5.75,1,0.0365,0.0843,0,0.207,0.397,155.189,audio_features,1S30kHvkkdMkcuCTGSgS41,spotify:track:1S30kHvkkdMkcuCTGSgS41,https://api.spotify.com/v1/tracks/1S30kHvkkdMkcuCTGSgS41,https://api.spotify.com/v1/audio-analysis/1S30kHvkkdMkcuCTGSgS41,191560,4
