danceability,energy,key,loudness,mode,speechiness,acousticness,instrumentalness,liveness,valence,tempo,type,id,uri,track_href,analysis_url,duration_ms,time_signature
0.379,0.978,8,-4.275,1,0.227,0.00076,0.0552,0.287,0.379,166.206,audio_features,2Yi6aqwX2e0JQ9bTNUGfRT,spotify:track:2Yi6aqwX2e0JQ9bTNUGfRT,https://api.spotify.com/v1/tracks/2Yi6aqwX2e0JQ9bTNUGfRT,https://api.spotify.com/v1/audio-analysis/2Yi6aqwX2e0JQ9bTNUGfRT,222013,4
0.357,0.996,3,-3.496,0,0.103,0.0012,0,0.35,0.278,183.039,audio_features,7wzNovIu5urOjulGX4VzFo,spotify:track:7wzNovIu5urOjulGX4VzFo,https://api.spotify.com/v1/tracks/7wzNovIu5urOjulGX4VzFo,https://api.spotify.com/v1/audio-analysis/7wzNovIu5urOjulGX4VzFo,175453,4
0.356,0.96,4,-3.487,1,0.104,0.0142,0,0.209,0.0857,125.921,audio_features,5dTHtzHFPyi8TlTtzoz1J9,spotify:track:5dTHtzHFPyi8TlTtzoz1J9,https://api.spotify.com/v1/tracks/5dTHtzHFPyi8TlTtzoz1J9,https://api.spotify.com/v1/audio-analysis/5dTHtzHFPyi8TlTtzoz1J9,204733,4
0.387,0.913,8,-3.761,1,0.0814,0.00366,0,0.136,0.674,185.957,audio_features,5bTuwAgYUD5MABOIPH8ZMt,spotify:track:5bTuwAgYUD5MABOIPH8ZMt,https://api.spotify.com/v1/tracks/5bTuwAgYUD5MABOIPH8ZMt,https://api.spotify.com/v1/audio-analysis/5bTuwAgYUD5MABOIPH8ZMt,173733,4
0.21,0.94,9,-3.427,1,0.123,0.00602,0,0.269,0.255,179.722,audio_features,7lRlq939cDG4SzWOF4VAnd,spotify:track:7lRlq939cDG4SzWOF4VAnd,https://api.spotify.com/v1/tracks/7lRlq939cDG4SzWOF4VAnd,https://api.spotify.com/v1/audio-analysis/7lRlq939cDG4SzWOF4VAnd,186480,4
0.494,0.971,2,-3.868,0,0.0546,0.000389,4.45e-05,0.0978,0.185,125.019,audio_features,7HKfrU3iuEFrKxTAfVznrG,spotify:track:7HKfrU3iuEFrKxTAfVznrG,https://api.spotify.com/v1/tracks/7HKfrU3iuEFrKxTAfVznrG,https://api.spotify.com/v1/audio-analysis/7HKfrU3iuEFrKxTAfVznrG,217733,4
0.353,0.953,1,-3.635,0,0.0515,0.000129,0,0.34,0.48,105.236,audio_features,4fGIqy3bvjX0jz1SJHqjjo,spotify:track:4fGIqy3bvjX0jz1SJHqjjo,https://api.spotify.com/v1/tracks/4fGIqy3bvjX0jz1SJHqjjo,https://api.spotify.com/v1/audio-analysis/4fGIqy3bvjX0jz1SJHqjjo,210867,4
0.501,0.933,6,-3.476,0,0.198,0.0457,0,0.376,0.708,170.13,audio_features,4WdopfTdSd0nCLropjhsgH,spotify:track:4WdopfTdSd0nCLropjhsgH,https://api.spotify.com/v1/tracks/4WdopfTdSd0nCLropjhsgH,https://api.spotify.com/v1/audio-analysis/4WdopfTdSd0nCLropjhsgH,174867,4
0.513,0.934,4,-3.347,0,0.163,0.0433,0,0.832,0.591,169.907,audio_features,0N90pptABhFyr1axONlIEB,spotify:track:0N90pptABhFyr1axONlIEB,https://api.spotify.com/v1/tracks/0N90pptABhFyr1axONlIEB,https://api.spotify.com/v1/audio-analysis/0N90pptABhFyr1axONlIEB,203613,4
