danceability,energy,key,loudness,mode,speechiness,acousticness,instrumentalness,liveness,valence,tempo,type,id,uri,track_href,analysis_url,duration_ms,time_signature
0.677,0.269,9,-16.898,1,0.0583,0.258,0.0823,0.139,0.557,117.009,audio_features,0fatcDJuNxjxA9tuBsQkrm,spotify:track:0fatcDJuNxjxA9tuBsQkrm,https://api.spotify.com/v1/tracks/0fatcDJuNxjxA9tuBsQkrm,https://api.spotify.com/v1/audio-analysis/0fatcDJuNxjxA9tuBsQkrm,100172,4
0.424,0.919,9,-4.629,1,0.1,0.00306,0.00674,0.123,0.684,163.732,audio_features,6WlmA3HPHuNIR2mxI8LkZF,spotify:track:6WlmA3HPHuNIR2mxI8LkZF,https://api.spotify.com/v1/tracks/6WlmA3HPHuNIR2mxI8LkZF,https://api.spotify.com/v1/audio-analysis/6WlmA3HPHuNIR2mxI8LkZF,171467,4
0.276,0.909,9,-3.664,1,0.0618,0.00016,4.76e-06,0.0933,0.344,138.497,audio_features,42d6bxB7OQ6f8ct2ihYNBw,spotify:track:42d6bxB7OQ6f8ct2ihYNBw,https://api.spotify.com/v1/tracks/42d6bxB7OQ6f8ct2ihYNBw,https://api.spotify.com/v1/audio-analysis/42d6bxB7OQ6f8ct2ihYNBw,338147,4
0.813,0.547,2,-5.936,1,0.0344,0.00104,0.00335,0.0914,0.8,119.998,audio_features,7HXtpmFjqt4Wv6T8y5lVz3,spotify:track:7HXtpmFjqt4Wv6T8y5lVz3,https://api.spotify.com/v1/tracks/7HXtpmFjqt4Wv6T8y5lVz3,https://api.spotify.com/v1/audio-analysis/7HXtpmFjqt4Wv6T8y5lVz3,257213,4
0.627,0.971,2,-3.017,1,0.0376,0.00376,4.11e-05,0.246,0.605,101.0,audio_features,5pP3WtXwZ6HjcbuJ3vhDTZ,spotify:track:5pP3WtXwZ6HjcbuJ3vhDTZ,https://api.spotify.com/v1/tracks/5pP3WtXwZ6HjcbuJ3vhDTZ,https://api.spotify.com/v1/audio-analysis/5pP3WtXwZ6HjcbuJ3vhDTZ,176987,4
0.69,0.678,0,-6.52,1,0.154,0.11,0,0.246,0.409,173.995,audio_features,4rfaoyaZvNa60cj3OKSQV9,spotify:track:4rfaoyaZvNa60cj3OKSQV9,https://api.spotify.com/v1/tracks/4rfaoyaZvNa60cj3OKSQV9,https://api.spotify.com/v1/audio-analysis/4rfaoyaZvNa60cj3OKSQV9,239015,4
0.93,0.65,0,-6.896,1,0.259,0.184,4.92e-05,0.198,0.403,98.023,audio_features,5cXtT63OTadsjqfRkm5Dwd,spotify:track:5cXtT63OTadsjqfRkm5Dwd,https://api.spotify.com/v1/tracks/5cXtT63OTadsjqfRkm5Dwd,https://api.spotify.com/v1/audio-analysis/5cXtT63OTadsjqfRkm5Dwd,199296,4
0.525,0.216,6,-13.551,1,0.0301,0.837,0,0.107,0.328,106.761,audio_features,5y788ya4NvwhBznoDIcXwK,spotify:track:5y788ya4NvwhBznoDIcXwK,https://api.spotify.com/v1/tracks/5y788ya4NvwhBznoDIcXwK,https://api.spotify.com/v1/audio-analysis/5y788ya4NvwhBznoDIcXwK,185413,4
0.305,0.701,2,-5.67,1,0.0494,0.00546,1.06e-06,0.182,0.333,75.588,audio_features,1qRKyMsn18kuIIP25W9byL,spotify:track:1qRKyMsn18kuIIP25W9byL,https://api.spotify.com/v1/tracks/1qRKyMsn18kuIIP25W9byL,https://api.spotify.com/v1/audio-analysis/1qRKyMsn18kuIIP25W9byL,283050,4
