danceability,energy,key,loudness,mode,speechiness,acousticness,instrumentalness,liveness,valence,tempo,type,id,uri,track_href,analysis_url,duration_ms,time_signature
0.36,0.968,3,-5.301,0,0.142,0.000133,0,0.397,0.207,169.848,audio_features,2Cz0wgwqdZJgaSOA1Dg6aS,spotify:track:2Cz0wgwqdZJgaSOA1Dg6aS,https://api.spotify.com/v1/tracks/2Cz0wgwqdZJgaSOA1Dg6aS,https://api.spotify.com/v1/audio-analysis/2Cz0wgwqdZJgaSOA1Dg6aS,273453,4
0.559,0.989,1,-3.306,0,0.0651,5.47e-05,0,0.0938,0.332,114.001,audio_features,1IwzGX2T7wtTjTerPiO2qQ,spotify:track:1IwzGX2T7wtTjTerPiO2qQ,https://api.spotify.com/v1/tracks/1IwzGX2T7wtTjTerPiO2qQ,https://api.spotify.com/v1/audio-analysis/1IwzGX2T7wtTjTerPiO2qQ,219040,4
0.239,0.969,11,-3.547,0,0.27,0.0224,9.24e-05,0.452,0.245,93.565,audio_features,4MjJlPgUYMQjvHOQq0uvOv,spotify:track:4MjJlPgUYMQjvHOQq0uvOv,https://api.spotify.com/v1/tracks/4MjJlPgUYMQjvHOQq0uvOv,https://api.spotify.com/v1/audio-analysis/4MjJlPgUYMQjvHOQq0uvOv,183782,4
0.422,0.95,4,-3.126,1,0.0521,0.000884,0.000313,0.106,0.148,94.976,audio_features,7dPXxB6RX5qnUQI8ZHeleL,spotify:track:7dPXxB6RX5qnUQI8ZHeleL,https://api.spotify.com/v1/tracks/7dPXxB6RX5qnUQI8ZHeleL,https://api.spotify.com/v1/audio-analysis/7dPXxB6RX5qnUQI8ZHeleL,277027,4
0.37,0.991,2,-2.151,1,0.22,0.000494,4.82e-06,0.361,0.298,179.88,audio_features,3ZBeZ4KOaEjxHmXAStc9WN,spotify:track:3ZBeZ4KOaEjxHmXAStc9WN,https://api.spotify.com/v1/tracks/3ZBeZ4KOaEjxHmXAStc9WN,https://api.spotify.com/v1/audio-analysis/3ZBeZ4KOaEjxHmXAStc9WN,194680,4
0.548,0.899,10,-2.749,1,0.0394,0.00102,2.76e-06,0.393,0.369,110.024,audio_features,2nEuc6IOgG6CtgN11tewAE,spotify:track:2nEuc6IOgG6CtgN11tewAE,https://api.spotify.com/v1/tracks/2nEuc6IOgG6CtgN11tewAE,https://api.spotify.com/v1/audio-analysis/2nEuc6IOgG6CtgN11tewAE,229293,4
0.476,0.995,0,-1.838,1,0.125,0.00226,3.48e-05,0.397,0.468,102.436,audio_features,4LesHOEp8QjqeIVZlXvvGI,spotify:track:4LesHOEp8QjqeIVZlXvvGI,https://api.spotify.com/v1/tracks/4LesHOEp8QjqeIVZlXvvGI,https://api.spotify.com/v1/audio-analysis/4LesHOEp8QjqeIVZlXvvGI,196920,4
0.418,0.97,7,-3.192,0,0.0612,0.000311,0,0.515,0.351,101.978,audio_features,0BCMXOnotZ6NepVmDOepBQ,spotify:track:0BCMXOnotZ6NepVmDOepBQ,https://api.spotify.com/v1/tracks/0BCMXOnotZ6NepVmDOepBQ,https://api.spotify.com/v1/audio-analysis/0BCMXOnotZ6NepVmDOepBQ,216117,4
0.336,0.954,11,-4.188,0,0.152,0.0325,0,0.0529,0.25,104.131,audio_features,78v4gq9OnRtbA6VqjLjnFc,spotify:track:78v4gq9OnRtbA6VqjLjnFc,https://api.spotify.com/v1/tracks/78v4gq9OnRtbA6VqjLjnFc,https://api.spotify.com/v1/audio-analysis/78v4gq9OnRtbA6VqjLjnFc,215078,4
