danceability,energy,key,loudness,mode,speechiness,acousticness,instrumentalness,liveness,valence,tempo,type,id,uri,track_href,analysis_url,duration_ms,time_signature
0.611,0.15,0,-10.384,1,0.068,0.782,0,0.331,0.361,108.396,audio_features,6gkwtzvoXeLPw5fEcnuEmB,spotify:track:6gkwtzvoXeLPw5fEcnuEmB,https://api.spotify.com/v1/tracks/6gkwtzvoXeLPw5fEcnuEmB,https://api.spotify.com/v1/audio-analysis/6gkwtzvoXeLPw5fEcnuEmB,214013,3
0.391,0.546,7,-7.647,1,0.0298,0.262,0,0.196,0.259,75.131,audio_features,3n52npc7FPjG4dBZcgLjmD,spotify:track:3n52npc7FPjG4dBZcgLjmD,https://api.spotify.com/v1/tracks/3n52npc7FPjG4dBZcgLjmD,https://api.spotify.com/v1/audio-analysis/3n52npc7FPjG4dBZcgLjmD,214053,4
0.584,0.536,10,-8.158,1,0.0279,0.112,0,0.456,0.44,126.996,audio_features,6J7cSyvSCnPwv3vqHchEfL,spotify:track:6J7cSyvSCnPwv3vqHchEfL,https://api.spotify.com/v1/tracks/6J7cSyvSCnPwv3vqHchEfL,https://api.spotify.com/v1/audio-analysis/6J7cSyvSCnPwv3vqHchEfL,243227,4
0.352,0.725,8,-6.463,0,0.0656,0.00193,2.73e-06,0.22,0.339,189.767,audio_features,4uhSo9cVBVpdDCNxf4MBaP,spotify:track:4uhSo9cVBVpdDCNxf4MBaP,https://api.spotify.com/v1/tracks/4uhSo9cVBVpdDCNxf4MBaP,https://api.spotify.com/v1/audio-analysis/4uhSo9cVBVpdDCNxf4MBaP,237640,4
0.47,0.859,2,-3.663,1,0.0537,0.000362,0.00691,0.142,0.17,124.01,audio_features,70L6nHORQsblY813yNqUR3,spotify:track:70L6nHORQsblY813yNqUR3,https://api.spotify.com/v1/tracks/70L6nHORQsblY813yNqUR3,https://api.spotify.com/v1/audio-analysis/70L6nHORQsblY813yNqUR3,317707,4
0.502,0.623,8,-8.812,1,0.44,0.609,0,0.119,0.399,75.578,audio_features,4gkl7QbQvBd3TM9PhlWFkI,spotify:track:4gkl7QbQvBd3TM9PhlWFkI,https://api.spotify.com/v1/tracks/4gkl7QbQvBd3TM9PhlWFkI,https://api.spotify.com/v1/audio-analysis/4gkl7QbQvBd3TM9PhlWFkI,211680,1
0.652,0.549,6,-7.555,0,0.039,0.317,0,0.104,0.186,120.073,audio_features,6u0dQik0aif7FQlrhycG1L,spotify:track:6u0dQik0aif7FQlrhycG1L,https://api.spotify.com/v1/tracks/6u0dQik0aif7FQlrhycG1L,https://api.spotify.com/v1/audio-analysis/6u0dQik0aif7FQlrhycG1L,312427,4
0.695,0.359,0,-7.676,1,0.0535,0.849,0,0.102,0.389,85.93,audio_features,0P3wANnHa96Q7qOBzZrvD5,spotify:track:0P3wANnHa96Q7qOBzZrvD5,https://api.spotify.com/v1/tracks/0P3wANnHa96Q7qOBzZrvD5,https://api.spotify.com/v1/audio-analysis/0P3wANnHa96Q7qOBzZrvD5,198550,4
0.609,0.598,7,-4.029,0,0.0318,0.186,0,0.226,0.535,96.245,audio_features,4o4opSOwZZHw4IkTEp4Rxn,spotify:track:4o4opSOwZZHw4IkTEp4Rxn,https://api.spotify.com/v1/tracks/4o4opSOwZZHw4IkTEp4Rxn,https://api.spotify.com/v1/audio-analysis/4o4opSOwZZHw4IkTEp4Rxn,196442,4
