danceability,energy,key,loudness,mode,speechiness,acousticness,instrumentalness,liveness,valence,tempo,type,id,uri,track_href,analysis_url,duration_ms,time_signature
0.801,0.548,11,-5.482,0,0.0516,0.0854,0.000232,0.387,0.627,92.059,audio_features,4paJ10JPNCyOaLtz2cY928,spotify:track:4paJ10JPNCyOaLtz2cY928,https://api.spotify.com/v1/tracks/4paJ10JPNCyOaLtz2cY928,https://api.spotify.com/v1/audio-analysis/4paJ10JPNCyOaLtz2cY928,188086,4
0.478,0.49,7,-7.63,1,0.0367,0.239,0.0212,0.0902,0.413,160.017,audio_features,6z9dpMso2aDypCeQTLEPb9,spotify:track:6z9dpMso2aDypCeQTLEPb9,https://api.spotify.com/v1/tracks/6z9dpMso2aDypCeQTLEPb9,https://api.spotify.com/v1/audio-analysis/6z9dpMso2aDypCeQTLEPb9,273360,4
0.624,0.724,10,-7.113,1,0.101,0.591,7.79e-06,0.101,0.624,78.008,audio_features,1ESlvmyeER7ebaKTsXE78c,spotify:track:1ESlvmyeER7ebaKTsXE78c,https://api.spotify.com/v1/tracks/1ESlvmyeER7ebaKTsXE78c,https://api.spotify.com/v1/audio-analysis/1ESlvmyeER7ebaKTsXE78c,251627,4
0.436,0.939,5,-3.15,1,0.0468,0.000403,0.00986,0.646,0.367,92.994,audio_features,2hlmS4zDaQSJECaSNUBHfO,spotify:track:2hlmS4zDaQSJECaSNUBHfO,https://api.spotify.com/v1/tracks/2hlmS4zDaQSJECaSNUBHfO,https://api.spotify.com/v1/audio-analysis/2hlmS4zDaQSJECaSNUBHfO,254453,4
0.566,0.667,2,-6.03,1,0.0457,0.00963,3.2e-05,0.125,0.651,118.652,audio_features,0Z7mU6AZ89ooifsj1CrTpj,spotify:track:0Z7mU6AZ89ooifsj1CrTpj,https://api.spotify.com/v1/tracks/0Z7mU6AZ89ooifsj1CrTpj,https://api.spotify.com/v1/audio-analysis/0Z7mU6AZ89ooifsj1CrTpj,232347,4
0.389,0.665,0,-6.169,1,0.0644,0.178,0.000732,0.116,0.199,117.055,audio_features,7lGKEWMXVWWTt3X71Bv44I,spotify:track:7lGKEWMXVWWTt3X71Bv44I,https://api.spotify.com/v1/tracks/7lGKEWMXVWWTt3X71Bv44I,https://api.spotify.com/v1/audio-analysis/7lGKEWMXVWWTt3X71Bv44I,193547,4
0.577,0.827,7,-7.54,1,0.0365,0.00338,0.000647,0.26,0.179,101.031,audio_features,57nNNkgk768QVXq3uHxu5e,spotify:track:57nNNkgk768QVXq3uHxu5e,https://api.spotify.com/v1/tracks/57nNNkgk768QVXq3uHxu5e,https://api.spotify.com/v1/audio-analysis/57nNNkgk768QVXq3uHxu5e,215520,4
0.57,0.798,9,-4.92,1,0.0323,0.102,0.000128,0.178,0.671,103.303,audio_features,57i3M29DWoo7RDk0Tf0LZG,spotify:track:57i3M29DWoo7RDk0Tf0LZG,https://api.spotify.com/v1/tracks/57i3M29DWoo7RDk0Tf0LZG,https://api.spotify.com/v1/audio-analysis/57i3M29DWoo7RDk0Tf0LZG,171333,4
0.748,0.524,8,-5.599,1,0.0338,0.414,0,0.111,0.661,95.01,audio_features,7BKLCZ1jbUBVqRi2FVlTVw,spotify:track:7BKLCZ1jbUBVqRi2FVlTVw,https://api.spotify.com/v1/tracks/7BKLCZ1jbUBVqRi2FVlTVw,https://api.spotify.com/v1/audio-analysis/7BKLCZ1jbUBVqRi2FVlTVw,244960,4
