danceability,energy,key,loudness,mode,speechiness,acousticness,instrumentalness,liveness,valence,tempo,type,id,uri,track_href,analysis_url,duration_ms,time_signature
0.542,0.905,9,-5.653,1,0.054,0.00172,0.0104,0.136,0.374,153.398,audio_features,0ntQJM78wzOLVeCUAW7Y45,spotify:track:0ntQJM78wzOLVeCUAW7Y45,https://api.spotify.com/v1/tracks/0ntQJM78wzOLVeCUAW7Y45,https://api.spotify.com/v1/audio-analysis/0ntQJM78wzOLVeCUAW7Y45,203347,4
0.511,0.815,7,-3.14,1,0.144,0.0491,0,0.0826,0.586,154.514,audio_features,1bCmvezFg5MRcENzCGG1Cy,spotify:track:1bCmvezFg5MRcENzCGG1Cy,https://api.spotify.com/v1/tracks/1bCmvezFg5MRcENzCGG1Cy,https://api.spotify.com/v1/audio-analysis/1bCmvezFg5MRcENzCGG1Cy,215307,4
0.41,0.803,7,-5.363,1,0.0623,0.239,0,0.103,0.814,153.315,audio_features,5xoUgPXbMNUmoHU0Enwtwq,spotify:track:5xoUgPXbMNUmoHU0Enwtwq,https://api.spotify.com/v1/tracks/5xoUgPXbMNUmoHU0Enwtwq,https://api.spotify.com/v1/audio-analysis/5xoUgPXbMNUmoHU0Enwtwq,169307,4
0.509,0.331,4,-14.083,1,0.0267,0.272,0.136,0.114,0.0957,96.848,audio_features,3GhsBdS9ulPK3KCdwHRPhG,spotify:track:3GhsBdS9ulPK3KCdwHRPhG,https://api.spotify.com/v1/tracks/3GhsBdS9ulPK3KCdwHRPhG,https://api.spotify.com/v1/audio-analysis/3GhsBdS9ulPK3KCdwHRPhG,286293,4
0.474,0.948,3,-2.592,1,0.122,0.0223,0,0.43,0.611,146.46,audio_features,78ML3F5Lz3KiNkpnFAaR3q,spotify:track:78ML3F5Lz3KiNkpnFAaR3q,https://api.spotify.com/v1/tracks/78ML3F5Lz3KiNkpnFAaR3q,https://api.spotify.com/v1/audio-analysis/78ML3F5Lz3KiNkpnFAaR3q,195373,4
0.399,0.821,4,-1.527,1,0.0515,0.331,1.08e-05,0.084,0.236,100.051,audio_features,6DTC7IOW4QWVIjIa0UHEhP,spotify:track:6DTC7IOW4QWVIjIa0UHEhP,https://api.spotify.com/v1/tracks/6DTC7IOW4QWVIjIa0UHEhP,https://api.spotify.com/v1/audio-analysis/6DTC7IOW4QWVIjIa0UHEhP,189413,4
0.643,0.344,2,-11.342,1,0.0349,0.909,0.0112,0.106,0.547,144.171,audio_features,3QmesrvdbPjwf7i40nht1D,spotify:track:3QmesrvdbPjwf7i40nht1D,https://api.spotify.com/v1/tracks/3QmesrvdbPjwf7i40nht1D,https://api.spotify.com/v1/audio-analysis/3QmesrvdbPjwf7i40nht1D,250907,4
0.206,0.93,2,-2.994,0,0.0911,0.0395,0,0.584,0.474,89.957,audio_features,6jYVirPQyOz2WQ64ZkUqan,spotify:track:6jYVirPQyOz2WQ64ZkUqan,https://api.spotify.com/v1/tracks/6jYVirPQyOz2WQ64ZkUqan,https://api.spotify.com/v1/audio-analysis/6jYVirPQyOz2WQ64ZkUqan,376337,4
0.61,0.788,0,-5.724,1,0.0585,0.195,0.0142,0.153,0.472,101.045,audio_features,5hc71nKsUgtwQ3z52KEKQk,spotify:track:5hc71nKsUgtwQ3z52KEKQk,https://api.spotify.com/v1/tracks/5hc71nKsUgtwQ3z52KEKQk,https://api.spotify.com/v1/audio-analysis/5hc71nKsUgtwQ3z52KEKQk,347520,4
