danceability,energy,key,loudness,mode,speechiness,acousticness,instrumentalness,liveness,valence,tempo,type,id,uri,track_href,analysis_url,duration_ms,time_signature
0.52,0.533,2,-6.862,1,0.0273,0.648,6.57e-06,0.0718,0.362,133.102,audio_features,0j7FBgnRecmn8VT7M5NSV8,spotify:track:0j7FBgnRecmn8VT7M5NSV8,https://api.spotify.com/v1/tracks/0j7FBgnRecmn8VT7M5NSV8,https://api.spotify.com/v1/audio-analysis/0j7FBgnRecmn8VT7M5NSV8,207067,4
0.611,0.115,5,-10.271,1,0.0399,0.651,0,0.108,0.211,126.39,audio_features,36I2fxf1VxcOOrHqYLbmIG,spotify:track:36I2fxf1VxcOOrHqYLbmIG,https://api.spotify.com/v1/tracks/36I2fxf1VxcOOrHqYLbmIG,https://api.spotify.com/v1/audio-analysis/36I2fxf1VxcOOrHqYLbmIG,226240,4
0.556,0.298,10,-10.842,1,0.0344,0.717,1.66e-05,0.141,0.278,130.598,audio_features,0GDQXt7qRJIDDUmcufomrU,spotify:track:0GDQXt7qRJIDDUmcufomrU,https://api.spotify.com/v1/tracks/0GDQXt7qRJIDDUmcufomrU,https://api.spotify.com/v1/audio-analysis/0GDQXt7qRJIDDUmcufomrU,275493,3
0.518,0.492,11,-11.085,0,0.0345,0.266,0.00432,0.119,0.0952,131.979,audio_features,35WhawODuOs0kaHxwmPA9D,spotify:track:35WhawODuOs0kaHxwmPA9D,https://api.spotify.com/v1/tracks/35WhawODuOs0kaHxwmPA9D,https://api.spotify.com/v1/audio-analysis/35WhawODuOs0kaHxwmPA9D,257573,4
0.378,0.591,0,-7.895,1,0.0372,0.0235,6.04e-06,0.562,0.0385,111.759,audio_features,3uLrWMFP8bl0CbW7nXfPrk,spotify:track:3uLrWMFP8bl0CbW7nXfPrk,https://api.spotify.com/v1/tracks/3uLrWMFP8bl0CbW7nXfPrk,https://api.spotify.com/v1/audio-analysis/3uLrWMFP8bl0CbW7nXfPrk,417515,4
0.458,0.841,5,-5.486,1,0.0661,0.0119,9.03e-05,0.406,0.181,80.958,audio_features,56JwgF5LLyrIEyGIrzpSN2,spotify:track:56JwgF5LLyrIEyGIrzpSN2,https://api.spotify.com/v1/tracks/56JwgF5LLyrIEyGIrzpSN2,https://api.spotify.com/v1/audio-analysis/56JwgF5LLyrIEyGIrzpSN2,225840,4
0.402,0.875,10,-3.328,1,0.0552,0.0185,0.0046,0.114,0.47,156.25,audio_features,29KLzcHid0QnNVBw7x9rbi,spotify:track:29KLzcHid0QnNVBw7x9rbi,https://api.spotify.com/v1/tracks/29KLzcHid0QnNVBw7x9rbi,https://api.spotify.com/v1/audio-analysis/29KLzcHid0QnNVBw7x9rbi,218760,4
0.629,0.174,6,-9.697,1,0.141,0.616,0,0.118,0.305,134.297,audio_features,1q74TesvRCIo5RvJM5B84F,spotify:track:1q74TesvRCIo5RvJM5B84F,https://api.spotify.com/v1/tracks/1q74TesvRCIo5RvJM5B84F,https://api.spotify.com/v1/audio-analysis/1q74TesvRCIo5RvJM5B84F,146067,1
0.581,0.271,10,-10.963,1,0.0352,0.0703,0.0048,0.187,0.269,123.625,audio_features,0lngUitwRDbvZ5yVO76dVN,spotify:track:0lngUitwRDbvZ5yVO76dVN,https://api.spotify.com/v1/tracks/0lngUitwRDbvZ5yVO76dVN,https://api.spotify.com/v1/audio-analysis/0lngUitwRDbvZ5yVO76dVN,318102,4
