danceability,energy,key,loudness,mode,speechiness,acousticness,instrumentalness,liveness,valence,tempo,type,id,uri,track_href,analysis_url,duration_ms,time_signature
0.367,0.232,1,-7.936,1,0.0306,0.653,0.000432,0.131,0.0994,138.882,audio_features,1lLF0rhxDUPgGopjS4lX7G,spotify:track:1lLF0rhxDUPgGopjS4lX7G,https://api.spotify.com/v1/tracks/1lLF0rhxDUPgGopjS4lX7G,https://api.spotify.com/v1/audio-analysis/1lLF0rhxDUPgGopjS4lX7G,358280,4
0.621,0.692,4,-6.858,1,0.0291,0.000363,1.75e-05,0.335,0.381,99.806,audio_features,73jVPicY2G9YHmzgjk69ae,spotify:track:73jVPicY2G9YHmzgjk69ae,https://api.spotify.com/v1/tracks/73jVPicY2G9YHmzgjk69ae,https://api.spotify.com/v1/audio-analysis/73jVPicY2G9YHmzgjk69ae,254510,4
0.62,0.439,5,-5.177,0,0.0301,0.291,0,0.103,0.252,128.077,audio_features,6xsVTAOZaRpT4DS4dBhvr7,spotify:track:6xsVTAOZaRpT4DS4dBhvr7,https://api.spotify.com/v1/tracks/6xsVTAOZaRpT4DS4dBhvr7,https://api.spotify.com/v1/audio-analysis/6xsVTAOZaRpT4DS4dBhvr7,248000,4
0.619,0.809,9,-5.325,0,0.0504,0.073,8.07e-06,0.0837,0.438,126.013,audio_features,4KIzhoRg9jYA351OvdD7Dy,spotify:track:4KIzhoRg9jYA351OvdD7Dy,https://api.spotify.com/v1/tracks/4KIzhoRg9jYA351OvdD7Dy,https://api.spotify.com/v1/audio-analysis/4KIzhoRg9jYA351OvdD7Dy,269550,4
0.574,0.551,4,-10.335,1,0.0287,0.765,0.0379,0.105,0.317,117.946,audio_features,3ADf6eSlkURLABzIELamUh,spotify:track:3ADf6eSlkURLABzIELamUh,https://api.spotify.com/v1/tracks/3ADf6eSlkURLABzIELamUh,https://api.spotify.com/v1/audio-analysis/3ADf6eSlkURLABzIELamUh,198400,3
0.703,0.308,10,-7.742,1,0.0355,0.737,0.00618,0.102,0.346,130.084,audio_features,2J3ajGI1sVj9wnqThJHwPS,spotify:track:2J3ajGI1sVj9wnqThJHwPS,https://api.spotify.com/v1/tracks/2J3ajGI1sVj9wnqThJHwPS,https://api.spotify.com/v1/audio-analysis/2J3ajGI1sVj9wnqThJHwPS,380320,3
0.578,0.219,11,-10.801,0,0.0268,0.807,0,0.131,0.204,86.987,audio_features,3SAtFERcIfj68NlzpJekC4,spotify:track:3SAtFERcIfj68NlzpJekC4,https://api.spotify.com/v1/tracks/3SAtFERcIfj68NlzpJekC4,https://api.spotify.com/v1/audio-analysis/3SAtFERcIfj68NlzpJekC4,205600,4
0.574,0.402,11,-9.167,1,0.0328,0.308,0,0.207,0.529,86.193,audio_features,1yroKBwU3gJEeGq1qnxYJO,spotify:track:1yroKBwU3gJEeGq1qnxYJO,https://api.spotify.com/v1/tracks/1yroKBwU3gJEeGq1qnxYJO,https://api.spotify.com/v1/audio-analysis/1yroKBwU3gJEeGq1qnxYJO,190973,4
0.447,0.393,5,-8.65,1,0.038,0.785,0,0.28,0.564,73.139,audio_features,5JDcQAztvZTIkrWoZihgvC,spotify:track:5JDcQAztvZTIkrWoZihgvC,https://api.spotify.com/v1/tracks/5JDcQAztvZTIkrWoZihgvC,https://api.spotify.com/v1/audio-analysis/5JDcQAztvZTIkrWoZihgvC,220239,3
