danceability,energy,key,loudness,mode,speechiness,acousticness,instrumentalness,liveness,valence,tempo,type,id,uri,track_href,analysis_url,duration_ms,time_signature
0.574,0.667,5,-5.425,1,0.0301,0.206,0.352,0.0852,0.546,88.299,audio_features,1gGY6qfslDtJ4OoWQGKtkE,spotify:track:1gGY6qfslDtJ4OoWQGKtkE,https://api.spotify.com/v1/tracks/1gGY6qfslDtJ4OoWQGKtkE,https://api.spotify.com/v1/audio-analysis/1gGY6qfslDtJ4OoWQGKtkE,226187,4
0.509,0.922,9,-2.823,0,0.031,0.0219,0.00117,0.496,0.645,92.5,audio_features,3IXRdLsQib8m0hBbQpe7T8,spotify:track:3IXRdLsQib8m0hBbQpe7T8,https://api.spotify.com/v1/tracks/3IXRdLsQib8m0hBbQpe7T8,https://api.spotify.com/v1/audio-analysis/3IXRdLsQib8m0hBbQpe7T8,218787,4
0.322,0.28,6,-9.367,0,0.0281,0.468,1.1e-06,0.102,0.175,85.794,audio_features,0eZBeB2xFIS65jQHerispi,spotify:track:0eZBeB2xFIS65jQHerispi,https://api.spotify.com/v1/tracks/0eZBeB2xFIS65jQHerispi,https://api.spotify.com/v1/audio-analysis/0eZBeB2xFIS65jQHerispi,248467,4
0.806,0.608,1,-7.008,1,0.0659,0.0113,0,0.635,0.849,95.049,audio_features,6gTJaPuj8DT8RjuDJyBgzP,spotify:track:6gTJaPuj8DT8RjuDJyBgzP,https://api.spotify.com/v1/tracks/6gTJaPuj8DT8RjuDJyBgzP,https://api.spotify.com/v1/audio-analysis/6gTJaPuj8DT8RjuDJyBgzP,219840,4
0.574,0.704,6,-4.72,1,0.0319,0.00455,0,0.107,0.368,109.999,audio_features,6u9RqxALwkjJ1ukB1y8vuP,spotify:track:6u9RqxALwkjJ1ukB1y8vuP,https://api.spotify.com/v1/tracks/6u9RqxALwkjJ1ukB1y8vuP,https://api.spotify.com/v1/audio-analysis/6u9RqxALwkjJ1ukB1y8vuP,168667,4
0.639,0.347,1,-12.322,0,0.0421,0.406,0.000268,0.215,0.247,72.978,audio_features,11E1Xpu94v5e5qGJO6no64,spotify:track:11E1Xpu94v5e5qGJO6no64,https://api.spotify.com/v1/tracks/11E1Xpu94v5e5qGJO6no64,https://api.spotify.com/v1/audio-analysis/11E1Xpu94v5e5qGJO6no64,254640,4
0.266,0.775,11,-4.476,0,0.0709,0.038,0.000197,0.14,0.55,204.122,audio_features,7DsYv3Dahdku3qkstonxO2,spotify:track:7DsYv3Dahdku3qkstonxO2,https://api.spotify.com/v1/tracks/7DsYv3Dahdku3qkstonxO2,https://api.spotify.com/v1/audio-analysis/7DsYv3Dahdku3qkstonxO2,226107,4
0.546,0.84,0,-4.223,1,0.0512,0.0148,7.69e-06,0.101,0.925,170.058,audio_features,3BWbj5NXUgr0hK7PmFSI9D,spotify:track:3BWbj5NXUgr0hK7PmFSI9D,https://api.spotify.com/v1/tracks/3BWbj5NXUgr0hK7PmFSI9D,https://api.spotify.com/v1/audio-analysis/3BWbj5NXUgr0hK7PmFSI9D,225720,4
0.731,0.58,10,-7.328,0,0.0399,0.223,0,0.129,0.319,119.997,audio_features,2IO7yf562c1zLzpanal1DT,spotify:track:2IO7yf562c1zLzpanal1DT,https://api.spotify.com/v1/tracks/2IO7yf562c1zLzpanal1DT,https://api.spotify.com/v1/audio-analysis/2IO7yf562c1zLzpanal1DT,199593,4
