danceability,energy,key,loudness,mode,speechiness,acousticness,instrumentalness,liveness,valence,tempo,type,id,uri,track_href,analysis_url,duration_ms,time_signature
0.791,0.713,5,-3.742,0,0.254,0.0163,0,0.189,0.514,130.012,audio_features,5jzX4dWVQeBTtfBaXnMRt5,spotify:track:5jzX4dWVQeBTtfBaXnMRt5,https://api.spotify.com/v1/tracks/5jzX4dWVQeBTtfBaXnMRt5,https://api.spotify.com/v1/audio-analysis/5jzX4dWVQeBTtfBaXnMRt5,192573,4
0.289,0.722,8,-5.954,1,0.0481,0.0652,0,0.126,0.355,90.868,audio_features,4wvKT4xeaSkct925cM1VPX,spotify:track:4wvKT4xeaSkct925cM1VPX,https://api.spotify.com/v1/tracks/4wvKT4xeaSkct925cM1VPX,https://api.spotify.com/v1/audio-analysis/4wvKT4xeaSkct925cM1VPX,225213,4
0.626,0.369,5,-9.266,1,0.0247,0.383,0,0.126,0.443,84.012,audio_features,6iWzvllX0qwmyAUPbqpeta,spotify:track:6iWzvllX0qwmyAUPbqpeta,https://api.spotify.com/v1/tracks/6iWzvllX0qwmyAUPbqpeta,https://api.spotify.com/v1/audio-analysis/6iWzvllX0qwmyAUPbqpeta,211084,4
0.32,0.279,1,-11.605,1,0.0322,0.481,0,0.111,0.151,147.918,audio_features,5dgJxyBNbmtKWaIXUaLnpn,spotify:track:5dgJxyBNbmtKWaIXUaLnpn,https://api.spotify.com/v1/tracks/5dgJxyBNbmtKWaIXUaLnpn,https://api.spotify.com/v1/audio-analysis/5dgJxyBNbmtKWaIXUaLnpn,322560,4
0.687,0.744,1,-4.089,0,0.181,0.289,0,0.0766,0.883,79.984,audio_features,24IFiMb0wULoLBKvHCcWZv,spotify:track:24IFiMb0wULoLBKvHCcWZv,https://api.spotify.com/v1/tracks/24IFiMb0wULoLBKvHCcWZv,https://api.spotify.com/v1/audio-analysis/24IFiMb0wULoLBKvHCcWZv,210813,4
0.577,0.486,9,-6.966,0,0.0548,0.0557,0,0.2,0.236,138.172,audio_features,7eoC95sT8KxeZGPAikDOAm,spotify:track:7eoC95sT8KxeZGPAikDOAm,https://api.spotify.com/v1/tracks/7eoC95sT8KxeZGPAikDOAm,https://api.spotify.com/v1/audio-analysis/7eoC95sT8KxeZGPAikDOAm,229160,3
0.604,0.944,11,-4.147,1,0.141,0.0023,0,0.306,0.921,137.992,audio_features,7rUb0OnJbhItAwalUZ1fN4,spotify:track:7rUb0OnJbhItAwalUZ1fN4,https://api.spotify.com/v1/tracks/7rUb0OnJbhItAwalUZ1fN4,https://api.spotify.com/v1/audio-analysis/7rUb0OnJbhItAwalUZ1fN4,197790,4
0.878,0.441,10,-5.693,0,0.119,0.0165,0.183,0.15,0.152,133.059,audio_features,6gwrGypLuCiU6r7DijWsCI,spotify:track:6gwrGypLuCiU6r7DijWsCI,https://api.spotify.com/v1/tracks/6gwrGypLuCiU6r7DijWsCI,https://api.spotify.com/v1/audio-analysis/6gwrGypLuCiU6r7DijWsCI,109525,4
