danceability,energy,key,loudness,mode,speechiness,acousticness,instrumentalness,liveness,valence,tempo,type,id,uri,track_href,analysis_url,duration_ms,time_signature
0.48,0.784,4,-2.749,1,0.0594,0.00657,1.79e-05,0.134,0.0965,134.876,audio_features,6He0K0vTMdPdbweh18nnrB,spotify:track:6He0K0vTMdPdbweh18nnrB,https://api.spotify.com/v1/tracks/6He0K0vTMdPdbweh18nnrB,https://api.spotify.com/v1/audio-analysis/6He0K0vTMdPdbweh18nnrB,256000,4
0.658,0.772,2,-7.405,1,0.0374,0.347,0.197,0.278,0.467,124.013,audio_features,3xev4ldjHq7qLz6XfgE7G4,spotify:track:3xev4ldjHq7qLz6XfgE7G4,https://api.spotify.com/v1/tracks/3xev4ldjHq7qLz6XfgE7G4,https://api.spotify.com/v1/audio-analysis/3xev4ldjHq7qLz6XfgE7G4,218710,4
0.594,0.481,4,-8.525,0,0.0353,0.629,0.0126,0.0939,0.0671,144.941,audio_features,6NOq79ynBpBi6BSJMdgReN,spotify:track:6NOq79ynBpBi6BSJMdgReN,https://api.spotify.com/v1/tracks/6NOq79ynBpBi6BSJMdgReN,https://api.spotify.com/v1/audio-analysis/6NOq79ynBpBi6BSJMdgReN,296267,4
0.408,0.644,4,-6.811,1,0.0296,0.00646,4.01e-05,0.126,0.091,161.82,audio_features,6XG02pAJ3o728BlMYPedKI,spotify:track:6XG02pAJ3o728BlMYPedKI,https://api.spotify.com/v1/tracks/6XG02pAJ3o728BlMYPedKI,https://api.spotify.com/v1/audio-analysis/6XG02pAJ3o728BlMYPedKI,274427,4
0.558,0.574,11,-6.138,1,0.0362,0.486,0.000148,0.113,0.452,149.828,audio_features,1pxV0DY4TrhKU4LImyZfzs,spotify:track:1pxV0DY4TrhKU4LImyZfzs,https://api.spotify.com/v1/tracks/1pxV0DY4TrhKU4LImyZfzs,https://api.spotify.com/v1/audio-analysis/1pxV0DY4TrhKU4LImyZfzs,219696,4
0.716,0.784,10,-3.792,0,0.0394,0.00336,0,0.104,0.339,120.018,audio_features,1N1ezbQ2MCEMQCSPIBIvgy,spotify:track:1N1ezbQ2MCEMQCSPIBIvgy,https://api.spotify.com/v1/tracks/1N1ezbQ2MCEMQCSPIBIvgy,https://api.spotify.com/v1/audio-analysis/1N1ezbQ2MCEMQCSPIBIvgy,289882,4
0.372,0.847,9,-5.809,1,0.0719,0.00268,0.00187,0.125,0.297,154.054,audio_features,7ezcGxsV4x2vtSF3xEp6gL,spotify:track:7ezcGxsV4x2vtSF3xEp6gL,https://api.spotify.com/v1/tracks/7ezcGxsV4x2vtSF3xEp6gL,https://api.spotify.com/v1/audio-analysis/7ezcGxsV4x2vtSF3xEp6gL,281147,4
0.822,0.6,11,-6.235,0,0.331,0.196,0,0.0835,0.281,142.923,audio_features,2v7EYRJaqHg29z1jnx59yI,spotify:track:2v7EYRJaqHg29z1jnx59yI,https://api.spotify.com/v1/tracks/2v7EYRJaqHg29z1jnx59yI,https://api.spotify.com/v1/audio-analysis/2v7EYRJaqHg29z1jnx59yI,173931,4
0.603,0.772,9,-4.444,1,0.0258,0.015,0,0.143,0.663,103.047,audio_features,7MZIMa29N98fjb7CefC7KJ,spotify:track:7MZIMa29N98fjb7CefC7KJ,https://api.spotify.com/v1/tracks/7MZIMa29N98fjb7CefC7KJ,https://api.spotify.com/v1/audio-analysis/7MZIMa29N98fjb7CefC7KJ,232907,4
