danceability,energy,key,loudness,mode,speechiness,acousticness,instrumentalness,liveness,valence,tempo,type,id,uri,track_href,analysis_url,duration_ms,time_signature
0.649,0.904,5,-5.449,1,0.0389,0.0088,7.89e-06,0.0856,0.444,110.024,audio_features,4iNEdsa4q1iLWG8S1bu1nI,spotify:track:4iNEdsa4q1iLWG8S1bu1nI,https://api.spotify.com/v1/tracks/4iNEdsa4q1iLWG8S1bu1nI,https://api.spotify.com/v1/audio-analysis/4iNEdsa4q1iLWG8S1bu1nI,221579,4
0.548,0.731,5,-6.997,0,0.0704,0.00308,4.02e-05,0.123,0.477,131.973,audio_features,1uoL9GX45dTnmrWQ7Ii1Ft,spotify:track:1uoL9GX45dTnmrWQ7Ii1Ft,https://api.spotify.com/v1/tracks/1uoL9GX45dTnmrWQ7Ii1Ft,https://api.spotify.com/v1/audio-analysis/1uoL9GX45dTnmrWQ7Ii1Ft,226800,4
0.488,0.697,6,-5.602,1,0.0271,4.07e-05,0.0857,0.0855,0.142,88.975,audio_features,6Rub0yVzyuMF8XlPWa5XlG,spotify:track:6Rub0yVzyuMF8XlPWa5XlG,https://api.spotify.com/v1/tracks/6Rub0yVzyuMF8XlPWa5XlG,https://api.spotify.com/v1/audio-analysis/6Rub0yVzyuMF8XlPWa5XlG,272053,4
0.592,0.832,5,-4.806,1,0.0283,0.00397,0.16,0.182,0.441,127.972,audio_features,1QukgQhqTVgT8VFiG6Vxgb,spotify:track:1QukgQhqTVgT8VFiG6Vxgb,https://api.spotify.com/v1/tracks/1QukgQhqTVgT8VFiG6Vxgb,https://api.spotify.com/v1/audio-analysis/1QukgQhqTVgT8VFiG6Vxgb,238360,4
0.512,0.605,6,-7.756,1,0.0428,0.0111,0.00109,0.146,0.231,78.089,audio_features,0eRzcqXn5dLNa5zOXZySMw,spotify:track:0eRzcqXn5dLNa5zOXZySMw,https://api.spotify.com/v1/tracks/0eRzcqXn5dLNa5zOXZySMw,https://api.spotify.com/v1/audio-analysis/0eRzcqXn5dLNa5zOXZySMw,217216,4
0.611,0.797,6,-7.627,0,0.0533,0.00543,0.00137,0.26,0.518,120.041,audio_features,2GiJYvgVaD2HtM8GqD9EgQ,spotify:track:2GiJYvgVaD2HtM8GqD9EgQ,https://api.spotify.com/v1/tracks/2GiJYvgVaD2HtM8GqD9EgQ,https://api.spotify.com/v1/audio-analysis/2GiJYvgVaD2HtM8GqD9EgQ,218107,4
0.588,0.751,0,-7.588,1,0.0328,0.00174,6.57e-05,0.353,0.52,136.979,audio_features,4dTVgHZFPlaq9nPbLVVLSG,spotify:track:4dTVgHZFPlaq9nPbLVVLSG,https://api.spotify.com/v1/tracks/4dTVgHZFPlaq9nPbLVVLSG,https://api.spotify.com/v1/audio-analysis/4dTVgHZFPlaq9nPbLVVLSG,209280,4
0.449,0.635,1,-8.301,1,0.275,0.0413,0,0.188,0.608,84.414,audio_features,7yCqehT9dKACTFy7YugP0J,spotify:track:7yCqehT9dKACTFy7YugP0J,https://api.spotify.com/v1/tracks/7yCqehT9dKACTFy7YugP0J,https://api.spotify.com/v1/audio-analysis/7yCqehT9dKACTFy7YugP0J,218493,4
0.632,0.575,5,-6.478,1,0.029,0.0225,1.81e-06,0.104,0.188,90.037,audio_features,2CPqh63wRVscbceKcPxwvv,spotify:track:2CPqh63wRVscbceKcPxwvv,https://api.spotify.com/v1/tracks/2CPqh63wRVscbceKcPxwvv,https://api.spotify.com/v1/audio-analysis/2CPqh63wRVscbceKcPxwvv,183414,4
