danceability,energy,key,loudness,mode,speechiness,acousticness,instrumentalness,liveness,valence,tempo,type,id,uri,track_href,analysis_url,duration_ms,time_signature
0.735,0.817,5,-4.917,1,0.0383,0.0131,0.000192,0.228,0.365,107.983,audio_features,1PeGhvWt7ZbYvUFgKmx1vd,spotify:track:1PeGhvWt7ZbYvUFgKmx1vd,https://api.spotify.com/v1/tracks/1PeGhvWt7ZbYvUFgKmx1vd,https://api.spotify.com/v1/audio-analysis/1PeGhvWt7ZbYvUFgKmx1vd,230556,4
0.581,0.351,1,-12.03,1,0.0407,0.365,1.81e-05,0.211,0.197,116.018,audio_features,42jtCtNotmkEtg5DC6okfZ,spotify:track:42jtCtNotmkEtg5DC6okfZ,https://api.spotify.com/v1/tracks/42jtCtNotmkEtg5DC6okfZ,https://api.spotify.com/v1/audio-analysis/42jtCtNotmkEtg5DC6okfZ,248950,4
0.706,0.427,8,-6.864,1,0.0879,0.413,0,0.0609,0.42,113.804,audio_features,6D0b04NJIKfEMg040WioJQ,spotify:track:6D0b04NJIKfEMg040WioJQ,https://api.spotify.com/v1/tracks/6D0b04NJIKfEMg040WioJQ,https://api.spotify.com/v1/audio-analysis/6D0b04NJIKfEMg040WioJQ,176320,4
0.657,0.703,1,-3.402,1,0.0753,0.222,0,0.256,0.338,122.381,audio_features,0Zx8khUcEfCFK2AEoIhC92,spotify:track:0Zx8khUcEfCFK2AEoIhC92,https://api.spotify.com/v1/tracks/0Zx8khUcEfCFK2AEoIhC92,https://api.spotify.com/v1/audio-analysis/0Zx8khUcEfCFK2AEoIhC92,214693,4
0.571,0.778,1,-3.721,0,0.124,0.37,9.81e-06,0.143,0.443,119.972,audio_features,6gFSHnsWpiFYt0ApYi4EjM,spotify:track:6gFSHnsWpiFYt0ApYi4EjM,https://api.spotify.com/v1/tracks/6gFSHnsWpiFYt0ApYi4EjM,https://api.spotify.com/v1/audio-analysis/6gFSHnsWpiFYt0ApYi4EjM,239000,4
0.628,0.737,7,-4.437,1,0.041,0.0625,0,0.0777,0.592,91.507,audio_features,1cOyWWUr3oXJIxY0AjJEx9,spotify:track:1cOyWWUr3oXJIxY0AjJEx9,https://api.spotify.com/v1/tracks/1cOyWWUr3oXJIxY0AjJEx9,https://api.spotify.com/v1/audio-analysis/1cOyWWUr3oXJIxY0AjJEx9,185194,4
0.292,0.678,10,-5.595,1,0.0724,0.192,0,0.146,0.365,87.436,audio_features,0tjfognbowyFM3RHTdxjPK,spotify:track:0tjfognbowyFM3RHTdxjPK,https://api.spotify.com/v1/tracks/0tjfognbowyFM3RHTdxjPK,https://api.spotify.com/v1/audio-analysis/0tjfognbowyFM3RHTdxjPK,220403,4
0.737,0.729,5,-6.817,0,0.0354,0.127,2.16e-05,0.077,0.436,111.937,audio_features,6wV12xIUb8oFY7lBy4KuQe,spotify:track:6wV12xIUb8oFY7lBy4KuQe,https://api.spotify.com/v1/tracks/6wV12xIUb8oFY7lBy4KuQe,https://api.spotify.com/v1/audio-analysis/6wV12xIUb8oFY7lBy4KuQe,212564,4
0.735,0.451,0,-8.374,1,0.0585,0.0631,1.3e-05,0.325,0.0862,117.973,audio_features,3NdDpSvN911VPGivFlV5d0,spotify:track:3NdDpSvN911VPGivFlV5d0,https://api.spotify.com/v1/tracks/3NdDpSvN911VPGivFlV5d0,https://api.spotify.com/v1/audio-analysis/3NdDpSvN911VPGivFlV5d0,245200,4
