danceability,energy,key,loudness,mode,speechiness,acousticness,instrumentalness,liveness,valence,tempo,type,id,uri,track_href,analysis_url,duration_ms,time_signature
0.775,0.839,1,-3.878,1,0.148,0.151,6.98e-05,0.184,0.434,108.482,audio_features,1JrvvACl1zjuOae9wUCqUO,spotify:track:1JrvvACl1zjuOae9wUCqUO,https://api.spotify.com/v1/tracks/1JrvvACl1zjuOae9wUCqUO,https://api.spotify.com/v1/audio-analysis/1JrvvACl1zjuOae9wUCqUO,236125,4
0.743,0.571,7,-6.054,0,0.145,0.24,0,0.291,0.495,119.054,audio_features,0ESJlaM8CE1jRWaNtwSNj8,spotify:track:0ESJlaM8CE1jRWaNtwSNj8,https://api.spotify.com/v1/tracks/0ESJlaM8CE1jRWaNtwSNj8,https://api.spotify.com/v1/audio-analysis/0ESJlaM8CE1jRWaNtwSNj8,213863,4
0.744,0.589,5,-1.218,0,0.0359,0.36,0,0.119,0.242,127.051,audio_features,1Ci4wASMY4xtKVMeHA6Sd5,spotify:track:1Ci4wASMY4xtKVMeHA6Sd5,https://api.spotify.com/v1/tracks/1Ci4wASMY4xtKVMeHA6Sd5,https://api.spotify.com/v1/audio-analysis/1Ci4wASMY4xtKVMeHA6Sd5,286236,4
0.713,0.526,1,-5.046,1,0.032,0.00767,0.000148,0.124,0.131,131.05,audio_features,1wHZx0LgzFHyeIZkUydNXq,spotify:track:1wHZx0LgzFHyeIZkUydNXq,https://api.spotify.com/v1/tracks/1wHZx0LgzFHyeIZkUydNXq,https://api.spotify.com/v1/audio-analysis/1wHZx0LgzFHyeIZkUydNXq,262693,4
0.853,0.693,1,-6.87,1,0.275,0.0239,0,0.11,0.662,95.967,audio_features,4X5f3vT8MRuXF68pfjNte5,spotify:track:4X5f3vT8MRuXF68pfjNte5,https://api.spotify.com/v1/tracks/4X5f3vT8MRuXF68pfjNte5,https://api.spotify.com/v1/audio-analysis/4X5f3vT8MRuXF68pfjNte5,233787,4
0.485,0.72,6,-5.991,1,0.127,0.0123,0,0.0546,0.0471,207.982,audio_features,1j6kDJttn6wbVyMaM42Nxm,spotify:track:1j6kDJttn6wbVyMaM42Nxm,https://api.spotify.com/v1/tracks/1j6kDJttn6wbVyMaM42Nxm,https://api.spotify.com/v1/audio-analysis/1j6kDJttn6wbVyMaM42Nxm,126960,4
0.749,0.865,3,-5.228,1,0.0413,0.00536,0,0.198,0.371,111.914,audio_features,5SsR3wtCOafDmZgvIdRhSm,spotify:track:5SsR3wtCOafDmZgvIdRhSm,https://api.spotify.com/v1/tracks/5SsR3wtCOafDmZgvIdRhSm,https://api.spotify.com/v1/audio-analysis/5SsR3wtCOafDmZgvIdRhSm,216013,4
0.927,0.535,6,-7.59,0,0.0911,0.0855,0,0.136,0.336,112.96,audio_features,2yJ9GVCLMmzBBfQAnfzlwr,spotify:track:2yJ9GVCLMmzBBfQAnfzlwr,https://api.spotify.com/v1/tracks/2yJ9GVCLMmzBBfQAnfzlwr,https://api.spotify.com/v1/audio-analysis/2yJ9GVCLMmzBBfQAnfzlwr,313573,4
0.629,0.892,3,-5.254,0,0.122,0.0315,0,0.135,0.448,72.015,audio_features,2glfyBSK3wqoumtEVN1F07,spotify:track:2glfyBSK3wqoumtEVN1F07,https://api.spotify.com/v1/tracks/2glfyBSK3wqoumtEVN1F07,https://api.spotify.com/v1/audio-analysis/2glfyBSK3wqoumtEVN1F07,287360,4
