danceability,energy,key,loudness,mode,speechiness,acousticness,instrumentalness,liveness,valence,tempo,type,id,uri,track_href,analysis_url,duration_ms,time_signature
0.841,0.733,1,-5.077,1,0.142,0.0246,0,0.174,0.284,130.009,audio_features,7xVLFuuYdAvcTfcP3IG3dS,spotify:track:7xVLFuuYdAvcTfcP3IG3dS,https://api.spotify.com/v1/tracks/7xVLFuuYdAvcTfcP3IG3dS,https://api.spotify.com/v1/audio-analysis/7xVLFuuYdAvcTfcP3IG3dS,283693,4
0.812,0.648,2,-4.994,1,0.0887,0.0951,0,0.11,0.246,130.022,audio_features,4XkOcWt0C2JX1s2RXybosk,spotify:track:4XkOcWt0C2JX1s2RXybosk,https://api.spotify.com/v1/tracks/4XkOcWt0C2JX1s2RXybosk,https://api.spotify.com/v1/audio-analysis/4XkOcWt0C2JX1s2RXybosk,268115,4
0.723,0.528,1,-9.34,1,0.162,0.142,0,0.0858,0.238,109.936,audio_features,3CC6Jhbb37DbuELhpMAj9Q,spotify:track:3CC6Jhbb37DbuELhpMAj9Q,https://api.spotify.com/v1/tracks/3CC6Jhbb37DbuELhpMAj9Q,https://api.spotify.com/v1/audio-analysis/3CC6Jhbb37DbuELhpMAj9Q,162545,4
0.735,0.749,10,-3.766,0,0.0874,0.371,0,0.47,0.373,93.718,audio_features,4z0PnuB07fxtVZZRWsCfxb,spotify:track:4z0PnuB07fxtVZZRWsCfxb,https://api.spotify.com/v1/tracks/4z0PnuB07fxtVZZRWsCfxb,https://api.spotify.com/v1/audio-analysis/4z0PnuB07fxtVZZRWsCfxb,278507,4
0.724,0.573,7,-4.113,1,0.0549,0.118,0,0.538,0.438,113.088,audio_features,4KW1lqgSr8TKrvBII0Brf8,spotify:track:4KW1lqgSr8TKrvBII0Brf8,https://api.spotify.com/v1/tracks/4KW1lqgSr8TKrvBII0Brf8,https://api.spotify.com/v1/audio-analysis/4KW1lqgSr8TKrvBII0Brf8,135920,4
0.692,0.774,6,-2.48,0,0.0876,0.0623,0,0.873,0.349,134.952,audio_features,2nBI3iWLhupR7LyAJ5GGkE,spotify:track:2nBI3iWLhupR7LyAJ5GGkE,https://api.spotify.com/v1/tracks/2nBI3iWLhupR7LyAJ5GGkE,https://api.spotify.com/v1/audio-analysis/2nBI3iWLhupR7LyAJ5GGkE,334253,4
0.8,0.696,6,-5.354,0,0.393,0.0818,0,0.121,0.628,159.953,audio_features,71DReAbBp5AfCwCqakfqmQ,spotify:track:71DReAbBp5AfCwCqakfqmQ,https://api.spotify.com/v1/tracks/71DReAbBp5AfCwCqakfqmQ,https://api.spotify.com/v1/audio-analysis/71DReAbBp5AfCwCqakfqmQ,137770,4
0.849,0.736,9,-6.661,1,0.147,0.00493,0,0.0757,0.271,147.904,audio_features,40zwfL4MFqa3LN5Cauu70u,spotify:track:40zwfL4MFqa3LN5Cauu70u,https://api.spotify.com/v1/tracks/40zwfL4MFqa3LN5Cauu70u,https://api.spotify.com/v1/audio-analysis/40zwfL4MFqa3LN5Cauu70u,173479,4
0.772,0.413,0,-8.193,0,0.089,0.0361,0,0.111,0.211,131.965,audio_features,4IowQDUOzUvNtp72HMDcKO,spotify:track:4IowQDUOzUvNtp72HMDcKO,https://api.spotify.com/v1/tracks/4IowQDUOzUvNtp72HMDcKO,https://api.spotify.com/v1/audio-analysis/4IowQDUOzUvNtp72HMDcKO,246213,4
