danceability,energy,key,loudness,mode,speechiness,acousticness,instrumentalness,liveness,valence,tempo,type,id,uri,track_href,analysis_url,duration_ms,time_signature
0.925,0.549,7,-6.572,1,0.0656,0.396,0.000154,0.11,0.0904,100.014,audio_features,4uQ7wYsuL0DryknoDc11Hk,spotify:track:4uQ7wYsuL0DryknoDc11Hk,https://api.spotify.com/v1/tracks/4uQ7wYsuL0DryknoDc11Hk,https://api.spotify.com/v1/audio-analysis/4uQ7wYsuL0DryknoDc11Hk,183160,4
0.63,0.605,0,-8.951,1,0.0414,0.484,9.29e-05,0.298,0.266,115.277,audio_features,5iSEsR6NKjlC9SrIJkyL3k,spotify:track:5iSEsR6NKjlC9SrIJkyL3k,https://api.spotify.com/v1/tracks/5iSEsR6NKjlC9SrIJkyL3k,https://api.spotify.com/v1/audio-analysis/5iSEsR6NKjlC9SrIJkyL3k,295293,4
0.871,0.44,11,-6.25,0,0.0761,0.499,4.15e-06,0.114,0.799,137.996,audio_features,5FEXPoPnzueFJQCPRIrC3c,spotify:track:5FEXPoPnzueFJQCPRIrC3c,https://api.spotify.com/v1/tracks/5FEXPoPnzueFJQCPRIrC3c,https://api.spotify.com/v1/audio-analysis/5FEXPoPnzueFJQCPRIrC3c,221267,4
0.654,0.95,1,-3.163,1,0.137,0.00223,0,0.406,0.351,140.009,audio_features,4LoMziEaxdkrSMXtavIJqL,spotify:track:4LoMziEaxdkrSMXtavIJqL,https://api.spotify.com/v1/tracks/4LoMziEaxdkrSMXtavIJqL,https://api.spotify.com/v1/audio-analysis/4LoMziEaxdkrSMXtavIJqL,228027,4
0.66,0.881,10,-6.119,0,0.0849,0.0722,3.4e-05,0.362,0.586,120.017,audio_features,1RUTIdTnFs8lHSc0Zr4UJB,spotify:track:1RUTIdTnFs8lHSc0Zr4UJB,https://api.spotify.com/v1/tracks/1RUTIdTnFs8lHSc0Zr4UJB,https://api.spotify.com/v1/audio-analysis/1RUTIdTnFs8lHSc0Zr4UJB,227347,4
0.55,0.855,0,-5.032,1,0.285,0.169,0.00559,0.154,0.38,177.375,audio_features,1OWQpo4wfNRXGm7vBe6vd3,spotify:track:1OWQpo4wfNRXGm7vBe6vd3,https://api.spotify.com/v1/tracks/1OWQpo4wfNRXGm7vBe6vd3,https://api.spotify.com/v1/audio-analysis/1OWQpo4wfNRXGm7vBe6vd3,281507,4
0.843,0.506,11,-11.312,1,0.285,0.278,6.34e-06,0.129,0.441,122.448,audio_features,2714ySK1pbOIGZwABmRyAz,spotify:track:2714ySK1pbOIGZwABmRyAz,https://api.spotify.com/v1/tracks/2714ySK1pbOIGZwABmRyAz,https://api.spotify.com/v1/audio-analysis/2714ySK1pbOIGZwABmRyAz,331347,4
0.859,0.445,2,-9.161,1,0.363,0.0353,0,0.16,0.147,140.045,audio_features,4sY3JiBfTCqInH7Tov3dxx,spotify:track:4sY3JiBfTCqInH7Tov3dxx,https://api.spotify.com/v1/tracks/4sY3JiBfTCqInH7Tov3dxx,https://api.spotify.com/v1/audio-analysis/4sY3JiBfTCqInH7Tov3dxx,249360,4
0.628,0.618,5,-8.4,0,0.313,0.0113,0,0.109,0.362,110.007,audio_features,6Hr77eZSmaVGgH0vVulMUH,spotify:track:6Hr77eZSmaVGgH0vVulMUH,https://api.spotify.com/v1/tracks/6Hr77eZSmaVGgH0vVulMUH,https://api.spotify.com/v1/audio-analysis/6Hr77eZSmaVGgH0vVulMUH,241520,4
