danceability,energy,key,loudness,mode,speechiness,acousticness,instrumentalness,liveness,valence,tempo,type,id,uri,track_href,analysis_url,duration_ms,time_signature
0.785,0.62,8,-6.667,1,0.254,0.0138,0,0.15,0.478,78.477,audio_features,59J5nzL1KniFHnU120dQzt,spotify:track:59J5nzL1KniFHnU120dQzt,https://api.spotify.com/v1/tracks/59J5nzL1KniFHnU120dQzt,https://api.spotify.com/v1/audio-analysis/59J5nzL1KniFHnU120dQzt,235535,4
0.645,0.606,10,-8.074,0,0.512,0.292,0,0.129,0.121,118.8,audio_features,4UaWrzY75h1tAvlxa4NKP9,spotify:track:4UaWrzY75h1tAvlxa4NKP9,https://api.spotify.com/v1/tracks/4UaWrzY75h1tAvlxa4NKP9,https://api.spotify.com/v1/audio-analysis/4UaWrzY75h1tAvlxa4NKP9,301960,4
0.692,0.521,10,-8.465,0,0.33,0.301,0,0.0565,0.463,100.45,audio_features,62vpWI1CHwFy7tMIcSStl8,spotify:track:62vpWI1CHwFy7tMIcSStl8,https://api.spotify.com/v1/tracks/62vpWI1CHwFy7tMIcSStl8,https://api.spotify.com/v1/audio-analysis/62vpWI1CHwFy7tMIcSStl8,292987,4
0.898,0.283,6,-12.335,0,0.356,0.319,0.000383,0.11,0.469,138.97,audio_features,0utlOiJy2weVl9WTkcEWHy,spotify:track:0utlOiJy2weVl9WTkcEWHy,https://api.spotify.com/v1/tracks/0utlOiJy2weVl9WTkcEWHy,https://api.spotify.com/v1/audio-analysis/0utlOiJy2weVl9WTkcEWHy,216520,4
0.657,0.421,9,-11.378,1,0.412,0.352,0.000218,0.187,0.181,174.063,audio_features,6I6NX6tjGsxFAsIfGzY9lJ,spotify:track:6I6NX6tjGsxFAsIfGzY9lJ,https://api.spotify.com/v1/tracks/6I6NX6tjGsxFAsIfGzY9lJ,https://api.spotify.com/v1/audio-analysis/6I6NX6tjGsxFAsIfGzY9lJ,264747,4
0.859,0.741,9,-3.201,0,0.35,0.0248,0,0.14,0.47,84.983,audio_features,5M708qYwdT7xyQqO0WXnzm,spotify:track:5M708qYwdT7xyQqO0WXnzm,https://api.spotify.com/v1/tracks/5M708qYwdT7xyQqO0WXnzm,https://api.spotify.com/v1/audio-analysis/5M708qYwdT7xyQqO0WXnzm,160853,4
0.515,0.759,8,-7.416,1,0.34,0.0628,0.00326,0.182,0.427,100.157,audio_features,6Jw6r03w9cTW5HmyArOGiu,spotify:track:6Jw6r03w9cTW5HmyArOGiu,https://api.spotify.com/v1/tracks/6Jw6r03w9cTW5HmyArOGiu,https://api.spotify.com/v1/audio-analysis/6Jw6r03w9cTW5HmyArOGiu,181888,4
0.838,0.765,7,-6.299,1,0.28,0.0283,1.5e-05,0.0779,0.635,137.767,audio_features,2rqUblDWJKlMVwh9uJc0Vv,spotify:track:2rqUblDWJKlMVwh9uJc0Vv,https://api.spotify.com/v1/tracks/2rqUblDWJKlMVwh9uJc0Vv,https://api.spotify.com/v1/audio-analysis/2rqUblDWJKlMVwh9uJc0Vv,302004,4
0.797,0.844,11,-5.482,1,0.275,0.0651,0,0.087,0.52,170.142,audio_features,4dVpf9jZjcORqGTLUaeYj9,spotify:track:4dVpf9jZjcORqGTLUaeYj9,https://api.spotify.com/v1/tracks/4dVpf9jZjcORqGTLUaeYj9,https://api.spotify.com/v1/audio-analysis/4dVpf9jZjcORqGTLUaeYj9,173600,4
