danceability,energy,key,loudness,mode,speechiness,acousticness,instrumentalness,liveness,valence,tempo,type,id,uri,track_href,analysis_url,duration_ms,time_signature
0.826,0.422,3,-8.217,0,0.11,0.483,0,0.108,0.223,119.997,audio_features,0jiW3PNiHJxOhWh9oPBJ7m,spotify:track:0jiW3PNiHJxOhWh9oPBJ7m,https://api.spotify.com/v1/tracks/0jiW3PNiHJxOhWh9oPBJ7m,https://api.spotify.com/v1/audio-analysis/0jiW3PNiHJxOhWh9oPBJ7m,228107,4
0.796,0.5,1,-7.21,1,0.425,0.118,0,0.155,0.227,75.012,audio_features,1nX9KhK3Fff27SnrIor2Yb,spotify:track:1nX9KhK3Fff27SnrIor2Yb,https://api.spotify.com/v1/tracks/1nX9KhK3Fff27SnrIor2Yb,https://api.spotify.com/v1/audio-analysis/1nX9KhK3Fff27SnrIor2Yb,255560,4
0.766,0.615,10,-4.227,0,0.0492,0.0225,0.0601,0.167,0.167,129.973,audio_features,0NUv9KAJeJM6dndf1rXbU9,spotify:track:0NUv9KAJeJM6dndf1rXbU9,https://api.spotify.com/v1/tracks/0NUv9KAJeJM6dndf1rXbU9,https://api.spotify.com/v1/audio-analysis/0NUv9KAJeJM6dndf1rXbU9,221533,4
0.822,0.502,7,-7.38,1,0.148,0.0312,0.000887,0.114,0.525,73.003,audio_features,6H0AwSQ20mo62jGlPGB8S6,spotify:track:6H0AwSQ20mo62jGlPGB8S6,https://api.spotify.com/v1/tracks/6H0AwSQ20mo62jGlPGB8S6,https://api.spotify.com/v1/audio-analysis/6H0AwSQ20mo62jGlPGB8S6,210200,4
0.884,0.347,8,-8.227,0,0.35,0.015,7e-06,0.0871,0.376,75.016,audio_features,2fQrGHiQOvpL9UgPvtYy6G,spotify:track:2fQrGHiQOvpL9UgPvtYy6G,https://api.spotify.com/v1/tracks/2fQrGHiQOvpL9UgPvtYy6G,https://api.spotify.com/v1/audio-analysis/2fQrGHiQOvpL9UgPvtYy6G,220307,4
0.839,0.436,5,-11.344,0,0.285,0.0438,2.7e-06,0.131,0.464,82.009,audio_features,1vc2YF7ZvUtwr45HNpdGch,spotify:track:1vc2YF7ZvUtwr45HNpdGch,https://api.spotify.com/v1/tracks/1vc2YF7ZvUtwr45HNpdGch,https://api.spotify.com/v1/audio-analysis/1vc2YF7ZvUtwr45HNpdGch,271307,4
0.835,0.413,1,-9.81,1,0.396,0.373,0.00133,0.101,0.111,149.004,audio_features,6fwdbPMwP1zVStm8FybmkO,spotify:track:6fwdbPMwP1zVStm8FybmkO,https://api.spotify.com/v1/tracks/6fwdbPMwP1zVStm8FybmkO,https://api.spotify.com/v1/audio-analysis/6fwdbPMwP1zVStm8FybmkO,258880,4
0.782,0.359,0,-9.335,0,0.283,0.199,0.00105,0.106,0.0708,143.041,audio_features,52hRcWmjRNFuVJv3Qi7EeF,spotify:track:52hRcWmjRNFuVJv3Qi7EeF,https://api.spotify.com/v1/tracks/52hRcWmjRNFuVJv3Qi7EeF,https://api.spotify.com/v1/audio-analysis/52hRcWmjRNFuVJv3Qi7EeF,249587,4
0.855,0.522,3,-5.54,1,0.226,0.196,0,0.1,0.355,139.917,audio_features,2okC0OWtgS86P2LC18IzHy,spotify:track:2okC0OWtgS86P2LC18IzHy,https://api.spotify.com/v1/tracks/2okC0OWtgS86P2LC18IzHy,https://api.spotify.com/v1/audio-analysis/2okC0OWtgS86P2LC18IzHy,238530,4
