danceability,energy,key,loudness,mode,speechiness,acousticness,instrumentalness,liveness,valence,tempo,type,id,uri,track_href,analysis_url,duration_ms,time_signature
0.735,0.82,0,-6.402,0,0.0331,0.00834,0,0.0954,0.518,134.889,audio_features,20pguJOHdlb603yCrPOzAy,spotify:track:20pguJOHdlb603yCrPOzAy,https://api.spotify.com/v1/tracks/20pguJOHdlb603yCrPOzAy,https://api.spotify.com/v1/audio-analysis/20pguJOHdlb603yCrPOzAy,177003,4
0.692,0.497,1,-7.252,0,0.108,0.134,0.000207,0.111,0.309,135.027,audio_features,0DpQ59d7bDBrdyHg7VTFpM,spotify:track:0DpQ59d7bDBrdyHg7VTFpM,https://api.spotify.com/v1/tracks/0DpQ59d7bDBrdyHg7VTFpM,https://api.spotify.com/v1/audio-analysis/0DpQ59d7bDBrdyHg7VTFpM,241842,4
0.409,0.736,6,-5.686,1,0.495,0.764,0,0.0837,0.451,185.114,audio_features,0B3KOB7fkjOlCFe075aial,spotify:track:0B3KOB7fkjOlCFe075aial,https://api.spotify.com/v1/tracks/0B3KOB7fkjOlCFe075aial,https://api.spotify.com/v1/audio-analysis/0B3KOB7fkjOlCFe075aial,271305,3
0.884,0.709,3,-6.258,1,0.418,0.169,0,0.136,0.495,75.027,audio_features,3aovO5W4cvJxV6MEUOYtnM,spotify:track:3aovO5W4cvJxV6MEUOYtnM,https://api.spotify.com/v1/tracks/3aovO5W4cvJxV6MEUOYtnM,https://api.spotify.com/v1/audio-analysis/3aovO5W4cvJxV6MEUOYtnM,166440,4
0.856,0.548,8,-6.658,1,0.205,0.0977,0,0.115,0.312,130.063,audio_features,44gZSuP2nPUvab9ajBrnVM,spotify:track:44gZSuP2nPUvab9ajBrnVM,https://api.spotify.com/v1/tracks/44gZSuP2nPUvab9ajBrnVM,https://api.spotify.com/v1/audio-analysis/44gZSuP2nPUvab9ajBrnVM,199987,4
0.695,0.502,8,-5.389,1,0.279,0.0678,0,0.11,0.447,173.916,audio_features,2AyyImkxFBEhfPmIe46Ppl,spotify:track:2AyyImkxFBEhfPmIe46Ppl,https://api.spotify.com/v1/tracks/2AyyImkxFBEhfPmIe46Ppl,https://api.spotify.com/v1/audio-analysis/2AyyImkxFBEhfPmIe46Ppl,256560,3
0.646,0.647,11,-8.361,0,0.168,0.0633,0,0.346,0.185,123.994,audio_features,4ISLRAqJbSgvkqRgiCaikS,spotify:track:4ISLRAqJbSgvkqRgiCaikS,https://api.spotify.com/v1/tracks/4ISLRAqJbSgvkqRgiCaikS,https://api.spotify.com/v1/audio-analysis/4ISLRAqJbSgvkqRgiCaikS,176040,4
0.755,0.629,0,-8.284,1,0.312,0.32,0,0.126,0.591,143.083,audio_features,59e7E2LMPZ2bhW5G6aCwX8,spotify:track:59e7E2LMPZ2bhW5G6aCwX8,https://api.spotify.com/v1/tracks/59e7E2LMPZ2bhW5G6aCwX8,https://api.spotify.com/v1/audio-analysis/59e7E2LMPZ2bhW5G6aCwX8,188853,4
0.841,0.728,7,-3.37,1,0.0484,0.0847,0,0.149,0.43,130.049,audio_features,6gBFPUFcJLzWGx4lenP6h2,spotify:track:6gBFPUFcJLzWGx4lenP6h2,https://api.spotify.com/v1/tracks/6gBFPUFcJLzWGx4lenP6h2,https://api.spotify.com/v1/audio-analysis/6gBFPUFcJLzWGx4lenP6h2,243837,4
