danceability,energy,key,loudness,mode,speechiness,acousticness,instrumentalness,liveness,valence,tempo,type,id,uri,track_href,analysis_url,duration_ms,time_signature
0.732,0.69,0,-4.992,0,0.134,0.291,0,0.116,0.758,143.072,audio_features,4jTiyLlOJVJj3mCr7yfPQD,spotify:track:4jTiyLlOJVJj3mCr7yfPQD,https://api.spotify.com/v1/tracks/4jTiyLlOJVJj3mCr7yfPQD,https://api.spotify.com/v1/audio-analysis/4jTiyLlOJVJj3mCr7yfPQD,206307,4
0.891,0.486,6,-7.803,1,0.159,0.0158,3.78e-06,0.0925,0.239,125.01,audio_features,4scpF6J5uMBvoh6sFB7EL1,spotify:track:4scpF6J5uMBvoh6sFB7EL1,https://api.spotify.com/v1/tracks/4scpF6J5uMBvoh6sFB7EL1,https://api.spotify.com/v1/audio-analysis/4scpF6J5uMBvoh6sFB7EL1,200080,4
0.786,0.583,0,-7.415,1,0.0393,0.0552,1.84e-06,0.326,0.229,120.024,audio_features,2IGr3q6ljcpLvHDFLtI0yW,spotify:track:2IGr3q6ljcpLvHDFLtI0yW,https://api.spotify.com/v1/tracks/2IGr3q6ljcpLvHDFLtI0yW,https://api.spotify.com/v1/audio-analysis/2IGr3q6ljcpLvHDFLtI0yW,228000,4
0.775,0.47,2,-8.204,1,0.0475,0.0828,0,0.0951,0.224,118.016,audio_features,6kRctUEvX9wU9Jp2rMrXgr,spotify:track:6kRctUEvX9wU9Jp2rMrXgr,https://api.spotify.com/v1/tracks/6kRctUEvX9wU9Jp2rMrXgr,https://api.spotify.com/v1/audio-analysis/6kRctUEvX9wU9Jp2rMrXgr,211573,4
0.675,0.562,7,-7.678,1,0.0352,0.233,0,0.0816,0.309,130.098,audio_features,6eT7xZZlB2mwyzJ2sUKG6w,spotify:track:6eT7xZZlB2mwyzJ2sUKG6w,https://api.spotify.com/v1/tracks/6eT7xZZlB2mwyzJ2sUKG6w,https://api.spotify.com/v1/audio-analysis/6eT7xZZlB2mwyzJ2sUKG6w,256533,4
0.665,0.498,5,-8.185,1,0.0832,0.228,0,0.0757,0.127,81.967,audio_features,5yuShbu70mtHXY0yLzCQLQ,spotify:track:5yuShbu70mtHXY0yLzCQLQ,https://api.spotify.com/v1/tracks/5yuShbu70mtHXY0yLzCQLQ,https://api.spotify.com/v1/audio-analysis/5yuShbu70mtHXY0yLzCQLQ,179613,4
0.897,0.448,1,-8.874,1,0.0766,0.000725,1.17e-05,0.365,0.316,145.971,audio_features,2nYwV62UABTH0NanrwVIdQ,spotify:track:2nYwV62UABTH0NanrwVIdQ,https://api.spotify.com/v1/tracks/2nYwV62UABTH0NanrwVIdQ,https://api.spotify.com/v1/audio-analysis/2nYwV62UABTH0NanrwVIdQ,204787,4
0.791,0.582,11,-7.323,0,0.286,0.0114,0,0.35,0.443,162.991,audio_features,1e1JKLEDKP7hEQzJfNAgPl,spotify:track:1e1JKLEDKP7hEQzJfNAgPl,https://api.spotify.com/v1/tracks/1e1JKLEDKP7hEQzJfNAgPl,https://api.spotify.com/v1/audio-analysis/1e1JKLEDKP7hEQzJfNAgPl,181812,4
0.848,0.663,8,-5.606,0,0.245,0.523,0,0.108,0.333,133.993,audio_features,4pdgV8qr9Oytcv6thCdiIZ,spotify:track:4pdgV8qr9Oytcv6thCdiIZ,https://api.spotify.com/v1/tracks/4pdgV8qr9Oytcv6thCdiIZ,https://api.spotify.com/v1/audio-analysis/4pdgV8qr9Oytcv6thCdiIZ,255413,4
