danceability,energy,key,loudness,mode,speechiness,acousticness,instrumentalness,liveness,valence,tempo,type,id,uri,track_href,analysis_url,duration_ms,time_signature
0.417,0.561,4,-6.649,0,0.157,0.201,0,0.0795,0.212,73.41,audio_features,1n4DvfBVud7Sgyur0hbwwa,spotify:track:1n4DvfBVud7Sgyur0hbwwa,https://api.spotify.com/v1/tracks/1n4DvfBVud7Sgyur0hbwwa,https://api.spotify.com/v1/audio-analysis/1n4DvfBVud7Sgyur0hbwwa,225685,4
0.551,0.637,0,-5.529,1,0.0274,0.0406,0,0.0983,0.272,119.849,audio_features,1DP3tixUaj6mNz3Y4sfMN8,spotify:track:1DP3tixUaj6mNz3Y4sfMN8,https://api.spotify.com/v1/tracks/1DP3tixUaj6mNz3Y4sfMN8,https://api.spotify.com/v1/audio-analysis/1DP3tixUaj6mNz3Y4sfMN8,218547,4
0.763,0.498,2,-5.659,1,0.0556,0.216,1.83e-06,0.585,0.625,104.95,audio_features,2a3t5UK8jQQyR2Ew0RivEt,spotify:track:2a3t5UK8jQQyR2Ew0RivEt,https://api.spotify.com/v1/tracks/2a3t5UK8jQQyR2Ew0RivEt,https://api.spotify.com/v1/audio-analysis/2a3t5UK8jQQyR2Ew0RivEt,206992,4
0.726,0.484,2,-6.707,0,0.0477,0.274,2.44e-06,0.0874,0.561,62.493,audio_features,0TGTE9TEh9qzuFwmtRNICn,spotify:track:0TGTE9TEh9qzuFwmtRNICn,https://api.spotify.com/v1/tracks/0TGTE9TEh9qzuFwmtRNICn,https://api.spotify.com/v1/audio-analysis/0TGTE9TEh9qzuFwmtRNICn,214280,4
0.779,0.787,10,-4.305,0,0.108,0.0524,0,0.14,0.708,124.982,audio_features,0CcQNd8CINkwQfe1RDtGV6,spotify:track:0CcQNd8CINkwQfe1RDtGV6,https://api.spotify.com/v1/tracks/0CcQNd8CINkwQfe1RDtGV6,https://api.spotify.com/v1/audio-analysis/0CcQNd8CINkwQfe1RDtGV6,204347,4
0.594,0.838,10,-5.052,0,0.0565,0.00658,0.0172,0.281,0.382,91.014,audio_features,2bb3deX7oMA0KBSpakWttb,spotify:track:2bb3deX7oMA0KBSpakWttb,https://api.spotify.com/v1/tracks/2bb3deX7oMA0KBSpakWttb,https://api.spotify.com/v1/audio-analysis/2bb3deX7oMA0KBSpakWttb,200619,4
0.737,0.755,2,-4.767,1,0.0485,0.148,6.79e-05,0.0945,0.333,139.96,audio_features,5H6F1Jjq4IF8cYXTCcrq41,spotify:track:5H6F1Jjq4IF8cYXTCcrq41,https://api.spotify.com/v1/tracks/5H6F1Jjq4IF8cYXTCcrq41,https://api.spotify.com/v1/audio-analysis/5H6F1Jjq4IF8cYXTCcrq41,198335,4
0.619,0.696,9,-5.075,0,0.0516,0.0459,0.00459,0.049,0.425,160.055,audio_features,2u5v6Q8IYbME93DylS1QIc,spotify:track:2u5v6Q8IYbME93DylS1QIc,https://api.spotify.com/v1/tracks/2u5v6Q8IYbME93DylS1QIc,https://api.spotify.com/v1/audio-analysis/2u5v6Q8IYbME93DylS1QIc,234867,4
0.822,0.489,2,-10.271,1,0.503,0.116,0.00038,0.0854,0.445,80.158,audio_features,25pH7QmgXDOIFbhKa3u7UI,spotify:track:25pH7QmgXDOIFbhKa3u7UI,https://api.spotify.com/v1/tracks/25pH7QmgXDOIFbhKa3u7UI,https://api.spotify.com/v1/audio-analysis/25pH7QmgXDOIFbhKa3u7UI,213000,4
