danceability,energy,key,loudness,mode,speechiness,acousticness,instrumentalness,liveness,valence,tempo,type,id,uri,track_href,analysis_url,duration_ms,time_signature
0.547,0.778,1,-4.529,1,0.0276,0.000111,0.0136,0.138,0.16,136.98,audio_features,3aVyHFxRkf8lSjhWdJ68AW,spotify:track:3aVyHFxRkf8lSjhWdJ68AW,https://api.spotify.com/v1/tracks/3aVyHFxRkf8lSjhWdJ68AW,https://api.spotify.com/v1/audio-analysis/3aVyHFxRkf8lSjhWdJ68AW,262000,4
0.544,0.254,3,-8.981,1,0.0324,0.588,1.36e-05,0.0937,0.0384,143.941,audio_features,1OCSXzTwudWcGZTID3w8kj,spotify:track:1OCSXzTwudWcGZTID3w8kj,https://api.spotify.com/v1/tracks/1OCSXzTwudWcGZTID3w8kj,https://api.spotify.com/v1/audio-analysis/1OCSXzTwudWcGZTID3w8kj,273240,4
0.581,0.921,7,-4.454,0,0.0354,0.00637,9.09e-05,0.395,0.438,124.439,audio_features,6CQILF6MIWOutZobpjbvhM,spotify:track:6CQILF6MIWOutZobpjbvhM,https://api.spotify.com/v1/tracks/6CQILF6MIWOutZobpjbvhM,https://api.spotify.com/v1/audio-analysis/6CQILF6MIWOutZobpjbvhM,239333,4
0.504,0.917,10,-3.327,1,0.0393,0.0123,0,0.101,0.501,102.0,audio_features,5QnlRrVdU5oPOc4sXaqKS7,spotify:track:5QnlRrVdU5oPOc4sXaqKS7,https://api.spotify.com/v1/tracks/5QnlRrVdU5oPOc4sXaqKS7,https://api.spotify.com/v1/audio-analysis/5QnlRrVdU5oPOc4sXaqKS7,279560,4
0.628,0.845,4,-4.02,0,0.0552,0.0438,0.000115,0.111,0.45,109.845,audio_features,1hQ7QP3sFDVCJQEK3ul4ci,spotify:track:1hQ7QP3sFDVCJQEK3ul4ci,https://api.spotify.com/v1/tracks/1hQ7QP3sFDVCJQEK3ul4ci,https://api.spotify.com/v1/audio-analysis/1hQ7QP3sFDVCJQEK3ul4ci,222413,4
0.495,0.944,10,-2.275,1,0.144,0.229,0,0.257,0.623,86.775,audio_features,1tRaLaOOJE9sJi4E69ZiQo,spotify:track:1tRaLaOOJE9sJi4E69ZiQo,https://api.spotify.com/v1/tracks/1tRaLaOOJE9sJi4E69ZiQo,https://api.spotify.com/v1/audio-analysis/1tRaLaOOJE9sJi4E69ZiQo,191280,4
0.571,0.686,6,-6.698,1,0.027,0.00403,0.00105,0.22,0.352,110.022,audio_features,0T8ibs120UwmNjAjaUg3XV,spotify:track:0T8ibs120UwmNjAjaUg3XV,https://api.spotify.com/v1/tracks/0T8ibs120UwmNjAjaUg3XV,https://api.spotify.com/v1/audio-analysis/0T8ibs120UwmNjAjaUg3XV,256133,4
0.795,0.596,11,-3.799,0,0.219,0.103,0,0.164,0.357,101.985,audio_features,6vt0I1cw1YmAIKDJvHVIM5,spotify:track:6vt0I1cw1YmAIKDJvHVIM5,https://api.spotify.com/v1/tracks/6vt0I1cw1YmAIKDJvHVIM5,https://api.spotify.com/v1/audio-analysis/6vt0I1cw1YmAIKDJvHVIM5,326280,4
0.574,0.512,5,-6.664,0,0.0503,0.234,0,0.0946,0.512,76.899,audio_features,4rHZZAmHpZrA3iH5zx8frV,spotify:track:4rHZZAmHpZrA3iH5zx8frV,https://api.spotify.com/v1/tracks/4rHZZAmHpZrA3iH5zx8frV,https://api.spotify.com/v1/audio-analysis/4rHZZAmHpZrA3iH5zx8frV,484147,4
