danceability,energy,key,loudness,mode,speechiness,acousticness,instrumentalness,liveness,valence,tempo,type,id,uri,track_href,analysis_url,duration_ms,time_signature
0.394,0.855,2,-4.204,1,0.0554,0.0339,0.0132,0.243,0.316,175.902,audio_features,1NA2NvAgCB4EfcBC8OHfuj,spotify:track:1NA2NvAgCB4EfcBC8OHfuj,https://api.spotify.com/v1/tracks/1NA2NvAgCB4EfcBC8OHfuj,https://api.spotify.com/v1/audio-analysis/1NA2NvAgCB4EfcBC8OHfuj,268173,4
0.668,0.824,5,-4.164,0,0.137,0.0017,3.05e-06,0.0426,0.185,163.961,audio_features,3CpoeW0cZSDzIRv5z34F87,spotify:track:3CpoeW0cZSDzIRv5z34F87,https://api.spotify.com/v1/tracks/3CpoeW0cZSDzIRv5z34F87,https://api.spotify.com/v1/audio-analysis/3CpoeW0cZSDzIRv5z34F87,339547,4
0.331,0.706,9,-5.887,0,0.0528,0.331,2.01e-06,0.101,0.414,170.089,audio_features,049Jkya24EvBHX1rUb96V8,spotify:track:049Jkya24EvBHX1rUb96V8,https://api.spotify.com/v1/tracks/049Jkya24EvBHX1rUb96V8,https://api.spotify.com/v1/audio-analysis/049Jkya24EvBHX1rUb96V8,234213,4
0.62,0.193,0,-13.404,1,0.0439,0.638,0.0136,0.107,0.155,129.979,audio_features,3JBB92odunFru2gOvI91x9,spotify:track:3JBB92odunFru2gOvI91x9,https://api.spotify.com/v1/tracks/3JBB92odunFru2gOvI91x9,https://api.spotify.com/v1/audio-analysis/3JBB92odunFru2gOvI91x9,174093,4
0.612,0.568,4,-8.555,0,0.0743,0.523,0,0.217,0.23,116.247,audio_features,3JIqogHHQIQW1uJ5Yivb88,spotify:track:3JIqogHHQIQW1uJ5Yivb88,https://api.spotify.com/v1/tracks/3JIqogHHQIQW1uJ5Yivb88,https://api.spotify.com/v1/audio-analysis/3JIqogHHQIQW1uJ5Yivb88,346164,4
0.542,0.589,2,-6.623,1,0.0318,0.292,0.000522,0.177,0.137,111.665,audio_features,7w5cxTEzp1rfV3KCy0Bd5N,spotify:track:7w5cxTEzp1rfV3KCy0Bd5N,https://api.spotify.com/v1/tracks/7w5cxTEzp1rfV3KCy0Bd5N,https://api.spotify.com/v1/audio-analysis/7w5cxTEzp1rfV3KCy0Bd5N,303200,4
0.226,0.408,0,-9.74,1,0.0432,0.161,0.131,0.187,0.142,91.341,audio_features,5JuA3wlm0kn7IHfbeHV0i6,spotify:track:5JuA3wlm0kn7IHfbeHV0i6,https://api.spotify.com/v1/tracks/5JuA3wlm0kn7IHfbeHV0i6,https://api.spotify.com/v1/audio-analysis/5JuA3wlm0kn7IHfbeHV0i6,306387,3
0.66,0.816,2,-6.61,1,0.0299,0.168,0.0181,0.0608,0.678,111.346,audio_features,4aWn4NHlELpOehxsBaQeoe,spotify:track:4aWn4NHlELpOehxsBaQeoe,https://api.spotify.com/v1/tracks/4aWn4NHlELpOehxsBaQeoe,https://api.spotify.com/v1/audio-analysis/4aWn4NHlELpOehxsBaQeoe,263040,4
0.429,0.661,11,-7.227,1,0.0281,0.00239,0.000121,0.234,0.285,173.372,audio_features,3AJwUDP919kvQ9QcozQPxg,spotify:track:3AJwUDP919kvQ9QcozQPxg,https://api.spotify.com/v1/tracks/3AJwUDP919kvQ9QcozQPxg,https://api.spotify.com/v1/audio-analysis/3AJwUDP919kvQ9QcozQPxg,266773,4
