danceability,energy,key,loudness,mode,speechiness,acousticness,instrumentalness,liveness,valence,tempo,type,id,uri,track_href,analysis_url,duration_ms,time_signature
0.405,0.721,1,-6.97,1,0.283,0.329,0,0.252,0.815,92.854,audio_features,3QnEp4rluCxUwgpXT43jmC,spotify:track:3QnEp4rluCxUwgpXT43jmC,https://api.spotify.com/v1/tracks/3QnEp4rluCxUwgpXT43jmC,https://api.spotify.com/v1/audio-analysis/3QnEp4rluCxUwgpXT43jmC,280680,4
0.437,0.229,2,-10.514,1,0.0308,0.221,0.0599,0.0935,0.0754,147.911,audio_features,3rTnGUeDrnZV22DvRuUuXr,spotify:track:3rTnGUeDrnZV22DvRuUuXr,https://api.spotify.com/v1/tracks/3rTnGUeDrnZV22DvRuUuXr,https://api.spotify.com/v1/audio-analysis/3rTnGUeDrnZV22DvRuUuXr,343253,4
0.654,0.53,6,-7.409,1,0.0556,0.000113,0.0197,0.0534,0.584,119.284,audio_features,3cbTV3IZZvSBYVcl0xuZbY,spotify:track:3cbTV3IZZvSBYVcl0xuZbY,https://api.spotify.com/v1/tracks/3cbTV3IZZvSBYVcl0xuZbY,https://api.spotify.com/v1/audio-analysis/3cbTV3IZZvSBYVcl0xuZbY,222960,4
0.591,0.259,4,-14.061,0,0.0481,0.837,3.11e-06,0.135,0.108,76.396,audio_features,3ZMv9EzGoteNi5Qnx0KpEO,spotify:track:3ZMv9EzGoteNi5Qnx0KpEO,https://api.spotify.com/v1/tracks/3ZMv9EzGoteNi5Qnx0KpEO,https://api.spotify.com/v1/audio-analysis/3ZMv9EzGoteNi5Qnx0KpEO,232427,4
0.366,0.158,7,-16.409,1,0.0402,0.966,0.00312,0.118,0.0792,144.503,audio_features,7KDJ1VnAwQn2geQuAWMMbm,spotify:track:7KDJ1VnAwQn2geQuAWMMbm,https://api.spotify.com/v1/tracks/7KDJ1VnAwQn2geQuAWMMbm,https://api.spotify.com/v1/audio-analysis/7KDJ1VnAwQn2geQuAWMMbm,161413,4
0.544,0.5,11,-8.253,1,0.026,0.0325,3.78e-06,0.109,0.177,93.621,audio_features,44IeABaLLsnFVb7rjzNTzS,spotify:track:44IeABaLLsnFVb7rjzNTzS,https://api.spotify.com/v1/tracks/44IeABaLLsnFVb7rjzNTzS,https://api.spotify.com/v1/audio-analysis/44IeABaLLsnFVb7rjzNTzS,238493,4
0.49,0.299,6,-6.389,0,0.0417,0.979,0,0.109,0.311,132.818,audio_features,1Hu3xDaE6SoLKUEXHHRVLk,spotify:track:1Hu3xDaE6SoLKUEXHHRVLk,https://api.spotify.com/v1/tracks/1Hu3xDaE6SoLKUEXHHRVLk,https://api.spotify.com/v1/audio-analysis/1Hu3xDaE6SoLKUEXHHRVLk,205684,1
0.462,0.328,2,-13.553,1,0.0314,0.103,0.002,0.0588,0.204,87.635,audio_features,4JvVpKrYmsrIbyAsYuNm9e,spotify:track:4JvVpKrYmsrIbyAsYuNm9e,https://api.spotify.com/v1/tracks/4JvVpKrYmsrIbyAsYuNm9e,https://api.spotify.com/v1/audio-analysis/4JvVpKrYmsrIbyAsYuNm9e,279000,4
0.215,0.0133,0,-6.101,1,0.0566,0.00645,0.00403,0.159,0.966,138.006,audio_features,1ZwJALwnYbeHdEVCNVmniz,spotify:track:1ZwJALwnYbeHdEVCNVmniz,https://api.spotify.com/v1/tracks/1ZwJALwnYbeHdEVCNVmniz,https://api.spotify.com/v1/audio-analysis/1ZwJALwnYbeHdEVCNVmniz,591160,5
