danceability,energy,key,loudness,mode,speechiness,acousticness,instrumentalness,liveness,valence,tempo,type,id,uri,track_href,analysis_url,duration_ms,time_signature
0.477,0.426,6,-6.961,1,0.043,0.544,0,0.0903,0.789,184.866,audio_features,6GrrkiCRO3HYdgRpO4eKEL,spotify:track:6GrrkiCRO3HYdgRpO4eKEL,https://api.spotify.com/v1/tracks/6GrrkiCRO3HYdgRpO4eKEL,https://api.spotify.com/v1/audio-analysis/6GrrkiCRO3HYdgRpO4eKEL,200067,3
0.39,0.37,7,-8.288,0,0.0457,0.474,0.00013,0.115,0.0909,176.526,audio_features,5rAff9XfcWx7rguN3t0fkW,spotify:track:5rAff9XfcWx7rguN3t0fkW,https://api.spotify.com/v1/tracks/5rAff9XfcWx7rguN3t0fkW,https://api.spotify.com/v1/audio-analysis/5rAff9XfcWx7rguN3t0fkW,335480,3
0.217,0.905,2,-4.103,1,0.0752,0.000289,0.00011,0.222,0.236,96.95,audio_features,5wQnmLuC1W7ATsArWACrgW,spotify:track:5wQnmLuC1W7ATsArWACrgW,https://api.spotify.com/v1/tracks/5wQnmLuC1W7ATsArWACrgW,https://api.spotify.com/v1/audio-analysis/5wQnmLuC1W7ATsArWACrgW,311107,4
0.534,0.721,11,-7.307,0,0.0417,0.0343,6.24e-06,0.115,0.225,128.978,audio_features,1UqhkbzB1kuFwt2iy4h29Q,spotify:track:1UqhkbzB1kuFwt2iy4h29Q,https://api.spotify.com/v1/tracks/1UqhkbzB1kuFwt2iy4h29Q,https://api.spotify.com/v1/audio-analysis/1UqhkbzB1kuFwt2iy4h29Q,249520,3
0.476,0.478,11,-11.766,1,0.0395,0.779,0.117,0.103,0.489,89.06,audio_features,6Kn5yzAyOw3jf4Y5a6d1Oq,spotify:track:6Kn5yzAyOw3jf4Y5a6d1Oq,https://api.spotify.com/v1/tracks/6Kn5yzAyOw3jf4Y5a6d1Oq,https://api.spotify.com/v1/audio-analysis/6Kn5yzAyOw3jf4Y5a6d1Oq,259080,4
0.402,0.539,10,-7.567,1,0.035,0.838,6.86e-05,0.131,0.179,108.869,audio_features,3USei2Ja58VV6yOypYNjfN,spotify:track:3USei2Ja58VV6yOypYNjfN,https://api.spotify.com/v1/tracks/3USei2Ja58VV6yOypYNjfN,https://api.spotify.com/v1/audio-analysis/3USei2Ja58VV6yOypYNjfN,360093,4
0.554,0.235,10,-14.609,1,0.0342,0.89,0.00328,0.114,0.232,121.836,audio_features,0WkJWnMCumm1fnFscdY7Rw,spotify:track:0WkJWnMCumm1fnFscdY7Rw,https://api.spotify.com/v1/tracks/0WkJWnMCumm1fnFscdY7Rw,https://api.spotify.com/v1/audio-analysis/0WkJWnMCumm1fnFscdY7Rw,330772,4
0.835,0.687,5,-3.18,1,0.184,0.101,0,0.132,0.828,94.059,audio_features,0uqPG793dkDDN7sCUJJIVC,spotify:track:0uqPG793dkDDN7sCUJJIVC,https://api.spotify.com/v1/tracks/0uqPG793dkDDN7sCUJJIVC,https://api.spotify.com/v1/audio-analysis/0uqPG793dkDDN7sCUJJIVC,272533,4
