danceability,energy,key,loudness,mode,speechiness,acousticness,instrumentalness,liveness,valence,tempo,type,id,uri,track_href,analysis_url,duration_ms,time_signature
0.402,0.859,1,-4.41,0,0.0466,0.0394,0,0.0745,0.514,95.31,audio_features,6PsISpFaCEKwysPfwO9SfC,spotify:track:6PsISpFaCEKwysPfwO9SfC,https://api.spotify.com/v1/tracks/6PsISpFaCEKwysPfwO9SfC,https://api.spotify.com/v1/audio-analysis/6PsISpFaCEKwysPfwO9SfC,211547,4
0.429,0.913,11,-5.945,1,0.0431,0.000319,4.73e-05,0.101,0.739,161.122,audio_features,757fXABDTbalNzihYS3mUc,spotify:track:757fXABDTbalNzihYS3mUc,https://api.spotify.com/v1/tracks/757fXABDTbalNzihYS3mUc,https://api.spotify.com/v1/audio-analysis/757fXABDTbalNzihYS3mUc,177067,4
0.64,0.715,8,-5.989,1,0.0392,0.011,0,0.538,0.748,92.841,audio_features,72Ry42CeDJMXOEE3mJlQ4U,spotify:track:72Ry42CeDJMXOEE3mJlQ4U,https://api.spotify.com/v1/tracks/72Ry42CeDJMXOEE3mJlQ4U,https://api.spotify.com/v1/audio-analysis/72Ry42CeDJMXOEE3mJlQ4U,186493,4
0.338,0.93,9,-4.619,1,0.131,0.0111,0,0.172,0.589,203.101,audio_features,53kRlOPQfNWhSraUytOMUY,spotify:track:53kRlOPQfNWhSraUytOMUY,https://api.spotify.com/v1/tracks/53kRlOPQfNWhSraUytOMUY,https://api.spotify.com/v1/audio-analysis/53kRlOPQfNWhSraUytOMUY,255175,4
0.356,0.96,4,-3.487,1,0.104,0.0142,0,0.209,0.0857,125.921,audio_features,5dTHtzHFPyi8TlTtzoz1J9,spotify:track:5dTHtzHFPyi8TlTtzoz1J9,https://api.spotify.com/v1/tracks/5dTHtzHFPyi8TlTtzoz1J9,https://api.spotify.com/v1/audio-analysis/5dTHtzHFPyi8TlTtzoz1J9,204733,4
0.405,0.91,9,-5.234,1,0.128,0.000499,0,0.0739,0.641,196.444,audio_features,4dzOxPZFYX77xpMwv4EhnO,spotify:track:4dzOxPZFYX77xpMwv4EhnO,https://api.spotify.com/v1/tracks/4dzOxPZFYX77xpMwv4EhnO,https://api.spotify.com/v1/audio-analysis/4dzOxPZFYX77xpMwv4EhnO,178267,4
0.628,0.886,2,-3.805,1,0.0608,0.000706,0,0.275,0.72,135.45,audio_features,3JOdLCIBzQYwHIvpN3isVf,spotify:track:3JOdLCIBzQYwHIvpN3isVf,https://api.spotify.com/v1/tracks/3JOdLCIBzQYwHIvpN3isVf,https://api.spotify.com/v1/audio-analysis/3JOdLCIBzQYwHIvpN3isVf,191373,4
0.494,0.842,7,-4.784,1,0.0843,0.00579,0,0.122,0.574,162.011,audio_features,2TfSHkHiFO4gRztVIkggkE,spotify:track:2TfSHkHiFO4gRztVIkggkE,https://api.spotify.com/v1/tracks/2TfSHkHiFO4gRztVIkggkE,https://api.spotify.com/v1/audio-analysis/2TfSHkHiFO4gRztVIkggkE,229093,4
0.473,0.735,11,-6.131,0,0.0498,0.0106,0,0.266,0.65,77.273,audio_features,3kj21bGH2CrtMmoOpFvL34,spotify:track:3kj21bGH2CrtMmoOpFvL34,https://api.spotify.com/v1/tracks/3kj21bGH2CrtMmoOpFvL34,https://api.spotify.com/v1/audio-analysis/3kj21bGH2CrtMmoOpFvL34,179453,4
