danceability,energy,key,loudness,mode,speechiness,acousticness,instrumentalness,liveness,valence,tempo,type,id,uri,track_href,analysis_url,duration_ms,time_signature
0.706,0.378,7,-15.293,1,0.0379,0.924,0.0738,0.0931,0.955,106.123,audio_features,1gCE4LxErCB25MSERdLCZX,spotify:track:1gCE4LxErCB25MSERdLCZX,https://api.spotify.com/v1/tracks/1gCE4LxErCB25MSERdLCZX,https://api.spotify.com/v1/audio-analysis/1gCE4LxErCB25MSERdLCZX,259533,4
0.695,0.287,7,-12.26,1,0.0686,0.962,4.86e-05,0.111,0.745,123.517,audio_features,0xhu0GilVIhvEkGPUPn7pG,spotify:track:0xhu0GilVIhvEkGPUPn7pG,https://api.spotify.com/v1/tracks/0xhu0GilVIhvEkGPUPn7pG,https://api.spotify.com/v1/audio-analysis/0xhu0GilVIhvEkGPUPn7pG,211333,4
0.41,0.182,0,-13.943,1,0.0446,0.934,7.17e-06,0.0933,0.472,170.509,audio_features,1kVPE54OrZ0oSuKRuCvM5F,spotify:track:1kVPE54OrZ0oSuKRuCvM5F,https://api.spotify.com/v1/tracks/1kVPE54OrZ0oSuKRuCvM5F,https://api.spotify.com/v1/audio-analysis/1kVPE54OrZ0oSuKRuCvM5F,347960,3
0.62,0.414,7,-11.021,1,0.0358,0.884,0.867,0.221,0.851,118.485,audio_features,3YOJZelIGRsylpMFPeTdnr,spotify:track:3YOJZelIGRsylpMFPeTdnr,https://api.spotify.com/v1/tracks/3YOJZelIGRsylpMFPeTdnr,https://api.spotify.com/v1/audio-analysis/3YOJZelIGRsylpMFPeTdnr,204773,4
0.639,0.24,0,-16.479,1,0.0419,0.858,0.324,0.204,0.713,86.532,audio_features,5K3mTHqS35SQDyCnR2jrxx,spotify:track:5K3mTHqS35SQDyCnR2jrxx,https://api.spotify.com/v1/tracks/5K3mTHqS35SQDyCnR2jrxx,https://api.spotify.com/v1/audio-analysis/5K3mTHqS35SQDyCnR2jrxx,357493,4
0.489,0.245,7,-15.354,1,0.042,0.885,0.00609,0.678,0.598,84.585,audio_features,5h3kqReLmStjtLLiAUzTAc,spotify:track:5h3kqReLmStjtLLiAUzTAc,https://api.spotify.com/v1/tracks/5h3kqReLmStjtLLiAUzTAc,https://api.spotify.com/v1/audio-analysis/5h3kqReLmStjtLLiAUzTAc,365493,3
0.638,0.48,2,-12.916,1,0.039,0.764,0.013,0.328,0.834,120.721,audio_features,00Z4lb8Ip2wpvKNAdnL7oU,spotify:track:00Z4lb8Ip2wpvKNAdnL7oU,https://api.spotify.com/v1/tracks/00Z4lb8Ip2wpvKNAdnL7oU,https://api.spotify.com/v1/audio-analysis/00Z4lb8Ip2wpvKNAdnL7oU,242000,4
0.675,0.165,7,-14.893,1,0.0402,0.925,0.0111,0.421,0.709,80.097,audio_features,6fe7Ti4L1fZ6jmRGb1BgSO,spotify:track:6fe7Ti4L1fZ6jmRGb1BgSO,https://api.spotify.com/v1/tracks/6fe7Ti4L1fZ6jmRGb1BgSO,https://api.spotify.com/v1/audio-analysis/6fe7Ti4L1fZ6jmRGb1BgSO,245667,4
0.56,0.294,9,-13.404,1,0.0359,0.914,0.0016,0.131,0.627,83.027,audio_features,5Fjlhpsb2xFbSCXsBG0MY3,spotify:track:5Fjlhpsb2xFbSCXsBG0MY3,https://api.spotify.com/v1/tracks/5Fjlhpsb2xFbSCXsBG0MY3,https://api.spotify.com/v1/audio-analysis/5Fjlhpsb2xFbSCXsBG0MY3,287667,4
