danceability,energy,key,loudness,mode,speechiness,acousticness,instrumentalness,liveness,valence,tempo,type,id,uri,track_href,analysis_url,duration_ms,time_signature
0.592,0.488,7,-11.355,0,0.0352,0.708,0.885,0.0793,0.568,112.338,audio_features,1BPs92wyDoD7oM1VDRQh9E,spotify:track:1BPs92wyDoD7oM1VDRQh9E,https://api.spotify.com/v1/tracks/1BPs92wyDoD7oM1VDRQh9E,https://api.spotify.com/v1/audio-analysis/1BPs92wyDoD7oM1VDRQh9E,292867,4
0.54,0.331,2,-9.897,1,0.0713,0.873,0.00211,0.11,0.502,145.505,audio_features,0OidTCfItSIM7chLbBpV5Y,spotify:track:0OidTCfItSIM7chLbBpV5Y,https://api.spotify.com/v1/tracks/0OidTCfItSIM7chLbBpV5Y,https://api.spotify.com/v1/audio-analysis/0OidTCfItSIM7chLbBpV5Y,214587,4
0.367,0.385,5,-11.446,0,0.0294,0.76,0.916,0.118,0.434,146.325,audio_features,4D01xbviIKjaY4cG8l2fhl,spotify:track:4D01xbviIKjaY4cG8l2fhl,https://api.spotify.com/v1/tracks/4D01xbviIKjaY4cG8l2fhl,https://api.spotify.com/v1/audio-analysis/4D01xbviIKjaY4cG8l2fhl,271133,3
0.606,0.129,0,-17.162,1,0.0401,0.84,3.83e-06,0.081,0.101,112.699,audio_features,0i9jd8jNbERks6KnmXPCmi,spotify:track:0i9jd8jNbERks6KnmXPCmi,https://api.spotify.com/v1/tracks/0i9jd8jNbERks6KnmXPCmi,https://api.spotify.com/v1/audio-analysis/0i9jd8jNbERks6KnmXPCmi,207013,4
0.675,0.219,11,-13.546,0,0.0311,0.897,0.103,0.0979,0.313,105.921,audio_features,5a4ZTEMp6wULHTEzJclKxt,spotify:track:5a4ZTEMp6wULHTEzJclKxt,https://api.spotify.com/v1/tracks/5a4ZTEMp6wULHTEzJclKxt,https://api.spotify.com/v1/audio-analysis/5a4ZTEMp6wULHTEzJclKxt,326493,4
0.636,0.299,6,-16.168,0,0.0367,0.95,0.608,0.0884,0.675,92.391,audio_features,3TIzlAcIwj0O4NbmRg6nwh,spotify:track:3TIzlAcIwj0O4NbmRg6nwh,https://api.spotify.com/v1/tracks/3TIzlAcIwj0O4NbmRg6nwh,https://api.spotify.com/v1/audio-analysis/3TIzlAcIwj0O4NbmRg6nwh,209600,4
0.833,0.536,7,-9.042,1,0.037,0.599,0.000847,0.107,0.695,121.054,audio_features,3P5aoR3zhCPJima7HpbssW,spotify:track:3P5aoR3zhCPJima7HpbssW,https://api.spotify.com/v1/tracks/3P5aoR3zhCPJima7HpbssW,https://api.spotify.com/v1/audio-analysis/3P5aoR3zhCPJima7HpbssW,186520,4
0.685,0.705,9,-7.445,0,0.0446,0.173,0.00266,0.16,0.833,146.488,audio_features,3BD7KEWfDPCitssI86LCdf,spotify:track:3BD7KEWfDPCitssI86LCdf,https://api.spotify.com/v1/tracks/3BD7KEWfDPCitssI86LCdf,https://api.spotify.com/v1/audio-analysis/3BD7KEWfDPCitssI86LCdf,193533,4
0.497,0.319,5,-14.208,1,0.0287,0.745,0.00165,0.111,0.186,140.013,audio_features,5ThoiwUqwVYkS411dbEhIV,spotify:track:5ThoiwUqwVYkS411dbEhIV,https://api.spotify.com/v1/tracks/5ThoiwUqwVYkS411dbEhIV,https://api.spotify.com/v1/audio-analysis/5ThoiwUqwVYkS411dbEhIV,257320,4
