danceability,energy,key,loudness,mode,speechiness,acousticness,instrumentalness,liveness,valence,tempo,type,id,uri,track_href,analysis_url,duration_ms,time_signature
0.402,0.578,0,-15.36,1,0.0579,0.962,0.876,0.674,0.889,142.165,audio_features,1HHTvPIHLT4qt6mYbrLXgP,spotify:track:1HHTvPIHLT4qt6mYbrLXgP,https://api.spotify.com/v1/tracks/1HHTvPIHLT4qt6mYbrLXgP,https://api.spotify.com/v1/audio-analysis/1HHTvPIHLT4qt6mYbrLXgP,190813,4
0.535,0.334,8,-16.421,1,0.0595,0.961,0.683,0.701,0.677,111.967,audio_features,08tJPfwCBijDj56h12H6yL,spotify:track:08tJPfwCBijDj56h12H6yL,https://api.spotify.com/v1/tracks/08tJPfwCBijDj56h12H6yL,https://api.spotify.com/v1/audio-analysis/08tJPfwCBijDj56h12H6yL,460267,4
0.504,0.123,7,-22.576,1,0.105,0.933,0.328,0.69,0.27,173.913,audio_features,6q4Ws8OuL55VPB0qIZBK8p,spotify:track:6q4Ws8OuL55VPB0qIZBK8p,https://api.spotify.com/v1/tracks/6q4Ws8OuL55VPB0qIZBK8p,https://api.spotify.com/v1/audio-analysis/6q4Ws8OuL55VPB0qIZBK8p,180440,3
0.505,0.3,2,-16.243,1,0.0523,0.978,0.896,0.705,0.321,115.569,audio_features,3hBrk1M0S1W71UzdYdns6h,spotify:track:3hBrk1M0S1W71UzdYdns6h,https://api.spotify.com/v1/tracks/3hBrk1M0S1W71UzdYdns6h,https://api.spotify.com/v1/audio-analysis/3hBrk1M0S1W71UzdYdns6h,390093,4
0.493,0.286,11,-19.21,0,0.054,0.939,0.762,0.672,0.435,143.188,audio_features,3tgihLecZ18bQVVvVkQCQ7,spotify:track:3tgihLecZ18bQVVvVkQCQ7,https://api.spotify.com/v1/tracks/3tgihLecZ18bQVVvVkQCQ7,https://api.spotify.com/v1/audio-analysis/3tgihLecZ18bQVVvVkQCQ7,378667,4
0.509,0.418,2,-16.911,0,0.0424,0.957,0.87,0.686,0.921,114.553,audio_features,4kU3YJAmL8bHf0r5phIY8e,spotify:track:4kU3YJAmL8bHf0r5phIY8e,https://api.spotify.com/v1/tracks/4kU3YJAmL8bHf0r5phIY8e,https://api.spotify.com/v1/audio-analysis/4kU3YJAmL8bHf0r5phIY8e,274160,3
0.347,0.528,2,-12.955,1,0.0412,0.955,0.905,0.891,0.769,149.786,audio_features,0agIX3qxL6MRkPfsSCUsIp,spotify:track:0agIX3qxL6MRkPfsSCUsIp,https://api.spotify.com/v1/tracks/0agIX3qxL6MRkPfsSCUsIp,https://api.spotify.com/v1/audio-analysis/0agIX3qxL6MRkPfsSCUsIp,419893,4
0.571,0.143,10,-20.461,1,0.0494,0.923,0.542,0.66,0.443,126.767,audio_features,7Io2zGOI4RFWAEPue6Rmzh,spotify:track:7Io2zGOI4RFWAEPue6Rmzh,https://api.spotify.com/v1/tracks/7Io2zGOI4RFWAEPue6Rmzh,https://api.spotify.com/v1/audio-analysis/7Io2zGOI4RFWAEPue6Rmzh,138387,4
0.609,0.496,2,-15.255,0,0.0848,0.967,0.838,0.975,0.964,106.799,audio_features,72qDAokIvw6pWor3I1btCB,spotify:track:72qDAokIvw6pWor3I1btCB,https://api.spotify.com/v1/tracks/72qDAokIvw6pWor3I1btCB,https://api.spotify.com/v1/audio-analysis/72qDAokIvw6pWor3I1btCB,197613,3
