danceability,energy,key,loudness,mode,speechiness,acousticness,instrumentalness,liveness,valence,tempo,type,id,uri,track_href,analysis_url,duration_ms,time_signature
0.338,0.285,0,-15.33,1,0.0402,0.857,0.126,0.131,0.18,182.271,audio_features,1O0NMCzqQsxcXBNgY48RR3,spotify:track:1O0NMCzqQsxcXBNgY48RR3,https://api.spotify.com/v1/tracks/1O0NMCzqQsxcXBNgY48RR3,https://api.spotify.com/v1/audio-analysis/1O0NMCzqQsxcXBNgY48RR3,512467,3
0.458,0.438,2,-16.589,1,0.0352,0.875,0.93,0.0992,0.399,116.362,audio_features,6Qz99ZxnmGXRIpnvqE9gZW,spotify:track:6Qz99ZxnmGXRIpnvqE9gZW,https://api.spotify.com/v1/tracks/6Qz99ZxnmGXRIpnvqE9gZW,https://api.spotify.com/v1/audio-analysis/6Qz99ZxnmGXRIpnvqE9gZW,281133,4
0.571,0.222,7,-18.475,1,0.0345,0.891,0.432,0.241,0.352,120.798,audio_features,0Ha5Kois4vCF873ydVfO8Z,spotify:track:0Ha5Kois4vCF873ydVfO8Z,https://api.spotify.com/v1/tracks/0Ha5Kois4vCF873ydVfO8Z,https://api.spotify.com/v1/audio-analysis/0Ha5Kois4vCF873ydVfO8Z,182333,4
0.304,0.152,9,-20.997,0,0.0335,0.855,0.00594,0.0976,0.253,151.986,audio_features,3rLRM8MHHpnuvy10ZQdKl8,spotify:track:3rLRM8MHHpnuvy10ZQdKl8,https://api.spotify.com/v1/tracks/3rLRM8MHHpnuvy10ZQdKl8,https://api.spotify.com/v1/audio-analysis/3rLRM8MHHpnuvy10ZQdKl8,186307,3
0.6,0.283,9,-14.426,0,0.0403,0.612,0.000521,0.117,0.174,127.189,audio_features,0cOvDvqbp0X0IKeexol6b8,spotify:track:0cOvDvqbp0X0IKeexol6b8,https://api.spotify.com/v1/tracks/0cOvDvqbp0X0IKeexol6b8,https://api.spotify.com/v1/audio-analysis/0cOvDvqbp0X0IKeexol6b8,306440,4
0.554,0.296,8,-15.659,1,0.0539,0.641,0.112,0.0958,0.535,110.526,audio_features,1S3EEpzJoqUU79zDmoTJmQ,spotify:track:1S3EEpzJoqUU79zDmoTJmQ,https://api.spotify.com/v1/tracks/1S3EEpzJoqUU79zDmoTJmQ,https://api.spotify.com/v1/audio-analysis/1S3EEpzJoqUU79zDmoTJmQ,269080,4
0.47,0.199,5,-18.969,0,0.0524,0.806,0.000207,0.105,0.188,126.779,audio_features,1iAvTXlP48pa8elxnUIXfj,spotify:track:1iAvTXlP48pa8elxnUIXfj,https://api.spotify.com/v1/tracks/1iAvTXlP48pa8elxnUIXfj,https://api.spotify.com/v1/audio-analysis/1iAvTXlP48pa8elxnUIXfj,361747,4
0.546,0.14,2,-18.215,0,0.0401,0.813,5.8e-06,0.0773,0.133,114.317,audio_features,3ohJejAvKVqepuynBfMYea,spotify:track:3ohJejAvKVqepuynBfMYea,https://api.spotify.com/v1/tracks/3ohJejAvKVqepuynBfMYea,https://api.spotify.com/v1/audio-analysis/3ohJejAvKVqepuynBfMYea,233587,4
0.338,0.31,4,-16.012,0,0.0497,0.716,0.000721,0.0995,0.157,79.325,audio_features,1gCzS6LuqFWPFD0UE1bINb,spotify:track:1gCzS6LuqFWPFD0UE1bINb,https://api.spotify.com/v1/tracks/1gCzS6LuqFWPFD0UE1bINb,https://api.spotify.com/v1/audio-analysis/1gCzS6LuqFWPFD0UE1bINb,246333,4
