danceability,energy,key,loudness,mode,speechiness,acousticness,instrumentalness,liveness,valence,tempo,type,id,uri,track_href,analysis_url,duration_ms,time_signature
0.599,0.187,4,-17.609,0,0.0408,0.979,0.894,0.0962,0.553,109.289,audio_features,2nFM3qGHTgCk4YXl5PnyoM,spotify:track:2nFM3qGHTgCk4YXl5PnyoM,https://api.spotify.com/v1/tracks/2nFM3qGHTgCk4YXl5PnyoM,https://api.spotify.com/v1/audio-analysis/2nFM3qGHTgCk4YXl5PnyoM,420653,4
0.229,0.0649,0,-23.278,1,0.0596,0.958,0.773,0.111,0.0579,79.118,audio_features,7N38UxZmoC7viQs0kiKdZX,spotify:track:7N38UxZmoC7viQs0kiKdZX,https://api.spotify.com/v1/tracks/7N38UxZmoC7viQs0kiKdZX,https://api.spotify.com/v1/audio-analysis/7N38UxZmoC7viQs0kiKdZX,324373,4
0.565,0.107,10,-21.197,1,0.0319,0.984,0.928,0.106,0.23,132.838,audio_features,0YtV1HVJ8c8MlQeF6xzKAy,spotify:track:0YtV1HVJ8c8MlQeF6xzKAy,https://api.spotify.com/v1/tracks/0YtV1HVJ8c8MlQeF6xzKAy,https://api.spotify.com/v1/audio-analysis/0YtV1HVJ8c8MlQeF6xzKAy,202840,4
0.315,0.408,4,-15.993,1,0.0301,0.941,0.962,0.143,0.31,114.078,audio_features,7N3SAicdAPqwRXu7luvNl2,spotify:track:7N3SAicdAPqwRXu7luvNl2,https://api.spotify.com/v1/tracks/7N3SAicdAPqwRXu7luvNl2,https://api.spotify.com/v1/audio-analysis/7N3SAicdAPqwRXu7luvNl2,240440,4
0.741,0.174,9,-16.974,1,0.0429,0.936,0.926,0.133,0.476,119.071,audio_features,1W5LsxbnJUA995xxeSCC4m,spotify:track:1W5LsxbnJUA995xxeSCC4m,https://api.spotify.com/v1/tracks/1W5LsxbnJUA995xxeSCC4m,https://api.spotify.com/v1/audio-analysis/1W5LsxbnJUA995xxeSCC4m,221800,4
0.417,0.0256,0,-29.777,0,0.0422,0.986,0.901,0.104,0.206,77.965,audio_features,4l3110UbBYz1CRYnYaF1Fx,spotify:track:4l3110UbBYz1CRYnYaF1Fx,https://api.spotify.com/v1/tracks/4l3110UbBYz1CRYnYaF1Fx,https://api.spotify.com/v1/audio-analysis/4l3110UbBYz1CRYnYaF1Fx,331080,4
0.246,0.412,2,-15.653,1,0.0368,0.962,0.901,0.134,0.593,167.551,audio_features,7BpVGFPUlkClrYszIydYk7,spotify:track:7BpVGFPUlkClrYszIydYk7,https://api.spotify.com/v1/tracks/7BpVGFPUlkClrYszIydYk7,https://api.spotify.com/v1/audio-analysis/7BpVGFPUlkClrYszIydYk7,185000,4
0.464,0.275,9,-15.93,1,0.0482,0.92,0.927,0.105,0.308,144.085,audio_features,7AGcMcWZQ4FaHxdEx9IIH4,spotify:track:7AGcMcWZQ4FaHxdEx9IIH4,https://api.spotify.com/v1/tracks/7AGcMcWZQ4FaHxdEx9IIH4,https://api.spotify.com/v1/audio-analysis/7AGcMcWZQ4FaHxdEx9IIH4,260453,4
