danceability,energy,key,loudness,mode,speechiness,acousticness,instrumentalness,liveness,valence,tempo,type,id,uri,track_href,analysis_url,duration_ms,time_signature
0.714,0.251,9,-16.348,1,0.0634,0.861,0.895,0.0908,0.852,107.811,audio_features,7jd357H5r8WS8GFOjFGNtF,spotify:track:7jd357H5r8WS8GFOjFGNtF,https://api.spotify.com/v1/tracks/7jd357H5r8WS8GFOjFGNtF,https://api.spotify.com/v1/audio-analysis/7jd357H5r8WS8GFOjFGNtF,167413,4
0.545,0.0315,11,-25.91,0,0.0564,0.961,0.886,0.0993,0.216,144.57,audio_features,29wF5t0RXGGBhzbbH6Gqik,spotify:track:29wF5t0RXGGBhzbbH6Gqik,https://api.spotify.com/v1/tracks/29wF5t0RXGGBhzbbH6Gqik,https://api.spotify.com/v1/audio-analysis/29wF5t0RXGGBhzbbH6Gqik,263293,4
0.429,0.223,8,-20.924,0,0.0381,0.981,0.879,0.146,0.347,143.265,audio_features,07UuRHLWi1kLm0FcWXjOd1,spotify:track:07UuRHLWi1kLm0FcWXjOd1,https://api.spotify.com/v1/tracks/07UuRHLWi1kLm0FcWXjOd1,https://api.spotify.com/v1/audio-analysis/07UuRHLWi1kLm0FcWXjOd1,313933,3
0.66,0.0597,11,-19.564,0,0.0733,0.933,0.611,0.141,0.306,123.415,audio_features,6TciWBXxsfPNANaDl3AgOs,spotify:track:6TciWBXxsfPNANaDl3AgOs,https://api.spotify.com/v1/tracks/6TciWBXxsfPNANaDl3AgOs,https://api.spotify.com/v1/audio-analysis/6TciWBXxsfPNANaDl3AgOs,247293,4
0.528,0.0229,9,-28.045,1,0.0468,0.976,0.851,0.114,0.226,110.375,audio_features,0lbVl7DKkoUajrPINyNOuE,spotify:track:0lbVl7DKkoUajrPINyNOuE,https://api.spotify.com/v1/tracks/0lbVl7DKkoUajrPINyNOuE,https://api.spotify.com/v1/audio-analysis/0lbVl7DKkoUajrPINyNOuE,189987,3
0.512,0.145,6,-18.964,0,0.0394,0.9,0.866,0.141,0.421,138.102,audio_features,0l4wguP8MkEgcVBxBlFopq,spotify:track:0l4wguP8MkEgcVBxBlFopq,https://api.spotify.com/v1/tracks/0l4wguP8MkEgcVBxBlFopq,https://api.spotify.com/v1/audio-analysis/0l4wguP8MkEgcVBxBlFopq,322680,4
0.608,0.0563,10,-19.827,0,0.057,0.924,0.91,0.106,0.586,157.646,audio_features,6NlsCD0xSIL7950i5AjiVC,spotify:track:6NlsCD0xSIL7950i5AjiVC,https://api.spotify.com/v1/tracks/6NlsCD0xSIL7950i5AjiVC,https://api.spotify.com/v1/audio-analysis/6NlsCD0xSIL7950i5AjiVC,26973,4
0.78,0.271,11,-14.031,0,0.0993,0.784,0.833,0.17,0.0862,129.214,audio_features,1YRF8mJXQcLvbZcVFcP9hQ,spotify:track:1YRF8mJXQcLvbZcVFcP9hQ,https://api.spotify.com/v1/tracks/1YRF8mJXQcLvbZcVFcP9hQ,https://api.spotify.com/v1/audio-analysis/1YRF8mJXQcLvbZcVFcP9hQ,249533,4
0.53,0.0334,2,-30.171,1,0.0406,0.979,0.851,0.0937,0.296,116.106,audio_features,3Upth3NBArMJRTij8ebzuI,spotify:track:3Upth3NBArMJRTij8ebzuI,https://api.spotify.com/v1/tracks/3Upth3NBArMJRTij8ebzuI,https://api.spotify.com/v1/audio-analysis/3Upth3NBArMJRTij8ebzuI,240253,3
