danceability,energy,key,loudness,mode,speechiness,acousticness,instrumentalness,liveness,valence,tempo,type,id,uri,track_href,analysis_url,duration_ms,time_signature
0.52,0.746,5,-6.24,1,0.0401,0.748,0.765,0.421,0.564,147.138,audio_features,64Dlgk4d6JbiT8UoaHB4g0,spotify:track:64Dlgk4d6JbiT8UoaHB4g0,https://api.spotify.com/v1/tracks/64Dlgk4d6JbiT8UoaHB4g0,https://api.spotify.com/v1/audio-analysis/64Dlgk4d6JbiT8UoaHB4g0,244987,4
0.561,0.732,8,-6.711,1,0.0332,0.679,2.13e-05,0.187,0.547,113.272,audio_features,3T3GGKQhwTf539CwMfpxzM,spotify:track:3T3GGKQhwTf539CwMfpxzM,https://api.spotify.com/v1/tracks/3T3GGKQhwTf539CwMfpxzM,https://api.spotify.com/v1/audio-analysis/3T3GGKQhwTf539CwMfpxzM,218933,4
0.568,0.657,7,-5.123,0,0.0458,0.612,0,0.395,0.775,75.982,audio_features,0hDkiLVNvtOw1Ljy8i7uGK,spotify:track:0hDkiLVNvtOw1Ljy8i7uGK,https://api.spotify.com/v1/tracks/0hDkiLVNvtOw1Ljy8i7uGK,https://api.spotify.com/v1/audio-analysis/0hDkiLVNvtOw1Ljy8i7uGK,248533,4
0.65,0.506,9,-6.71,0,0.0392,0.691,5.45e-06,0.217,0.799,134.078,audio_features,7rj0xtH5Mw7ywFt0thNJKu,spotify:track:7rj0xtH5Mw7ywFt0thNJKu,https://api.spotify.com/v1/tracks/7rj0xtH5Mw7ywFt0thNJKu,https://api.spotify.com/v1/audio-analysis/7rj0xtH5Mw7ywFt0thNJKu,228040,4
0.454,0.417,3,-6.613,1,0.0599,0.73,0,0.0797,0.659,177.031,audio_features,1ApiwMzuXnelPJKNhXrjpm,spotify:track:1ApiwMzuXnelPJKNhXrjpm,https://api.spotify.com/v1/tracks/1ApiwMzuXnelPJKNhXrjpm,https://api.spotify.com/v1/audio-analysis/1ApiwMzuXnelPJKNhXrjpm,251613,4
0.455,0.66,7,-7.92,1,0.0283,0.744,0.91,0.159,0.607,138.3,audio_features,0WAMYXHwAo76bQ147ArpDX,spotify:track:0WAMYXHwAo76bQ147ArpDX,https://api.spotify.com/v1/tracks/0WAMYXHwAo76bQ147ArpDX,https://api.spotify.com/v1/audio-analysis/0WAMYXHwAo76bQ147ArpDX,265107,3
0.673,0.122,0,-16.406,1,0.0344,0.837,0.000108,0.115,0.35,84.289,audio_features,7qcrcJgbl5WCiLVpPNCPqd,spotify:track:7qcrcJgbl5WCiLVpPNCPqd,https://api.spotify.com/v1/tracks/7qcrcJgbl5WCiLVpPNCPqd,https://api.spotify.com/v1/audio-analysis/7qcrcJgbl5WCiLVpPNCPqd,299973,4
0.603,0.373,5,-14.98,1,0.0349,0.756,6.8e-05,0.135,0.799,96.299,audio_features,66Nh4TosJ1ANNfrhSZ6AEU,spotify:track:66Nh4TosJ1ANNfrhSZ6AEU,https://api.spotify.com/v1/tracks/66Nh4TosJ1ANNfrhSZ6AEU,https://api.spotify.com/v1/audio-analysis/66Nh4TosJ1ANNfrhSZ6AEU,185053,4
0.632,0.453,7,-12.257,1,0.0301,0.525,0.000448,0.143,0.461,112.069,audio_features,0gVTOC191ScBI2Frj9NQQX,spotify:track:0gVTOC191ScBI2Frj9NQQX,https://api.spotify.com/v1/tracks/0gVTOC191ScBI2Frj9NQQX,https://api.spotify.com/v1/audio-analysis/0gVTOC191ScBI2Frj9NQQX,209373,4
