danceability,energy,key,loudness,mode,speechiness,acousticness,instrumentalness,liveness,valence,tempo,type,id,uri,track_href,analysis_url,duration_ms,time_signature
0.399,0.192,7,-15.166,1,0.0512,0.976,0.00697,0.0964,0.604,183.545,audio_features,1UkUwxlbKpFzNFTwlAj4Hr,spotify:track:1UkUwxlbKpFzNFTwlAj4Hr,https://api.spotify.com/v1/tracks/1UkUwxlbKpFzNFTwlAj4Hr,https://api.spotify.com/v1/audio-analysis/1UkUwxlbKpFzNFTwlAj4Hr,373800,3
0.682,0.313,0,-13.533,1,0.039,0.776,0.000427,0.085,0.681,100.296,audio_features,69BhgVzGUe3V4QMFekmttL,spotify:track:69BhgVzGUe3V4QMFekmttL,https://api.spotify.com/v1/tracks/69BhgVzGUe3V4QMFekmttL,https://api.spotify.com/v1/audio-analysis/69BhgVzGUe3V4QMFekmttL,255400,4
0.49,0.233,7,-14.987,1,0.0515,0.862,3.2e-05,0.663,0.387,121.916,audio_features,55AptkiKfSCZgBFAmMR8ie,spotify:track:55AptkiKfSCZgBFAmMR8ie,https://api.spotify.com/v1/tracks/55AptkiKfSCZgBFAmMR8ie,https://api.spotify.com/v1/audio-analysis/55AptkiKfSCZgBFAmMR8ie,485800,3
0.78,0.345,0,-13.997,1,0.0864,0.698,0.933,0.0963,0.696,98.287,audio_features,3lEd0jOaDdNgto4TOUgNgh,spotify:track:3lEd0jOaDdNgto4TOUgNgh,https://api.spotify.com/v1/tracks/3lEd0jOaDdNgto4TOUgNgh,https://api.spotify.com/v1/audio-analysis/3lEd0jOaDdNgto4TOUgNgh,413027,4
0.61,0.225,2,-16.075,0,0.0831,0.722,0.884,0.0777,0.481,135.98,audio_features,5b7HA88QhGDpJ2rD4btnwP,spotify:track:5b7HA88QhGDpJ2rD4btnwP,https://api.spotify.com/v1/tracks/5b7HA88QhGDpJ2rD4btnwP,https://api.spotify.com/v1/audio-analysis/5b7HA88QhGDpJ2rD4btnwP,521733,4
0.629,0.446,2,-12.986,0,0.0476,0.717,0.759,0.119,0.824,120.29,audio_features,1rfP8qxxM8o6nALc4JnLO4,spotify:track:1rfP8qxxM8o6nALc4JnLO4,https://api.spotify.com/v1/tracks/1rfP8qxxM8o6nALc4JnLO4,https://api.spotify.com/v1/audio-analysis/1rfP8qxxM8o6nALc4JnLO4,473400,4
0.566,0.42,3,-15.113,1,0.0541,0.734,0.87,0.127,0.855,121.663,audio_features,5U78Jme141opBle1gJUAwd,spotify:track:5U78Jme141opBle1gJUAwd,https://api.spotify.com/v1/tracks/5U78Jme141opBle1gJUAwd,https://api.spotify.com/v1/audio-analysis/5U78Jme141opBle1gJUAwd,376267,4
0.73,0.383,0,-14.415,1,0.0894,0.743,0.791,0.103,0.658,98.305,audio_features,5xklzLz4Yp6Xeq9HwXUmpO,spotify:track:5xklzLz4Yp6Xeq9HwXUmpO,https://api.spotify.com/v1/tracks/5xklzLz4Yp6Xeq9HwXUmpO,https://api.spotify.com/v1/audio-analysis/5xklzLz4Yp6Xeq9HwXUmpO,469467,4
0.534,0.283,0,-15.678,1,0.109,0.863,0.834,0.259,0.6,78.824,audio_features,5FvTZKElXRE8x7V7W08PrA,spotify:track:5FvTZKElXRE8x7V7W08PrA,https://api.spotify.com/v1/tracks/5FvTZKElXRE8x7V7W08PrA,https://api.spotify.com/v1/audio-analysis/5FvTZKElXRE8x7V7W08PrA,500800,4
