danceability,energy,key,loudness,mode,speechiness,acousticness,instrumentalness,liveness,valence,tempo,type,id,uri,track_href,analysis_url,duration_ms,time_signature
0.524,0.486,0,-12.008,1,0.0676,0.677,0.883,0.127,0.71,108.341,audio_features,4OJwksix5fu0IHyCJ8Wue8,spotify:track:4OJwksix5fu0IHyCJ8Wue8,https://api.spotify.com/v1/tracks/4OJwksix5fu0IHyCJ8Wue8,https://api.spotify.com/v1/audio-analysis/4OJwksix5fu0IHyCJ8Wue8,751707,3
0.519,0.177,11,-17.379,1,0.0534,0.977,0.575,0.118,0.197,108.224,audio_features,5oez8ulTlJoDHPDkOIlnwq,spotify:track:5oez8ulTlJoDHPDkOIlnwq,https://api.spotify.com/v1/tracks/5oez8ulTlJoDHPDkOIlnwq,https://api.spotify.com/v1/audio-analysis/5oez8ulTlJoDHPDkOIlnwq,363267,4
0.429,0.307,0,-18.703,1,0.0404,0.958,0.949,0.156,0.351,120.416,audio_features,7jnXdzK4JqndKXTUibUjXx,spotify:track:7jnXdzK4JqndKXTUibUjXx,https://api.spotify.com/v1/tracks/7jnXdzK4JqndKXTUibUjXx,https://api.spotify.com/v1/audio-analysis/7jnXdzK4JqndKXTUibUjXx,180707,4
0.418,0.151,4,-19.689,0,0.0367,0.977,0.908,0.0868,0.0975,106.219,audio_features,2KKAsmZmWc6eCuAutwGewl,spotify:track:2KKAsmZmWc6eCuAutwGewl,https://api.spotify.com/v1/tracks/2KKAsmZmWc6eCuAutwGewl,https://api.spotify.com/v1/audio-analysis/2KKAsmZmWc6eCuAutwGewl,281720,4
0.412,0.452,0,-12.733,1,0.0393,0.905,0.889,0.0805,0.54,137.947,audio_features,0yXXYtNMTKDaeA0aHFexjB,spotify:track:0yXXYtNMTKDaeA0aHFexjB,https://api.spotify.com/v1/tracks/0yXXYtNMTKDaeA0aHFexjB,https://api.spotify.com/v1/audio-analysis/0yXXYtNMTKDaeA0aHFexjB,213067,3
0.543,0.154,8,-22.181,1,0.0455,0.907,0.938,0.11,0.537,133.948,audio_features,0IEkodJAxMCfghQjom3die,spotify:track:0IEkodJAxMCfghQjom3die,https://api.spotify.com/v1/tracks/0IEkodJAxMCfghQjom3die,https://api.spotify.com/v1/audio-analysis/0IEkodJAxMCfghQjom3die,231840,4
0.502,0.228,7,-18.347,1,0.0426,0.984,0.856,0.123,0.502,150.15,audio_features,48cPRxowgcOZPSqWpXiA3W,spotify:track:48cPRxowgcOZPSqWpXiA3W,https://api.spotify.com/v1/tracks/48cPRxowgcOZPSqWpXiA3W,https://api.spotify.com/v1/audio-analysis/48cPRxowgcOZPSqWpXiA3W,301680,4
0.342,0.0957,2,-20.598,0,0.0488,0.951,0.788,0.11,0.161,95.101,audio_features,5sNE2DjJi5G81ti0KTRGbd,spotify:track:5sNE2DjJi5G81ti0KTRGbd,https://api.spotify.com/v1/tracks/5sNE2DjJi5G81ti0KTRGbd,https://api.spotify.com/v1/audio-analysis/5sNE2DjJi5G81ti0KTRGbd,511840,4
0.34,0.135,5,-20.424,1,0.0358,0.967,0.891,0.111,0.314,87.427,audio_features,4BE1aVwONT8JfQzhBFve8k,spotify:track:4BE1aVwONT8JfQzhBFve8k,https://api.spotify.com/v1/tracks/4BE1aVwONT8JfQzhBFve8k,https://api.spotify.com/v1/audio-analysis/4BE1aVwONT8JfQzhBFve8k,177600,4
