danceability,energy,key,loudness,mode,speechiness,acousticness,instrumentalness,liveness,valence,tempo,type,id,uri,track_href,analysis_url,duration_ms,time_signature
0.484,0.658,4,-11.841,1,0.0339,0.882,0.833,0.322,0.959,123.278,audio_features,56dU9PSvPMhmZlOKHbTpwn,spotify:track:56dU9PSvPMhmZlOKHbTpwn,https://api.spotify.com/v1/tracks/56dU9PSvPMhmZlOKHbTpwn,https://api.spotify.com/v1/audio-analysis/56dU9PSvPMhmZlOKHbTpwn,214347,4
0.478,0.326,7,-16.71,1,0.0395,0.975,0.892,0.141,0.963,107.391,audio_features,1Got6wAbsTKDTV7XZNugpx,spotify:track:1Got6wAbsTKDTV7XZNugpx,https://api.spotify.com/v1/tracks/1Got6wAbsTKDTV7XZNugpx,https://api.spotify.com/v1/audio-analysis/1Got6wAbsTKDTV7XZNugpx,116507,1
0.46,0.265,0,-14.541,1,0.0347,0.947,0.725,0.164,0.582,133.679,audio_features,4E9rPNckjZhTG727tQxX3d,spotify:track:4E9rPNckjZhTG727tQxX3d,https://api.spotify.com/v1/tracks/4E9rPNckjZhTG727tQxX3d,https://api.spotify.com/v1/audio-analysis/4E9rPNckjZhTG727tQxX3d,276160,3
0.477,0.812,9,-9.841,1,0.0316,0.848,0.897,0.202,0.964,144.31,audio_features,0N2tbfblEd4sFNq7BRUzOb,spotify:track:0N2tbfblEd4sFNq7BRUzOb,https://api.spotify.com/v1/tracks/0N2tbfblEd4sFNq7BRUzOb,https://api.spotify.com/v1/audio-analysis/0N2tbfblEd4sFNq7BRUzOb,164373,4
0.447,0.715,0,-10.202,1,0.0307,0.734,0.907,0.126,0.963,154.085,audio_features,2WZaae6J1JDUaCKn72hbAK,spotify:track:2WZaae6J1JDUaCKn72hbAK,https://api.spotify.com/v1/tracks/2WZaae6J1JDUaCKn72hbAK,https://api.spotify.com/v1/audio-analysis/2WZaae6J1JDUaCKn72hbAK,176987,4
0.392,0.354,2,-13.264,0,0.0482,0.962,0.891,0.213,0.898,114.654,audio_features,11Y1U2TCjHZStCZQZQtcc7,spotify:track:11Y1U2TCjHZStCZQZQtcc7,https://api.spotify.com/v1/tracks/11Y1U2TCjHZStCZQZQtcc7,https://api.spotify.com/v1/audio-analysis/11Y1U2TCjHZStCZQZQtcc7,190053,4
0.412,0.528,7,-11.318,1,0.0329,0.946,0.883,0.299,0.939,142.052,audio_features,0TlBENv22wEWffG475FSKO,spotify:track:0TlBENv22wEWffG475FSKO,https://api.spotify.com/v1/tracks/0TlBENv22wEWffG475FSKO,https://api.spotify.com/v1/audio-analysis/0TlBENv22wEWffG475FSKO,235587,4
0.61,0.577,7,-9.016,1,0.0333,0.794,0.0274,0.0594,0.934,95.249,audio_features,0VxbGFcjLnzj4fwBvtVhe4,spotify:track:0VxbGFcjLnzj4fwBvtVhe4,https://api.spotify.com/v1/tracks/0VxbGFcjLnzj4fwBvtVhe4,https://api.spotify.com/v1/audio-analysis/0VxbGFcjLnzj4fwBvtVhe4,205973,4
0.53,0.184,7,-15.482,1,0.0426,0.955,0.382,0.115,0.477,114.845,audio_features,4frm5f2hwnFZzC1d3HAtw5,spotify:track:4frm5f2hwnFZzC1d3HAtw5,https://api.spotify.com/v1/tracks/4frm5f2hwnFZzC1d3HAtw5,https://api.spotify.com/v1/audio-analysis/4frm5f2hwnFZzC1d3HAtw5,209440,4
