danceability,energy,key,loudness,mode,speechiness,acousticness,instrumentalness,liveness,valence,tempo,type,id,uri,track_href,analysis_url,duration_ms,time_signature
0.308,0.395,9,-9.902,1,0.0284,0.607,0.000148,0.102,0.378,103.037,audio_features,3BD6czeOtnUq9Vhlbf3hi4,spotify:track:3BD6czeOtnUq9Vhlbf3hi4,https://api.spotify.com/v1/tracks/3BD6czeOtnUq9Vhlbf3hi4,https://api.spotify.com/v1/audio-analysis/3BD6czeOtnUq9Vhlbf3hi4,219467,4
0.503,0.482,2,-9.311,1,0.0269,0.718,0.0167,0.102,0.277,136.883,audio_features,5kqaNlNxGFJvnTFhFLh0Pr,spotify:track:5kqaNlNxGFJvnTFhFLh0Pr,https://api.spotify.com/v1/tracks/5kqaNlNxGFJvnTFhFLh0Pr,https://api.spotify.com/v1/audio-analysis/5kqaNlNxGFJvnTFhFLh0Pr,205880,4
0.463,0.732,7,-7.204,1,0.0387,0.729,0.00143,0.362,0.905,166.714,audio_features,5o9HuQiiwXxGSx6uD7JrBJ,spotify:track:5o9HuQiiwXxGSx6uD7JrBJ,https://api.spotify.com/v1/tracks/5o9HuQiiwXxGSx6uD7JrBJ,https://api.spotify.com/v1/audio-analysis/5o9HuQiiwXxGSx6uD7JrBJ,159000,4
0.623,0.374,8,-9.09,1,0.0285,0.883,2.42e-05,0.0861,0.528,95.258,audio_features,72ShEQnNiycDG1VxbuvoMs,spotify:track:72ShEQnNiycDG1VxbuvoMs,https://api.spotify.com/v1/tracks/72ShEQnNiycDG1VxbuvoMs,https://api.spotify.com/v1/audio-analysis/72ShEQnNiycDG1VxbuvoMs,181840,3
0.611,0.827,4,-5.757,1,0.0337,0.808,0.0961,0.291,0.944,107.908,audio_features,2eCquOu5aIYKsR50ZLudqo,spotify:track:2eCquOu5aIYKsR50ZLudqo,https://api.spotify.com/v1/tracks/2eCquOu5aIYKsR50ZLudqo,https://api.spotify.com/v1/audio-analysis/2eCquOu5aIYKsR50ZLudqo,144733,4
0.439,0.798,9,-7.169,1,0.034,0.518,0.874,0.363,0.97,146.479,audio_features,058ryA2kpAwO7GK5bBrCNL,spotify:track:058ryA2kpAwO7GK5bBrCNL,https://api.spotify.com/v1/tracks/058ryA2kpAwO7GK5bBrCNL,https://api.spotify.com/v1/audio-analysis/058ryA2kpAwO7GK5bBrCNL,180533,4
0.417,0.629,9,-7.594,1,0.0412,0.802,0.0161,0.238,0.806,171.79,audio_features,711NPuKtCUBh3M8mX44tla,spotify:track:711NPuKtCUBh3M8mX44tla,https://api.spotify.com/v1/tracks/711NPuKtCUBh3M8mX44tla,https://api.spotify.com/v1/audio-analysis/711NPuKtCUBh3M8mX44tla,193493,3
0.609,0.29,9,-8.791,1,0.0277,0.878,2.23e-05,0.102,0.435,109.458,audio_features,6D3bzn89V59YrZzqh8GZdY,spotify:track:6D3bzn89V59YrZzqh8GZdY,https://api.spotify.com/v1/tracks/6D3bzn89V59YrZzqh8GZdY,https://api.spotify.com/v1/audio-analysis/6D3bzn89V59YrZzqh8GZdY,153267,4
0.624,0.211,6,-14.128,0,0.0741,0.87,0.573,0.0901,0.225,81.027,audio_features,4LB4jwPoxbuWUBJL5gVFsj,spotify:track:4LB4jwPoxbuWUBJL5gVFsj,https://api.spotify.com/v1/tracks/4LB4jwPoxbuWUBJL5gVFsj,https://api.spotify.com/v1/audio-analysis/4LB4jwPoxbuWUBJL5gVFsj,220960,4
