danceability,energy,key,loudness,mode,speechiness,acousticness,instrumentalness,liveness,valence,tempo,type,id,uri,track_href,analysis_url,duration_ms,time_signature
0.365,0.419,7,-12.957,1,0.0479,0.84,0.193,0.141,0.643,111.944,audio_features,5a81dwsbN5OFCg9SkNT9b8,spotify:track:5a81dwsbN5OFCg9SkNT9b8,https://api.spotify.com/v1/tracks/5a81dwsbN5OFCg9SkNT9b8,https://api.spotify.com/v1/audio-analysis/5a81dwsbN5OFCg9SkNT9b8,270693,4
0.622,0.772,9,-10.65,1,0.0357,0.149,0.234,0.121,0.78,129.96,audio_features,6Kuh4WGmvUPfot7shIWlQZ,spotify:track:6Kuh4WGmvUPfot7shIWlQZ,https://api.spotify.com/v1/tracks/6Kuh4WGmvUPfot7shIWlQZ,https://api.spotify.com/v1/audio-analysis/6Kuh4WGmvUPfot7shIWlQZ,363465,4
0.679,0.53,8,-10.272,1,0.0367,0.489,0,0.097,0.964,145.029,audio_features,1o7dVJ8MQJjPnumGlHQRJ7,spotify:track:1o7dVJ8MQJjPnumGlHQRJ7,https://api.spotify.com/v1/tracks/1o7dVJ8MQJjPnumGlHQRJ7,https://api.spotify.com/v1/audio-analysis/1o7dVJ8MQJjPnumGlHQRJ7,164242,4
0.606,0.298,2,-11.326,0,0.0319,0.701,2.03e-06,0.13,0.174,118.907,audio_features,3kVnoW7oDuuovp1SyMj9Kb,spotify:track:3kVnoW7oDuuovp1SyMj9Kb,https://api.spotify.com/v1/tracks/3kVnoW7oDuuovp1SyMj9Kb,https://api.spotify.com/v1/audio-analysis/3kVnoW7oDuuovp1SyMj9Kb,244880,4
0.608,0.141,6,-18.479,0,0.0353,0.86,0.000212,0.0927,0.354,134.82,audio_features,3m1DtLQFUJYPpgZ6PQpxGN,spotify:track:3m1DtLQFUJYPpgZ6PQpxGN,https://api.spotify.com/v1/tracks/3m1DtLQFUJYPpgZ6PQpxGN,https://api.spotify.com/v1/audio-analysis/3m1DtLQFUJYPpgZ6PQpxGN,233853,4
0.298,0.391,2,-10.241,1,0.0349,0.717,0.0075,0.0594,0.292,188.162,audio_features,77HUEITflhC0BxtnfBmBoi,spotify:track:77HUEITflhC0BxtnfBmBoi,https://api.spotify.com/v1/tracks/77HUEITflhC0BxtnfBmBoi,https://api.spotify.com/v1/audio-analysis/77HUEITflhC0BxtnfBmBoi,200013,4
0.532,0.491,2,-8.891,1,0.0351,0.604,2.35e-05,0.14,0.427,126.646,audio_features,30qdwbBe4nDPJ3qALI5S6h,spotify:track:30qdwbBe4nDPJ3qALI5S6h,https://api.spotify.com/v1/tracks/30qdwbBe4nDPJ3qALI5S6h,https://api.spotify.com/v1/audio-analysis/30qdwbBe4nDPJ3qALI5S6h,186013,4
0.403,0.387,9,-11.312,1,0.0397,0.834,0.699,0.181,0.588,126.283,audio_features,6ghXD44kT8wqM1hty9NGgO,spotify:track:6ghXD44kT8wqM1hty9NGgO,https://api.spotify.com/v1/tracks/6ghXD44kT8wqM1hty9NGgO,https://api.spotify.com/v1/audio-analysis/6ghXD44kT8wqM1hty9NGgO,342653,4
0.301,0.174,2,-20.32,0,0.0311,0.915,0.941,0.0905,0.0719,98.27,audio_features,4qr01AXTgNMLiFpdUBdZy1,spotify:track:4qr01AXTgNMLiFpdUBdZy1,https://api.spotify.com/v1/tracks/4qr01AXTgNMLiFpdUBdZy1,https://api.spotify.com/v1/audio-analysis/4qr01AXTgNMLiFpdUBdZy1,270813,3
