danceability,energy,key,loudness,mode,speechiness,acousticness,instrumentalness,liveness,valence,tempo,type,id,uri,track_href,analysis_url,duration_ms,time_signature
0.528,0.179,2,-15.286,1,0.0351,0.929,0.0212,0.137,0.38,123.521,audio_features,5J2MrrQnjl4e22cGBJfLbi,spotify:track:5J2MrrQnjl4e22cGBJfLbi,https://api.spotify.com/v1/tracks/5J2MrrQnjl4e22cGBJfLbi,https://api.spotify.com/v1/audio-analysis/5J2MrrQnjl4e22cGBJfLbi,231587,4
0.31,0.146,9,-18.037,1,0.0372,0.983,0.357,0.15,0.0566,106.876,audio_features,1TLCNkLLtPMos7EYSFf1dr,spotify:track:1TLCNkLLtPMos7EYSFf1dr,https://api.spotify.com/v1/tracks/1TLCNkLLtPMos7EYSFf1dr,https://api.spotify.com/v1/audio-analysis/1TLCNkLLtPMos7EYSFf1dr,413587,3
0.559,0.187,4,-18.941,0,0.0362,0.896,0.874,0.0618,0.476,149.555,audio_features,4iGmKntLtyPe18ZOzMC2FL,spotify:track:4iGmKntLtyPe18ZOzMC2FL,https://api.spotify.com/v1/tracks/4iGmKntLtyPe18ZOzMC2FL,https://api.spotify.com/v1/audio-analysis/4iGmKntLtyPe18ZOzMC2FL,447667,5
0.484,0.412,11,-11.862,0,0.0394,0.881,0.452,0.0733,0.614,118.056,audio_features,2yhFvYvZc1DoktTORTrnPk,spotify:track:2yhFvYvZc1DoktTORTrnPk,https://api.spotify.com/v1/tracks/2yhFvYvZc1DoktTORTrnPk,https://api.spotify.com/v1/audio-analysis/2yhFvYvZc1DoktTORTrnPk,269773,4
0.303,0.0329,9,-23.031,0,0.033,0.969,0.00652,0.202,0.0694,73.947,audio_features,2Ay9FNFYXSUTCMl7MHJY3u,spotify:track:2Ay9FNFYXSUTCMl7MHJY3u,https://api.spotify.com/v1/tracks/2Ay9FNFYXSUTCMl7MHJY3u,https://api.spotify.com/v1/audio-analysis/2Ay9FNFYXSUTCMl7MHJY3u,234173,4
0.492,0.25,2,-16.531,1,0.0359,0.932,0.787,0.108,0.287,111.95,audio_features,44xdu0QZB1oJOo53vvkIFP,spotify:track:44xdu0QZB1oJOo53vvkIFP,https://api.spotify.com/v1/tracks/44xdu0QZB1oJOo53vvkIFP,https://api.spotify.com/v1/audio-analysis/44xdu0QZB1oJOo53vvkIFP,354560,3
0.558,0.0774,9,-20.367,1,0.0386,0.905,0.822,0.0714,0.366,82.815,audio_features,39kGQXlNBbq7W5zTTpmUKy,spotify:track:39kGQXlNBbq7W5zTTpmUKy,https://api.spotify.com/v1/tracks/39kGQXlNBbq7W5zTTpmUKy,https://api.spotify.com/v1/audio-analysis/39kGQXlNBbq7W5zTTpmUKy,270693,4
0.447,0.428,9,-13.99,1,0.0335,0.902,0.867,0.255,0.635,148.051,audio_features,3Kj24dOFIiFO2bCW7OSGIv,spotify:track:3Kj24dOFIiFO2bCW7OSGIv,https://api.spotify.com/v1/tracks/3Kj24dOFIiFO2bCW7OSGIv,https://api.spotify.com/v1/audio-analysis/3Kj24dOFIiFO2bCW7OSGIv,244573,3
0.623,0.0426,9,-28.685,1,0.0446,0.927,0.64,0.0792,0.222,114.285,audio_features,0CHVP8pN9NtJW79nIeM5zW,spotify:track:0CHVP8pN9NtJW79nIeM5zW,https://api.spotify.com/v1/tracks/0CHVP8pN9NtJW79nIeM5zW,https://api.spotify.com/v1/audio-analysis/0CHVP8pN9NtJW79nIeM5zW,243867,3
