danceability,energy,key,loudness,mode,speechiness,acousticness,instrumentalness,liveness,valence,tempo,type,id,uri,track_href,analysis_url,duration_ms,time_signature
0.597,0.118,7,-20.705,1,0.0379,0.903,0.953,0.0746,0.206,114.009,audio_features,1mbytYFsSXpjih2eNRxCX7,spotify:track:1mbytYFsSXpjih2eNRxCX7,https://api.spotify.com/v1/tracks/1mbytYFsSXpjih2eNRxCX7,https://api.spotify.com/v1/audio-analysis/1mbytYFsSXpjih2eNRxCX7,236840,4
0.534,0.0813,4,-22.003,0,0.0503,0.947,0.917,0.102,0.129,114.362,audio_features,3osbBe3w0tVeb5Xg2w8uTQ,spotify:track:3osbBe3w0tVeb5Xg2w8uTQ,https://api.spotify.com/v1/tracks/3osbBe3w0tVeb5Xg2w8uTQ,https://api.spotify.com/v1/audio-analysis/3osbBe3w0tVeb5Xg2w8uTQ,307520,3
0.397,0.0106,7,-35.236,1,0.0484,0.989,0.965,0.089,0.115,117.074,audio_features,3G8a3k2jsRkXXpD0Ga7nGn,spotify:track:3G8a3k2jsRkXXpD0Ga7nGn,https://api.spotify.com/v1/tracks/3G8a3k2jsRkXXpD0Ga7nGn,https://api.spotify.com/v1/audio-analysis/3G8a3k2jsRkXXpD0Ga7nGn,281160,3
0.611,0.105,1,-19.797,1,0.0487,0.939,0.771,0.0952,0.287,88.969,audio_features,5Rn2tCBEC8GBxm0yv55j6b,spotify:track:5Rn2tCBEC8GBxm0yv55j6b,https://api.spotify.com/v1/tracks/5Rn2tCBEC8GBxm0yv55j6b,https://api.spotify.com/v1/audio-analysis/5Rn2tCBEC8GBxm0yv55j6b,338880,4
0.427,0.473,7,-10.793,1,0.043,0.987,0.899,0.115,0.79,125.559,audio_features,4EHFSpT6WUTXlWparUlNeY,spotify:track:4EHFSpT6WUTXlWparUlNeY,https://api.spotify.com/v1/tracks/4EHFSpT6WUTXlWparUlNeY,https://api.spotify.com/v1/audio-analysis/4EHFSpT6WUTXlWparUlNeY,203175,3
0.58,0.446,2,-13.568,0,0.0408,0.98,0.86,0.0917,0.92,117.908,audio_features,5H9jRmHdRsOP7IXVvnznzN,spotify:track:5H9jRmHdRsOP7IXVvnznzN,https://api.spotify.com/v1/tracks/5H9jRmHdRsOP7IXVvnznzN,https://api.spotify.com/v1/audio-analysis/5H9jRmHdRsOP7IXVvnznzN,252933,3
0.519,0.421,5,-12.429,1,0.0409,0.983,0.858,0.0743,0.751,126.638,audio_features,2paXfC2LPIk0gmQJkJfq0g,spotify:track:2paXfC2LPIk0gmQJkJfq0g,https://api.spotify.com/v1/tracks/2paXfC2LPIk0gmQJkJfq0g,https://api.spotify.com/v1/audio-analysis/2paXfC2LPIk0gmQJkJfq0g,316853,3
0.511,0.542,2,-10.393,1,0.0381,0.98,0.857,0.288,0.965,127.199,audio_features,4QGO8m9OCsiW5iNF4ZNqgk,spotify:track:4QGO8m9OCsiW5iNF4ZNqgk,https://api.spotify.com/v1/tracks/4QGO8m9OCsiW5iNF4ZNqgk,https://api.spotify.com/v1/audio-analysis/4QGO8m9OCsiW5iNF4ZNqgk,199093,4
0.477,0.322,0,-12.877,1,0.0562,0.964,0.82,0.105,0.223,142.937,audio_features,4mFTZQ5SnMHSWNZfxZNV1Q,spotify:track:4mFTZQ5SnMHSWNZfxZNV1Q,https://api.spotify.com/v1/tracks/4mFTZQ5SnMHSWNZfxZNV1Q,https://api.spotify.com/v1/audio-analysis/4mFTZQ5SnMHSWNZfxZNV1Q,387200,4
