danceability,energy,key,loudness,mode,speechiness,acousticness,instrumentalness,liveness,valence,tempo,type,id,uri,track_href,analysis_url,duration_ms,time_signature
0.557,0.778,9,-5.659,1,0.0347,0.547,7.02e-05,0.289,0.859,155.841,audio_features,3gLi3Y9GgrpogVnB7WO7Y5,spotify:track:3gLi3Y9GgrpogVnB7WO7Y5,https://api.spotify.com/v1/tracks/3gLi3Y9GgrpogVnB7WO7Y5,https://api.spotify.com/v1/audio-analysis/3gLi3Y9GgrpogVnB7WO7Y5,168467,4
0.504,0.262,8,-10.329,1,0.0363,0.722,7.76e-05,0.131,0.43,140.789,audio_features,0NdUcYZd39x9k5CtSRF16J,spotify:track:0NdUcYZd39x9k5CtSRF16J,https://api.spotify.com/v1/tracks/0NdUcYZd39x9k5CtSRF16J,https://api.spotify.com/v1/audio-analysis/0NdUcYZd39x9k5CtSRF16J,264760,4
0.462,0.739,9,-7.083,1,0.0321,0.779,0.0282,0.234,0.903,150.487,audio_features,3Lr2y0NnDBbRPVzGWQgnZn,spotify:track:3Lr2y0NnDBbRPVzGWQgnZn,https://api.spotify.com/v1/tracks/3Lr2y0NnDBbRPVzGWQgnZn,https://api.spotify.com/v1/audio-analysis/3Lr2y0NnDBbRPVzGWQgnZn,169400,4
0.666,0.127,2,-17.896,1,0.0441,0.775,0.856,0.0824,0.225,134.533,audio_features,7fUNufnjq8gDzPmhB2TJg0,spotify:track:7fUNufnjq8gDzPmhB2TJg0,https://api.spotify.com/v1/tracks/7fUNufnjq8gDzPmhB2TJg0,https://api.spotify.com/v1/audio-analysis/7fUNufnjq8gDzPmhB2TJg0,317227,4
0.641,0.184,9,-20.069,1,0.0722,0.945,0.87,0.0878,0.402,155.549,audio_features,4mY8sVgp8NrQfsfC4evHUR,spotify:track:4mY8sVgp8NrQfsfC4evHUR,https://api.spotify.com/v1/tracks/4mY8sVgp8NrQfsfC4evHUR,https://api.spotify.com/v1/audio-analysis/4mY8sVgp8NrQfsfC4evHUR,245267,4
0.522,0.19,11,-13.095,1,0.0356,0.868,0.186,0.129,0.314,144.16,audio_features,0oWI7xShOO1FFpNWzmOWVT,spotify:track:0oWI7xShOO1FFpNWzmOWVT,https://api.spotify.com/v1/tracks/0oWI7xShOO1FFpNWzmOWVT,https://api.spotify.com/v1/audio-analysis/0oWI7xShOO1FFpNWzmOWVT,287080,4
0.654,0.29,0,-14.023,1,0.0595,0.887,0.775,0.0881,0.265,112.465,audio_features,5iqqeUrXyjNT0gbCYkYKR4,spotify:track:5iqqeUrXyjNT0gbCYkYKR4,https://api.spotify.com/v1/tracks/5iqqeUrXyjNT0gbCYkYKR4,https://api.spotify.com/v1/audio-analysis/5iqqeUrXyjNT0gbCYkYKR4,258813,4
0.326,0.47,7,-12.898,1,0.032,0.945,0.883,0.13,0.559,152.632,audio_features,4NgHCEYBTA4ZzYa2tzOYyy,spotify:track:4NgHCEYBTA4ZzYa2tzOYyy,https://api.spotify.com/v1/tracks/4NgHCEYBTA4ZzYa2tzOYyy,https://api.spotify.com/v1/audio-analysis/4NgHCEYBTA4ZzYa2tzOYyy,254227,4
0.612,0.531,2,-11.324,1,0.0351,0.815,0.13,0.133,0.881,89.748,audio_features,3JZteSHBgqZ8T1SWNLr56x,spotify:track:3JZteSHBgqZ8T1SWNLr56x,https://api.spotify.com/v1/tracks/3JZteSHBgqZ8T1SWNLr56x,https://api.spotify.com/v1/audio-analysis/3JZteSHBgqZ8T1SWNLr56x,187385,4
