danceability,energy,key,loudness,mode,speechiness,acousticness,instrumentalness,liveness,valence,tempo,type,id,uri,track_href,analysis_url,duration_ms,time_signature
0.625,0.379,10,-9.462,1,0.0335,0.873,0.000201,0.28,0.448,114.177,audio_features,11agUanWzpikZHra50J2It,spotify:track:11agUanWzpikZHra50J2It,https://api.spotify.com/v1/tracks/11agUanWzpikZHra50J2It,https://api.spotify.com/v1/audio-analysis/11agUanWzpikZHra50J2It,210653,4
0.577,0.342,5,-10.42,1,0.0385,0.8,0.71,0.118,0.512,82.47,audio_features,6HuUDGiuMzZ374SKkSzkIw,spotify:track:6HuUDGiuMzZ374SKkSzkIw,https://api.spotify.com/v1/tracks/6HuUDGiuMzZ374SKkSzkIw,https://api.spotify.com/v1/audio-analysis/6HuUDGiuMzZ374SKkSzkIw,145253,3
0.452,0.255,7,-12.364,1,0.0372,0.874,1.33e-06,0.0724,0.641,84.9,audio_features,2DOYz1BhYL8APljVhypdgf,spotify:track:2DOYz1BhYL8APljVhypdgf,https://api.spotify.com/v1/tracks/2DOYz1BhYL8APljVhypdgf,https://api.spotify.com/v1/audio-analysis/2DOYz1BhYL8APljVhypdgf,226173,4
0.366,0.854,9,-6.915,1,0.0355,0.727,0.00169,0.345,0.962,168.502,audio_features,3uZRLlJppjFmqDt2S6Rtmj,spotify:track:3uZRLlJppjFmqDt2S6Rtmj,https://api.spotify.com/v1/tracks/3uZRLlJppjFmqDt2S6Rtmj,https://api.spotify.com/v1/audio-analysis/3uZRLlJppjFmqDt2S6Rtmj,189560,4
0.534,0.726,7,-8.772,1,0.0374,0.791,0.902,0.348,0.967,128.023,audio_features,5Vx1c4XTCr4cxvAXnkfD7R,spotify:track:5Vx1c4XTCr4cxvAXnkfD7R,https://api.spotify.com/v1/tracks/5Vx1c4XTCr4cxvAXnkfD7R,https://api.spotify.com/v1/audio-analysis/5Vx1c4XTCr4cxvAXnkfD7R,194387,4
0.584,0.416,10,-7.97,1,0.0329,0.837,0.000103,0.168,0.547,88.423,audio_features,3WJThtDNHmxtbJllCzOwS7,spotify:track:3WJThtDNHmxtbJllCzOwS7,https://api.spotify.com/v1/tracks/3WJThtDNHmxtbJllCzOwS7,https://api.spotify.com/v1/audio-analysis/3WJThtDNHmxtbJllCzOwS7,195253,4
0.638,0.662,5,-8.649,1,0.0347,0.787,7.85e-05,0.0971,0.955,104.981,audio_features,56IzTtvaI7EhUb38flV4bc,spotify:track:56IzTtvaI7EhUb38flV4bc,https://api.spotify.com/v1/tracks/56IzTtvaI7EhUb38flV4bc,https://api.spotify.com/v1/audio-analysis/56IzTtvaI7EhUb38flV4bc,227627,4
0.537,0.25,11,-19.621,0,0.0572,0.937,0.906,0.13,0.664,115.159,audio_features,1Sd3tuN6zRpWnWHVm6veJl,spotify:track:1Sd3tuN6zRpWnWHVm6veJl,https://api.spotify.com/v1/tracks/1Sd3tuN6zRpWnWHVm6veJl,https://api.spotify.com/v1/audio-analysis/1Sd3tuN6zRpWnWHVm6veJl,141453,4
0.545,0.18,9,-17.804,1,0.0469,0.949,0.89,0.219,0.356,142.632,audio_features,0Ek6cxjKnhmq8uKZO9PaOR,spotify:track:0Ek6cxjKnhmq8uKZO9PaOR,https://api.spotify.com/v1/tracks/0Ek6cxjKnhmq8uKZO9PaOR,https://api.spotify.com/v1/audio-analysis/0Ek6cxjKnhmq8uKZO9PaOR,336107,4
