danceability,energy,key,loudness,mode,speechiness,acousticness,instrumentalness,liveness,valence,tempo,type,id,uri,track_href,analysis_url,duration_ms,time_signature
0.465,0.612,2,-9.814,1,0.0411,0.975,0.922,0.113,0.627,130.968,audio_features,5YtRPnEdlpiqdkThjYLbeT,spotify:track:5YtRPnEdlpiqdkThjYLbeT,https://api.spotify.com/v1/tracks/5YtRPnEdlpiqdkThjYLbeT,https://api.spotify.com/v1/audio-analysis/5YtRPnEdlpiqdkThjYLbeT,243987,4
0.513,0.336,7,-14.47,0,0.0487,0.99,0.9,0.0894,0.736,113.356,audio_features,3ofMyblcEHZykrQtcdz1bi,spotify:track:3ofMyblcEHZykrQtcdz1bi,https://api.spotify.com/v1/tracks/3ofMyblcEHZykrQtcdz1bi,https://api.spotify.com/v1/audio-analysis/3ofMyblcEHZykrQtcdz1bi,258763,3
0.667,0.527,2,-6.098,1,0.0546,0.906,0.842,0.0689,0.507,110.807,audio_features,7rucmldlUR0exTmcxg5f0Q,spotify:track:7rucmldlUR0exTmcxg5f0Q,https://api.spotify.com/v1/tracks/7rucmldlUR0exTmcxg5f0Q,https://api.spotify.com/v1/audio-analysis/7rucmldlUR0exTmcxg5f0Q,151067,4
0.532,0.268,11,-17.766,1,0.039,0.977,0.857,0.139,0.342,101.426,audio_features,44XEOjb9CYaZFEDTCDoFbZ,spotify:track:44XEOjb9CYaZFEDTCDoFbZ,https://api.spotify.com/v1/tracks/44XEOjb9CYaZFEDTCDoFbZ,https://api.spotify.com/v1/audio-analysis/44XEOjb9CYaZFEDTCDoFbZ,187853,3
0.386,0.846,2,-4.656,1,0.0559,0.605,0,0.122,0.851,175.372,audio_features,0gXgmbDN5luYPOH1A6JClE,spotify:track:0gXgmbDN5luYPOH1A6JClE,https://api.spotify.com/v1/tracks/0gXgmbDN5luYPOH1A6JClE,https://api.spotify.com/v1/audio-analysis/0gXgmbDN5luYPOH1A6JClE,192280,4
0.571,0.939,5,-6.161,1,0.046,0.288,0.00261,0.0522,0.925,102.36,audio_features,3u9kurRI4DFoLW2O828LSp,spotify:track:3u9kurRI4DFoLW2O828LSp,https://api.spotify.com/v1/tracks/3u9kurRI4DFoLW2O828LSp,https://api.spotify.com/v1/audio-analysis/3u9kurRI4DFoLW2O828LSp,157160,4
0.587,0.471,5,-10.486,1,0.0306,0.691,3.47e-05,0.272,0.229,99.659,audio_features,4ygG6I9XF6YY4XLJBHkUED,spotify:track:4ygG6I9XF6YY4XLJBHkUED,https://api.spotify.com/v1/tracks/4ygG6I9XF6YY4XLJBHkUED,https://api.spotify.com/v1/audio-analysis/4ygG6I9XF6YY4XLJBHkUED,209653,4
0.445,0.353,9,-14.674,1,0.0366,0.836,0.0415,0.141,0.36,114.683,audio_features,6G9nRiCQZcfjuFujmZKY5i,spotify:track:6G9nRiCQZcfjuFujmZKY5i,https://api.spotify.com/v1/tracks/6G9nRiCQZcfjuFujmZKY5i,https://api.spotify.com/v1/audio-analysis/6G9nRiCQZcfjuFujmZKY5i,733307,4
0.428,0.0848,1,-18.968,1,0.0328,0.902,0.00602,0.0653,0.14,100.405,audio_features,08ez8V2k2iBkO3jo3xFdDq,spotify:track:08ez8V2k2iBkO3jo3xFdDq,https://api.spotify.com/v1/tracks/08ez8V2k2iBkO3jo3xFdDq,https://api.spotify.com/v1/audio-analysis/08ez8V2k2iBkO3jo3xFdDq,561907,4
