danceability,energy,key,loudness,mode,speechiness,acousticness,instrumentalness,liveness,valence,tempo,type,id,uri,track_href,analysis_url,duration_ms,time_signature
0.554,0.366,11,-11.541,0,0.0457,0.884,0.032,0.182,0.187,113.083,audio_features,0A5RLwavVt9ZmvZ5NGoS2B,spotify:track:0A5RLwavVt9ZmvZ5NGoS2B,https://api.spotify.com/v1/tracks/0A5RLwavVt9ZmvZ5NGoS2B,https://api.spotify.com/v1/audio-analysis/0A5RLwavVt9ZmvZ5NGoS2B,255413,4
0.259,0.29,2,-11.08,1,0.043,0.788,0.000313,0.127,0.426,198.801,audio_features,2DnsARJoPtpYR4es2j7kBQ,spotify:track:2DnsARJoPtpYR4es2j7kBQ,https://api.spotify.com/v1/tracks/2DnsARJoPtpYR4es2j7kBQ,https://api.spotify.com/v1/audio-analysis/2DnsARJoPtpYR4es2j7kBQ,282107,3
0.367,0.888,7,-4.716,1,0.0657,0.000959,0.797,0.33,0.447,111.432,audio_features,3EcSKhEdM3Clh04d3Z1HJN,spotify:track:3EcSKhEdM3Clh04d3Z1HJN,https://api.spotify.com/v1/tracks/3EcSKhEdM3Clh04d3Z1HJN,https://api.spotify.com/v1/audio-analysis/3EcSKhEdM3Clh04d3Z1HJN,82147,4
0.689,0.788,5,-5.506,1,0.0391,0.414,1.03e-06,0.136,0.541,88.655,audio_features,4GJ3h5jNmpETBwKJzUWioB,spotify:track:4GJ3h5jNmpETBwKJzUWioB,https://api.spotify.com/v1/tracks/4GJ3h5jNmpETBwKJzUWioB,https://api.spotify.com/v1/audio-analysis/4GJ3h5jNmpETBwKJzUWioB,203227,4
0.43,0.891,5,-6.057,0,0.0602,0.138,0,0.262,0.469,155.404,audio_features,0V36fjB4RrE2Xv0fN1jiqh,spotify:track:0V36fjB4RrE2Xv0fN1jiqh,https://api.spotify.com/v1/tracks/0V36fjB4RrE2Xv0fN1jiqh,https://api.spotify.com/v1/audio-analysis/0V36fjB4RrE2Xv0fN1jiqh,105187,4
0.614,0.67,9,-8.152,1,0.0283,0.0222,0.0254,0.224,0.353,114.003,audio_features,1RoxDT0p4p9bmUeGXazJhW,spotify:track:1RoxDT0p4p9bmUeGXazJhW,https://api.spotify.com/v1/tracks/1RoxDT0p4p9bmUeGXazJhW,https://api.spotify.com/v1/audio-analysis/1RoxDT0p4p9bmUeGXazJhW,409533,4
0.444,0.318,5,-7.784,1,0.0273,0.619,0.000523,0.121,0.303,108.776,audio_features,5dtR0Dlfr7ot59Wh801QSU,spotify:track:5dtR0Dlfr7ot59Wh801QSU,https://api.spotify.com/v1/tracks/5dtR0Dlfr7ot59Wh801QSU,https://api.spotify.com/v1/audio-analysis/5dtR0Dlfr7ot59Wh801QSU,230280,3
0.437,0.796,7,-5.985,1,0.0336,0.0461,6.25e-05,0.18,0.492,131.991,audio_features,1tMxf5JPhGQAJFkRt7jCu7,spotify:track:1tMxf5JPhGQAJFkRt7jCu7,https://api.spotify.com/v1/tracks/1tMxf5JPhGQAJFkRt7jCu7,https://api.spotify.com/v1/audio-analysis/1tMxf5JPhGQAJFkRt7jCu7,236267,4
0.445,0.355,0,-7.774,1,0.0267,0.896,0.00148,0.108,0.388,131.967,audio_features,7KoHcknfuCxike9G0gZp9Y,spotify:track:7KoHcknfuCxike9G0gZp9Y,https://api.spotify.com/v1/tracks/7KoHcknfuCxike9G0gZp9Y,https://api.spotify.com/v1/audio-analysis/7KoHcknfuCxike9G0gZp9Y,234253,3
