danceability,energy,key,loudness,mode,speechiness,acousticness,instrumentalness,liveness,valence,tempo,type,id,uri,track_href,analysis_url,duration_ms,time_signature
0.67,0.315,0,-12.723,1,0.0578,0.733,0.831,0.115,0.593,83.993,audio_features,4xTOw9LuQ7a0XWMu5LCAG4,spotify:track:4xTOw9LuQ7a0XWMu5LCAG4,https://api.spotify.com/v1/tracks/4xTOw9LuQ7a0XWMu5LCAG4,https://api.spotify.com/v1/audio-analysis/4xTOw9LuQ7a0XWMu5LCAG4,460733,4
0.51,0.673,9,-10.207,0,0.0334,0.577,0.611,0.253,0.962,146.011,audio_features,2i0bwAjLVlCBJLcFLCJRVU,spotify:track:2i0bwAjLVlCBJLcFLCJRVU,https://api.spotify.com/v1/tracks/2i0bwAjLVlCBJLcFLCJRVU,https://api.spotify.com/v1/audio-analysis/2i0bwAjLVlCBJLcFLCJRVU,191733,4
0.719,0.453,4,-12.537,0,0.0719,0.812,0.928,0.0496,0.94,116.198,audio_features,7Bc6qZtvCM9UsgXNOzDALu,spotify:track:7Bc6qZtvCM9UsgXNOzDALu,https://api.spotify.com/v1/tracks/7Bc6qZtvCM9UsgXNOzDALu,https://api.spotify.com/v1/audio-analysis/7Bc6qZtvCM9UsgXNOzDALu,338000,4
0.634,0.23,5,-13.717,0,0.0403,0.805,0.405,0.245,0.681,80.786,audio_features,5TPWmEKYeTy5XQ9UVw3qFr,spotify:track:5TPWmEKYeTy5XQ9UVw3qFr,https://api.spotify.com/v1/tracks/5TPWmEKYeTy5XQ9UVw3qFr,https://api.spotify.com/v1/audio-analysis/5TPWmEKYeTy5XQ9UVw3qFr,210267,4
0.63,0.357,7,-11.198,0,0.0371,0.826,0.48,0.111,0.85,103.8,audio_features,2Vu3ppuIhivMzglhns8jNV,spotify:track:2Vu3ppuIhivMzglhns8jNV,https://api.spotify.com/v1/tracks/2Vu3ppuIhivMzglhns8jNV,https://api.spotify.com/v1/audio-analysis/2Vu3ppuIhivMzglhns8jNV,281093,4
0.627,0.431,9,-10.578,0,0.0752,0.849,0.874,0.0613,0.778,101.637,audio_features,0Kp3lYaBEZzDuj1G84mTLd,spotify:track:0Kp3lYaBEZzDuj1G84mTLd,https://api.spotify.com/v1/tracks/0Kp3lYaBEZzDuj1G84mTLd,https://api.spotify.com/v1/audio-analysis/0Kp3lYaBEZzDuj1G84mTLd,298907,4
0.58,0.368,7,-15.106,1,0.0522,0.806,0.887,0.081,0.711,128.172,audio_features,2QMkQeyLmaCwQBfM2ClmPN,spotify:track:2QMkQeyLmaCwQBfM2ClmPN,https://api.spotify.com/v1/tracks/2QMkQeyLmaCwQBfM2ClmPN,https://api.spotify.com/v1/audio-analysis/2QMkQeyLmaCwQBfM2ClmPN,389133,4
0.647,0.301,2,-14.403,0,0.0592,0.816,0.553,0.101,0.71,94.875,audio_features,3ELa3dxeAOBfe84khYiW25,spotify:track:3ELa3dxeAOBfe84khYiW25,https://api.spotify.com/v1/tracks/3ELa3dxeAOBfe84khYiW25,https://api.spotify.com/v1/audio-analysis/3ELa3dxeAOBfe84khYiW25,224533,4
0.683,0.337,2,-13.561,0,0.0345,0.494,0.37,0.194,0.483,103.991,audio_features,59XmMTr4ruwBNxZcX5STPd,spotify:track:59XmMTr4ruwBNxZcX5STPd,https://api.spotify.com/v1/tracks/59XmMTr4ruwBNxZcX5STPd,https://api.spotify.com/v1/audio-analysis/59XmMTr4ruwBNxZcX5STPd,361960,4
