danceability,energy,key,loudness,mode,speechiness,acousticness,instrumentalness,liveness,valence,tempo,type,id,uri,track_href,analysis_url,duration_ms,time_signature
0.544,0.143,10,-20.046,1,0.0308,0.79,0.00065,0.0809,0.381,78.932,audio_features,1Ug1CkyUlRtgsJyB7cVjE3,spotify:track:1Ug1CkyUlRtgsJyB7cVjE3,https://api.spotify.com/v1/tracks/1Ug1CkyUlRtgsJyB7cVjE3,https://api.spotify.com/v1/audio-analysis/1Ug1CkyUlRtgsJyB7cVjE3,233053,4
0.344,0.509,8,-8.243,0,0.0366,0.67,3.33e-05,0.15,0.249,123.883,audio_features,5cEt3GIleqHgrtBEBQifso,spotify:track:5cEt3GIleqHgrtBEBQifso,https://api.spotify.com/v1/tracks/5cEt3GIleqHgrtBEBQifso,https://api.spotify.com/v1/audio-analysis/5cEt3GIleqHgrtBEBQifso,248320,4
0.691,0.495,2,-6.595,1,0.0293,0.839,1.59e-05,0.198,0.611,119.859,audio_features,3gKF6PkKGTz96d6blRCZGQ,spotify:track:3gKF6PkKGTz96d6blRCZGQ,https://api.spotify.com/v1/tracks/3gKF6PkKGTz96d6blRCZGQ,https://api.spotify.com/v1/audio-analysis/3gKF6PkKGTz96d6blRCZGQ,201387,4
0.675,0.61,1,-7.869,0,0.0416,0.73,1.31e-05,0.121,0.818,146.099,audio_features,6p56dKVtLvyEPPZyohBdxv,spotify:track:6p56dKVtLvyEPPZyohBdxv,https://api.spotify.com/v1/tracks/6p56dKVtLvyEPPZyohBdxv,https://api.spotify.com/v1/audio-analysis/6p56dKVtLvyEPPZyohBdxv,287053,4
0.545,0.28,2,-9.302,1,0.0313,0.788,8.78e-05,0.0703,0.188,116.109,audio_features,04gmJvY5T9duH3eFXwPxV7,spotify:track:04gmJvY5T9duH3eFXwPxV7,https://api.spotify.com/v1/tracks/04gmJvY5T9duH3eFXwPxV7,https://api.spotify.com/v1/audio-analysis/04gmJvY5T9duH3eFXwPxV7,285000,4
0.315,0.703,7,-6.062,0,0.0424,0.714,1.07e-05,0.315,0.439,161.221,audio_features,3XcwU9EWnxMJ9NH5OhEuVl,spotify:track:3XcwU9EWnxMJ9NH5OhEuVl,https://api.spotify.com/v1/tracks/3XcwU9EWnxMJ9NH5OhEuVl,https://api.spotify.com/v1/audio-analysis/3XcwU9EWnxMJ9NH5OhEuVl,227387,4
0.653,0.433,5,-11.264,1,0.043,0.81,0.223,0.237,0.577,104.667,audio_features,7J4jNen0x3Y8Gy89aRIzyK,spotify:track:7J4jNen0x3Y8Gy89aRIzyK,https://api.spotify.com/v1/tracks/7J4jNen0x3Y8Gy89aRIzyK,https://api.spotify.com/v1/audio-analysis/7J4jNen0x3Y8Gy89aRIzyK,292693,4
0.429,0.337,10,-11.233,1,0.0432,0.795,0.00352,0.0727,0.215,138.755,audio_features,4eyl6CaFdDW0jWAQiYyP6E,spotify:track:4eyl6CaFdDW0jWAQiYyP6E,https://api.spotify.com/v1/tracks/4eyl6CaFdDW0jWAQiYyP6E,https://api.spotify.com/v1/audio-analysis/4eyl6CaFdDW0jWAQiYyP6E,622973,4
0.641,0.559,2,-9.265,1,0.0312,0.616,0.589,0.0878,0.635,109.382,audio_features,5PN5kPisv3Y0liFG7anrqU,spotify:track:5PN5kPisv3Y0liFG7anrqU,https://api.spotify.com/v1/tracks/5PN5kPisv3Y0liFG7anrqU,https://api.spotify.com/v1/audio-analysis/5PN5kPisv3Y0liFG7anrqU,156347,4
