danceability,energy,key,loudness,mode,speechiness,acousticness,instrumentalness,liveness,valence,tempo,type,id,uri,track_href,analysis_url,duration_ms,time_signature
0.439,0.191,5,-19.374,1,0.036,0.84,0.0175,0.114,0.267,158.026,audio_features,68uI6ly5ynX6JBw20whFod,spotify:track:68uI6ly5ynX6JBw20whFod,https://api.spotify.com/v1/tracks/68uI6ly5ynX6JBw20whFod,https://api.spotify.com/v1/audio-analysis/68uI6ly5ynX6JBw20whFod,234827,3
0.639,0.704,10,-7.051,1,0.0365,0.252,1.21e-05,0.107,0.34,139.118,audio_features,7sBhEhp5MCXHKwF9MMSTF3,spotify:track:7sBhEhp5MCXHKwF9MMSTF3,https://api.spotify.com/v1/tracks/7sBhEhp5MCXHKwF9MMSTF3,https://api.spotify.com/v1/audio-analysis/7sBhEhp5MCXHKwF9MMSTF3,199840,4
0.373,0.345,7,-11.89,1,0.0464,0.914,0.664,0.135,0.614,173.229,audio_features,3XTemFpaiTQEILmcq65mfX,spotify:track:3XTemFpaiTQEILmcq65mfX,https://api.spotify.com/v1/tracks/3XTemFpaiTQEILmcq65mfX,https://api.spotify.com/v1/audio-analysis/3XTemFpaiTQEILmcq65mfX,203973,3
0.403,0.387,9,-11.312,1,0.0397,0.834,0.699,0.181,0.588,126.283,audio_features,6ghXD44kT8wqM1hty9NGgO,spotify:track:6ghXD44kT8wqM1hty9NGgO,https://api.spotify.com/v1/tracks/6ghXD44kT8wqM1hty9NGgO,https://api.spotify.com/v1/audio-analysis/6ghXD44kT8wqM1hty9NGgO,342653,4
0.417,0.375,2,-13.38,1,0.0517,0.713,0.535,0.0666,0.805,203.304,audio_features,3CYAmnCccLTQBZMYKMK4IP,spotify:track:3CYAmnCccLTQBZMYKMK4IP,https://api.spotify.com/v1/tracks/3CYAmnCccLTQBZMYKMK4IP,https://api.spotify.com/v1/audio-analysis/3CYAmnCccLTQBZMYKMK4IP,198800,4
0.612,0.531,2,-11.324,1,0.0351,0.815,0.13,0.133,0.881,89.748,audio_features,3JZteSHBgqZ8T1SWNLr56x,spotify:track:3JZteSHBgqZ8T1SWNLr56x,https://api.spotify.com/v1/tracks/3JZteSHBgqZ8T1SWNLr56x,https://api.spotify.com/v1/audio-analysis/3JZteSHBgqZ8T1SWNLr56x,187385,4
0.522,0.666,2,-10.65,1,0.0295,0.429,0.934,0.358,0.941,147.893,audio_features,0n1fQZgUUrq14L7XhEl52z,spotify:track:0n1fQZgUUrq14L7XhEl52z,https://api.spotify.com/v1/tracks/0n1fQZgUUrq14L7XhEl52z,https://api.spotify.com/v1/audio-analysis/0n1fQZgUUrq14L7XhEl52z,183733,4
0.584,0.52,2,-7.697,1,0.0393,0.882,0.00016,0.202,0.782,97.225,audio_features,2yOCse1nZu3Aw9QFuiHdn4,spotify:track:2yOCse1nZu3Aw9QFuiHdn4,https://api.spotify.com/v1/tracks/2yOCse1nZu3Aw9QFuiHdn4,https://api.spotify.com/v1/audio-analysis/2yOCse1nZu3Aw9QFuiHdn4,264920,4
0.628,0.43,2,-7.261,1,0.0289,0.956,0.000411,0.372,0.685,105.16,audio_features,5skG7A7JSxUeVLC25QBmyP,spotify:track:5skG7A7JSxUeVLC25QBmyP,https://api.spotify.com/v1/tracks/5skG7A7JSxUeVLC25QBmyP,https://api.spotify.com/v1/audio-analysis/5skG7A7JSxUeVLC25QBmyP,245533,4
