danceability,energy,key,loudness,mode,speechiness,acousticness,instrumentalness,liveness,valence,tempo,type,id,uri,track_href,analysis_url,duration_ms,time_signature
0.367,0.589,10,-6.32,1,0.028,0.318,0,0.0628,0.53,102.122,audio_features,5wRPE2nWUKWVmN67tNWA7O,spotify:track:5wRPE2nWUKWVmN67tNWA7O,https://api.spotify.com/v1/tracks/5wRPE2nWUKWVmN67tNWA7O,https://api.spotify.com/v1/audio-analysis/5wRPE2nWUKWVmN67tNWA7O,247640,4
0.314,0.971,0,-4.457,0,0.355,0.000692,0,0.312,0.163,137.294,audio_features,3IK5Kz55GWXaoYQSRFsEyp,spotify:track:3IK5Kz55GWXaoYQSRFsEyp,https://api.spotify.com/v1/tracks/3IK5Kz55GWXaoYQSRFsEyp,https://api.spotify.com/v1/audio-analysis/3IK5Kz55GWXaoYQSRFsEyp,219520,4
0.584,0.536,10,-8.158,1,0.0279,0.112,0,0.456,0.44,126.996,audio_features,6J7cSyvSCnPwv3vqHchEfL,spotify:track:6J7cSyvSCnPwv3vqHchEfL,https://api.spotify.com/v1/tracks/6J7cSyvSCnPwv3vqHchEfL,https://api.spotify.com/v1/audio-analysis/6J7cSyvSCnPwv3vqHchEfL,243227,4
0.611,0.637,6,-6.479,1,0.0262,0.109,0.0013,0.111,0.369,132.211,audio_features,3aK2kWz8YJZKzfNr4VJnE5,spotify:track:3aK2kWz8YJZKzfNr4VJnE5,https://api.spotify.com/v1/tracks/3aK2kWz8YJZKzfNr4VJnE5,https://api.spotify.com/v1/audio-analysis/3aK2kWz8YJZKzfNr4VJnE5,344973,4
0.529,0.836,6,-4.595,0,0.0429,0.00337,0,0.0665,0.394,163.838,audio_features,0K8Hm9Q7GbyucgQB5BhC5C,spotify:track:0K8Hm9Q7GbyucgQB5BhC5C,https://api.spotify.com/v1/tracks/0K8Hm9Q7GbyucgQB5BhC5C,https://api.spotify.com/v1/audio-analysis/0K8Hm9Q7GbyucgQB5BhC5C,251733,4
0.632,0.902,1,-3.788,0,0.036,0.00465,1.76e-06,0.108,0.39,125.791,audio_features,1ANFonG1ckVe1ydfwf54dC,spotify:track:1ANFonG1ckVe1ydfwf54dC,https://api.spotify.com/v1/tracks/1ANFonG1ckVe1ydfwf54dC,https://api.spotify.com/v1/audio-analysis/1ANFonG1ckVe1ydfwf54dC,245707,4
0.339,0.932,9,-4.673,0,0.0735,0.000507,0.00141,0.31,0.579,121.448,audio_features,5ktWvon29vYAh7quN3IGnI,spotify:track:5ktWvon29vYAh7quN3IGnI,https://api.spotify.com/v1/tracks/5ktWvon29vYAh7quN3IGnI,https://api.spotify.com/v1/audio-analysis/5ktWvon29vYAh7quN3IGnI,239947,4
0.429,0.991,2,-4.824,1,0.0874,6.29e-06,0.0141,0.0389,0.607,137.928,audio_features,0JRab5KK5TKRiUuLiRw0WD,spotify:track:0JRab5KK5TKRiUuLiRw0WD,https://api.spotify.com/v1/tracks/0JRab5KK5TKRiUuLiRw0WD,https://api.spotify.com/v1/audio-analysis/0JRab5KK5TKRiUuLiRw0WD,164093,4
0.486,0.715,9,-3.397,0,0.0316,0.0097,6.04e-05,0.134,0.225,153.358,audio_features,2VJxr7OFb8IaRwuJreHjSM,spotify:track:2VJxr7OFb8IaRwuJreHjSM,https://api.spotify.com/v1/tracks/2VJxr7OFb8IaRwuJreHjSM,https://api.spotify.com/v1/audio-analysis/2VJxr7OFb8IaRwuJreHjSM,234200,4
