danceability,energy,key,loudness,mode,speechiness,acousticness,instrumentalness,liveness,valence,tempo,type,id,uri,track_href,analysis_url,duration_ms,time_signature
0.478,0.763,6,-6.194,1,0.0237,0.000761,0,0.0682,0.27,90.065,audio_features,47QnDzIIjn0jj1wbfw3JPN,spotify:track:47QnDzIIjn0jj1wbfw3JPN,https://api.spotify.com/v1/tracks/47QnDzIIjn0jj1wbfw3JPN,https://api.spotify.com/v1/audio-analysis/47QnDzIIjn0jj1wbfw3JPN,217867,4
0.442,0.915,8,-3.671,1,0.0607,9.6e-05,1.47e-06,0.127,0.507,170.066,audio_features,2NtjXlQIkHt4AV96KZYcFO,spotify:track:2NtjXlQIkHt4AV96KZYcFO,https://api.spotify.com/v1/tracks/2NtjXlQIkHt4AV96KZYcFO,https://api.spotify.com/v1/audio-analysis/2NtjXlQIkHt4AV96KZYcFO,223640,4
0.459,0.83,2,-6.254,1,0.0364,5.15e-05,0.00014,0.206,0.431,155.827,audio_features,1ZozJfi8u9cO2Ob8KwiwNT,spotify:track:1ZozJfi8u9cO2Ob8KwiwNT,https://api.spotify.com/v1/tracks/1ZozJfi8u9cO2Ob8KwiwNT,https://api.spotify.com/v1/audio-analysis/1ZozJfi8u9cO2Ob8KwiwNT,316733,4
0.456,0.991,8,-5.852,1,0.127,0.0157,0.766,0.0445,0.159,144.905,audio_features,0a3iy2eZQWPnzyg3ZU3NQr,spotify:track:0a3iy2eZQWPnzyg3ZU3NQr,https://api.spotify.com/v1/tracks/0a3iy2eZQWPnzyg3ZU3NQr,https://api.spotify.com/v1/audio-analysis/0a3iy2eZQWPnzyg3ZU3NQr,303493,4
0.695,0.868,9,-3.561,0,0.078,0.00325,9.09e-06,0.115,0.576,111.999,audio_features,34iucvQDgkZ13cca5hLSyd,spotify:track:34iucvQDgkZ13cca5hLSyd,https://api.spotify.com/v1/tracks/34iucvQDgkZ13cca5hLSyd,https://api.spotify.com/v1/audio-analysis/34iucvQDgkZ13cca5hLSyd,205000,4
0.594,0.717,3,-6.778,1,0.0383,0.0043,0.000122,0.108,0.601,152.026,audio_features,33AvyEWrbpRApcdejcHsEr,spotify:track:33AvyEWrbpRApcdejcHsEr,https://api.spotify.com/v1/tracks/33AvyEWrbpRApcdejcHsEr,https://api.spotify.com/v1/audio-analysis/33AvyEWrbpRApcdejcHsEr,234640,4
0.68,0.788,6,-6.677,1,0.0466,0.31,3.82e-06,0.101,0.653,135.943,audio_features,4f3ocvNFdJMmGP04kskM2J,spotify:track:4f3ocvNFdJMmGP04kskM2J,https://api.spotify.com/v1/tracks/4f3ocvNFdJMmGP04kskM2J,https://api.spotify.com/v1/audio-analysis/4f3ocvNFdJMmGP04kskM2J,219147,4
0.589,0.704,4,-4.772,1,0.0303,0.151,0,0.067,0.437,84.956,audio_features,4W38RXuQNuoTSwVsQA1OGC,spotify:track:4W38RXuQNuoTSwVsQA1OGC,https://api.spotify.com/v1/tracks/4W38RXuQNuoTSwVsQA1OGC,https://api.spotify.com/v1/audio-analysis/4W38RXuQNuoTSwVsQA1OGC,186253,4
0.545,0.812,5,-4.652,1,0.049,0.00327,0,0.286,0.761,161.107,audio_features,2IOvJJrN6RajoMOd9TyGra,spotify:track:2IOvJJrN6RajoMOd9TyGra,https://api.spotify.com/v1/tracks/2IOvJJrN6RajoMOd9TyGra,https://api.spotify.com/v1/audio-analysis/2IOvJJrN6RajoMOd9TyGra,212573,4
