danceability,energy,key,loudness,mode,speechiness,acousticness,instrumentalness,liveness,valence,tempo,type,id,uri,track_href,analysis_url,duration_ms,time_signature
0.596,0.709,2,-4.893,1,0.0324,0.0798,0,0.109,0.345,146.056,audio_features,0lcWp2uXDDQul6oHa4Al00,spotify:track:0lcWp2uXDDQul6oHa4Al00,https://api.spotify.com/v1/tracks/0lcWp2uXDDQul6oHa4Al00,https://api.spotify.com/v1/audio-analysis/0lcWp2uXDDQul6oHa4Al00,232987,4
0.426,0.327,9,-8.41,1,0.0313,0.00353,0.00218,0.113,0.082,106.08,audio_features,0jJAyTjU0pKDmFlxLFdF0U,spotify:track:0jJAyTjU0pKDmFlxLFdF0U,https://api.spotify.com/v1/tracks/0jJAyTjU0pKDmFlxLFdF0U,https://api.spotify.com/v1/audio-analysis/0jJAyTjU0pKDmFlxLFdF0U,259720,4
0.572,0.961,7,-3.089,1,0.0625,0.000734,0.021,0.207,0.818,76.998,audio_features,3rjM7GhxdVq1YySsHBs21i,spotify:track:3rjM7GhxdVq1YySsHBs21i,https://api.spotify.com/v1/tracks/3rjM7GhxdVq1YySsHBs21i,https://api.spotify.com/v1/audio-analysis/3rjM7GhxdVq1YySsHBs21i,186600,4
0.58,0.877,1,-4.193,0,0.0395,0.00122,0,0.322,0.614,129.968,audio_features,6kp8F9FpHXzjga2MeRDSG8,spotify:track:6kp8F9FpHXzjga2MeRDSG8,https://api.spotify.com/v1/tracks/6kp8F9FpHXzjga2MeRDSG8,https://api.spotify.com/v1/audio-analysis/6kp8F9FpHXzjga2MeRDSG8,219360,4
0.272,0.281,1,-7.634,1,0.0287,0.388,2.29e-05,0.158,0.141,89.914,audio_features,0AfIsqZ4gTUg9CwwW2jLeK,spotify:track:0AfIsqZ4gTUg9CwwW2jLeK,https://api.spotify.com/v1/tracks/0AfIsqZ4gTUg9CwwW2jLeK,https://api.spotify.com/v1/audio-analysis/0AfIsqZ4gTUg9CwwW2jLeK,240400,4
0.492,0.735,0,-4.522,1,0.0314,0.00124,0,0.0971,0.416,145.886,audio_features,0C3n1NLI7VlqO0mbc6fPXK,spotify:track:0C3n1NLI7VlqO0mbc6fPXK,https://api.spotify.com/v1/tracks/0C3n1NLI7VlqO0mbc6fPXK,https://api.spotify.com/v1/audio-analysis/0C3n1NLI7VlqO0mbc6fPXK,251267,4
0.618,0.637,7,-5.88,1,0.0295,0.136,0,0.134,0.505,130.041,audio_features,0SF5Ug8pMnVZCTbczjpKYh,spotify:track:0SF5Ug8pMnVZCTbczjpKYh,https://api.spotify.com/v1/tracks/0SF5Ug8pMnVZCTbczjpKYh,https://api.spotify.com/v1/audio-analysis/0SF5Ug8pMnVZCTbczjpKYh,240213,3
0.448,0.945,10,-7.978,1,0.0394,0.0219,0.246,0.0254,0.437,111.705,audio_features,6v5VsfCYKdrkQBTMhAlkDr,spotify:track:6v5VsfCYKdrkQBTMhAlkDr,https://api.spotify.com/v1/tracks/6v5VsfCYKdrkQBTMhAlkDr,https://api.spotify.com/v1/audio-analysis/6v5VsfCYKdrkQBTMhAlkDr,373467,4
0.334,0.786,10,-8.773,0,0.0721,0.0832,0.0744,0.322,0.379,139.995,audio_features,4LM3MtaBdn0bTZW1GqzRVd,spotify:track:4LM3MtaBdn0bTZW1GqzRVd,https://api.spotify.com/v1/tracks/4LM3MtaBdn0bTZW1GqzRVd,https://api.spotify.com/v1/audio-analysis/4LM3MtaBdn0bTZW1GqzRVd,462093,4
