danceability,energy,key,loudness,mode,speechiness,acousticness,instrumentalness,liveness,valence,tempo,type,id,uri,track_href,analysis_url,duration_ms,time_signature
0.569,0.883,2,-4.41,0,0.0748,8.07e-05,7.74e-05,0.0883,0.373,134.001,audio_features,25GC50HslaaruyrKjdu0lP,spotify:track:25GC50HslaaruyrKjdu0lP,https://api.spotify.com/v1/tracks/25GC50HslaaruyrKjdu0lP,https://api.spotify.com/v1/audio-analysis/25GC50HslaaruyrKjdu0lP,291427,4
0.545,0.753,3,-4.618,0,0.036,0.0417,0,0.389,0.434,105.754,audio_features,5NeIONQWJ25uPylJBJiO4c,spotify:track:5NeIONQWJ25uPylJBJiO4c,https://api.spotify.com/v1/tracks/5NeIONQWJ25uPylJBJiO4c,https://api.spotify.com/v1/audio-analysis/5NeIONQWJ25uPylJBJiO4c,282947,4
0.524,0.963,8,-3.285,1,0.0929,0.000111,0.00411,0.266,0.137,120.018,audio_features,70qQ3N1ZnzbQkCDIXTTalZ,spotify:track:70qQ3N1ZnzbQkCDIXTTalZ,https://api.spotify.com/v1/tracks/70qQ3N1ZnzbQkCDIXTTalZ,https://api.spotify.com/v1/audio-analysis/70qQ3N1ZnzbQkCDIXTTalZ,325880,4
0.359,0.959,1,-3.685,1,0.104,0.000216,0.00343,0.435,0.158,103.038,audio_features,0lCwaZYSRy6q0jLmnYiQxi,spotify:track:0lCwaZYSRy6q0jLmnYiQxi,https://api.spotify.com/v1/tracks/0lCwaZYSRy6q0jLmnYiQxi,https://api.spotify.com/v1/audio-analysis/0lCwaZYSRy6q0jLmnYiQxi,230227,3
0.687,0.677,2,-4.172,1,0.0508,0.000658,0.000146,0.0564,0.546,75.052,audio_features,6p2liQLGoDaLXgND68bfVt,spotify:track:6p2liQLGoDaLXgND68bfVt,https://api.spotify.com/v1/tracks/6p2liQLGoDaLXgND68bfVt,https://api.spotify.com/v1/audio-analysis/6p2liQLGoDaLXgND68bfVt,199773,4
0.444,0.872,4,-9.057,0,0.0482,6.81e-05,0.0265,0.13,0.682,94.323,audio_features,7s1espMSrROSFr8SdSQNt3,spotify:track:7s1espMSrROSFr8SdSQNt3,https://api.spotify.com/v1/tracks/7s1espMSrROSFr8SdSQNt3,https://api.spotify.com/v1/audio-analysis/7s1espMSrROSFr8SdSQNt3,464000,4
0.53,0.729,5,-4.241,1,0.029,0.0171,1.18e-05,0.108,0.212,87.504,audio_features,6skUS5HkwiXSNUeOM0jNTR,spotify:track:6skUS5HkwiXSNUeOM0jNTR,https://api.spotify.com/v1/tracks/6skUS5HkwiXSNUeOM0jNTR,https://api.spotify.com/v1/audio-analysis/6skUS5HkwiXSNUeOM0jNTR,235653,4
0.417,0.958,10,-3.287,0,0.108,0.000288,0.000338,0.744,0.428,76.575,audio_features,41AckHRJe2grhslsMa5y8K,spotify:track:41AckHRJe2grhslsMa5y8K,https://api.spotify.com/v1/tracks/41AckHRJe2grhslsMa5y8K,https://api.spotify.com/v1/audio-analysis/41AckHRJe2grhslsMa5y8K,293000,4
0.544,0.69,6,-5.723,0,0.0425,0.012,0.0095,0.0615,0.219,123.962,audio_features,3RptaQ5Xb8WvtpItZ2f9Hi,spotify:track:3RptaQ5Xb8WvtpItZ2f9Hi,https://api.spotify.com/v1/tracks/3RptaQ5Xb8WvtpItZ2f9Hi,https://api.spotify.com/v1/audio-analysis/3RptaQ5Xb8WvtpItZ2f9Hi,276147,4
