danceability,energy,key,loudness,mode,speechiness,acousticness,instrumentalness,liveness,valence,tempo,type,id,uri,track_href,analysis_url,duration_ms,time_signature
0.39,0.642,8,-5.266,1,0.0326,0.00502,0.565,0.296,0.132,92.397,audio_features,2miAut6dp9BWdGmOxwSGEC,spotify:track:2miAut6dp9BWdGmOxwSGEC,https://api.spotify.com/v1/tracks/2miAut6dp9BWdGmOxwSGEC,https://api.spotify.com/v1/audio-analysis/2miAut6dp9BWdGmOxwSGEC,293293,4
0.558,0.943,1,-4.81,0,0.0535,0.00191,4.38e-05,0.248,0.56,111.994,audio_features,0XT70Wk9pP8JZkmJhfntuL,spotify:track:0XT70Wk9pP8JZkmJhfntuL,https://api.spotify.com/v1/tracks/0XT70Wk9pP8JZkmJhfntuL,https://api.spotify.com/v1/audio-analysis/0XT70Wk9pP8JZkmJhfntuL,257347,4
0.375,0.959,6,-2.464,1,0.0741,0.00582,0,0.14,0.673,83.713,audio_features,7nuef4dU1gN0DQlmi3QrUd,spotify:track:7nuef4dU1gN0DQlmi3QrUd,https://api.spotify.com/v1/tracks/7nuef4dU1gN0DQlmi3QrUd,https://api.spotify.com/v1/audio-analysis/7nuef4dU1gN0DQlmi3QrUd,234373,4
0.241,0.961,2,-3.476,0,0.0852,0.000103,0.00657,0.0994,0.195,97.015,audio_features,3WRTADbL0criwvX6IQFex2,spotify:track:3WRTADbL0criwvX6IQFex2,https://api.spotify.com/v1/tracks/3WRTADbL0criwvX6IQFex2,https://api.spotify.com/v1/audio-analysis/3WRTADbL0criwvX6IQFex2,202440,4
0.436,0.772,4,-5.81,1,0.0377,0.00556,0,0.104,0.229,144.015,audio_features,28urem2KpSOkljclEk8X8G,spotify:track:28urem2KpSOkljclEk8X8G,https://api.spotify.com/v1/tracks/28urem2KpSOkljclEk8X8G,https://api.spotify.com/v1/audio-analysis/28urem2KpSOkljclEk8X8G,277347,4
0.546,0.945,1,-2.406,0,0.0417,0.000235,0,0.209,0.825,124.98,audio_features,5qTjvpAfdtyzauTprzgKao,spotify:track:5qTjvpAfdtyzauTprzgKao,https://api.spotify.com/v1/tracks/5qTjvpAfdtyzauTprzgKao,https://api.spotify.com/v1/audio-analysis/5qTjvpAfdtyzauTprzgKao,177053,4
0.589,0.881,0,-4.62,1,0.0666,0.000256,0,0.327,0.709,129.95,audio_features,6G7URf5rGe6MvNoiTtNEP7,spotify:track:6G7URf5rGe6MvNoiTtNEP7,https://api.spotify.com/v1/tracks/6G7URf5rGe6MvNoiTtNEP7,https://api.spotify.com/v1/audio-analysis/6G7URf5rGe6MvNoiTtNEP7,209093,4
0.486,0.94,7,-4.237,0,0.0605,0.00919,0,0.0777,0.42,79.727,audio_features,1fnULsZuORnAgCFFbM8nTZ,spotify:track:1fnULsZuORnAgCFFbM8nTZ,https://api.spotify.com/v1/tracks/1fnULsZuORnAgCFFbM8nTZ,https://api.spotify.com/v1/audio-analysis/1fnULsZuORnAgCFFbM8nTZ,205653,4
0.563,0.86,8,-7.533,1,0.0621,0.00834,0.0106,0.39,0.517,97.867,audio_features,0UrWr7Jnu1heq1o99ZwUd0,spotify:track:0UrWr7Jnu1heq1o99ZwUd0,https://api.spotify.com/v1/tracks/0UrWr7Jnu1heq1o99ZwUd0,https://api.spotify.com/v1/audio-analysis/0UrWr7Jnu1heq1o99ZwUd0,256240,4
