danceability,energy,key,loudness,mode,speechiness,acousticness,instrumentalness,liveness,valence,tempo,type,id,uri,track_href,analysis_url,duration_ms,time_signature
0.469,0.862,10,-4.05,1,0.0478,0.00231,1.2e-05,0.102,0.253,78.041,audio_features,3R1dKSBSfC1qAunq9qr5nL,spotify:track:3R1dKSBSfC1qAunq9qr5nL,https://api.spotify.com/v1/tracks/3R1dKSBSfC1qAunq9qr5nL,https://api.spotify.com/v1/audio-analysis/3R1dKSBSfC1qAunq9qr5nL,218027,4
0.426,0.843,7,-3.241,1,0.0566,0.0249,0,0.113,0.671,193.957,audio_features,7AAxNWAfyD2zDgivINhuWk,spotify:track:7AAxNWAfyD2zDgivINhuWk,https://api.spotify.com/v1/tracks/7AAxNWAfyD2zDgivINhuWk,https://api.spotify.com/v1/audio-analysis/7AAxNWAfyD2zDgivINhuWk,208227,4
0.412,0.854,5,-3.869,1,0.0704,0.0145,0,0.114,0.717,155.85,audio_features,1hPDQ9zU3owcq185veHjsp,spotify:track:1hPDQ9zU3owcq185veHjsp,https://api.spotify.com/v1/tracks/1hPDQ9zU3owcq185veHjsp,https://api.spotify.com/v1/audio-analysis/1hPDQ9zU3owcq185veHjsp,217107,4
0.289,0.736,11,-3.38,0,0.0369,0.00087,0.00395,0.0636,0.13,152.158,audio_features,3wwoB2eYeGnuOSuIYqXEdl,spotify:track:3wwoB2eYeGnuOSuIYqXEdl,https://api.spotify.com/v1/tracks/3wwoB2eYeGnuOSuIYqXEdl,https://api.spotify.com/v1/audio-analysis/3wwoB2eYeGnuOSuIYqXEdl,251800,3
0.494,0.672,3,-4.877,1,0.0405,0.0273,0,0.105,0.557,156.208,audio_features,2TeiKDPE3RdamZG0pp5okI,spotify:track:2TeiKDPE3RdamZG0pp5okI,https://api.spotify.com/v1/tracks/2TeiKDPE3RdamZG0pp5okI,https://api.spotify.com/v1/audio-analysis/2TeiKDPE3RdamZG0pp5okI,277027,4
0.427,0.337,5,-11.38,1,0.0324,0.0325,0.00215,0.0872,0.0849,114.075,audio_features,2nzlgHTbUDzuRtTFoX3qfJ,spotify:track:2nzlgHTbUDzuRtTFoX3qfJ,https://api.spotify.com/v1/tracks/2nzlgHTbUDzuRtTFoX3qfJ,https://api.spotify.com/v1/audio-analysis/2nzlgHTbUDzuRtTFoX3qfJ,266493,4
0.232,0.929,9,-4.417,1,0.0949,2.27e-05,0.00329,0.131,0.175,112.848,audio_features,0lXrp1d2S5X4mbBH978ejJ,spotify:track:0lXrp1d2S5X4mbBH978ejJ,https://api.spotify.com/v1/tracks/0lXrp1d2S5X4mbBH978ejJ,https://api.spotify.com/v1/audio-analysis/0lXrp1d2S5X4mbBH978ejJ,256333,4
0.583,0.873,5,-4.436,0,0.0364,2.14e-05,0.00133,0.393,0.454,107.041,audio_features,6TRuW1ZgKCCk24uCuhfo7r,spotify:track:6TRuW1ZgKCCk24uCuhfo7r,https://api.spotify.com/v1/tracks/6TRuW1ZgKCCk24uCuhfo7r,https://api.spotify.com/v1/audio-analysis/6TRuW1ZgKCCk24uCuhfo7r,195267,4
0.588,0.555,1,-9.401,1,0.0334,0.447,0,0.0806,0.445,151.991,audio_features,2BepFzUWfczDk68DXj10w3,spotify:track:2BepFzUWfczDk68DXj10w3,https://api.spotify.com/v1/tracks/2BepFzUWfczDk68DXj10w3,https://api.spotify.com/v1/audio-analysis/2BepFzUWfczDk68DXj10w3,279573,4
