danceability,energy,key,loudness,mode,speechiness,acousticness,instrumentalness,liveness,valence,tempo,type,id,uri,track_href,analysis_url,duration_ms,time_signature
0.482,0.706,9,-5.762,1,0.0607,0.135,0.00106,0.105,0.144,92.513,audio_features,4esOae7i4rqTbAu9o5Pxco,spotify:track:4esOae7i4rqTbAu9o5Pxco,https://api.spotify.com/v1/tracks/4esOae7i4rqTbAu9o5Pxco,https://api.spotify.com/v1/audio-analysis/4esOae7i4rqTbAu9o5Pxco,224920,4
0.652,0.609,11,-7.519,0,0.037,0.263,0.00101,0.233,0.482,95.986,audio_features,0KQx6HOpJueiSkztcS0r7D,spotify:track:0KQx6HOpJueiSkztcS0r7D,https://api.spotify.com/v1/tracks/0KQx6HOpJueiSkztcS0r7D,https://api.spotify.com/v1/audio-analysis/0KQx6HOpJueiSkztcS0r7D,210200,3
0.638,0.656,5,-5.886,1,0.0357,0.188,0,0.146,0.225,104.036,audio_features,7wZUrN8oemZfsEd1CGkbXE,spotify:track:7wZUrN8oemZfsEd1CGkbXE,https://api.spotify.com/v1/tracks/7wZUrN8oemZfsEd1CGkbXE,https://api.spotify.com/v1/audio-analysis/7wZUrN8oemZfsEd1CGkbXE,262467,4
0.584,0.7,6,-4.251,1,0.0506,0.512,2.43e-05,0.13,0.549,163.953,audio_features,2iXBZ32Fz5VDCLeE0JIdX5,spotify:track:2iXBZ32Fz5VDCLeE0JIdX5,https://api.spotify.com/v1/tracks/2iXBZ32Fz5VDCLeE0JIdX5,https://api.spotify.com/v1/audio-analysis/2iXBZ32Fz5VDCLeE0JIdX5,234173,4
0.358,0.557,10,-7.398,1,0.059,0.695,0,0.0902,0.494,85.043,audio_features,5uCax9HTNlzGybIStD3vDh,spotify:track:5uCax9HTNlzGybIStD3vDh,https://api.spotify.com/v1/tracks/5uCax9HTNlzGybIStD3vDh,https://api.spotify.com/v1/audio-analysis/5uCax9HTNlzGybIStD3vDh,211467,4
0.376,0.695,0,-4.782,0,0.0933,0.135,0,0.11,0.302,169.533,audio_features,6skGMlljk0s5yeBKZ7sN5n,spotify:track:6skGMlljk0s5yeBKZ7sN5n,https://api.spotify.com/v1/tracks/6skGMlljk0s5yeBKZ7sN5n,https://api.spotify.com/v1/audio-analysis/6skGMlljk0s5yeBKZ7sN5n,209440,4
0.608,0.798,6,-5.092,0,0.0432,0.0736,0,0.156,0.501,92.943,audio_features,6DNtNfH8hXkqOX1sjqmI7p,spotify:track:6DNtNfH8hXkqOX1sjqmI7p,https://api.spotify.com/v1/tracks/6DNtNfH8hXkqOX1sjqmI7p,https://api.spotify.com/v1/audio-analysis/6DNtNfH8hXkqOX1sjqmI7p,185352,4
0.678,0.398,6,-8.413,0,0.0315,0.738,0,0.117,0.202,111.833,audio_features,3UwT4FadEGWyMdaSwYcUBY,spotify:track:3UwT4FadEGWyMdaSwYcUBY,https://api.spotify.com/v1/tracks/3UwT4FadEGWyMdaSwYcUBY,https://api.spotify.com/v1/audio-analysis/3UwT4FadEGWyMdaSwYcUBY,232852,4
0.733,0.408,7,-7.834,0,0.0388,0.679,3.92e-05,0.11,0.291,94.947,audio_features,4NYwy0R3NdvORX2B6OZXBT,spotify:track:4NYwy0R3NdvORX2B6OZXBT,https://api.spotify.com/v1/tracks/4NYwy0R3NdvORX2B6OZXBT,https://api.spotify.com/v1/audio-analysis/4NYwy0R3NdvORX2B6OZXBT,197854,4
