danceability,energy,key,loudness,mode,speechiness,acousticness,instrumentalness,liveness,valence,tempo,type,id,uri,track_href,analysis_url,duration_ms,time_signature
0.648,0.736,8,-7.948,1,0.0385,0.0444,0.000137,0.171,0.378,103.027,audio_features,2FiSTH0GYpIioUgjfzMIja,spotify:track:2FiSTH0GYpIioUgjfzMIja,https://api.spotify.com/v1/tracks/2FiSTH0GYpIioUgjfzMIja,https://api.spotify.com/v1/audio-analysis/2FiSTH0GYpIioUgjfzMIja,239465,4
0.422,0.264,8,-7.064,1,0.0322,0.922,0,0.132,0.331,119.93,audio_features,3uhBIQ7tv8j1FME8cFGEfG,spotify:track:3uhBIQ7tv8j1FME8cFGEfG,https://api.spotify.com/v1/tracks/3uhBIQ7tv8j1FME8cFGEfG,https://api.spotify.com/v1/audio-analysis/3uhBIQ7tv8j1FME8cFGEfG,269560,4
0.766,0.343,9,-7.331,0,0.0773,0.342,0,0.353,0.306,100.216,audio_features,1pVn6q9pKMDIAH93UuaWUN,spotify:track:1pVn6q9pKMDIAH93UuaWUN,https://api.spotify.com/v1/tracks/1pVn6q9pKMDIAH93UuaWUN,https://api.spotify.com/v1/audio-analysis/1pVn6q9pKMDIAH93UuaWUN,160107,4
0.718,0.422,4,-9.115,0,0.0621,0.0764,0,0.17,0.455,144.678,audio_features,3SErMoIKdRELto2OspGs5L,spotify:track:3SErMoIKdRELto2OspGs5L,https://api.spotify.com/v1/tracks/3SErMoIKdRELto2OspGs5L,https://api.spotify.com/v1/audio-analysis/3SErMoIKdRELto2OspGs5L,207027,4
0.612,0.536,10,-6.537,0,0.157,0.697,0,0.131,0.603,132.251,audio_features,3cuW0sgJND4ZkdN1m7m7Gg,spotify:track:3cuW0sgJND4ZkdN1m7m7Gg,https://api.spotify.com/v1/tracks/3cuW0sgJND4ZkdN1m7m7Gg,https://api.spotify.com/v1/audio-analysis/3cuW0sgJND4ZkdN1m7m7Gg,184636,4
0.716,0.73,6,-4.126,0,0.0364,0.058,7.32e-06,0.151,0.339,136.05,audio_features,3fo6DYGktjENCiagUeU9yH,spotify:track:3fo6DYGktjENCiagUeU9yH,https://api.spotify.com/v1/tracks/3fo6DYGktjENCiagUeU9yH,https://api.spotify.com/v1/audio-analysis/3fo6DYGktjENCiagUeU9yH,204086,4
0.683,0.484,9,-10.922,1,0.113,0.0331,0,0.652,0.336,85.011,audio_features,3z1eL3iolJSdiYEEodX1k0,spotify:track:3z1eL3iolJSdiYEEodX1k0,https://api.spotify.com/v1/tracks/3z1eL3iolJSdiYEEodX1k0,https://api.spotify.com/v1/audio-analysis/3z1eL3iolJSdiYEEodX1k0,297933,4
0.699,0.601,0,-6.48,1,0.0304,0.0972,1.17e-05,0.562,0.434,98.04,audio_features,6olUplztLFFfU7fMYmFXOP,spotify:track:6olUplztLFFfU7fMYmFXOP,https://api.spotify.com/v1/tracks/6olUplztLFFfU7fMYmFXOP,https://api.spotify.com/v1/audio-analysis/6olUplztLFFfU7fMYmFXOP,252013,4
0.504,0.539,6,-5.673,0,0.0425,0.0234,0,0.213,0.239,119.633,audio_features,5DB8FGqqfOS5LzIjTYaAcV,spotify:track:5DB8FGqqfOS5LzIjTYaAcV,https://api.spotify.com/v1/tracks/5DB8FGqqfOS5LzIjTYaAcV,https://api.spotify.com/v1/audio-analysis/5DB8FGqqfOS5LzIjTYaAcV,197278,4
