danceability,energy,key,loudness,mode,speechiness,acousticness,instrumentalness,liveness,valence,tempo,type,id,uri,track_href,analysis_url,duration_ms,time_signature
0.53,0.391,10,-9.096,1,0.0286,0.751,6.97e-05,0.187,0.521,82.215,audio_features,6TTtJwtPEAI7yPHKR3XEKE,spotify:track:6TTtJwtPEAI7yPHKR3XEKE,https://api.spotify.com/v1/tracks/6TTtJwtPEAI7yPHKR3XEKE,https://api.spotify.com/v1/audio-analysis/6TTtJwtPEAI7yPHKR3XEKE,202507,4
0.494,0.17,10,-11.368,1,0.0337,0.895,0,0.139,0.145,80.098,audio_features,4gFxywaJejXWxo0NjlWzgg,spotify:track:4gFxywaJejXWxo0NjlWzgg,https://api.spotify.com/v1/tracks/4gFxywaJejXWxo0NjlWzgg,https://api.spotify.com/v1/audio-analysis/4gFxywaJejXWxo0NjlWzgg,223227,4
0.509,0.637,4,-4.83,0,0.0471,0.0717,1.08e-05,0.0789,0.378,172.006,audio_features,2aksifNn5ph8igDOkPBA02,spotify:track:2aksifNn5ph8igDOkPBA02,https://api.spotify.com/v1/tracks/2aksifNn5ph8igDOkPBA02,https://api.spotify.com/v1/audio-analysis/2aksifNn5ph8igDOkPBA02,224000,3
0.492,0.275,6,-13.4,0,0.3,0.687,0,0.101,0.18,92.6,audio_features,7vRriwrloYVaoAe3a9wJHe,spotify:track:7vRriwrloYVaoAe3a9wJHe,https://api.spotify.com/v1/tracks/7vRriwrloYVaoAe3a9wJHe,https://api.spotify.com/v1/audio-analysis/7vRriwrloYVaoAe3a9wJHe,251034,4
0.597,0.531,3,-6.83,0,0.0295,0.0685,3.72e-06,0.0617,0.271,74.938,audio_features,6vnDoUOHTiVB5DvX18tJon,spotify:track:6vnDoUOHTiVB5DvX18tJon,https://api.spotify.com/v1/tracks/6vnDoUOHTiVB5DvX18tJon,https://api.spotify.com/v1/audio-analysis/6vnDoUOHTiVB5DvX18tJon,262521,4
0.552,0.689,10,-6.444,0,0.0425,0.0915,0,0.27,0.349,99.961,audio_features,46jLy47W8rkf8rEX04gMKB,spotify:track:46jLy47W8rkf8rEX04gMKB,https://api.spotify.com/v1/tracks/46jLy47W8rkf8rEX04gMKB,https://api.spotify.com/v1/audio-analysis/46jLy47W8rkf8rEX04gMKB,169773,4
0.671,0.314,5,-8.091,0,0.244,0.11,0,0.0825,0.296,110.898,audio_features,1Tt4sE4pXi57mTD1GCzsqm,spotify:track:1Tt4sE4pXi57mTD1GCzsqm,https://api.spotify.com/v1/tracks/1Tt4sE4pXi57mTD1GCzsqm,https://api.spotify.com/v1/audio-analysis/1Tt4sE4pXi57mTD1GCzsqm,191600,4
0.427,0.9,11,-3.674,1,0.0499,0.116,1.75e-05,0.119,0.599,104.655,audio_features,2aibwv5hGXSgw7Yru8IYTO,spotify:track:2aibwv5hGXSgw7Yru8IYTO,https://api.spotify.com/v1/tracks/2aibwv5hGXSgw7Yru8IYTO,https://api.spotify.com/v1/audio-analysis/2aibwv5hGXSgw7Yru8IYTO,334667,4
0.501,0.749,2,-4.537,1,0.0279,0.0176,0,0.114,0.673,159.817,audio_features,0wyOnrfGOlDdWHdIybLr4n,spotify:track:0wyOnrfGOlDdWHdIybLr4n,https://api.spotify.com/v1/tracks/0wyOnrfGOlDdWHdIybLr4n,https://api.spotify.com/v1/audio-analysis/0wyOnrfGOlDdWHdIybLr4n,226200,4
