danceability,energy,key,loudness,mode,speechiness,acousticness,instrumentalness,liveness,valence,tempo,type,id,uri,track_href,analysis_url,duration_ms,time_signature
0.463,0.755,4,-7.244,1,0.0634,0.11,4.89e-06,0.103,0.252,145.319,audio_features,5u0YB9bpmgEPS2bPhwfRFV,spotify:track:5u0YB9bpmgEPS2bPhwfRFV,https://api.spotify.com/v1/tracks/5u0YB9bpmgEPS2bPhwfRFV,https://api.spotify.com/v1/audio-analysis/5u0YB9bpmgEPS2bPhwfRFV,261213,4
0.349,0.348,3,-6.142,1,0.0316,0.726,0,0.12,0.0886,74.541,audio_features,0HZhYMZOcUzZKSFwPOti6m,spotify:track:0HZhYMZOcUzZKSFwPOti6m,https://api.spotify.com/v1/tracks/0HZhYMZOcUzZKSFwPOti6m,https://api.spotify.com/v1/audio-analysis/0HZhYMZOcUzZKSFwPOti6m,246587,4
0.476,0.291,11,-10.527,1,0.0376,0.772,9.64e-05,0.169,0.214,88.816,audio_features,5kRGdMdl0n0nDtsXmRg5i3,spotify:track:5kRGdMdl0n0nDtsXmRg5i3,https://api.spotify.com/v1/tracks/5kRGdMdl0n0nDtsXmRg5i3,https://api.spotify.com/v1/audio-analysis/5kRGdMdl0n0nDtsXmRg5i3,188800,4
0.448,0.885,9,-3.755,1,0.0562,0.111,3.65e-06,0.0476,0.134,178.151,audio_features,0RUXHlYhA057fCOe2vqIqu,spotify:track:0RUXHlYhA057fCOe2vqIqu,https://api.spotify.com/v1/tracks/0RUXHlYhA057fCOe2vqIqu,https://api.spotify.com/v1/audio-analysis/0RUXHlYhA057fCOe2vqIqu,255893,4
0.642,0.604,0,-8.494,1,0.0334,0.545,2.2e-05,0.128,0.552,104.978,audio_features,7otG2nsXUjnQq0EgxuBpD3,spotify:track:7otG2nsXUjnQq0EgxuBpD3,https://api.spotify.com/v1/tracks/7otG2nsXUjnQq0EgxuBpD3,https://api.spotify.com/v1/audio-analysis/7otG2nsXUjnQq0EgxuBpD3,217613,4
0.586,0.128,7,-9.297,1,0.0496,0.963,0,0.0858,0.371,123.498,audio_features,0zMzyHAeMvwq5CRstru1Fp,spotify:track:0zMzyHAeMvwq5CRstru1Fp,https://api.spotify.com/v1/tracks/0zMzyHAeMvwq5CRstru1Fp,https://api.spotify.com/v1/audio-analysis/0zMzyHAeMvwq5CRstru1Fp,276067,4
0.513,0.561,0,-5.586,0,0.0339,0.22,0.000307,0.236,0.406,129.923,audio_features,4g9dtB7TKEw5FH32ns82MO,spotify:track:4g9dtB7TKEw5FH32ns82MO,https://api.spotify.com/v1/tracks/4g9dtB7TKEw5FH32ns82MO,https://api.spotify.com/v1/audio-analysis/4g9dtB7TKEw5FH32ns82MO,260120,3
0.564,0.784,4,-5.347,0,0.0568,0.0582,1.03e-05,0.114,0.324,147.82,audio_features,3R2FxfQsTs5Ei2twCe339s,spotify:track:3R2FxfQsTs5Ei2twCe339s,https://api.spotify.com/v1/tracks/3R2FxfQsTs5Ei2twCe339s,https://api.spotify.com/v1/audio-analysis/3R2FxfQsTs5Ei2twCe339s,221320,4
0.776,0.513,5,-6.757,1,0.0872,0.392,0,0.0642,0.813,153.934,audio_features,1XcXhu1X0xBFMDFyq0b7Ue,spotify:track:1XcXhu1X0xBFMDFyq0b7Ue,https://api.spotify.com/v1/tracks/1XcXhu1X0xBFMDFyq0b7Ue,https://api.spotify.com/v1/audio-analysis/1XcXhu1X0xBFMDFyq0b7Ue,158571,4
