danceability,energy,key,loudness,mode,speechiness,acousticness,instrumentalness,liveness,valence,tempo,type,id,uri,track_href,analysis_url,duration_ms,time_signature
0.705,0.144,7,-12.234,1,0.0504,0.926,1.14e-06,0.102,0.349,85.892,audio_features,142vj1HAI7VBAsn7OPmSHc,spotify:track:142vj1HAI7VBAsn7OPmSHc,https://api.spotify.com/v1/tracks/142vj1HAI7VBAsn7OPmSHc,https://api.spotify.com/v1/audio-analysis/142vj1HAI7VBAsn7OPmSHc,208040,3
0.409,0.389,11,-7.049,0,0.0316,0.323,0,0.241,0.219,80.758,audio_features,6OqHsUrVmquDBqTPgYLNqm,spotify:track:6OqHsUrVmquDBqTPgYLNqm,https://api.spotify.com/v1/tracks/6OqHsUrVmquDBqTPgYLNqm,https://api.spotify.com/v1/audio-analysis/6OqHsUrVmquDBqTPgYLNqm,203907,4
0.687,0.106,0,-13.474,1,0.0333,0.985,0.00438,0.0911,0.346,81.405,audio_features,7alr0hh8yLWEIY8Tow9UJ6,spotify:track:7alr0hh8yLWEIY8Tow9UJ6,https://api.spotify.com/v1/tracks/7alr0hh8yLWEIY8Tow9UJ6,https://api.spotify.com/v1/audio-analysis/7alr0hh8yLWEIY8Tow9UJ6,190280,4
0.844,0.678,1,-5.853,1,0.1,0.736,0,0.0866,0.895,137.202,audio_features,2Q2SougPFYpLWVZVx1dRNK,spotify:track:2Q2SougPFYpLWVZVx1dRNK,https://api.spotify.com/v1/tracks/2Q2SougPFYpLWVZVx1dRNK,https://api.spotify.com/v1/audio-analysis/2Q2SougPFYpLWVZVx1dRNK,197347,4
0.325,0.18,10,-10.647,1,0.0311,0.91,0.000633,0.113,0.0997,72.416,audio_features,7rPLZ8Krm6CZIbraFUlnWZ,spotify:track:7rPLZ8Krm6CZIbraFUlnWZ,https://api.spotify.com/v1/tracks/7rPLZ8Krm6CZIbraFUlnWZ,https://api.spotify.com/v1/audio-analysis/7rPLZ8Krm6CZIbraFUlnWZ,212040,1
0.802,0.603,4,-7.453,0,0.134,0.471,0,0.14,0.722,126.381,audio_features,3xMYr8Hg5jgy8QQIojeVbu,spotify:track:3xMYr8Hg5jgy8QQIojeVbu,https://api.spotify.com/v1/tracks/3xMYr8Hg5jgy8QQIojeVbu,https://api.spotify.com/v1/audio-analysis/3xMYr8Hg5jgy8QQIojeVbu,195653,4
0.803,0.673,11,-6.338,1,0.047,0.191,0.000646,0.0953,0.552,96.997,audio_features,09fgZxShFPEdl0xBMmV3sv,spotify:track:09fgZxShFPEdl0xBMmV3sv,https://api.spotify.com/v1/tracks/09fgZxShFPEdl0xBMmV3sv,https://api.spotify.com/v1/audio-analysis/09fgZxShFPEdl0xBMmV3sv,258853,4
0.444,0.336,10,-8.493,0,0.0369,0.963,4.31e-05,0.103,0.211,122.574,audio_features,2MUH1tZ71fU7JPcZLxXT6t,spotify:track:2MUH1tZ71fU7JPcZLxXT6t,https://api.spotify.com/v1/tracks/2MUH1tZ71fU7JPcZLxXT6t,https://api.spotify.com/v1/audio-analysis/2MUH1tZ71fU7JPcZLxXT6t,271227,4
0.681,0.287,6,-8.376,1,0.0783,0.813,0,0.728,0.77,132.717,audio_features,6CP8jQqNYYRgd4eMJ5xARp,spotify:track:6CP8jQqNYYRgd4eMJ5xARp,https://api.spotify.com/v1/tracks/6CP8jQqNYYRgd4eMJ5xARp,https://api.spotify.com/v1/audio-analysis/6CP8jQqNYYRgd4eMJ5xARp,207867,4
