danceability,energy,key,loudness,mode,speechiness,acousticness,instrumentalness,liveness,valence,tempo,type,id,uri,track_href,analysis_url,duration_ms,time_signature
0.5,0.66,9,-5.354,1,0.0307,0.167,0,0.116,0.254,104.924,audio_features,0uBWMWm5P6tuCiavbjPWS0,spotify:track:0uBWMWm5P6tuCiavbjPWS0,https://api.spotify.com/v1/tracks/0uBWMWm5P6tuCiavbjPWS0,https://api.spotify.com/v1/audio-analysis/0uBWMWm5P6tuCiavbjPWS0,251040,3
0.299,0.534,5,-6.566,1,0.0314,0.704,0,0.328,0.16,95.929,audio_features,2AMEPKeicePOewTaGLYqec,spotify:track:2AMEPKeicePOewTaGLYqec,https://api.spotify.com/v1/tracks/2AMEPKeicePOewTaGLYqec,https://api.spotify.com/v1/audio-analysis/2AMEPKeicePOewTaGLYqec,243886,4
0.542,0.859,11,-5.651,1,0.197,0.16,0.00466,0.137,0.403,159.797,audio_features,0QsvXIfqM0zZoerQfsI9lm,spotify:track:0QsvXIfqM0zZoerQfsI9lm,https://api.spotify.com/v1/tracks/0QsvXIfqM0zZoerQfsI9lm,https://api.spotify.com/v1/audio-analysis/0QsvXIfqM0zZoerQfsI9lm,208053,4
0.441,0.692,7,-5.427,0,0.128,0.359,1.94e-06,0.161,0.475,189.879,audio_features,0UnhE0UhBTBwtnzEXzP0it,spotify:track:0UnhE0UhBTBwtnzEXzP0it,https://api.spotify.com/v1/tracks/0UnhE0UhBTBwtnzEXzP0it,https://api.spotify.com/v1/audio-analysis/0UnhE0UhBTBwtnzEXzP0it,219560,4
0.572,0.912,7,-4.875,1,0.0707,0.00155,1.2e-06,0.102,0.606,156.073,audio_features,3yZQk5PC52CCmT4ZaTIKvv,spotify:track:3yZQk5PC52CCmT4ZaTIKvv,https://api.spotify.com/v1/tracks/3yZQk5PC52CCmT4ZaTIKvv,https://api.spotify.com/v1/audio-analysis/3yZQk5PC52CCmT4ZaTIKvv,187187,4
0.657,0.574,1,-9.484,0,0.0407,0.016,8.1e-05,0.172,0.211,119.992,audio_features,2xRYnHQdLD9ketvC01UYYT,spotify:track:2xRYnHQdLD9ketvC01UYYT,https://api.spotify.com/v1/tracks/2xRYnHQdLD9ketvC01UYYT,https://api.spotify.com/v1/audio-analysis/2xRYnHQdLD9ketvC01UYYT,281080,4
0.721,0.339,0,-11.195,1,0.0532,0.409,0.00153,0.0973,0.2,129.83,audio_features,7DfFc7a6Rwfi3YQMRbDMau,spotify:track:7DfFc7a6Rwfi3YQMRbDMau,https://api.spotify.com/v1/tracks/7DfFc7a6Rwfi3YQMRbDMau,https://api.spotify.com/v1/audio-analysis/7DfFc7a6Rwfi3YQMRbDMau,200747,4
0.513,0.768,4,-4.868,0,0.0587,0.0118,1.94e-05,0.294,0.235,84.264,audio_features,3cNjgVBKTJ1SvKhunrCdVy,spotify:track:3cNjgVBKTJ1SvKhunrCdVy,https://api.spotify.com/v1/tracks/3cNjgVBKTJ1SvKhunrCdVy,https://api.spotify.com/v1/audio-analysis/3cNjgVBKTJ1SvKhunrCdVy,210580,4
0.438,0.805,5,-4.284,0,0.0728,0.0115,0.000667,0.133,0.31,150.174,audio_features,44p0C72gL2FbjWbzkUFfTf,spotify:track:44p0C72gL2FbjWbzkUFfTf,https://api.spotify.com/v1/tracks/44p0C72gL2FbjWbzkUFfTf,https://api.spotify.com/v1/audio-analysis/44p0C72gL2FbjWbzkUFfTf,252440,4
