danceability,energy,key,loudness,mode,speechiness,acousticness,instrumentalness,liveness,valence,tempo,type,id,uri,track_href,analysis_url,duration_ms,time_signature
0.671,0.672,4,-9.188,0,0.12,0.103,3.98e-05,0.074,0.186,117.96,audio_features,5DSr1NMci58MEgS20vivSL,spotify:track:5DSr1NMci58MEgS20vivSL,https://api.spotify.com/v1/tracks/5DSr1NMci58MEgS20vivSL,https://api.spotify.com/v1/audio-analysis/5DSr1NMci58MEgS20vivSL,240680,4
0.756,0.674,0,-6.518,0,0.0959,0.0184,0,0.158,0.389,111.995,audio_features,40YcuQysJ0KlGQTeGUosTC,spotify:track:40YcuQysJ0KlGQTeGUosTC,https://api.spotify.com/v1/tracks/40YcuQysJ0KlGQTeGUosTC,https://api.spotify.com/v1/audio-analysis/40YcuQysJ0KlGQTeGUosTC,251467,4
0.627,0.614,6,-6.006,0,0.17,0.0211,0,0.0286,0.758,96.038,audio_features,4BycRneKmOs6MhYG9THsuX,spotify:track:4BycRneKmOs6MhYG9THsuX,https://api.spotify.com/v1/tracks/4BycRneKmOs6MhYG9THsuX,https://api.spotify.com/v1/audio-analysis/4BycRneKmOs6MhYG9THsuX,208947,4
0.469,0.415,9,-6.845,1,0.026,0.696,0,0.0886,0.255,79.956,audio_features,09ss01b6DRAHBeQCVClJBS,spotify:track:09ss01b6DRAHBeQCVClJBS,https://api.spotify.com/v1/tracks/09ss01b6DRAHBeQCVClJBS,https://api.spotify.com/v1/audio-analysis/09ss01b6DRAHBeQCVClJBS,246709,4
0.353,0.686,7,-5.704,0,0.0534,0.00216,0,0.123,0.177,94.47,audio_features,07VBqWH6NG8L2ad3l84UKk,spotify:track:07VBqWH6NG8L2ad3l84UKk,https://api.spotify.com/v1/tracks/07VBqWH6NG8L2ad3l84UKk,https://api.spotify.com/v1/audio-analysis/07VBqWH6NG8L2ad3l84UKk,205280,4
0.563,0.592,9,-4.571,1,0.0276,0.209,5.08e-05,0.132,0.136,104.016,audio_features,11bD1JtSjlIgKgZG2134DZ,spotify:track:11bD1JtSjlIgKgZG2134DZ,https://api.spotify.com/v1/tracks/11bD1JtSjlIgKgZG2134DZ,https://api.spotify.com/v1/audio-analysis/11bD1JtSjlIgKgZG2134DZ,267933,4
0.448,0.665,9,-4.203,1,0.026,0.06,2.55e-05,0.0828,0.304,172.004,audio_features,1SKPmfSYaPsETbRHaiA18G,spotify:track:1SKPmfSYaPsETbRHaiA18G,https://api.spotify.com/v1/tracks/1SKPmfSYaPsETbRHaiA18G,https://api.spotify.com/v1/audio-analysis/1SKPmfSYaPsETbRHaiA18G,237147,4
0.576,0.486,4,-9.364,1,0.0406,0.0606,0.000143,0.093,0.337,141.951,audio_features,3pLTOP0G0etiWUknFoRpsr,spotify:track:3pLTOP0G0etiWUknFoRpsr,https://api.spotify.com/v1/tracks/3pLTOP0G0etiWUknFoRpsr,https://api.spotify.com/v1/audio-analysis/3pLTOP0G0etiWUknFoRpsr,217987,4
0.239,0.592,7,-7.55,0,0.0408,0.0123,0.00402,0.107,0.199,81.056,audio_features,7o7CXsKgDXhxbSMrqGVSd0,spotify:track:7o7CXsKgDXhxbSMrqGVSd0,https://api.spotify.com/v1/tracks/7o7CXsKgDXhxbSMrqGVSd0,https://api.spotify.com/v1/audio-analysis/7o7CXsKgDXhxbSMrqGVSd0,307853,4
