danceability,energy,key,loudness,mode,speechiness,acousticness,instrumentalness,liveness,valence,tempo,type,id,uri,track_href,analysis_url,duration_ms,time_signature
0.675,0.34,11,-8.028,0,0.123,0.839,0,0.715,0.794,135.996,audio_features,5Od6joH7f9bOJN5gBwHTNk,spotify:track:5Od6joH7f9bOJN5gBwHTNk,https://api.spotify.com/v1/tracks/5Od6joH7f9bOJN5gBwHTNk,https://api.spotify.com/v1/audio-analysis/5Od6joH7f9bOJN5gBwHTNk,181973,4
0.676,0.365,9,-8.553,0,0.173,0.782,0,0.119,0.657,72.153,audio_features,1Lu8WlI3tLFoeTzMK160KH,spotify:track:1Lu8WlI3tLFoeTzMK160KH,https://api.spotify.com/v1/tracks/1Lu8WlI3tLFoeTzMK160KH,https://api.spotify.com/v1/audio-analysis/1Lu8WlI3tLFoeTzMK160KH,140627,4
0.505,0.322,0,-8.268,0,0.038,0.866,0,0.69,0.189,78.582,audio_features,1V8pHaJd5NdZVvWg6uM55l,spotify:track:1V8pHaJd5NdZVvWg6uM55l,https://api.spotify.com/v1/tracks/1V8pHaJd5NdZVvWg6uM55l,https://api.spotify.com/v1/audio-analysis/1V8pHaJd5NdZVvWg6uM55l,226587,4
0.731,0.595,0,-5.326,0,0.0768,0.0855,0,0.116,0.793,104.927,audio_features,07rJ9xLSbBKLwJHW73CApr,spotify:track:07rJ9xLSbBKLwJHW73CApr,https://api.spotify.com/v1/tracks/07rJ9xLSbBKLwJHW73CApr,https://api.spotify.com/v1/audio-analysis/07rJ9xLSbBKLwJHW73CApr,194533,4
0.688,0.477,9,-6.684,1,0.036,0.594,0,0.115,0.257,127.866,audio_features,1lkvpmrCaXK8QtliFDcHBO,spotify:track:1lkvpmrCaXK8QtliFDcHBO,https://api.spotify.com/v1/tracks/1lkvpmrCaXK8QtliFDcHBO,https://api.spotify.com/v1/audio-analysis/1lkvpmrCaXK8QtliFDcHBO,196227,4
0.506,0.639,3,-5.222,1,0.0285,0.171,0,0.315,0.385,144.073,audio_features,2rJWnAqSuLMls0KOv416Io,spotify:track:2rJWnAqSuLMls0KOv416Io,https://api.spotify.com/v1/tracks/2rJWnAqSuLMls0KOv416Io,https://api.spotify.com/v1/audio-analysis/2rJWnAqSuLMls0KOv416Io,233200,4
0.659,0.884,9,-5.56,1,0.0341,0.188,0,0.0756,0.934,144.868,audio_features,2yNUAnFrAJkV0eilMxeA19,spotify:track:2yNUAnFrAJkV0eilMxeA19,https://api.spotify.com/v1/tracks/2yNUAnFrAJkV0eilMxeA19,https://api.spotify.com/v1/audio-analysis/2yNUAnFrAJkV0eilMxeA19,173360,4
0.77,0.706,2,-4.705,1,0.0302,0.0605,0.00182,0.0985,0.527,115.011,audio_features,7qxjGHW485TL8ciwkHD5MK,spotify:track:7qxjGHW485TL8ciwkHD5MK,https://api.spotify.com/v1/tracks/7qxjGHW485TL8ciwkHD5MK,https://api.spotify.com/v1/audio-analysis/7qxjGHW485TL8ciwkHD5MK,238040,4
0.547,0.936,9,-4.023,1,0.102,0.23,3.04e-06,0.172,0.642,120.003,audio_features,22OqansuvEMQu9W0EfiGTI,spotify:track:22OqansuvEMQu9W0EfiGTI,https://api.spotify.com/v1/tracks/22OqansuvEMQu9W0EfiGTI,https://api.spotify.com/v1/audio-analysis/22OqansuvEMQu9W0EfiGTI,177200,4
