danceability,energy,key,loudness,mode,speechiness,acousticness,instrumentalness,liveness,valence,tempo,type,id,uri,track_href,analysis_url,duration_ms,time_signature
0.561,0.485,1,-8.343,0,0.0362,0.289,0.00164,0.194,0.0663,118.017,audio_features,55N0YHhO55Q1lWsc4dDPcI,spotify:track:55N0YHhO55Q1lWsc4dDPcI,https://api.spotify.com/v1/tracks/55N0YHhO55Q1lWsc4dDPcI,https://api.spotify.com/v1/audio-analysis/55N0YHhO55Q1lWsc4dDPcI,294222,4
0.764,0.567,0,-8.585,1,0.0609,0.0126,9.51e-05,0.257,0.428,89.988,audio_features,74fpNVAJrKGQuqHETi4WSt,spotify:track:74fpNVAJrKGQuqHETi4WSt,https://api.spotify.com/v1/tracks/74fpNVAJrKGQuqHETi4WSt,https://api.spotify.com/v1/audio-analysis/74fpNVAJrKGQuqHETi4WSt,198907,4
0.512,0.474,2,-8.36,1,0.0371,0.0787,0.00345,0.134,0.194,183.991,audio_features,6rjtB7KSIiJ6v9vrACMlqF,spotify:track:6rjtB7KSIiJ6v9vrACMlqF,https://api.spotify.com/v1/tracks/6rjtB7KSIiJ6v9vrACMlqF,https://api.spotify.com/v1/audio-analysis/6rjtB7KSIiJ6v9vrACMlqF,234286,4
0.674,0.428,7,-9.504,1,0.122,0.121,0,0.132,0.337,84.878,audio_features,2dLLR6qlu5UJ5gk0dKz0h3,spotify:track:2dLLR6qlu5UJ5gk0dKz0h3,https://api.spotify.com/v1/tracks/2dLLR6qlu5UJ5gk0dKz0h3,https://api.spotify.com/v1/audio-analysis/2dLLR6qlu5UJ5gk0dKz0h3,190185,4
0.511,0.472,4,-9.277,1,0.091,0.534,0.614,0.11,0.0399,127.978,audio_features,2MvvoeRt8NcOXWESkxWn3g,spotify:track:2MvvoeRt8NcOXWESkxWn3g,https://api.spotify.com/v1/tracks/2MvvoeRt8NcOXWESkxWn3g,https://api.spotify.com/v1/audio-analysis/2MvvoeRt8NcOXWESkxWn3g,258969,4
0.69,0.578,6,-7.436,1,0.0929,0.167,0,0.305,0.416,99.961,audio_features,3G6hD9B2ZHOsgf4WfNu7X1,spotify:track:3G6hD9B2ZHOsgf4WfNu7X1,https://api.spotify.com/v1/tracks/3G6hD9B2ZHOsgf4WfNu7X1,https://api.spotify.com/v1/audio-analysis/3G6hD9B2ZHOsgf4WfNu7X1,193059,4
0.689,0.377,1,-8.761,1,0.0397,0.285,0,0.268,0.294,143.946,audio_features,60jI0JgMLLj1VggHJVhtRs,spotify:track:60jI0JgMLLj1VggHJVhtRs,https://api.spotify.com/v1/tracks/60jI0JgMLLj1VggHJVhtRs,https://api.spotify.com/v1/audio-analysis/60jI0JgMLLj1VggHJVhtRs,210738,4
0.357,0.361,0,-12.14,1,0.0452,0.665,0.00592,0.0682,0.0958,131.601,audio_features,5TRZnGsX49uCZkXxIbD7Ru,spotify:track:5TRZnGsX49uCZkXxIbD7Ru,https://api.spotify.com/v1/tracks/5TRZnGsX49uCZkXxIbD7Ru,https://api.spotify.com/v1/audio-analysis/5TRZnGsX49uCZkXxIbD7Ru,188133,3
0.654,0.304,6,-9.067,0,0.0358,0.647,7.18e-05,0.147,0.102,113.992,audio_features,35kahykNu00FPysz3C2euR,spotify:track:35kahykNu00FPysz3C2euR,https://api.spotify.com/v1/tracks/35kahykNu00FPysz3C2euR,https://api.spotify.com/v1/audio-analysis/35kahykNu00FPysz3C2euR,216600,4
0.561,0.485,1,-8.343,0,0.0362,0.289,0.00164,0.194,0.0663,118.017,audio_features,55N0YHhO55Q1lWsc4dDPcI,spotify:track:55N0YHhO55Q1lWsc4dDPcI,https://api.spotify.com/v1/tracks/55N0YHhO55Q1lWsc4dDPcI,https://api.spotify.com/v1/audio-analysis/55N0YHhO55Q1lWsc4dDPcI,294222,4
0.489,0.535,7,-10.34,1,0.0933,0.539,0.0266,0.166,0.04,175.921,audio_features,02ZorlDGq0uTnMobHNh4EL,spotify:track:02ZorlDGq0uTnMobHNh4EL,https://api.spotify.com/v1/tracks/02ZorlDGq0uTnMobHNh4EL,https://api.spotify.com/v1/audio-analysis/02ZorlDGq0uTnMobHNh4EL,221409,4
0.685,0.555,10,-6.4,0,0.106,0.244,0.0223,0.118,0.437,81.978,audio_features,3Lw7lWTJlcqlx8E9HFmByr,spotify:track:3Lw7lWTJlcqlx8E9HFmByr,https://api.spotify.com/v1/tracks/3Lw7lWTJlcqlx8E9HFmByr,https://api.spotify.com/v1/audio-analysis/3Lw7lWTJlcqlx8E9HFmByr,138211,4
0.794,0.493,5,-7.257,1,0.0563,0.212,0.0133,0.13,0.626,92.026,audio_features,2yrJ1jWo3HLksJFUqUsZE4,spotify:track:2yrJ1jWo3HLksJFUqUsZE4,https://api.spotify.com/v1/tracks/2yrJ1jWo3HLksJFUqUsZE4,https://api.spotify.com/v1/audio-analysis/2yrJ1jWo3HLksJFUqUsZE4,201434,4
0.834,0.375,1,-10.91,0,0.0588,0.749,0.0201,0.107,0.334,116.024,audio_features,45UvXCltvMpEPNLGzG0NYk,spotify:track:45UvXCltvMpEPNLGzG0NYk,https://api.spotify.com/v1/tracks/45UvXCltvMpEPNLGzG0NYk,https://api.spotify.com/v1/audio-analysis/45UvXCltvMpEPNLGzG0NYk,213666,4
0.337,0.245,10,-13.442,1,0.0384,0.92,2.56e-05,0.119,0.107,107.472,audio_features,7otV7kSzDMo11qLlw8pAtr,spotify:track:7otV7kSzDMo11qLlw8pAtr,https://api.spotify.com/v1/tracks/7otV7kSzDMo11qLlw8pAtr,https://api.spotify.com/v1/audio-analysis/7otV7kSzDMo11qLlw8pAtr,222363,4
0.392,0.825,0,-2.068,0,0.0535,0.0231,2.25e-06,0.0972,0.482,98.959,audio_features,77hjM9bMmgfTGJXv14UFmi,spotify:track:77hjM9bMmgfTGJXv14UFmi,https://api.spotify.com/v1/tracks/77hjM9bMmgfTGJXv14UFmi,https://api.spotify.com/v1/audio-analysis/77hjM9bMmgfTGJXv14UFmi,243253,4
