danceability,energy,key,loudness,mode,speechiness,acousticness,instrumentalness,liveness,valence,tempo,type,id,uri,track_href,analysis_url,duration_ms,time_signature
0.236,0.249,6,-9.595,0,0.0348,0.811,1e-06,0.087,0.181,72.847,audio_features,0fBSs3fRoh1yJcne77fdu9,spotify:track:0fBSs3fRoh1yJcne77fdu9,https://api.spotify.com/v1/tracks/0fBSs3fRoh1yJcne77fdu9,https://api.spotify.com/v1/audio-analysis/0fBSs3fRoh1yJcne77fdu9,281960,5
0.733,0.62,1,-10.525,1,0.075,0.606,0.305,0.117,0.247,111.039,audio_features,51QEyJI5M7uyd8DOh9tqQY,spotify:track:51QEyJI5M7uyd8DOh9tqQY,https://api.spotify.com/v1/tracks/51QEyJI5M7uyd8DOh9tqQY,https://api.spotify.com/v1/audio-analysis/51QEyJI5M7uyd8DOh9tqQY,246755,4
0.524,0.803,9,-5.56,0,0.0366,0.145,0.000191,0.115,0.0827,140.003,audio_features,0CSTvWUps1YmpQoXXay9ol,spotify:track:0CSTvWUps1YmpQoXXay9ol,https://api.spotify.com/v1/tracks/0CSTvWUps1YmpQoXXay9ol,https://api.spotify.com/v1/audio-analysis/0CSTvWUps1YmpQoXXay9ol,255133,4
0.553,0.723,11,-5.607,1,0.0453,0.102,0,0.212,0.473,157.998,audio_features,7vWGeYZJUzBXKGPro05UXS,spotify:track:7vWGeYZJUzBXKGPro05UXS,https://api.spotify.com/v1/tracks/7vWGeYZJUzBXKGPro05UXS,https://api.spotify.com/v1/audio-analysis/7vWGeYZJUzBXKGPro05UXS,243707,4
0.652,0.632,7,-6.612,0,0.0375,0.363,1.2e-05,0.124,0.484,99.952,audio_features,4iOoHmJJiqyTxsXSa5uELv,spotify:track:4iOoHmJJiqyTxsXSa5uELv,https://api.spotify.com/v1/tracks/4iOoHmJJiqyTxsXSa5uELv,https://api.spotify.com/v1/audio-analysis/4iOoHmJJiqyTxsXSa5uELv,167066,4
0.324,0.802,9,-5.912,0,0.0673,0.51,0.0022,0.0868,0.296,79.669,audio_features,3YZ4ccGSysav9mPqbni9JU,spotify:track:3YZ4ccGSysav9mPqbni9JU,https://api.spotify.com/v1/tracks/3YZ4ccGSysav9mPqbni9JU,https://api.spotify.com/v1/audio-analysis/3YZ4ccGSysav9mPqbni9JU,285493,4
0.595,0.389,2,-9.245,1,0.0349,0.418,1.39e-06,0.116,0.4,166.052,audio_features,5kNe7PE09d6Kvw5pAsx23n,spotify:track:5kNe7PE09d6Kvw5pAsx23n,https://api.spotify.com/v1/tracks/5kNe7PE09d6Kvw5pAsx23n,https://api.spotify.com/v1/audio-analysis/5kNe7PE09d6Kvw5pAsx23n,227427,4
0.569,0.365,9,-7.047,1,0.0265,0.691,0,0.17,0.508,145.859,audio_features,0AkZjWYCMJ8wWiNex7LmkY,spotify:track:0AkZjWYCMJ8wWiNex7LmkY,https://api.spotify.com/v1/tracks/0AkZjWYCMJ8wWiNex7LmkY,https://api.spotify.com/v1/audio-analysis/0AkZjWYCMJ8wWiNex7LmkY,343497,4
0.571,0.438,2,-7.007,1,0.0279,0.534,1.56e-05,0.187,0.444,145.948,audio_features,5hviCr3lgg6LY6noG6DPKs,spotify:track:5hviCr3lgg6LY6noG6DPKs,https://api.spotify.com/v1/tracks/5hviCr3lgg6LY6noG6DPKs,https://api.spotify.com/v1/audio-analysis/5hviCr3lgg6LY6noG6DPKs,230549,4
