danceability,energy,key,loudness,mode,speechiness,acousticness,instrumentalness,liveness,valence,tempo,type,id,uri,track_href,analysis_url,duration_ms,time_signature
0.706,0.569,0,-7.044,0,0.0861,0.023,0,0.0731,0.71,159.824,audio_features,4ThTvhGNae80mrLsMzs4Hb,spotify:track:4ThTvhGNae80mrLsMzs4Hb,https://api.spotify.com/v1/tracks/4ThTvhGNae80mrLsMzs4Hb,https://api.spotify.com/v1/audio-analysis/4ThTvhGNae80mrLsMzs4Hb,277947,4
0.411,0.267,0,-8.484,1,0.031,0.953,0,0.167,0.303,137.801,audio_features,6jL1DEdjmOa27inIgU088B,spotify:track:6jL1DEdjmOa27inIgU088B,https://api.spotify.com/v1/tracks/6jL1DEdjmOa27inIgU088B,https://api.spotify.com/v1/audio-analysis/6jL1DEdjmOa27inIgU088B,228213,4
0.548,0.843,2,-2.674,1,0.0374,0.0467,0,0.131,0.754,160.009,audio_features,3QEYmDt1FwOkFBFD74cEzZ,spotify:track:3QEYmDt1FwOkFBFD74cEzZ,https://api.spotify.com/v1/tracks/3QEYmDt1FwOkFBFD74cEzZ,https://api.spotify.com/v1/audio-analysis/3QEYmDt1FwOkFBFD74cEzZ,241653,4
0.464,0.467,5,-5.306,1,0.0376,0.295,0,0.141,0.169,51.66,audio_features,4I3KMa9p00MJwWbT0vi5iX,spotify:track:4I3KMa9p00MJwWbT0vi5iX,https://api.spotify.com/v1/tracks/4I3KMa9p00MJwWbT0vi5iX,https://api.spotify.com/v1/audio-analysis/4I3KMa9p00MJwWbT0vi5iX,346813,4
0.69,0.373,0,-9.454,0,0.0284,0.722,0.00103,0.111,0.329,116.925,audio_features,2rnvHrNnkWMcAkl4S1WlRg,spotify:track:2rnvHrNnkWMcAkl4S1WlRg,https://api.spotify.com/v1/tracks/2rnvHrNnkWMcAkl4S1WlRg,https://api.spotify.com/v1/audio-analysis/2rnvHrNnkWMcAkl4S1WlRg,316440,4
0.559,0.33,9,-8.251,1,0.0285,0.892,0,0.0975,0.285,135.109,audio_features,4kflIGfjdZJW4ot2ioixTB,spotify:track:4kflIGfjdZJW4ot2ioixTB,https://api.spotify.com/v1/tracks/4kflIGfjdZJW4ot2ioixTB,https://api.spotify.com/v1/audio-analysis/4kflIGfjdZJW4ot2ioixTB,285040,4
0.805,0.104,9,-13.237,1,0.0404,0.963,0,0.107,0.335,108.959,audio_features,1wV3ZgBuui1rhpKVPVnplu,spotify:track:1wV3ZgBuui1rhpKVPVnplu,https://api.spotify.com/v1/tracks/1wV3ZgBuui1rhpKVPVnplu,https://api.spotify.com/v1/audio-analysis/1wV3ZgBuui1rhpKVPVnplu,220507,4
0.621,0.312,4,-10.93,0,0.258,0.665,0,0.105,0.597,105.181,audio_features,2ZzL9ajouuH7GoJBs6ZkNM,spotify:track:2ZzL9ajouuH7GoJBs6ZkNM,https://api.spotify.com/v1/tracks/2ZzL9ajouuH7GoJBs6ZkNM,https://api.spotify.com/v1/audio-analysis/2ZzL9ajouuH7GoJBs6ZkNM,258507,4
0.615,0.472,5,-6.073,0,0.0267,0.325,0,0.115,0.327,80.072,audio_features,59tg0OPhiHlbsVZ9GFqUk5,spotify:track:59tg0OPhiHlbsVZ9GFqUk5,https://api.spotify.com/v1/tracks/59tg0OPhiHlbsVZ9GFqUk5,https://api.spotify.com/v1/audio-analysis/59tg0OPhiHlbsVZ9GFqUk5,210507,4
