danceability,energy,key,loudness,mode,speechiness,acousticness,instrumentalness,liveness,valence,tempo,type,id,uri,track_href,analysis_url,duration_ms,time_signature
0.654,0.623,6,-5.273,0,0.082,0.253,0,0.144,0.401,123.996,audio_features,3lSDIJ2abCrOdDJ6pshUap,spotify:track:3lSDIJ2abCrOdDJ6pshUap,https://api.spotify.com/v1/tracks/3lSDIJ2abCrOdDJ6pshUap,https://api.spotify.com/v1/audio-analysis/3lSDIJ2abCrOdDJ6pshUap,234213,4
0.587,0.622,4,-5.535,1,0.0303,0.0927,0.000636,0.2,0.231,107.943,audio_features,11EX5yhxr9Ihl3IN1asrfK,spotify:track:11EX5yhxr9Ihl3IN1asrfK,https://api.spotify.com/v1/tracks/11EX5yhxr9Ihl3IN1asrfK,https://api.spotify.com/v1/audio-analysis/11EX5yhxr9Ihl3IN1asrfK,277573,4
0.593,0.639,1,-5.826,1,0.0307,0.446,0,0.0998,0.332,142.881,audio_features,2nRvKHh2mtOfIQ4jcAkP9q,spotify:track:2nRvKHh2mtOfIQ4jcAkP9q,https://api.spotify.com/v1/tracks/2nRvKHh2mtOfIQ4jcAkP9q,https://api.spotify.com/v1/audio-analysis/2nRvKHh2mtOfIQ4jcAkP9q,218840,4
0.655,0.786,3,-4.451,1,0.034,0.163,5.99e-05,0.124,0.378,113.964,audio_features,2YVCkTYJpv5jelYrHYoEG8,spotify:track:2YVCkTYJpv5jelYrHYoEG8,https://api.spotify.com/v1/tracks/2YVCkTYJpv5jelYrHYoEG8,https://api.spotify.com/v1/audio-analysis/2YVCkTYJpv5jelYrHYoEG8,256013,4
0.521,0.155,0,-12.147,1,0.0286,0.947,9.32e-06,0.103,0.16,75.003,audio_features,0C3NEzyeYHvbt6OIjFAIzT,spotify:track:0C3NEzyeYHvbt6OIjFAIzT,https://api.spotify.com/v1/tracks/0C3NEzyeYHvbt6OIjFAIzT,https://api.spotify.com/v1/audio-analysis/0C3NEzyeYHvbt6OIjFAIzT,261653,4
0.414,0.404,0,-9.928,0,0.0499,0.271,0,0.3,0.224,71.105,audio_features,1AhDOtG9vPSOmsWgNW0BEY,spotify:track:1AhDOtG9vPSOmsWgNW0BEY,https://api.spotify.com/v1/tracks/1AhDOtG9vPSOmsWgNW0BEY,https://api.spotify.com/v1/audio-analysis/1AhDOtG9vPSOmsWgNW0BEY,354320,4
0.386,0.452,2,-7.715,1,0.0278,0.417,0,0.0881,0.287,169.837,audio_features,5auMzVHFr5Zfw6IbKarZ56,spotify:track:5auMzVHFr5Zfw6IbKarZ56,https://api.spotify.com/v1/tracks/5auMzVHFr5Zfw6IbKarZ56,https://api.spotify.com/v1/audio-analysis/5auMzVHFr5Zfw6IbKarZ56,279827,3
0.65,0.358,2,-6.223,1,0.0281,0.399,0,0.0905,0.253,130.091,audio_features,6i1OfHMXpoH5vi1MdIgbFB,spotify:track:6i1OfHMXpoH5vi1MdIgbFB,https://api.spotify.com/v1/tracks/6i1OfHMXpoH5vi1MdIgbFB,https://api.spotify.com/v1/audio-analysis/6i1OfHMXpoH5vi1MdIgbFB,241093,4
0.64,0.743,10,-4.08,1,0.0379,0.269,0,0.101,0.361,122.035,audio_features,5fVZC9GiM4e8vu99W0Xf6J,spotify:track:5fVZC9GiM4e8vu99W0Xf6J,https://api.spotify.com/v1/tracks/5fVZC9GiM4e8vu99W0Xf6J,https://api.spotify.com/v1/audio-analysis/5fVZC9GiM4e8vu99W0Xf6J,262533,4
