danceability,energy,key,loudness,mode,speechiness,acousticness,instrumentalness,liveness,valence,tempo,type,id,uri,track_href,analysis_url,duration_ms,time_signature
0.459,0.728,9,-3.226,1,0.0365,0.344,5.02e-06,0.38,0.26,145.192,audio_features,7tmRpTD2fwL3z7W9NGGPpz,spotify:track:7tmRpTD2fwL3z7W9NGGPpz,https://api.spotify.com/v1/tracks/7tmRpTD2fwL3z7W9NGGPpz,https://api.spotify.com/v1/audio-analysis/7tmRpTD2fwL3z7W9NGGPpz,271377,4
0.467,0.622,6,-7.255,1,0.031,0.366,0.00527,0.0982,0.455,164.407,audio_features,4rkBAkvRa0hBfqu9pOEtZf,spotify:track:4rkBAkvRa0hBfqu9pOEtZf,https://api.spotify.com/v1/tracks/4rkBAkvRa0hBfqu9pOEtZf,https://api.spotify.com/v1/audio-analysis/4rkBAkvRa0hBfqu9pOEtZf,287267,4
0.566,0.664,4,-5.303,0,0.0464,0.634,0,0.116,0.437,128.945,audio_features,0IqKeD8ZSP72KbGYyzEcAs,spotify:track:0IqKeD8ZSP72KbGYyzEcAs,https://api.spotify.com/v1/tracks/0IqKeD8ZSP72KbGYyzEcAs,https://api.spotify.com/v1/audio-analysis/0IqKeD8ZSP72KbGYyzEcAs,241688,4
0.478,0.776,6,-2.64,1,0.0346,0.0249,0.000238,0.0683,0.367,112.04,audio_features,1UmBzOxo2yvxnf1LffwBAo,spotify:track:1UmBzOxo2yvxnf1LffwBAo,https://api.spotify.com/v1/tracks/1UmBzOxo2yvxnf1LffwBAo,https://api.spotify.com/v1/audio-analysis/1UmBzOxo2yvxnf1LffwBAo,351323,4
0.418,0.248,3,-9.997,1,0.0451,0.954,4.21e-06,0.108,0.298,130.953,audio_features,5zCunX8URvLoBHlg1Fnjv6,spotify:track:5zCunX8URvLoBHlg1Fnjv6,https://api.spotify.com/v1/tracks/5zCunX8URvLoBHlg1Fnjv6,https://api.spotify.com/v1/audio-analysis/5zCunX8URvLoBHlg1Fnjv6,243007,4
0.882,0.256,5,-9.2,1,0.0426,0.747,4.52e-06,0.109,0.273,119.94,audio_features,6jlgnaFD0xYZJ92cvskgFc,spotify:track:6jlgnaFD0xYZJ92cvskgFc,https://api.spotify.com/v1/tracks/6jlgnaFD0xYZJ92cvskgFc,https://api.spotify.com/v1/audio-analysis/6jlgnaFD0xYZJ92cvskgFc,135267,4
0.808,0.633,1,-5.298,0,0.0883,0.456,0,0.329,0.769,109.974,audio_features,4LfkoDOt4mhrbo8Ndk37sQ,spotify:track:4LfkoDOt4mhrbo8Ndk37sQ,https://api.spotify.com/v1/tracks/4LfkoDOt4mhrbo8Ndk37sQ,https://api.spotify.com/v1/audio-analysis/4LfkoDOt4mhrbo8Ndk37sQ,200107,4
0.788,0.745,5,-7.072,1,0.258,0.29,0,0.0373,0.672,135.278,audio_features,6U4VqEHy4n5VeiH4pQPL24,spotify:track:6U4VqEHy4n5VeiH4pQPL24,https://api.spotify.com/v1/tracks/6U4VqEHy4n5VeiH4pQPL24,https://api.spotify.com/v1/audio-analysis/6U4VqEHy4n5VeiH4pQPL24,163893,4
0.55,0.422,9,-9.233,1,0.0283,0.65,0.000475,0.0856,0.33,72.001,audio_features,1SyJOVMjGCY8m9IfD8YErg,spotify:track:1SyJOVMjGCY8m9IfD8YErg,https://api.spotify.com/v1/tracks/1SyJOVMjGCY8m9IfD8YErg,https://api.spotify.com/v1/audio-analysis/1SyJOVMjGCY8m9IfD8YErg,259120,4
