danceability,energy,key,loudness,mode,speechiness,acousticness,instrumentalness,liveness,valence,tempo,type,id,uri,track_href,analysis_url,duration_ms,time_signature
0.481,0.451,5,-6.095,0,0.0347,0.336,0,0.0872,0.289,157.966,audio_features,4sPmO7WMQUAf45kwMOtONw,spotify:track:4sPmO7WMQUAf45kwMOtONw,https://api.spotify.com/v1/tracks/4sPmO7WMQUAf45kwMOtONw,https://api.spotify.com/v1/audio-analysis/4sPmO7WMQUAf45kwMOtONw,295493,4
0.625,0.414,0,-8.7,1,0.0369,0.294,0,0.151,0.669,130.088,audio_features,2qLMf6TuEC3ruGJg4SMMN6,spotify:track:2qLMf6TuEC3ruGJg4SMMN6,https://api.spotify.com/v1/tracks/2qLMf6TuEC3ruGJg4SMMN6,https://api.spotify.com/v1/audio-analysis/2qLMf6TuEC3ruGJg4SMMN6,189613,4
0.562,0.748,6,-4.811,0,0.0318,0.458,3.27e-06,0.121,0.56,125.967,audio_features,6Z9FNZ414aQrT7k5zSTIKY,spotify:track:6Z9FNZ414aQrT7k5zSTIKY,https://api.spotify.com/v1/tracks/6Z9FNZ414aQrT7k5zSTIKY,https://api.spotify.com/v1/audio-analysis/6Z9FNZ414aQrT7k5zSTIKY,228720,4
0.545,0.675,6,-6.474,1,0.0279,0.00617,0.00197,0.209,0.162,124.97,audio_features,0FDzzruyVECATHXKHFs9eJ,spotify:track:0FDzzruyVECATHXKHFs9eJ,https://api.spotify.com/v1/tracks/0FDzzruyVECATHXKHFs9eJ,https://api.spotify.com/v1/audio-analysis/0FDzzruyVECATHXKHFs9eJ,267867,4
0.557,0.442,5,-7.224,1,0.0243,0.731,1.46e-05,0.11,0.213,146.277,audio_features,75JFxkI2RXiU7L9VXzMkle,spotify:track:75JFxkI2RXiU7L9VXzMkle,https://api.spotify.com/v1/tracks/75JFxkI2RXiU7L9VXzMkle,https://api.spotify.com/v1/audio-analysis/75JFxkI2RXiU7L9VXzMkle,309600,4
0.729,0.756,8,-5.119,1,0.0294,0.131,0,0.0527,0.522,104.945,audio_features,1CkvWZme3pRgbzaxZnTl5X,spotify:track:1CkvWZme3pRgbzaxZnTl5X,https://api.spotify.com/v1/tracks/1CkvWZme3pRgbzaxZnTl5X,https://api.spotify.com/v1/audio-analysis/1CkvWZme3pRgbzaxZnTl5X,228293,4
0.618,0.753,7,-5.05,0,0.0451,0.637,0,0.0905,0.557,120.041,audio_features,76N7FdzCI9OsiUnzJVLY2m,spotify:track:76N7FdzCI9OsiUnzJVLY2m,https://api.spotify.com/v1/tracks/76N7FdzCI9OsiUnzJVLY2m,https://api.spotify.com/v1/audio-analysis/76N7FdzCI9OsiUnzJVLY2m,221427,4
0.305,0.452,0,-6.077,0,0.0293,0.952,1.68e-05,0.129,0.21,79.83,audio_features,5O6yk6U8L3rTbFsIwuqe8H,spotify:track:5O6yk6U8L3rTbFsIwuqe8H,https://api.spotify.com/v1/tracks/5O6yk6U8L3rTbFsIwuqe8H,https://api.spotify.com/v1/audio-analysis/5O6yk6U8L3rTbFsIwuqe8H,250133,4
0.64,0.395,3,-5.689,1,0.0307,0.206,0,0.0935,0.235,115.082,audio_features,24cKN8P2uGWypxTw5WaNlq,spotify:track:24cKN8P2uGWypxTw5WaNlq,https://api.spotify.com/v1/tracks/24cKN8P2uGWypxTw5WaNlq,https://api.spotify.com/v1/audio-analysis/24cKN8P2uGWypxTw5WaNlq,243200,4
