danceability,energy,key,loudness,mode,speechiness,acousticness,instrumentalness,liveness,valence,tempo,type,id,uri,track_href,analysis_url,duration_ms,time_signature
0.704,0.558,2,-7.273,0,0.0542,0.148,0,0.107,0.245,110.444,audio_features,4lLtanYk6tkMvooU0tWzG8,spotify:track:4lLtanYk6tkMvooU0tWzG8,https://api.spotify.com/v1/tracks/4lLtanYk6tkMvooU0tWzG8,https://api.spotify.com/v1/audio-analysis/4lLtanYk6tkMvooU0tWzG8,222091,4
0.635,0.841,5,-5.379,1,0.0422,0.0134,0,0.0622,0.424,109.021,audio_features,7BqBn9nzAq8spo5e7cZ0dJ,spotify:track:7BqBn9nzAq8spo5e7cZ0dJ,https://api.spotify.com/v1/tracks/7BqBn9nzAq8spo5e7cZ0dJ,https://api.spotify.com/v1/audio-analysis/7BqBn9nzAq8spo5e7cZ0dJ,220734,4
0.709,0.45,9,-8.267,0,0.0428,0.419,0,0.241,0.873,77.986,audio_features,4LjkHlY5qDz0hhFJJH5M7a,spotify:track:4LjkHlY5qDz0hhFJJH5M7a,https://api.spotify.com/v1/tracks/4LjkHlY5qDz0hhFJJH5M7a,https://api.spotify.com/v1/audio-analysis/4LjkHlY5qDz0hhFJJH5M7a,243004,4
0.658,0.762,10,-3.028,0,0.0425,0.263,0,0.127,0.823,163.864,audio_features,7hCNBVRhHzcsRAv0TQnOzq,spotify:track:7hCNBVRhHzcsRAv0TQnOzq,https://api.spotify.com/v1/tracks/7hCNBVRhHzcsRAv0TQnOzq,https://api.spotify.com/v1/audio-analysis/7hCNBVRhHzcsRAv0TQnOzq,148448,4
0.794,0.711,8,-5.124,0,0.0699,0.3,0,0.0955,0.955,174.915,audio_features,386RUes7n1uM1yfzgeUuwp,spotify:track:386RUes7n1uM1yfzgeUuwp,https://api.spotify.com/v1/tracks/386RUes7n1uM1yfzgeUuwp,https://api.spotify.com/v1/audio-analysis/386RUes7n1uM1yfzgeUuwp,189109,4
0.621,0.82,10,-4.865,1,0.0367,0.332,0,0.104,0.452,144.905,audio_features,6SKwQghsR8AISlxhcwyA9R,spotify:track:6SKwQghsR8AISlxhcwyA9R,https://api.spotify.com/v1/tracks/6SKwQghsR8AISlxhcwyA9R,https://api.spotify.com/v1/audio-analysis/6SKwQghsR8AISlxhcwyA9R,230192,4
0.498,0.59,1,-4.721,0,0.032,0.511,0,0.107,0.0784,145.867,audio_features,161DnLWsx1i3u1JT05lzqU,spotify:track:161DnLWsx1i3u1JT05lzqU,https://api.spotify.com/v1/tracks/161DnLWsx1i3u1JT05lzqU,https://api.spotify.com/v1/audio-analysis/161DnLWsx1i3u1JT05lzqU,217867,4
0.691,0.828,1,-3.909,0,0.0749,0.113,0,0.358,0.678,75.519,audio_features,1ewMCmw7qCb5a9ttqiyemu,spotify:track:1ewMCmw7qCb5a9ttqiyemu,https://api.spotify.com/v1/tracks/1ewMCmw7qCb5a9ttqiyemu,https://api.spotify.com/v1/audio-analysis/1ewMCmw7qCb5a9ttqiyemu,229384,4
0.589,0.389,0,-5.972,1,0.028,0.851,0,0.0772,0.501,89.1,audio_features,7l1qvxWjxcKpB9PCtBuTbU,spotify:track:7l1qvxWjxcKpB9PCtBuTbU,https://api.spotify.com/v1/tracks/7l1qvxWjxcKpB9PCtBuTbU,https://api.spotify.com/v1/audio-analysis/7l1qvxWjxcKpB9PCtBuTbU,197470,4
