danceability,energy,key,loudness,mode,speechiness,acousticness,instrumentalness,liveness,valence,tempo,type,id,uri,track_href,analysis_url,duration_ms,time_signature
0.517,0.549,9,-7.627,1,0.0456,0.135,0.000263,0.0872,0.166,130.043,audio_features,6LbN9JT2sAckykm78CA8Ol,spotify:track:6LbN9JT2sAckykm78CA8Ol,https://api.spotify.com/v1/tracks/6LbN9JT2sAckykm78CA8Ol,https://api.spotify.com/v1/audio-analysis/6LbN9JT2sAckykm78CA8Ol,211669,4
0.537,0.66,9,-7.174,1,0.0296,0.455,0,0.135,0.574,148.096,audio_features,3xdjjKMcMOFgo1eQrfbogM,spotify:track:3xdjjKMcMOFgo1eQrfbogM,https://api.spotify.com/v1/tracks/3xdjjKMcMOFgo1eQrfbogM,https://api.spotify.com/v1/audio-analysis/3xdjjKMcMOFgo1eQrfbogM,298373,4
0.59,0.631,1,-6.831,1,0.0282,0.147,0,0.26,0.677,154.74,audio_features,15wG1gI2eFISv2xKW4GwbR,spotify:track:15wG1gI2eFISv2xKW4GwbR,https://api.spotify.com/v1/tracks/15wG1gI2eFISv2xKW4GwbR,https://api.spotify.com/v1/audio-analysis/15wG1gI2eFISv2xKW4GwbR,216920,4
0.61,0.796,10,-5.431,1,0.0656,0.0365,0,0.274,0.51,159.944,audio_features,1qHiDbTJI7GB62W3BBFigx,spotify:track:1qHiDbTJI7GB62W3BBFigx,https://api.spotify.com/v1/tracks/1qHiDbTJI7GB62W3BBFigx,https://api.spotify.com/v1/audio-analysis/1qHiDbTJI7GB62W3BBFigx,216040,4
0.584,0.699,5,-5.138,1,0.0341,0.0152,0,0.25,0.347,134.04,audio_features,1koYnAB1p60WBpEIUgZTnU,spotify:track:1koYnAB1p60WBpEIUgZTnU,https://api.spotify.com/v1/tracks/1koYnAB1p60WBpEIUgZTnU,https://api.spotify.com/v1/audio-analysis/1koYnAB1p60WBpEIUgZTnU,203760,4
0.658,0.756,8,-7.766,1,0.0288,0.0813,2.04e-06,0.0932,0.621,137.986,audio_features,6zvgsXd9oSMgt58voSnJbE,spotify:track:6zvgsXd9oSMgt58voSnJbE,https://api.spotify.com/v1/tracks/6zvgsXd9oSMgt58voSnJbE,https://api.spotify.com/v1/audio-analysis/6zvgsXd9oSMgt58voSnJbE,236480,4
0.602,0.404,2,-7.344,1,0.0272,0.31,0,0.14,0.243,83.054,audio_features,0jJqIi0uMG8IhGlLx7U85J,spotify:track:0jJqIi0uMG8IhGlLx7U85J,https://api.spotify.com/v1/tracks/0jJqIi0uMG8IhGlLx7U85J,https://api.spotify.com/v1/audio-analysis/0jJqIi0uMG8IhGlLx7U85J,230187,4
0.48,0.405,6,-7.022,1,0.044,0.29,1.94e-05,0.0874,0.182,178.203,audio_features,4FZDNIoqfZfqFVmOtEJCpE,spotify:track:4FZDNIoqfZfqFVmOtEJCpE,https://api.spotify.com/v1/tracks/4FZDNIoqfZfqFVmOtEJCpE,https://api.spotify.com/v1/audio-analysis/4FZDNIoqfZfqFVmOtEJCpE,238387,3
0.609,0.378,4,-9.828,1,0.438,0.835,0,0.28,0.515,100.418,audio_features,3hB5DgAiMAQ4DzYbsMq1IT,spotify:track:3hB5DgAiMAQ4DzYbsMq1IT,https://api.spotify.com/v1/tracks/3hB5DgAiMAQ4DzYbsMq1IT,https://api.spotify.com/v1/audio-analysis/3hB5DgAiMAQ4DzYbsMq1IT,233720,4
