danceability,energy,key,loudness,mode,speechiness,acousticness,instrumentalness,liveness,valence,tempo,type,id,uri,track_href,analysis_url,duration_ms,time_signature
0.624,0.953,4,-2.602,0,0.104,0.113,0.000128,0.657,0.729,149.992,audio_features,34Jeq8ktRzyOW1uw40InVy,spotify:track:34Jeq8ktRzyOW1uw40InVy,https://api.spotify.com/v1/tracks/34Jeq8ktRzyOW1uw40InVy,https://api.spotify.com/v1/audio-analysis/34Jeq8ktRzyOW1uw40InVy,211573,4
0.558,0.924,9,-4.341,0,0.064,0.0271,3.32e-06,0.537,0.567,151.99,audio_features,7s0lDK7y3XLmI7tcsRAbW0,spotify:track:7s0lDK7y3XLmI7tcsRAbW0,https://api.spotify.com/v1/tracks/7s0lDK7y3XLmI7tcsRAbW0,https://api.spotify.com/v1/audio-analysis/7s0lDK7y3XLmI7tcsRAbW0,186827,4
0.494,0.842,7,-4.784,1,0.0843,0.00579,0,0.122,0.574,162.011,audio_features,2TfSHkHiFO4gRztVIkggkE,spotify:track:2TfSHkHiFO4gRztVIkggkE,https://api.spotify.com/v1/tracks/2TfSHkHiFO4gRztVIkggkE,https://api.spotify.com/v1/audio-analysis/2TfSHkHiFO4gRztVIkggkE,229093,4
0.383,0.861,4,-2.816,0,0.0777,0.0038,0,0.11,0.48,176.084,audio_features,0yhPEz5KxlDwckGJaMlZqM,spotify:track:0yhPEz5KxlDwckGJaMlZqM,https://api.spotify.com/v1/tracks/0yhPEz5KxlDwckGJaMlZqM,https://api.spotify.com/v1/audio-analysis/0yhPEz5KxlDwckGJaMlZqM,228360,4
0.562,0.964,4,-2.991,0,0.072,0.000539,1.57e-06,0.579,0.41,138.063,audio_features,53AuxddsgPSlqM619nJhSd,spotify:track:53AuxddsgPSlqM619nJhSd,https://api.spotify.com/v1/tracks/53AuxddsgPSlqM619nJhSd,https://api.spotify.com/v1/audio-analysis/53AuxddsgPSlqM619nJhSd,244960,4
0.557,0.777,9,-6.286,1,0.0636,0.0756,4.29e-05,0.1,0.449,144.968,audio_features,0XJDfLHO7C6b0GpjeB5mpu,spotify:track:0XJDfLHO7C6b0GpjeB5mpu,https://api.spotify.com/v1/tracks/0XJDfLHO7C6b0GpjeB5mpu,https://api.spotify.com/v1/audio-analysis/0XJDfLHO7C6b0GpjeB5mpu,281080,4
0.569,0.83,9,-4.106,0,0.14,0.0807,0,0.114,0.609,170.094,audio_features,4bPQs0PHn4xbipzdPfn6du,spotify:track:4bPQs0PHn4xbipzdPfn6du,https://api.spotify.com/v1/tracks/4bPQs0PHn4xbipzdPfn6du,https://api.spotify.com/v1/audio-analysis/4bPQs0PHn4xbipzdPfn6du,186635,4
0.642,0.873,2,-5.821,1,0.0551,0.00394,0,0.175,0.662,82.002,audio_features,46Kcradxrva9Dny4lHU1b3,spotify:track:46Kcradxrva9Dny4lHU1b3,https://api.spotify.com/v1/tracks/46Kcradxrva9Dny4lHU1b3,https://api.spotify.com/v1/audio-analysis/46Kcradxrva9Dny4lHU1b3,192053,4
0.572,0.912,7,-4.875,1,0.0707,0.00155,1.2e-06,0.102,0.606,156.073,audio_features,3yZQk5PC52CCmT4ZaTIKvv,spotify:track:3yZQk5PC52CCmT4ZaTIKvv,https://api.spotify.com/v1/tracks/3yZQk5PC52CCmT4ZaTIKvv,https://api.spotify.com/v1/audio-analysis/3yZQk5PC52CCmT4ZaTIKvv,187187,4
