danceability,energy,key,loudness,mode,speechiness,acousticness,instrumentalness,liveness,valence,tempo,type,id,uri,track_href,analysis_url,duration_ms,time_signature
0.525,0.758,9,-6.085,1,0.029,7.82e-05,0.134,0.0728,0.544,118.131,audio_features,07qll6knJb9mLEc6hhx3PF,spotify:track:07qll6knJb9mLEc6hhx3PF,https://api.spotify.com/v1/tracks/07qll6knJb9mLEc6hhx3PF,https://api.spotify.com/v1/audio-analysis/07qll6knJb9mLEc6hhx3PF,251093,4
0.45,0.978,9,-4.198,0,0.0637,0.000124,7.14e-06,0.361,0.268,155.014,audio_features,591vJuuep0gfPhx9p8WPD5,spotify:track:591vJuuep0gfPhx9p8WPD5,https://api.spotify.com/v1/tracks/591vJuuep0gfPhx9p8WPD5,https://api.spotify.com/v1/audio-analysis/591vJuuep0gfPhx9p8WPD5,262573,4
0.466,0.731,6,-4.529,1,0.0399,0.0073,0,0.0898,0.126,132.994,audio_features,3f49c2ZsXqKwvbVchiUngB,spotify:track:3f49c2ZsXqKwvbVchiUngB,https://api.spotify.com/v1/tracks/3f49c2ZsXqKwvbVchiUngB,https://api.spotify.com/v1/audio-analysis/3f49c2ZsXqKwvbVchiUngB,263253,4
0.563,0.879,4,-3.488,1,0.0631,0.00274,0,0.101,0.696,124.082,audio_features,3Wa2EUJtMw8IGJvCBzHBfV,spotify:track:3Wa2EUJtMw8IGJvCBzHBfV,https://api.spotify.com/v1/tracks/3Wa2EUJtMw8IGJvCBzHBfV,https://api.spotify.com/v1/audio-analysis/3Wa2EUJtMw8IGJvCBzHBfV,190760,4
0.562,0.872,1,-4.754,1,0.0534,0.00117,0,0.377,0.505,116.974,audio_features,7Es1MrsrBD3tfXkmG8UMkD,spotify:track:7Es1MrsrBD3tfXkmG8UMkD,https://api.spotify.com/v1/tracks/7Es1MrsrBD3tfXkmG8UMkD,https://api.spotify.com/v1/audio-analysis/7Es1MrsrBD3tfXkmG8UMkD,203440,4
0.435,0.95,8,-3.869,1,0.106,0.000494,0,0.317,0.457,160.987,audio_features,0bgUPauRTvHds2ZciPSuoU,spotify:track:0bgUPauRTvHds2ZciPSuoU,https://api.spotify.com/v1/tracks/0bgUPauRTvHds2ZciPSuoU,https://api.spotify.com/v1/audio-analysis/0bgUPauRTvHds2ZciPSuoU,207634,4
0.587,0.619,1,-4.615,1,0.032,0.0392,0,0.0867,0.627,139.963,audio_features,0CpkArAqKissPCVAzgy3YZ,spotify:track:0CpkArAqKissPCVAzgy3YZ,https://api.spotify.com/v1/tracks/0CpkArAqKissPCVAzgy3YZ,https://api.spotify.com/v1/audio-analysis/0CpkArAqKissPCVAzgy3YZ,186893,4
0.428,0.741,1,-4.62,1,0.0444,0.00108,7.92e-05,0.0915,0.165,136.888,audio_features,0VeqER57ixyKcnLsZ1zxAj,spotify:track:0VeqER57ixyKcnLsZ1zxAj,https://api.spotify.com/v1/tracks/0VeqER57ixyKcnLsZ1zxAj,https://api.spotify.com/v1/audio-analysis/0VeqER57ixyKcnLsZ1zxAj,239280,4
0.73,0.596,3,-7.777,0,0.0384,0.505,3.88e-06,0.12,0.45,110.957,audio_features,4zsrBFQBSb1LIXGCfljrhw,spotify:track:4zsrBFQBSb1LIXGCfljrhw,https://api.spotify.com/v1/tracks/4zsrBFQBSb1LIXGCfljrhw,https://api.spotify.com/v1/audio-analysis/4zsrBFQBSb1LIXGCfljrhw,335373,4
