danceability,energy,key,loudness,mode,speechiness,acousticness,instrumentalness,liveness,valence,tempo,type,id,uri,track_href,analysis_url,duration_ms,time_signature
0.469,0.789,9,-5.203,0,0.0457,2.56e-05,0,0.308,0.695,146.005,audio_features,6QitaJF6Vj2O8sxf8VxsRI,spotify:track:6QitaJF6Vj2O8sxf8VxsRI,https://api.spotify.com/v1/tracks/6QitaJF6Vj2O8sxf8VxsRI,https://api.spotify.com/v1/audio-analysis/6QitaJF6Vj2O8sxf8VxsRI,193693,4
0.426,0.868,1,-3.702,1,0.047,6.54e-05,0,0.0723,0.402,149.042,audio_features,05qCCJQJiOwvPQBb7akf1R,spotify:track:05qCCJQJiOwvPQBb7akf1R,https://api.spotify.com/v1/tracks/05qCCJQJiOwvPQBb7akf1R,https://api.spotify.com/v1/audio-analysis/05qCCJQJiOwvPQBb7akf1R,216000,4
0.568,0.835,8,-6.896,0,0.0687,0.0411,0,0.357,0.625,170.045,audio_features,6QfnvcOKsdN4Q6exUWVuzn,spotify:track:6QfnvcOKsdN4Q6exUWVuzn,https://api.spotify.com/v1/tracks/6QfnvcOKsdN4Q6exUWVuzn,https://api.spotify.com/v1/audio-analysis/6QfnvcOKsdN4Q6exUWVuzn,244480,4
0.434,0.961,2,-4.247,1,0.0974,8.45e-05,2.88e-06,0.0938,0.274,153.969,audio_features,3CzOoYfw7mj5jMHGsJp9TG,spotify:track:3CzOoYfw7mj5jMHGsJp9TG,https://api.spotify.com/v1/tracks/3CzOoYfw7mj5jMHGsJp9TG,https://api.spotify.com/v1/audio-analysis/3CzOoYfw7mj5jMHGsJp9TG,176160,4
0.569,0.83,9,-4.106,0,0.14,0.0807,0,0.114,0.609,170.094,audio_features,4bPQs0PHn4xbipzdPfn6du,spotify:track:4bPQs0PHn4xbipzdPfn6du,https://api.spotify.com/v1/tracks/4bPQs0PHn4xbipzdPfn6du,https://api.spotify.com/v1/audio-analysis/4bPQs0PHn4xbipzdPfn6du,186635,4
0.66,0.8,8,-4.644,1,0.0992,0.106,0,0.154,0.476,125.966,audio_features,5eB7w8UZJKjL5XmnC6Pctg,spotify:track:5eB7w8UZJKjL5XmnC6Pctg,https://api.spotify.com/v1/tracks/5eB7w8UZJKjL5XmnC6Pctg,https://api.spotify.com/v1/audio-analysis/5eB7w8UZJKjL5XmnC6Pctg,200227,4
0.501,0.933,6,-3.476,0,0.198,0.0457,0,0.376,0.708,170.13,audio_features,4WdopfTdSd0nCLropjhsgH,spotify:track:4WdopfTdSd0nCLropjhsgH,https://api.spotify.com/v1/tracks/4WdopfTdSd0nCLropjhsgH,https://api.spotify.com/v1/audio-analysis/4WdopfTdSd0nCLropjhsgH,174867,4
0.467,0.848,9,-3.063,0,0.0716,0.0617,0,0.29,0.674,170.038,audio_features,2ZqTtndqAZDRAWw2vgZwQK,spotify:track:2ZqTtndqAZDRAWw2vgZwQK,https://api.spotify.com/v1/tracks/2ZqTtndqAZDRAWw2vgZwQK,https://api.spotify.com/v1/audio-analysis/2ZqTtndqAZDRAWw2vgZwQK,205752,4
0.356,0.96,4,-3.487,1,0.104,0.0142,0,0.209,0.0857,125.921,audio_features,5dTHtzHFPyi8TlTtzoz1J9,spotify:track:5dTHtzHFPyi8TlTtzoz1J9,https://api.spotify.com/v1/tracks/5dTHtzHFPyi8TlTtzoz1J9,https://api.spotify.com/v1/audio-analysis/5dTHtzHFPyi8TlTtzoz1J9,204733,4
