danceability,energy,key,loudness,mode,speechiness,acousticness,instrumentalness,liveness,valence,tempo,type,id,uri,track_href,analysis_url,duration_ms,time_signature
0.45,0.863,3,-5.917,1,0.0361,0.00107,0.000159,0.123,0.344,148.073,audio_features,1g5WP8pu6w2jEP0vAf5Lxk,spotify:track:1g5WP8pu6w2jEP0vAf5Lxk,https://api.spotify.com/v1/tracks/1g5WP8pu6w2jEP0vAf5Lxk,https://api.spotify.com/v1/audio-analysis/1g5WP8pu6w2jEP0vAf5Lxk,262267,4
0.38,0.915,0,-5.485,1,0.141,0.00127,1.22e-06,0.116,0.337,169.083,audio_features,4LxX6vXLnrfamm2Suj6WNf,spotify:track:4LxX6vXLnrfamm2Suj6WNf,https://api.spotify.com/v1/tracks/4LxX6vXLnrfamm2Suj6WNf,https://api.spotify.com/v1/audio-analysis/4LxX6vXLnrfamm2Suj6WNf,230707,4
0.412,0.802,0,-5.627,1,0.0404,0.0116,2.95e-05,0.117,0.188,154.109,audio_features,3SNfQ5nZYqpF8fjJbYay3Z,spotify:track:3SNfQ5nZYqpF8fjJbYay3Z,https://api.spotify.com/v1/tracks/3SNfQ5nZYqpF8fjJbYay3Z,https://api.spotify.com/v1/audio-analysis/3SNfQ5nZYqpF8fjJbYay3Z,218733,4
0.336,0.803,4,-5.366,0,0.0335,0.029,0.0037,0.132,0.166,114.023,audio_features,2Klmic9Y8iVa1CyPBm1jvV,spotify:track:2Klmic9Y8iVa1CyPBm1jvV,https://api.spotify.com/v1/tracks/2Klmic9Y8iVa1CyPBm1jvV,https://api.spotify.com/v1/audio-analysis/2Klmic9Y8iVa1CyPBm1jvV,207733,4
0.327,0.873,9,-6.876,0,0.0902,0.00718,0.000488,0.663,0.219,109.058,audio_features,6GKhlcZeyEW9Y5ZLZ37HZ3,spotify:track:6GKhlcZeyEW9Y5ZLZ37HZ3,https://api.spotify.com/v1/tracks/6GKhlcZeyEW9Y5ZLZ37HZ3,https://api.spotify.com/v1/audio-analysis/6GKhlcZeyEW9Y5ZLZ37HZ3,216293,4
0.424,0.917,7,-5.593,1,0.109,0.00136,0,0.0501,0.197,101.012,audio_features,7ggui6l9tJaUixcqr7pQIK,spotify:track:7ggui6l9tJaUixcqr7pQIK,https://api.spotify.com/v1/tracks/7ggui6l9tJaUixcqr7pQIK,https://api.spotify.com/v1/audio-analysis/7ggui6l9tJaUixcqr7pQIK,273507,4
0.476,0.917,7,-6.637,1,0.177,0.0178,0,0.37,0.114,102.454,audio_features,0ZlLcTbcG1nh7IOAfxeYcB,spotify:track:0ZlLcTbcG1nh7IOAfxeYcB,https://api.spotify.com/v1/tracks/0ZlLcTbcG1nh7IOAfxeYcB,https://api.spotify.com/v1/audio-analysis/0ZlLcTbcG1nh7IOAfxeYcB,175747,4
0.509,0.841,4,-7.062,1,0.0894,0.00687,1.03e-06,0.37,0.0823,95.108,audio_features,665rVLFopYfYMAZLNiFMsm,spotify:track:665rVLFopYfYMAZLNiFMsm,https://api.spotify.com/v1/tracks/665rVLFopYfYMAZLNiFMsm,https://api.spotify.com/v1/audio-analysis/665rVLFopYfYMAZLNiFMsm,257373,4
0.388,0.632,3,-6.413,1,0.0283,0.05,3.74e-06,0.113,0.343,102.478,audio_features,6UNOe7t6odivrUalO4NtFV,spotify:track:6UNOe7t6odivrUalO4NtFV,https://api.spotify.com/v1/tracks/6UNOe7t6odivrUalO4NtFV,https://api.spotify.com/v1/audio-analysis/6UNOe7t6odivrUalO4NtFV,227987,4
