danceability,energy,key,loudness,mode,speechiness,acousticness,instrumentalness,liveness,valence,tempo,type,id,uri,track_href,analysis_url,duration_ms,time_signature
0.481,0.908,1,-4.619,1,0.101,0.103,0,0.297,0.474,166.032,audio_features,2Pcu30ruwZeVCM7IkbuXDN,spotify:track:2Pcu30ruwZeVCM7IkbuXDN,https://api.spotify.com/v1/tracks/2Pcu30ruwZeVCM7IkbuXDN,https://api.spotify.com/v1/audio-analysis/2Pcu30ruwZeVCM7IkbuXDN,216760,4
0.571,0.786,4,-5.088,1,0.0552,0.0657,6.04e-06,0.15,0.512,131.945,audio_features,2ZnvQmwIjlI2gcfryPksn0,spotify:track:2ZnvQmwIjlI2gcfryPksn0,https://api.spotify.com/v1/tracks/2ZnvQmwIjlI2gcfryPksn0,https://api.spotify.com/v1/audio-analysis/2ZnvQmwIjlI2gcfryPksn0,222227,4
0.45,0.575,7,-5.355,1,0.0562,0.0536,0,0.224,0.363,117.807,audio_features,52w6Tel3kqVMA0uvKXtkaO,spotify:track:52w6Tel3kqVMA0uvKXtkaO,https://api.spotify.com/v1/tracks/52w6Tel3kqVMA0uvKXtkaO,https://api.spotify.com/v1/audio-analysis/52w6Tel3kqVMA0uvKXtkaO,223200,4
0.422,0.812,0,-5.193,0,0.038,0.0331,0,0.0909,0.466,96.317,audio_features,7BWRB2MRG3vtAlVCxEgp3r,spotify:track:7BWRB2MRG3vtAlVCxEgp3r,https://api.spotify.com/v1/tracks/7BWRB2MRG3vtAlVCxEgp3r,https://api.spotify.com/v1/audio-analysis/7BWRB2MRG3vtAlVCxEgp3r,200747,4
0.367,0.94,11,-4.75,1,0.0955,0.00546,0,0.154,0.571,167.316,audio_features,5dhcfEf6qc5Nk0KmU3UELe,spotify:track:5dhcfEf6qc5Nk0KmU3UELe,https://api.spotify.com/v1/tracks/5dhcfEf6qc5Nk0KmU3UELe,https://api.spotify.com/v1/audio-analysis/5dhcfEf6qc5Nk0KmU3UELe,171293,4
0.453,0.942,5,-5.387,0,0.0987,0.000292,0,0.528,0.518,170.145,audio_features,6L0ZQ6sIJCjulj38qkQKp2,spotify:track:6L0ZQ6sIJCjulj38qkQKp2,https://api.spotify.com/v1/tracks/6L0ZQ6sIJCjulj38qkQKp2,https://api.spotify.com/v1/audio-analysis/6L0ZQ6sIJCjulj38qkQKp2,193200,4
0.516,0.923,8,-6.215,1,0.0823,0.0174,0,0.0894,0.38,151.991,audio_features,53HB5JSWYUQTy0JnAUuKz1,spotify:track:53HB5JSWYUQTy0JnAUuKz1,https://api.spotify.com/v1/tracks/53HB5JSWYUQTy0JnAUuKz1,https://api.spotify.com/v1/audio-analysis/53HB5JSWYUQTy0JnAUuKz1,259240,4
0.484,0.92,3,-4.603,1,0.0533,0.00909,0,0.119,0.357,136.034,audio_features,12ettGOse4b5vko513KTuX,spotify:track:12ettGOse4b5vko513KTuX,https://api.spotify.com/v1/tracks/12ettGOse4b5vko513KTuX,https://api.spotify.com/v1/audio-analysis/12ettGOse4b5vko513KTuX,242747,4
0.367,0.855,0,-4.207,1,0.0421,0.0331,0,0.385,0.366,104.8,audio_features,2WYVm7mLtNJkMC4Ns9cHM5,spotify:track:2WYVm7mLtNJkMC4Ns9cHM5,https://api.spotify.com/v1/tracks/2WYVm7mLtNJkMC4Ns9cHM5,https://api.spotify.com/v1/audio-analysis/2WYVm7mLtNJkMC4Ns9cHM5,178480,4
