danceability,energy,key,loudness,mode,speechiness,acousticness,instrumentalness,liveness,valence,tempo,type,id,uri,track_href,analysis_url,duration_ms,time_signature
0.429,0.661,11,-7.227,1,0.0281,0.00239,0.000121,0.234,0.285,173.372,audio_features,3AJwUDP919kvQ9QcozQPxg,spotify:track:3AJwUDP919kvQ9QcozQPxg,https://api.spotify.com/v1/tracks/3AJwUDP919kvQ9QcozQPxg,https://api.spotify.com/v1/audio-analysis/3AJwUDP919kvQ9QcozQPxg,266773,4
0.371,0.268,1,-10.506,1,0.0281,0.748,0.0517,0.104,0.165,102.617,audio_features,7D0RhFcb3CrfPuTJ0obrod,spotify:track:7D0RhFcb3CrfPuTJ0obrod,https://api.spotify.com/v1/tracks/7D0RhFcb3CrfPuTJ0obrod,https://api.spotify.com/v1/audio-analysis/7D0RhFcb3CrfPuTJ0obrod,227093,3
0.565,0.546,11,-7.496,0,0.0314,0.189,0.0015,0.17,0.195,139.757,audio_features,0R8P9KfGJCDULmlEoBagcO,spotify:track:0R8P9KfGJCDULmlEoBagcO,https://api.spotify.com/v1/tracks/0R8P9KfGJCDULmlEoBagcO,https://api.spotify.com/v1/audio-analysis/0R8P9KfGJCDULmlEoBagcO,273427,4
0.607,0.405,9,-8.607,1,0.0265,0.539,6.7e-06,0.231,0.233,129.543,audio_features,3ou9rSNUQnE7XYmJkUUIOc,spotify:track:3ou9rSNUQnE7XYmJkUUIOc,https://api.spotify.com/v1/tracks/3ou9rSNUQnE7XYmJkUUIOc,https://api.spotify.com/v1/audio-analysis/3ou9rSNUQnE7XYmJkUUIOc,223040,4
0.532,0.433,3,-9.423,1,0.0278,0.0942,0.0121,0.142,0.0395,140.666,audio_features,4bPkBHKLKd9WHizsvM2zV3,spotify:track:4bPkBHKLKd9WHizsvM2zV3,https://api.spotify.com/v1/tracks/4bPkBHKLKd9WHizsvM2zV3,https://api.spotify.com/v1/audio-analysis/4bPkBHKLKd9WHizsvM2zV3,331133,4
0.46,0.164,10,-19.387,1,0.048,0.99,0.953,0.146,0.189,126.704,audio_features,7jAt4ULjZ9PMioduX71M9a,spotify:track:7jAt4ULjZ9PMioduX71M9a,https://api.spotify.com/v1/tracks/7jAt4ULjZ9PMioduX71M9a,https://api.spotify.com/v1/audio-analysis/7jAt4ULjZ9PMioduX71M9a,48128,4
0.152,0.695,2,-8.299,1,0.0318,0.000433,0.0618,0.334,0.237,157.167,audio_features,6bRjYP2M9N0vpsBBXFZSH1,spotify:track:6bRjYP2M9N0vpsBBXFZSH1,https://api.spotify.com/v1/tracks/6bRjYP2M9N0vpsBBXFZSH1,https://api.spotify.com/v1/audio-analysis/6bRjYP2M9N0vpsBBXFZSH1,284905,4
0.288,0.662,9,-10.482,1,0.0347,0.0102,0.944,0.498,0.254,131.056,audio_features,1rkbMXhEjIytsUGbhoR5pn,spotify:track:1rkbMXhEjIytsUGbhoR5pn,https://api.spotify.com/v1/tracks/1rkbMXhEjIytsUGbhoR5pn,https://api.spotify.com/v1/audio-analysis/1rkbMXhEjIytsUGbhoR5pn,149133,4
0.424,0.94,9,-3.524,1,0.0573,0.00276,1.03e-06,0.277,0.559,168.043,audio_features,3i4xZSH1kTLE22TUvUFMYo,spotify:track:3i4xZSH1kTLE22TUvUFMYo,https://api.spotify.com/v1/tracks/3i4xZSH1kTLE22TUvUFMYo,https://api.spotify.com/v1/audio-analysis/3i4xZSH1kTLE22TUvUFMYo,240040,4
