danceability,energy,key,loudness,mode,speechiness,acousticness,instrumentalness,liveness,valence,tempo,type,id,uri,track_href,analysis_url,duration_ms,time_signature
0.547,0.837,10,-7.085,1,0.0676,0.00112,0.000624,0.0937,0.568,135.47,audio_features,5mhUPDWQH3s544WCsa0r9w,spotify:track:5mhUPDWQH3s544WCsa0r9w,https://api.spotify.com/v1/tracks/5mhUPDWQH3s544WCsa0r9w,https://api.spotify.com/v1/audio-analysis/5mhUPDWQH3s544WCsa0r9w,245360,4
0.356,0.924,1,-3.74,1,0.0808,0.00101,0,0.0953,0.232,148.017,audio_features,7oK9VyNzrYvRFo7nQEYkWN,spotify:track:7oK9VyNzrYvRFo7nQEYkWN,https://api.spotify.com/v1/tracks/7oK9VyNzrYvRFo7nQEYkWN,https://api.spotify.com/v1/audio-analysis/7oK9VyNzrYvRFo7nQEYkWN,222587,4
0.23,0.492,8,-5.767,1,0.0317,0.568,8.18e-06,0.176,0.262,160.139,audio_features,57uX2vR9j9DNiANDYfXw1i,spotify:track:57uX2vR9j9DNiANDYfXw1i,https://api.spotify.com/v1/tracks/57uX2vR9j9DNiANDYfXw1i,https://api.spotify.com/v1/audio-analysis/57uX2vR9j9DNiANDYfXw1i,256613,4
0.447,0.592,6,-3.015,0,0.0319,0.0575,4.47e-06,0.13,0.283,78.039,audio_features,5l6hpyTGBK0LAAxgPnqTQL,spotify:track:5l6hpyTGBK0LAAxgPnqTQL,https://api.spotify.com/v1/tracks/5l6hpyTGBK0LAAxgPnqTQL,https://api.spotify.com/v1/audio-analysis/5l6hpyTGBK0LAAxgPnqTQL,266773,4
0.404,0.571,0,-5.069,1,0.0303,0.182,2.08e-05,0.129,0.29,147.01,audio_features,2WZyfujzMweFLnozyUJBkW,spotify:track:2WZyfujzMweFLnozyUJBkW,https://api.spotify.com/v1/tracks/2WZyfujzMweFLnozyUJBkW,https://api.spotify.com/v1/audio-analysis/2WZyfujzMweFLnozyUJBkW,245933,4
0.443,0.727,11,-4.455,1,0.0315,0.00572,0.000845,0.106,0.407,151.93,audio_features,1W4c3lEi67BG5Ev7CgYqNi,spotify:track:1W4c3lEi67BG5Ev7CgYqNi,https://api.spotify.com/v1/tracks/1W4c3lEi67BG5Ev7CgYqNi,https://api.spotify.com/v1/audio-analysis/1W4c3lEi67BG5Ev7CgYqNi,214067,4
0.496,0.863,11,-2.509,1,0.043,0.0172,0,0.0676,0.509,133.879,audio_features,40NUp6VJswDOlGp63Pxybe,spotify:track:40NUp6VJswDOlGp63Pxybe,https://api.spotify.com/v1/tracks/40NUp6VJswDOlGp63Pxybe,https://api.spotify.com/v1/audio-analysis/40NUp6VJswDOlGp63Pxybe,227600,4
0.409,0.903,3,-3.536,0,0.0572,0.0622,3.92e-06,0.238,0.357,180.187,audio_features,672rLD2Eqriv9fVvSm1Lgg,spotify:track:672rLD2Eqriv9fVvSm1Lgg,https://api.spotify.com/v1/tracks/672rLD2Eqriv9fVvSm1Lgg,https://api.spotify.com/v1/audio-analysis/672rLD2Eqriv9fVvSm1Lgg,150400,4
0.495,0.824,7,-3.474,0,0.0357,0.0058,0,0.219,0.469,138.988,audio_features,5Re8AyLirdL9F5VeLI8JzN,spotify:track:5Re8AyLirdL9F5VeLI8JzN,https://api.spotify.com/v1/tracks/5Re8AyLirdL9F5VeLI8JzN,https://api.spotify.com/v1/audio-analysis/5Re8AyLirdL9F5VeLI8JzN,236533,4
