danceability,energy,key,loudness,mode,speechiness,acousticness,instrumentalness,liveness,valence,tempo,type,id,uri,track_href,analysis_url,duration_ms,time_signature
0.428,0.952,8,-4.624,0,0.111,0.000917,0,0.13,0.62,93.446,audio_features,1H4LTkJtNHLQ3n7pTi7uDw,spotify:track:1H4LTkJtNHLQ3n7pTi7uDw,https://api.spotify.com/v1/tracks/1H4LTkJtNHLQ3n7pTi7uDw,https://api.spotify.com/v1/audio-analysis/1H4LTkJtNHLQ3n7pTi7uDw,189867,4
0.364,0.897,1,-4.623,1,0.0776,0.00399,0,0.1,0.352,137.539,audio_features,3Alqr5cFeGbiNkXW6JjPxx,spotify:track:3Alqr5cFeGbiNkXW6JjPxx,https://api.spotify.com/v1/tracks/3Alqr5cFeGbiNkXW6JjPxx,https://api.spotify.com/v1/audio-analysis/3Alqr5cFeGbiNkXW6JjPxx,249227,4
0.693,0.676,8,-8.85,1,0.0547,0.337,0.109,0.193,0.196,123.238,audio_features,53cM9SB61wQ2GobAB7DXQt,spotify:track:53cM9SB61wQ2GobAB7DXQt,https://api.spotify.com/v1/tracks/53cM9SB61wQ2GobAB7DXQt,https://api.spotify.com/v1/audio-analysis/53cM9SB61wQ2GobAB7DXQt,254742,4
0.496,0.66,1,-4.756,1,0.0338,0.0112,0,0.218,0.475,106.357,audio_features,5v6ObYytPg5xTcpmLtNk4k,spotify:track:5v6ObYytPg5xTcpmLtNk4k,https://api.spotify.com/v1/tracks/5v6ObYytPg5xTcpmLtNk4k,https://api.spotify.com/v1/audio-analysis/5v6ObYytPg5xTcpmLtNk4k,308048,4
0.381,0.937,3,-3.888,0,0.0648,1.73e-05,0.0122,0.111,0.507,167.463,audio_features,1KHpXWnO0NwPS6DDd6g6lx,spotify:track:1KHpXWnO0NwPS6DDd6g6lx,https://api.spotify.com/v1/tracks/1KHpXWnO0NwPS6DDd6g6lx,https://api.spotify.com/v1/audio-analysis/1KHpXWnO0NwPS6DDd6g6lx,171832,4
0.579,0.789,0,-4.047,1,0.072,0.0115,4.55e-06,0.0795,0.803,154.4,audio_features,3l5QUz3vGTR6tAiPmb4BKo,spotify:track:3l5QUz3vGTR6tAiPmb4BKo,https://api.spotify.com/v1/tracks/3l5QUz3vGTR6tAiPmb4BKo,https://api.spotify.com/v1/audio-analysis/3l5QUz3vGTR6tAiPmb4BKo,221378,4
0.549,0.876,6,-3.589,1,0.0404,0.000785,0,0.288,0.741,146.549,audio_features,15ipvZBbawBDBVYQvZpgV7,spotify:track:15ipvZBbawBDBVYQvZpgV7,https://api.spotify.com/v1/tracks/15ipvZBbawBDBVYQvZpgV7,https://api.spotify.com/v1/audio-analysis/15ipvZBbawBDBVYQvZpgV7,182533,3
0.383,0.931,11,-3.148,1,0.185,0.00233,0,0.152,0.262,162.968,audio_features,5bwOPUIvBX8wRYf3FwJPal,spotify:track:5bwOPUIvBX8wRYf3FwJPal,https://api.spotify.com/v1/tracks/5bwOPUIvBX8wRYf3FwJPal,https://api.spotify.com/v1/audio-analysis/5bwOPUIvBX8wRYf3FwJPal,239136,4
0.54,0.913,8,-4.176,1,0.233,0.0674,0,0.101,0.632,160.168,audio_features,4tk347oICCDJExiWHndadC,spotify:track:4tk347oICCDJExiWHndadC,https://api.spotify.com/v1/tracks/4tk347oICCDJExiWHndadC,https://api.spotify.com/v1/audio-analysis/4tk347oICCDJExiWHndadC,188440,4
