danceability,energy,key,loudness,mode,speechiness,acousticness,instrumentalness,liveness,valence,tempo,type,id,uri,track_href,analysis_url,duration_ms,time_signature
0.551,0.808,5,-5.22,1,0.0335,0.052,2.8e-06,0.565,0.341,74.949,audio_features,7vHSwY3rQOJ66aA8zmORvn,spotify:track:7vHSwY3rQOJ66aA8zmORvn,https://api.spotify.com/v1/tracks/7vHSwY3rQOJ66aA8zmORvn,https://api.spotify.com/v1/audio-analysis/7vHSwY3rQOJ66aA8zmORvn,189040,4
0.471,0.353,0,-10.685,1,0.0325,0.676,0,0.111,0.164,176.813,audio_features,49iZdWXPhZVkLF1qM9e6Ta,spotify:track:49iZdWXPhZVkLF1qM9e6Ta,https://api.spotify.com/v1/tracks/49iZdWXPhZVkLF1qM9e6Ta,https://api.spotify.com/v1/audio-analysis/49iZdWXPhZVkLF1qM9e6Ta,244520,3
0.601,0.364,4,-10.556,1,0.0297,0.537,0,0.112,0.372,139.964,audio_features,4IS1tJetEYj8dMPYD8Vqs0,spotify:track:4IS1tJetEYj8dMPYD8Vqs0,https://api.spotify.com/v1/tracks/4IS1tJetEYj8dMPYD8Vqs0,https://api.spotify.com/v1/audio-analysis/4IS1tJetEYj8dMPYD8Vqs0,207093,4
0.58,0.382,0,-9.621,1,0.0296,0.501,0,0.0877,0.412,90.056,audio_features,0dGXt9K3GNtciSewUclpia,spotify:track:0dGXt9K3GNtciSewUclpia,https://api.spotify.com/v1/tracks/0dGXt9K3GNtciSewUclpia,https://api.spotify.com/v1/audio-analysis/0dGXt9K3GNtciSewUclpia,202173,4
0.419,0.932,1,-3.604,0,0.106,0.00171,0,0.137,0.445,169.881,audio_features,47IWLfIKOKhFnz1FUEUIkE,spotify:track:47IWLfIKOKhFnz1FUEUIkE,https://api.spotify.com/v1/tracks/47IWLfIKOKhFnz1FUEUIkE,https://api.spotify.com/v1/audio-analysis/47IWLfIKOKhFnz1FUEUIkE,268000,4
0.358,0.959,2,-3.139,0,0.0874,0.00364,0.000237,0.356,0.171,91.938,audio_features,313yF0VXTCmFFoYEJF7nBQ,spotify:track:313yF0VXTCmFFoYEJF7nBQ,https://api.spotify.com/v1/tracks/313yF0VXTCmFFoYEJF7nBQ,https://api.spotify.com/v1/audio-analysis/313yF0VXTCmFFoYEJF7nBQ,242413,4
0.234,0.974,9,-4.45,1,0.195,5.89e-05,0.585,0.27,0.139,117.213,audio_features,2XF6SGsFazPmU1JYZhf2M2,spotify:track:2XF6SGsFazPmU1JYZhf2M2,https://api.spotify.com/v1/tracks/2XF6SGsFazPmU1JYZhf2M2,https://api.spotify.com/v1/audio-analysis/2XF6SGsFazPmU1JYZhf2M2,167813,4
0.337,0.943,11,-5.017,1,0.0957,0.133,0,0.0841,0.605,195.034,audio_features,7ns1MvnSYl6qMzvtN0EhQw,spotify:track:7ns1MvnSYl6qMzvtN0EhQw,https://api.spotify.com/v1/tracks/7ns1MvnSYl6qMzvtN0EhQw,https://api.spotify.com/v1/audio-analysis/7ns1MvnSYl6qMzvtN0EhQw,246133,4
0.521,0.914,1,-3.929,1,0.0549,0.00301,2.04e-06,0.108,0.683,129.944,audio_features,4tS4iYnPEfV6z1EWcvxLcn,spotify:track:4tS4iYnPEfV6z1EWcvxLcn,https://api.spotify.com/v1/tracks/4tS4iYnPEfV6z1EWcvxLcn,https://api.spotify.com/v1/audio-analysis/4tS4iYnPEfV6z1EWcvxLcn,172893,4
