danceability,energy,key,loudness,mode,speechiness,acousticness,instrumentalness,liveness,valence,tempo,type,id,uri,track_href,analysis_url,duration_ms,time_signature
0.504,0.748,1,-6.065,1,0.0305,0.00931,1.51e-06,0.191,0.467,146.011,audio_features,4z2KSH3CMDn2qflGpxX2ea,spotify:track:4z2KSH3CMDn2qflGpxX2ea,https://api.spotify.com/v1/tracks/4z2KSH3CMDn2qflGpxX2ea,https://api.spotify.com/v1/audio-analysis/4z2KSH3CMDn2qflGpxX2ea,312880,4
0.552,0.928,9,-4.487,1,0.049,0.000356,6.14e-05,0.303,0.516,112.018,audio_features,07sQPh5zOnRqz95xJKWRQ3,spotify:track:07sQPh5zOnRqz95xJKWRQ3,https://api.spotify.com/v1/tracks/07sQPh5zOnRqz95xJKWRQ3,https://api.spotify.com/v1/audio-analysis/07sQPh5zOnRqz95xJKWRQ3,208413,4
0.537,0.62,7,-6.544,1,0.0278,0.084,5.8e-06,0.398,0.447,108.022,audio_features,5Qgevd6nPRUejX62CFt3hx,spotify:track:5Qgevd6nPRUejX62CFt3hx,https://api.spotify.com/v1/tracks/5Qgevd6nPRUejX62CFt3hx,https://api.spotify.com/v1/audio-analysis/5Qgevd6nPRUejX62CFt3hx,188200,4
0.529,0.902,7,-4.368,0,0.0388,0.000285,0,0.128,0.514,120.007,audio_features,5EzWXbQa7oINsMLKunA16W,spotify:track:5EzWXbQa7oINsMLKunA16W,https://api.spotify.com/v1/tracks/5EzWXbQa7oINsMLKunA16W,https://api.spotify.com/v1/audio-analysis/5EzWXbQa7oINsMLKunA16W,234040,4
0.381,0.753,7,-5.739,0,0.0376,0.0103,0,0.0987,0.309,165.081,audio_features,5JELaD59SYjlNvl47UggH3,spotify:track:5JELaD59SYjlNvl47UggH3,https://api.spotify.com/v1/tracks/5JELaD59SYjlNvl47UggH3,https://api.spotify.com/v1/audio-analysis/5JELaD59SYjlNvl47UggH3,204053,4
0.476,0.915,10,-4.204,1,0.0483,0.000464,6.36e-06,0.221,0.399,118.986,audio_features,4bmqCyU3YCgc91Iizkrn1H,spotify:track:4bmqCyU3YCgc91Iizkrn1H,https://api.spotify.com/v1/tracks/4bmqCyU3YCgc91Iizkrn1H,https://api.spotify.com/v1/audio-analysis/4bmqCyU3YCgc91Iizkrn1H,223587,4
0.323,0.936,3,-4.505,1,0.108,0.00656,0,0.0972,0.326,163.124,audio_features,3tZwKujD64Ad6vlDVxZOrg,spotify:track:3tZwKujD64Ad6vlDVxZOrg,https://api.spotify.com/v1/tracks/3tZwKujD64Ad6vlDVxZOrg,https://api.spotify.com/v1/audio-analysis/3tZwKujD64Ad6vlDVxZOrg,251533,4
0.572,0.934,1,-4.64,1,0.0452,0.000137,0,0.305,0.46,114.998,audio_features,3tcTP3mnUt3nWVb4VRdaCT,spotify:track:3tcTP3mnUt3nWVb4VRdaCT,https://api.spotify.com/v1/tracks/3tcTP3mnUt3nWVb4VRdaCT,https://api.spotify.com/v1/audio-analysis/3tcTP3mnUt3nWVb4VRdaCT,182293,4
0.594,0.912,11,-5.311,1,0.044,0.00233,0,0.15,0.691,136.914,audio_features,62EeAcrnNziLrUyxsjuqE2,spotify:track:62EeAcrnNziLrUyxsjuqE2,https://api.spotify.com/v1/tracks/62EeAcrnNziLrUyxsjuqE2,https://api.spotify.com/v1/audio-analysis/62EeAcrnNziLrUyxsjuqE2,147813,4
