danceability,energy,key,loudness,mode,speechiness,acousticness,instrumentalness,liveness,valence,tempo,type,id,uri,track_href,analysis_url,duration_ms,time_signature
0.484,0.553,7,-7.577,1,0.0315,0.605,0,0.102,0.36,148.13,audio_features,15n4p6R6Tuht5KAgK3g3IX,spotify:track:15n4p6R6Tuht5KAgK3g3IX,https://api.spotify.com/v1/tracks/15n4p6R6Tuht5KAgK3g3IX,https://api.spotify.com/v1/audio-analysis/15n4p6R6Tuht5KAgK3g3IX,159347,4
0.21,0.937,4,-4.596,0,0.18,0.000415,0,0.143,0.311,172.323,audio_features,7hZ1JuwJm4hZsS8IHnKDt3,spotify:track:7hZ1JuwJm4hZsS8IHnKDt3,https://api.spotify.com/v1/tracks/7hZ1JuwJm4hZsS8IHnKDt3,https://api.spotify.com/v1/audio-analysis/7hZ1JuwJm4hZsS8IHnKDt3,233763,3
0.664,0.781,11,-6.547,1,0.0339,0.00103,5.33e-06,0.0867,0.593,110.0,audio_features,1oTo3ijRbaDAtrjJrGAPSw,spotify:track:1oTo3ijRbaDAtrjJrGAPSw,https://api.spotify.com/v1/tracks/1oTo3ijRbaDAtrjJrGAPSw,https://api.spotify.com/v1/audio-analysis/1oTo3ijRbaDAtrjJrGAPSw,227240,4
0.519,0.78,2,-4.939,1,0.0356,0.00165,2.14e-05,0.156,0.166,145.125,audio_features,3YD9EehnGOf88rGSZFrnHg,spotify:track:3YD9EehnGOf88rGSZFrnHg,https://api.spotify.com/v1/tracks/3YD9EehnGOf88rGSZFrnHg,https://api.spotify.com/v1/audio-analysis/3YD9EehnGOf88rGSZFrnHg,239333,4
0.403,0.973,4,-4.05,1,0.105,0.0766,0,0.538,0.562,173.122,audio_features,21S5V668O8OUYAkjBYLUW2,spotify:track:21S5V668O8OUYAkjBYLUW2,https://api.spotify.com/v1/tracks/21S5V668O8OUYAkjBYLUW2,https://api.spotify.com/v1/audio-analysis/21S5V668O8OUYAkjBYLUW2,172613,4
0.477,0.907,1,-4.814,0,0.0899,8e-05,7.82e-05,0.149,0.304,81.291,audio_features,0gZp88SA5OcujHLDGkxtI3,spotify:track:0gZp88SA5OcujHLDGkxtI3,https://api.spotify.com/v1/tracks/0gZp88SA5OcujHLDGkxtI3,https://api.spotify.com/v1/audio-analysis/0gZp88SA5OcujHLDGkxtI3,257400,4
0.486,0.904,6,-3.751,0,0.0638,3.43e-05,2.83e-05,0.0947,0.786,173.734,audio_features,23oxJmDc1V9uLUSmN2LIvx,spotify:track:23oxJmDc1V9uLUSmN2LIvx,https://api.spotify.com/v1/tracks/23oxJmDc1V9uLUSmN2LIvx,https://api.spotify.com/v1/audio-analysis/23oxJmDc1V9uLUSmN2LIvx,198267,4
0.463,0.642,9,-4.795,1,0.024,0.0208,0,0.21,0.444,95.117,audio_features,1iTE3Vw1ohY1IrenTIPNJP,spotify:track:1iTE3Vw1ohY1IrenTIPNJP,https://api.spotify.com/v1/tracks/1iTE3Vw1ohY1IrenTIPNJP,https://api.spotify.com/v1/audio-analysis/1iTE3Vw1ohY1IrenTIPNJP,211613,4
0.491,0.843,0,-4.962,1,0.0413,0.000352,2.87e-06,0.343,0.8,171.978,audio_features,2CCaFbnGcOkSZIkgdmvXcP,spotify:track:2CCaFbnGcOkSZIkgdmvXcP,https://api.spotify.com/v1/tracks/2CCaFbnGcOkSZIkgdmvXcP,https://api.spotify.com/v1/audio-analysis/2CCaFbnGcOkSZIkgdmvXcP,228867,4
