danceability,energy,key,loudness,mode,speechiness,acousticness,instrumentalness,liveness,valence,tempo,type,id,uri,track_href,analysis_url,duration_ms,time_signature
0.381,0.753,7,-5.739,0,0.0376,0.0103,0,0.0987,0.309,165.081,audio_features,5JELaD59SYjlNvl47UggH3,spotify:track:5JELaD59SYjlNvl47UggH3,https://api.spotify.com/v1/tracks/5JELaD59SYjlNvl47UggH3,https://api.spotify.com/v1/audio-analysis/5JELaD59SYjlNvl47UggH3,204053,4
0.412,0.879,1,-4.219,1,0.0563,0.0684,0,0.143,0.357,101.083,audio_features,4NaPX1b3NsQqJrrAwkkvVc,spotify:track:4NaPX1b3NsQqJrrAwkkvVc,https://api.spotify.com/v1/tracks/4NaPX1b3NsQqJrrAwkkvVc,https://api.spotify.com/v1/audio-analysis/4NaPX1b3NsQqJrrAwkkvVc,194440,4
0.314,0.483,11,-8.365,1,0.0351,0.229,0.0269,0.564,0.348,145.047,audio_features,3W6UA36h0zahjxU709wLSI,spotify:track:3W6UA36h0zahjxU709wLSI,https://api.spotify.com/v1/tracks/3W6UA36h0zahjxU709wLSI,https://api.spotify.com/v1/audio-analysis/3W6UA36h0zahjxU709wLSI,241360,4
0.379,0.795,8,-2.662,1,0.0369,0.000659,5.45e-05,0.44,0.408,163.938,audio_features,0x8AsvZvWejr7RwvMerxoy,spotify:track:0x8AsvZvWejr7RwvMerxoy,https://api.spotify.com/v1/tracks/0x8AsvZvWejr7RwvMerxoy,https://api.spotify.com/v1/audio-analysis/0x8AsvZvWejr7RwvMerxoy,222067,4
0.734,0.297,0,-8.145,1,0.0479,0.777,0,0.0998,0.301,82.07,audio_features,17Hm13ax7vBGK5fpJhoG6B,spotify:track:17Hm13ax7vBGK5fpJhoG6B,https://api.spotify.com/v1/tracks/17Hm13ax7vBGK5fpJhoG6B,https://api.spotify.com/v1/audio-analysis/17Hm13ax7vBGK5fpJhoG6B,224573,4
0.515,0.802,8,-3.423,1,0.0345,0.0321,0,0.0844,0.29,85.998,audio_features,1EotcFbWTbMCXeKFVEtX6Y,spotify:track:1EotcFbWTbMCXeKFVEtX6Y,https://api.spotify.com/v1/tracks/1EotcFbWTbMCXeKFVEtX6Y,https://api.spotify.com/v1/audio-analysis/1EotcFbWTbMCXeKFVEtX6Y,201347,4
0.485,0.82,3,-4.085,1,0.0493,0.015,2.81e-05,0.112,0.219,94.063,audio_features,6I1HRAkeErdwrOJIfRrfIO,spotify:track:6I1HRAkeErdwrOJIfRrfIO,https://api.spotify.com/v1/tracks/6I1HRAkeErdwrOJIfRrfIO,https://api.spotify.com/v1/audio-analysis/6I1HRAkeErdwrOJIfRrfIO,186867,4
0.422,0.836,3,-4.088,1,0.0361,0.000251,0.00166,0.351,0.165,154.013,audio_features,0iufOeur7VOffzvM1U35QN,spotify:track:0iufOeur7VOffzvM1U35QN,https://api.spotify.com/v1/tracks/0iufOeur7VOffzvM1U35QN,https://api.spotify.com/v1/audio-analysis/0iufOeur7VOffzvM1U35QN,245000,4
0.636,0.838,3,-3.988,1,0.0329,0.00143,1.22e-05,0.0573,0.318,101.584,audio_features,1fZhHANKVFNZ9W8iSh76gF,spotify:track:1fZhHANKVFNZ9W8iSh76gF,https://api.spotify.com/v1/tracks/1fZhHANKVFNZ9W8iSh76gF,https://api.spotify.com/v1/audio-analysis/1fZhHANKVFNZ9W8iSh76gF,199107,4
