danceability,energy,key,loudness,mode,speechiness,acousticness,instrumentalness,liveness,valence,tempo,type,id,uri,track_href,analysis_url,duration_ms,time_signature
0.517,0.906,1,-3.677,1,0.0735,0.00272,9.26e-06,0.113,0.731,172.977,audio_features,6SpLc7EXZIPpy0sVko0aoU,spotify:track:6SpLc7EXZIPpy0sVko0aoU,https://api.spotify.com/v1/tracks/6SpLc7EXZIPpy0sVko0aoU,https://api.spotify.com/v1/audio-analysis/6SpLc7EXZIPpy0sVko0aoU,211520,4
0.494,0.842,7,-4.784,1,0.0843,0.00579,0,0.122,0.574,162.011,audio_features,2TfSHkHiFO4gRztVIkggkE,spotify:track:2TfSHkHiFO4gRztVIkggkE,https://api.spotify.com/v1/tracks/2TfSHkHiFO4gRztVIkggkE,https://api.spotify.com/v1/audio-analysis/2TfSHkHiFO4gRztVIkggkE,229093,4
0.308,0.873,8,-4.542,1,0.0533,0.00022,0.000729,0.0974,0.686,143.519,audio_features,0Ti2dlF2xLjXblvdU5fCxM,spotify:track:0Ti2dlF2xLjXblvdU5fCxM,https://api.spotify.com/v1/tracks/0Ti2dlF2xLjXblvdU5fCxM,https://api.spotify.com/v1/audio-analysis/0Ti2dlF2xLjXblvdU5fCxM,206587,4
0.465,0.896,2,-3.126,1,0.0795,0.00725,0,0.206,0.569,181.014,audio_features,0J69x3mqm7U6tBPKsjpsWR,spotify:track:0J69x3mqm7U6tBPKsjpsWR,https://api.spotify.com/v1/tracks/0J69x3mqm7U6tBPKsjpsWR,https://api.spotify.com/v1/audio-analysis/0J69x3mqm7U6tBPKsjpsWR,182827,4
0.449,0.602,6,-4.8,0,0.0264,0.149,0,0.141,0.32,170.04,audio_features,3F274sv7NCtXfu88YEEhXd,spotify:track:3F274sv7NCtXfu88YEEhXd,https://api.spotify.com/v1/tracks/3F274sv7NCtXfu88YEEhXd,https://api.spotify.com/v1/audio-analysis/3F274sv7NCtXfu88YEEhXd,256733,3
0.298,0.45,2,-5.769,1,0.0282,0.454,0,0.273,0.41,83.534,audio_features,6BwJLmS6KC7xOADo74vL6q,spotify:track:6BwJLmS6KC7xOADo74vL6q,https://api.spotify.com/v1/tracks/6BwJLmS6KC7xOADo74vL6q,https://api.spotify.com/v1/audio-analysis/6BwJLmS6KC7xOADo74vL6q,213987,4
0.496,0.507,11,-5.449,1,0.0305,0.601,0,0.332,0.396,139.869,audio_features,3vITt13lN9mPIzoEFtQick,spotify:track:3vITt13lN9mPIzoEFtQick,https://api.spotify.com/v1/tracks/3vITt13lN9mPIzoEFtQick,https://api.spotify.com/v1/audio-analysis/3vITt13lN9mPIzoEFtQick,290787,4
0.526,0.887,9,-5.424,1,0.0431,0.00153,0,0.326,0.711,145.037,audio_features,71jLv1JyCWeloHcACbeL2F,spotify:track:71jLv1JyCWeloHcACbeL2F,https://api.spotify.com/v1/tracks/71jLv1JyCWeloHcACbeL2F,https://api.spotify.com/v1/audio-analysis/71jLv1JyCWeloHcACbeL2F,201640,4
0.489,0.934,6,-4.308,1,0.08,0.0311,0,0.433,0.473,125.989,audio_features,3cu9ZL0W1KEmz5J3GD2jiR,spotify:track:3cu9ZL0W1KEmz5J3GD2jiR,https://api.spotify.com/v1/tracks/3cu9ZL0W1KEmz5J3GD2jiR,https://api.spotify.com/v1/audio-analysis/3cu9ZL0W1KEmz5J3GD2jiR,166253,4
