danceability,energy,key,loudness,mode,speechiness,acousticness,instrumentalness,liveness,valence,tempo,type,id,uri,track_href,analysis_url,duration_ms,time_signature
0.541,0.904,7,-3.001,1,0.0435,0.00143,0,0.193,0.541,98.122,audio_features,5jZ1Z2GFTf2gwmFc3qiUxs,spotify:track:5jZ1Z2GFTf2gwmFc3qiUxs,https://api.spotify.com/v1/tracks/5jZ1Z2GFTf2gwmFc3qiUxs,https://api.spotify.com/v1/audio-analysis/5jZ1Z2GFTf2gwmFc3qiUxs,208693,4
0.565,0.867,2,-5.497,0,0.0333,0.0297,0,0.147,0.259,115.006,audio_features,32GWSQbpg1Ea1MMvl8HN23,spotify:track:32GWSQbpg1Ea1MMvl8HN23,https://api.spotify.com/v1/tracks/32GWSQbpg1Ea1MMvl8HN23,https://api.spotify.com/v1/audio-analysis/32GWSQbpg1Ea1MMvl8HN23,201427,4
0.509,0.951,1,-3.856,0,0.0827,5.41e-05,0,0.305,0.435,120.03,audio_features,6IK1mlU9pJPPjkYD6jrRR5,spotify:track:6IK1mlU9pJPPjkYD6jrRR5,https://api.spotify.com/v1/tracks/6IK1mlU9pJPPjkYD6jrRR5,https://api.spotify.com/v1/audio-analysis/6IK1mlU9pJPPjkYD6jrRR5,176373,4
0.26,0.923,7,-5.023,1,0.157,0.00108,0,0.763,0.387,170.605,audio_features,746bHsY27aWTMYpoxqECOm,spotify:track:746bHsY27aWTMYpoxqECOm,https://api.spotify.com/v1/tracks/746bHsY27aWTMYpoxqECOm,https://api.spotify.com/v1/audio-analysis/746bHsY27aWTMYpoxqECOm,242133,4
0.297,0.929,0,-4.661,1,0.217,0.000824,0,0.0905,0.418,187.069,audio_features,3J0cTSuhrsoG9lY2AonjmH,spotify:track:3J0cTSuhrsoG9lY2AonjmH,https://api.spotify.com/v1/tracks/3J0cTSuhrsoG9lY2AonjmH,https://api.spotify.com/v1/audio-analysis/3J0cTSuhrsoG9lY2AonjmH,169160,3
0.277,0.876,8,-4.827,1,0.275,0.000543,0,0.0597,0.559,150.457,audio_features,6EjKQsjy5CfwSih1uMHXLR,spotify:track:6EjKQsjy5CfwSih1uMHXLR,https://api.spotify.com/v1/tracks/6EjKQsjy5CfwSih1uMHXLR,https://api.spotify.com/v1/audio-analysis/6EjKQsjy5CfwSih1uMHXLR,190693,4
0.447,0.894,0,-4.725,1,0.064,0.0634,0,0.0938,0.529,164.048,audio_features,1BklLcFCpZBPbmVAXWrIwQ,spotify:track:1BklLcFCpZBPbmVAXWrIwQ,https://api.spotify.com/v1/tracks/1BklLcFCpZBPbmVAXWrIwQ,https://api.spotify.com/v1/audio-analysis/1BklLcFCpZBPbmVAXWrIwQ,196000,4
0.594,0.852,9,-5.076,1,0.0907,0.0475,0,0.115,0.71,96.009,audio_features,4VbxZbS5Vrwr8nnHCFBiXx,spotify:track:4VbxZbS5Vrwr8nnHCFBiXx,https://api.spotify.com/v1/tracks/4VbxZbS5Vrwr8nnHCFBiXx,https://api.spotify.com/v1/audio-analysis/4VbxZbS5Vrwr8nnHCFBiXx,242107,4
0.522,0.882,7,-5.231,1,0.0847,0.00303,0.000151,0.0939,0.369,130.08,audio_features,07oVZP9Er2Fz8S59ePWLyK,spotify:track:07oVZP9Er2Fz8S59ePWLyK,https://api.spotify.com/v1/tracks/07oVZP9Er2Fz8S59ePWLyK,https://api.spotify.com/v1/audio-analysis/07oVZP9Er2Fz8S59ePWLyK,232200,4
