danceability,energy,key,loudness,mode,speechiness,acousticness,instrumentalness,liveness,valence,tempo,type,id,uri,track_href,analysis_url,duration_ms,time_signature
0.338,0.93,9,-4.619,1,0.131,0.0111,0,0.172,0.589,203.101,audio_features,53kRlOPQfNWhSraUytOMUY,spotify:track:53kRlOPQfNWhSraUytOMUY,https://api.spotify.com/v1/tracks/53kRlOPQfNWhSraUytOMUY,https://api.spotify.com/v1/audio-analysis/53kRlOPQfNWhSraUytOMUY,255175,4
0.292,0.933,9,-4.371,1,0.064,0.000221,9.86e-06,0.473,0.296,202.012,audio_features,5johpJIVjqU2Ki03DOA7Jr,spotify:track:5johpJIVjqU2Ki03DOA7Jr,https://api.spotify.com/v1/tracks/5johpJIVjqU2Ki03DOA7Jr,https://api.spotify.com/v1/audio-analysis/5johpJIVjqU2Ki03DOA7Jr,210333,4
0.41,0.462,0,-6.896,1,0.0341,0.223,0,0.0996,0.381,169.853,audio_features,5Ozo0lsCaVNJPlKC7RtDnp,spotify:track:5Ozo0lsCaVNJPlKC7RtDnp,https://api.spotify.com/v1/tracks/5Ozo0lsCaVNJPlKC7RtDnp,https://api.spotify.com/v1/audio-analysis/5Ozo0lsCaVNJPlKC7RtDnp,183787,4
0.697,0.608,5,-6.809,1,0.036,0.2,0.00305,0.273,0.803,126.053,audio_features,1K6VhaiVOv0I0uDawxyzO7,spotify:track:1K6VhaiVOv0I0uDawxyzO7,https://api.spotify.com/v1/tracks/1K6VhaiVOv0I0uDawxyzO7,https://api.spotify.com/v1/audio-analysis/1K6VhaiVOv0I0uDawxyzO7,240547,4
0.522,0.88,5,-4.104,0,0.0633,9.38e-05,0.00111,0.0812,0.701,174.762,audio_features,0arNrzPygksLY2pEbRgBjw,spotify:track:0arNrzPygksLY2pEbRgBjw,https://api.spotify.com/v1/tracks/0arNrzPygksLY2pEbRgBjw,https://api.spotify.com/v1/audio-analysis/0arNrzPygksLY2pEbRgBjw,219267,4
0.234,0.98,0,-3.233,0,0.148,0.000266,0.00746,0.0992,0.245,186.728,audio_features,0FXSU5PXzvKl3CpA5h3Hqx,spotify:track:0FXSU5PXzvKl3CpA5h3Hqx,https://api.spotify.com/v1/tracks/0FXSU5PXzvKl3CpA5h3Hqx,https://api.spotify.com/v1/audio-analysis/0FXSU5PXzvKl3CpA5h3Hqx,203240,4
0.466,0.653,0,-4.583,1,0.0298,0.0157,0,0.263,0.205,143.034,audio_features,4aZirFFDJlUUuvhpjY5cAH,spotify:track:4aZirFFDJlUUuvhpjY5cAH,https://api.spotify.com/v1/tracks/4aZirFFDJlUUuvhpjY5cAH,https://api.spotify.com/v1/audio-analysis/4aZirFFDJlUUuvhpjY5cAH,208907,3
0.549,0.911,2,-3.419,1,0.0458,0.00045,0,0.221,0.499,118.97,audio_features,44HdPuYShZtHgSqn7kssgT,spotify:track:44HdPuYShZtHgSqn7kssgT,https://api.spotify.com/v1/tracks/44HdPuYShZtHgSqn7kssgT,https://api.spotify.com/v1/audio-analysis/44HdPuYShZtHgSqn7kssgT,165976,4
0.592,0.914,10,-4.753,0,0.0468,0.000259,0.000139,0.0452,0.524,120.032,audio_features,3cDE9Yn4GrsxSrlMCLdmTT,spotify:track:3cDE9Yn4GrsxSrlMCLdmTT,https://api.spotify.com/v1/tracks/3cDE9Yn4GrsxSrlMCLdmTT,https://api.spotify.com/v1/audio-analysis/3cDE9Yn4GrsxSrlMCLdmTT,165653,4
