danceability,energy,key,loudness,mode,speechiness,acousticness,instrumentalness,liveness,valence,tempo,type,id,uri,track_href,analysis_url,duration_ms,time_signature
0.476,0.92,10,-3.223,1,0.0329,0.00485,1.15e-05,0.355,0.694,142.952,audio_features,0H9Q7Vzu8nYRDBZYKbtU8d,spotify:track:0H9Q7Vzu8nYRDBZYKbtU8d,https://api.spotify.com/v1/tracks/0H9Q7Vzu8nYRDBZYKbtU8d,https://api.spotify.com/v1/audio-analysis/0H9Q7Vzu8nYRDBZYKbtU8d,193640,4
0.549,0.878,1,-5.066,1,0.0358,0.106,6.07e-05,0.176,0.44,104.98,audio_features,6IFPfV8PNSYOmufzQ95hmm,spotify:track:6IFPfV8PNSYOmufzQ95hmm,https://api.spotify.com/v1/tracks/6IFPfV8PNSYOmufzQ95hmm,https://api.spotify.com/v1/audio-analysis/6IFPfV8PNSYOmufzQ95hmm,190640,4
0.523,0.666,7,-4.081,0,0.0327,0.401,0,0.0728,0.564,78.077,audio_features,0BCy325UZyR9z0t0uxwn2N,spotify:track:0BCy325UZyR9z0t0uxwn2N,https://api.spotify.com/v1/tracks/0BCy325UZyR9z0t0uxwn2N,https://api.spotify.com/v1/audio-analysis/0BCy325UZyR9z0t0uxwn2N,194187,4
0.475,0.936,5,-2.545,1,0.0413,0.0418,0,0.0873,0.598,151.988,audio_features,2yWtLaPCOUDyi7f1lOXCn5,spotify:track:2yWtLaPCOUDyi7f1lOXCn5,https://api.spotify.com/v1/tracks/2yWtLaPCOUDyi7f1lOXCn5,https://api.spotify.com/v1/audio-analysis/2yWtLaPCOUDyi7f1lOXCn5,209587,4
0.599,0.807,4,-4.679,1,0.0402,0.202,0,0.196,0.812,172.017,audio_features,3ts6xK5GzfMAAriT9AIBmP,spotify:track:3ts6xK5GzfMAAriT9AIBmP,https://api.spotify.com/v1/tracks/3ts6xK5GzfMAAriT9AIBmP,https://api.spotify.com/v1/audio-analysis/3ts6xK5GzfMAAriT9AIBmP,167427,4
0.646,0.761,7,-3.991,1,0.0267,0.221,0,0.109,0.336,108.999,audio_features,2Xdatbm43IXEVi0wmKeJve,spotify:track:2Xdatbm43IXEVi0wmKeJve,https://api.spotify.com/v1/tracks/2Xdatbm43IXEVi0wmKeJve,https://api.spotify.com/v1/audio-analysis/2Xdatbm43IXEVi0wmKeJve,210973,4
0.576,0.865,0,-3.288,1,0.0407,0.0343,5.32e-05,0.252,0.535,119.913,audio_features,7oizkVPKiJYU5CyTjrcVp0,spotify:track:7oizkVPKiJYU5CyTjrcVp0,https://api.spotify.com/v1/tracks/7oizkVPKiJYU5CyTjrcVp0,https://api.spotify.com/v1/audio-analysis/7oizkVPKiJYU5CyTjrcVp0,194173,4
0.476,0.991,10,-3.458,1,0.052,0.0446,0.00574,0.128,0.453,111.03,audio_features,5ETe7SElBIgm2NAZY3SpX4,spotify:track:5ETe7SElBIgm2NAZY3SpX4,https://api.spotify.com/v1/tracks/5ETe7SElBIgm2NAZY3SpX4,https://api.spotify.com/v1/audio-analysis/5ETe7SElBIgm2NAZY3SpX4,201373,4
0.527,0.902,6,-5.352,1,0.0601,0.344,4.63e-05,0.0669,0.709,181.964,audio_features,5dNGORzxFb5z3v7vSAFkTU,spotify:track:5dNGORzxFb5z3v7vSAFkTU,https://api.spotify.com/v1/tracks/5dNGORzxFb5z3v7vSAFkTU,https://api.spotify.com/v1/audio-analysis/5dNGORzxFb5z3v7vSAFkTU,191040,4
