danceability,energy,key,loudness,mode,speechiness,acousticness,instrumentalness,liveness,valence,tempo,type,id,uri,track_href,analysis_url,duration_ms,time_signature
0.534,0.933,9,-3.45,1,0.0437,0.0426,0,0.196,0.583,142.062,audio_features,7ayDPcMisPI8HpnVrQjcdE,spotify:track:7ayDPcMisPI8HpnVrQjcdE,https://api.spotify.com/v1/tracks/7ayDPcMisPI8HpnVrQjcdE,https://api.spotify.com/v1/audio-analysis/7ayDPcMisPI8HpnVrQjcdE,250347,4
0.498,0.947,10,-3.464,1,0.0421,0.017,0,0.606,0.896,158.063,audio_features,152IqAB0MYIA3rw5CSMVK6,spotify:track:152IqAB0MYIA3rw5CSMVK6,https://api.spotify.com/v1/tracks/152IqAB0MYIA3rw5CSMVK6,https://api.spotify.com/v1/audio-analysis/152IqAB0MYIA3rw5CSMVK6,218867,4
0.494,0.936,1,-2.989,1,0.0418,0.0744,0,0.148,0.582,141.939,audio_features,3grPZ1iQg2tEdh0ZCh3HTt,spotify:track:3grPZ1iQg2tEdh0ZCh3HTt,https://api.spotify.com/v1/tracks/3grPZ1iQg2tEdh0ZCh3HTt,https://api.spotify.com/v1/audio-analysis/3grPZ1iQg2tEdh0ZCh3HTt,199320,4
0.45,0.948,5,-3.347,1,0.0464,0.000513,0,0.387,0.848,163.953,audio_features,1BkeuMWQzM8QNDrAqkmGBM,spotify:track:1BkeuMWQzM8QNDrAqkmGBM,https://api.spotify.com/v1/tracks/1BkeuMWQzM8QNDrAqkmGBM,https://api.spotify.com/v1/audio-analysis/1BkeuMWQzM8QNDrAqkmGBM,224853,4
0.573,0.939,6,-3.019,1,0.0557,0.252,0,0.0692,0.696,140.003,audio_features,4nIwj4uuK2egtQaym18w3p,spotify:track:4nIwj4uuK2egtQaym18w3p,https://api.spotify.com/v1/tracks/4nIwj4uuK2egtQaym18w3p,https://api.spotify.com/v1/audio-analysis/4nIwj4uuK2egtQaym18w3p,205213,4
0.48,0.969,1,-2.887,1,0.0448,0.0471,1.03e-06,0.085,0.833,171.93,audio_features,0qR9rQ3v1nONaLI1uraWTA,spotify:track:0qR9rQ3v1nONaLI1uraWTA,https://api.spotify.com/v1/tracks/0qR9rQ3v1nONaLI1uraWTA,https://api.spotify.com/v1/audio-analysis/0qR9rQ3v1nONaLI1uraWTA,219773,4
0.555,0.931,8,-2.969,1,0.0367,0.016,0,0.405,0.723,132.085,audio_features,2TR7A4ulH9R1PNwMyd8o8U,spotify:track:2TR7A4ulH9R1PNwMyd8o8U,https://api.spotify.com/v1/tracks/2TR7A4ulH9R1PNwMyd8o8U,https://api.spotify.com/v1/audio-analysis/2TR7A4ulH9R1PNwMyd8o8U,220907,4
0.458,0.976,0,-3.791,1,0.0459,0.00182,0,0.193,0.76,154.007,audio_features,46ZfPS5VpSQVU5gb82hg3K,spotify:track:46ZfPS5VpSQVU5gb82hg3K,https://api.spotify.com/v1/tracks/46ZfPS5VpSQVU5gb82hg3K,https://api.spotify.com/v1/audio-analysis/46ZfPS5VpSQVU5gb82hg3K,218867,4
0.476,0.952,4,-3.783,1,0.041,0.0981,2.91e-06,0.438,0.849,170.062,audio_features,0El2Zyt68nYySFDG87hZgM,spotify:track:0El2Zyt68nYySFDG87hZgM,https://api.spotify.com/v1/tracks/0El2Zyt68nYySFDG87hZgM,https://api.spotify.com/v1/audio-analysis/0El2Zyt68nYySFDG87hZgM,184707,4
