danceability,energy,key,loudness,mode,speechiness,acousticness,instrumentalness,liveness,valence,tempo,type,id,uri,track_href,analysis_url,duration_ms,time_signature
0.523,0.762,11,-4.313,1,0.0328,0.0933,0,0.306,0.4,149.998,audio_features,5iRNlitNM1y6otuY7EIauj,spotify:track:5iRNlitNM1y6otuY7EIauj,https://api.spotify.com/v1/tracks/5iRNlitNM1y6otuY7EIauj,https://api.spotify.com/v1/audio-analysis/5iRNlitNM1y6otuY7EIauj,205400,3
0.837,0.583,3,-7.231,0,0.0367,0.00784,0,0.0637,0.965,106.961,audio_features,4vLRCGOBz4zIS8nEHk5v9j,spotify:track:4vLRCGOBz4zIS8nEHk5v9j,https://api.spotify.com/v1/tracks/4vLRCGOBz4zIS8nEHk5v9j,https://api.spotify.com/v1/audio-analysis/4vLRCGOBz4zIS8nEHk5v9j,195427,4
0.661,0.687,7,-6.552,1,0.0287,0.00823,0,0.308,0.665,123.028,audio_features,78RLlRIfPuoSvWPUbJmK6s,spotify:track:78RLlRIfPuoSvWPUbJmK6s,https://api.spotify.com/v1/tracks/78RLlRIfPuoSvWPUbJmK6s,https://api.spotify.com/v1/audio-analysis/78RLlRIfPuoSvWPUbJmK6s,221960,4
0.549,0.866,6,-5.306,1,0.0476,0.0733,0,0.25,0.767,87.964,audio_features,4O1CExxinEpKZi3861NlTK,spotify:track:4O1CExxinEpKZi3861NlTK,https://api.spotify.com/v1/tracks/4O1CExxinEpKZi3861NlTK,https://api.spotify.com/v1/audio-analysis/4O1CExxinEpKZi3861NlTK,187400,4
0.543,0.837,11,-6.448,1,0.0608,0.117,0,0.0872,0.506,168.056,audio_features,6GsAD8PgHxmEuIPTG8GP3M,spotify:track:6GsAD8PgHxmEuIPTG8GP3M,https://api.spotify.com/v1/tracks/6GsAD8PgHxmEuIPTG8GP3M,https://api.spotify.com/v1/audio-analysis/6GsAD8PgHxmEuIPTG8GP3M,186080,4
0.545,0.818,9,-6.38,1,0.0541,0.0369,0,0.101,0.679,109.019,audio_features,69DR48pXzSabFUfQfDDJDb,spotify:track:69DR48pXzSabFUfQfDDJDb,https://api.spotify.com/v1/tracks/69DR48pXzSabFUfQfDDJDb,https://api.spotify.com/v1/audio-analysis/69DR48pXzSabFUfQfDDJDb,225067,3
0.523,0.382,8,-8.386,1,0.0274,0.133,0,0.11,0.274,77.925,audio_features,38qDc4DgEnnkr9UaRI5owP,spotify:track:38qDc4DgEnnkr9UaRI5owP,https://api.spotify.com/v1/tracks/38qDc4DgEnnkr9UaRI5owP,https://api.spotify.com/v1/audio-analysis/38qDc4DgEnnkr9UaRI5owP,255387,4
0.457,0.948,10,-3.364,1,0.0354,0.0191,0,0.0536,0.878,148.0,audio_features,0i5el041vd6nxrGEU8QRxy,spotify:track:0i5el041vd6nxrGEU8QRxy,https://api.spotify.com/v1/tracks/0i5el041vd6nxrGEU8QRxy,https://api.spotify.com/v1/audio-analysis/0i5el041vd6nxrGEU8QRxy,208960,4
0.523,0.954,1,-3.051,1,0.0374,0.00385,1.65e-06,0.243,0.901,141.982,audio_features,5T6DM9qjjngWnukcw0svkX,spotify:track:5T6DM9qjjngWnukcw0svkX,https://api.spotify.com/v1/tracks/5T6DM9qjjngWnukcw0svkX,https://api.spotify.com/v1/audio-analysis/5T6DM9qjjngWnukcw0svkX,215120,4
