danceability,energy,key,loudness,mode,speechiness,acousticness,instrumentalness,liveness,valence,tempo,type,id,uri,track_href,analysis_url,duration_ms,time_signature
0.529,0.891,8,-4.36,1,0.043,0.0457,0,0.0942,0.329,104.031,audio_features,0O1x2tRm8ZpfDbcpOWZp7z,spotify:track:0O1x2tRm8ZpfDbcpOWZp7z,https://api.spotify.com/v1/tracks/0O1x2tRm8ZpfDbcpOWZp7z,https://api.spotify.com/v1/audio-analysis/0O1x2tRm8ZpfDbcpOWZp7z,199747,4
0.589,0.641,5,-8.12,1,0.0838,0.205,0,0.0864,0.57,160.031,audio_features,5fSPbm5lcwtqwXkeQQswW8,spotify:track:5fSPbm5lcwtqwXkeQQswW8,https://api.spotify.com/v1/tracks/5fSPbm5lcwtqwXkeQQswW8,https://api.spotify.com/v1/audio-analysis/5fSPbm5lcwtqwXkeQQswW8,179347,4
0.692,0.809,2,-5.935,1,0.0255,0.1,9.77e-05,0.185,0.927,104.023,audio_features,05ZACkzW8YbRq3eFgIfSNB,spotify:track:05ZACkzW8YbRq3eFgIfSNB,https://api.spotify.com/v1/tracks/05ZACkzW8YbRq3eFgIfSNB,https://api.spotify.com/v1/audio-analysis/05ZACkzW8YbRq3eFgIfSNB,263387,4
0.385,0.808,7,-6.67,1,0.045,0.0629,0,0.33,0.546,129.22,audio_features,79dlQxvdsCDApoM8XChkpy,spotify:track:79dlQxvdsCDApoM8XChkpy,https://api.spotify.com/v1/tracks/79dlQxvdsCDApoM8XChkpy,https://api.spotify.com/v1/audio-analysis/79dlQxvdsCDApoM8XChkpy,319240,4
0.586,0.677,1,-8.343,1,0.0294,0.043,0.0936,0.0884,0.562,144.001,audio_features,1TKlBK9cSrM5u4CiL4SETS,spotify:track:1TKlBK9cSrM5u4CiL4SETS,https://api.spotify.com/v1/tracks/1TKlBK9cSrM5u4CiL4SETS,https://api.spotify.com/v1/audio-analysis/1TKlBK9cSrM5u4CiL4SETS,262280,4
0.693,0.335,0,-10.863,1,0.0395,0.338,0.000552,0.118,0.623,136.071,audio_features,6hr4weuSidHy2LNMw8UVJ2,spotify:track:6hr4weuSidHy2LNMw8UVJ2,https://api.spotify.com/v1/tracks/6hr4weuSidHy2LNMw8UVJ2,https://api.spotify.com/v1/audio-analysis/6hr4weuSidHy2LNMw8UVJ2,198907,4
0.409,0.8,7,-5.216,1,0.0746,0.272,5.29e-05,0.092,0.321,159.943,audio_features,1VN6TvmHTIWvLzBAOmre6P,spotify:track:1VN6TvmHTIWvLzBAOmre6P,https://api.spotify.com/v1/tracks/1VN6TvmHTIWvLzBAOmre6P,https://api.spotify.com/v1/audio-analysis/1VN6TvmHTIWvLzBAOmre6P,252893,4
0.612,0.863,1,-4.258,1,0.0426,0.0582,0,0.0823,0.637,121.963,audio_features,751wKDM4y5zurzhSxcUxqP,spotify:track:751wKDM4y5zurzhSxcUxqP,https://api.spotify.com/v1/tracks/751wKDM4y5zurzhSxcUxqP,https://api.spotify.com/v1/audio-analysis/751wKDM4y5zurzhSxcUxqP,186240,4
0.616,0.893,11,-3.588,1,0.0375,0.000937,0,0.111,0.567,111.959,audio_features,6W9W8dSswA8KNegvl3W97V,spotify:track:6W9W8dSswA8KNegvl3W97V,https://api.spotify.com/v1/tracks/6W9W8dSswA8KNegvl3W97V,https://api.spotify.com/v1/audio-analysis/6W9W8dSswA8KNegvl3W97V,218947,4
