danceability,energy,key,loudness,mode,speechiness,acousticness,instrumentalness,liveness,valence,tempo,type,id,uri,track_href,analysis_url,duration_ms,time_signature
0.551,0.834,7,-6.284,0,0.0497,0.0379,1.37e-06,0.0541,0.835,179.994,audio_features,6XvuIlipd1FZCHd4EQrJIW,spotify:track:6XvuIlipd1FZCHd4EQrJIW,https://api.spotify.com/v1/tracks/6XvuIlipd1FZCHd4EQrJIW,https://api.spotify.com/v1/audio-analysis/6XvuIlipd1FZCHd4EQrJIW,194587,4
0.69,0.781,5,-5.101,0,0.0305,0.0873,2.28e-06,0.164,0.841,130.02,audio_features,2Fk0WwAqTBesLtKg97nojy,spotify:track:2Fk0WwAqTBesLtKg97nojy,https://api.spotify.com/v1/tracks/2Fk0WwAqTBesLtKg97nojy,https://api.spotify.com/v1/audio-analysis/2Fk0WwAqTBesLtKg97nojy,190733,4
0.607,0.61,7,-6.155,1,0.126,0.0734,0,0.359,0.729,191.952,audio_features,5ifixZpz6rilPfj0kO4RQf,spotify:track:5ifixZpz6rilPfj0kO4RQf,https://api.spotify.com/v1/tracks/5ifixZpz6rilPfj0kO4RQf,https://api.spotify.com/v1/audio-analysis/5ifixZpz6rilPfj0kO4RQf,170653,4
0.595,0.389,2,-9.245,1,0.0349,0.418,1.39e-06,0.116,0.4,166.052,audio_features,5kNe7PE09d6Kvw5pAsx23n,spotify:track:5kNe7PE09d6Kvw5pAsx23n,https://api.spotify.com/v1/tracks/5kNe7PE09d6Kvw5pAsx23n,https://api.spotify.com/v1/audio-analysis/5kNe7PE09d6Kvw5pAsx23n,227427,4
0.638,0.827,1,-5.793,0,0.0389,0.0054,0.000288,0.0948,0.96,137.077,audio_features,4DdF1l0DzBQy8YL2UVhPrU,spotify:track:4DdF1l0DzBQy8YL2UVhPrU,https://api.spotify.com/v1/tracks/4DdF1l0DzBQy8YL2UVhPrU,https://api.spotify.com/v1/audio-analysis/4DdF1l0DzBQy8YL2UVhPrU,223253,4
0.545,0.892,4,-4.944,1,0.0451,0.108,0,0.159,0.646,154.019,audio_features,2MpRdTZORLl6QOE9ODblxR,spotify:track:2MpRdTZORLl6QOE9ODblxR,https://api.spotify.com/v1/tracks/2MpRdTZORLl6QOE9ODblxR,https://api.spotify.com/v1/audio-analysis/2MpRdTZORLl6QOE9ODblxR,189960,4
0.634,0.862,2,-5.337,1,0.0376,0.0287,0,0.0217,0.767,95.989,audio_features,1zWZvrk13cL8Sl3VLeG57F,spotify:track:1zWZvrk13cL8Sl3VLeG57F,https://api.spotify.com/v1/tracks/1zWZvrk13cL8Sl3VLeG57F,https://api.spotify.com/v1/audio-analysis/1zWZvrk13cL8Sl3VLeG57F,227693,4
0.62,0.632,0,-5.94,1,0.0292,0.0578,0,0.229,0.383,116.011,audio_features,5hoBe8xhsQQAsB5CPBN6Mc,spotify:track:5hoBe8xhsQQAsB5CPBN6Mc,https://api.spotify.com/v1/tracks/5hoBe8xhsQQAsB5CPBN6Mc,https://api.spotify.com/v1/audio-analysis/5hoBe8xhsQQAsB5CPBN6Mc,197640,4
0.584,0.715,7,-8.213,1,0.0327,0.0574,8.63e-05,0.086,0.318,90.965,audio_features,4wtvYPxBsNed6f16Bb3F3X,spotify:track:4wtvYPxBsNed6f16Bb3F3X,https://api.spotify.com/v1/tracks/4wtvYPxBsNed6f16Bb3F3X,https://api.spotify.com/v1/audio-analysis/4wtvYPxBsNed6f16Bb3F3X,204760,4
