danceability,energy,key,loudness,mode,speechiness,acousticness,instrumentalness,liveness,valence,tempo,type,id,uri,track_href,analysis_url,duration_ms,time_signature
0.652,0.859,2,-3.746,1,0.0358,0.0639,0,0.0777,0.491,109.971,audio_features,53Dj5PCDhb22qWqmre3YQs,spotify:track:53Dj5PCDhb22qWqmre3YQs,https://api.spotify.com/v1/tracks/53Dj5PCDhb22qWqmre3YQs,https://api.spotify.com/v1/audio-analysis/53Dj5PCDhb22qWqmre3YQs,188707,4
0.657,0.674,1,-5.273,1,0.0319,0.0326,1.88e-05,0.0947,0.336,106.005,audio_features,2j79NtwxoWDmkiH4MGwdLq,spotify:track:2j79NtwxoWDmkiH4MGwdLq,https://api.spotify.com/v1/tracks/2j79NtwxoWDmkiH4MGwdLq,https://api.spotify.com/v1/audio-analysis/2j79NtwxoWDmkiH4MGwdLq,217413,4
0.466,0.702,0,-4.308,1,0.032,0.0983,1.29e-05,0.242,0.47,150.309,audio_features,4u7KjVIQPdzGCcAwg4W5Kl,spotify:track:4u7KjVIQPdzGCcAwg4W5Kl,https://api.spotify.com/v1/tracks/4u7KjVIQPdzGCcAwg4W5Kl,https://api.spotify.com/v1/audio-analysis/4u7KjVIQPdzGCcAwg4W5Kl,191573,4
0.441,0.644,11,-5.774,1,0.0363,0.56,0,0.109,0.349,141.733,audio_features,1qjl8UJtWTHrk4SFpwftSN,spotify:track:1qjl8UJtWTHrk4SFpwftSN,https://api.spotify.com/v1/tracks/1qjl8UJtWTHrk4SFpwftSN,https://api.spotify.com/v1/audio-analysis/1qjl8UJtWTHrk4SFpwftSN,220173,4
0.6,0.599,0,-6.102,1,0.0276,0.401,0,0.102,0.496,99.05,audio_features,575wNG8uXiF5jjaSdWqdxZ,spotify:track:575wNG8uXiF5jjaSdWqdxZ,https://api.spotify.com/v1/tracks/575wNG8uXiF5jjaSdWqdxZ,https://api.spotify.com/v1/audio-analysis/575wNG8uXiF5jjaSdWqdxZ,224160,4
0.543,0.793,0,-5.905,1,0.0403,0.225,0.000114,0.363,0.553,140.06,audio_features,4YZFC2igC3mzuktFHSF9mY,spotify:track:4YZFC2igC3mzuktFHSF9mY,https://api.spotify.com/v1/tracks/4YZFC2igC3mzuktFHSF9mY,https://api.spotify.com/v1/audio-analysis/4YZFC2igC3mzuktFHSF9mY,208453,4
0.419,0.744,7,-4.304,1,0.0344,0.108,0,0.211,0.332,136.772,audio_features,2bOUFGPIypmxHhw834ufQ8,spotify:track:2bOUFGPIypmxHhw834ufQ8,https://api.spotify.com/v1/tracks/2bOUFGPIypmxHhw834ufQ8,https://api.spotify.com/v1/audio-analysis/2bOUFGPIypmxHhw834ufQ8,177573,4
0.538,0.813,2,-5.221,1,0.0628,0.104,2.48e-06,0.312,0.485,150.784,audio_features,3zqd3gb2c6wxwHdg1QPcMF,spotify:track:3zqd3gb2c6wxwHdg1QPcMF,https://api.spotify.com/v1/tracks/3zqd3gb2c6wxwHdg1QPcMF,https://api.spotify.com/v1/audio-analysis/3zqd3gb2c6wxwHdg1QPcMF,277360,4
0.667,0.82,7,-6.097,1,0.0542,0.234,1.85e-05,0.127,0.558,116.004,audio_features,21g2b2QjEXshxyvz7UiXQU,spotify:track:21g2b2QjEXshxyvz7UiXQU,https://api.spotify.com/v1/tracks/21g2b2QjEXshxyvz7UiXQU,https://api.spotify.com/v1/audio-analysis/21g2b2QjEXshxyvz7UiXQU,192653,4
