danceability,energy,key,loudness,mode,speechiness,acousticness,instrumentalness,liveness,valence,tempo,type,id,uri,track_href,analysis_url,duration_ms,time_signature
0.45,0.883,7,-4.094,1,0.0524,0.00193,0,0.293,0.328,93.41,audio_features,663Karu2rvKLdnY0eo1n3M,spotify:track:663Karu2rvKLdnY0eo1n3M,https://api.spotify.com/v1/tracks/663Karu2rvKLdnY0eo1n3M,https://api.spotify.com/v1/audio-analysis/663Karu2rvKLdnY0eo1n3M,214707,4
0.454,0.947,5,-4.085,1,0.0841,0.0187,0,0.346,0.591,149.076,audio_features,2MGpDu11Ute4wFJxaM7m0u,spotify:track:2MGpDu11Ute4wFJxaM7m0u,https://api.spotify.com/v1/tracks/2MGpDu11Ute4wFJxaM7m0u,https://api.spotify.com/v1/audio-analysis/2MGpDu11Ute4wFJxaM7m0u,154133,4
0.503,0.881,0,-4.502,0,0.0827,0.0261,0,0.482,0.597,101.038,audio_features,1Fu9o08qEKVEwzU8siVcig,spotify:track:1Fu9o08qEKVEwzU8siVcig,https://api.spotify.com/v1/tracks/1Fu9o08qEKVEwzU8siVcig,https://api.spotify.com/v1/audio-analysis/1Fu9o08qEKVEwzU8siVcig,187880,4
0.377,0.937,2,-4.634,0,0.087,0.00464,0,0.11,0.229,144.042,audio_features,1GCAhVS3n0FIHDV3jGhTFS,spotify:track:1GCAhVS3n0FIHDV3jGhTFS,https://api.spotify.com/v1/tracks/1GCAhVS3n0FIHDV3jGhTFS,https://api.spotify.com/v1/audio-analysis/1GCAhVS3n0FIHDV3jGhTFS,275973,4
0.284,0.925,0,-4.475,0,0.281,0.0174,0,0.121,0.343,199.905,audio_features,0xHeg9elIvmAnw7gwSLN9j,spotify:track:0xHeg9elIvmAnw7gwSLN9j,https://api.spotify.com/v1/tracks/0xHeg9elIvmAnw7gwSLN9j,https://api.spotify.com/v1/audio-analysis/0xHeg9elIvmAnw7gwSLN9j,325360,4
0.372,0.904,5,-4.438,1,0.106,0.007,1.34e-06,0.112,0.362,159.081,audio_features,50NQdrO55nqwZrDwKny5NH,spotify:track:50NQdrO55nqwZrDwKny5NH,https://api.spotify.com/v1/tracks/50NQdrO55nqwZrDwKny5NH,https://api.spotify.com/v1/audio-analysis/50NQdrO55nqwZrDwKny5NH,231507,4
0.547,0.913,8,-3.762,1,0.039,0.00107,0,0.417,0.692,94.974,audio_features,0N1ovA3XHl8JmkaprmyQ9I,spotify:track:0N1ovA3XHl8JmkaprmyQ9I,https://api.spotify.com/v1/tracks/0N1ovA3XHl8JmkaprmyQ9I,https://api.spotify.com/v1/audio-analysis/0N1ovA3XHl8JmkaprmyQ9I,161973,4
0.421,0.858,1,-4.535,1,0.0963,0.0134,0,0.067,0.491,173.255,audio_features,714Lw0m2SmCEhKSPw0Dn8J,spotify:track:714Lw0m2SmCEhKSPw0Dn8J,https://api.spotify.com/v1/tracks/714Lw0m2SmCEhKSPw0Dn8J,https://api.spotify.com/v1/audio-analysis/714Lw0m2SmCEhKSPw0Dn8J,206773,4
0.64,0.884,6,-2.609,1,0.0428,0.0226,0,0.187,0.573,124.968,audio_features,36UVZPoK8a1Oxh13cY8kOp,spotify:track:36UVZPoK8a1Oxh13cY8kOp,https://api.spotify.com/v1/tracks/36UVZPoK8a1Oxh13cY8kOp,https://api.spotify.com/v1/audio-analysis/36UVZPoK8a1Oxh13cY8kOp,244000,4
