danceability,energy,key,loudness,mode,speechiness,acousticness,instrumentalness,liveness,valence,tempo,type,id,uri,track_href,analysis_url,duration_ms,time_signature
0.578,0.897,0,-3.906,1,0.0357,0.000666,0,0.0924,0.737,115.491,audio_features,4urxRqBRiaH0i20OKBsgxc,spotify:track:4urxRqBRiaH0i20OKBsgxc,https://api.spotify.com/v1/tracks/4urxRqBRiaH0i20OKBsgxc,https://api.spotify.com/v1/audio-analysis/4urxRqBRiaH0i20OKBsgxc,193107,4
0.548,0.911,10,-3.701,1,0.0397,0.000345,0,0.23,0.654,128.036,audio_features,55KYlnsC6nYnr3IykbmJwE,spotify:track:55KYlnsC6nYnr3IykbmJwE,https://api.spotify.com/v1/tracks/55KYlnsC6nYnr3IykbmJwE,https://api.spotify.com/v1/audio-analysis/55KYlnsC6nYnr3IykbmJwE,173173,4
0.179,0.912,4,-3.881,0,0.0791,0.0014,0.000294,0.582,0.289,182.99,audio_features,1p1nO35bbi4ZlQgjIA4oa4,spotify:track:1p1nO35bbi4ZlQgjIA4oa4,https://api.spotify.com/v1/tracks/1p1nO35bbi4ZlQgjIA4oa4,https://api.spotify.com/v1/audio-analysis/1p1nO35bbi4ZlQgjIA4oa4,231533,3
0.214,0.931,7,-3.347,0,0.143,0.000705,3.09e-06,0.0797,0.233,162.115,audio_features,5pKCDm2fw4k6D6C5Rk646C,spotify:track:5pKCDm2fw4k6D6C5Rk646C,https://api.spotify.com/v1/tracks/5pKCDm2fw4k6D6C5Rk646C,https://api.spotify.com/v1/audio-analysis/5pKCDm2fw4k6D6C5Rk646C,348387,4
0.554,0.978,4,-3.554,1,0.131,0.111,0,0.0731,0.594,135.095,audio_features,4Yf5bqU3NK4kNOypcrLYwU,spotify:track:4Yf5bqU3NK4kNOypcrLYwU,https://api.spotify.com/v1/tracks/4Yf5bqU3NK4kNOypcrLYwU,https://api.spotify.com/v1/audio-analysis/4Yf5bqU3NK4kNOypcrLYwU,162600,4
0.579,0.849,4,-5.218,0,0.0303,0.108,0,0.0909,0.581,100.021,audio_features,6n8TMVyFKoUmDc4apxceRD,spotify:track:6n8TMVyFKoUmDc4apxceRD,https://api.spotify.com/v1/tracks/6n8TMVyFKoUmDc4apxceRD,https://api.spotify.com/v1/audio-analysis/6n8TMVyFKoUmDc4apxceRD,196907,4
0.496,0.863,9,-4.153,1,0.0381,0.0046,0,0.639,0.243,110.018,audio_features,2nLtzopw4rPReszdYBJU6h,spotify:track:2nLtzopw4rPReszdYBJU6h,https://api.spotify.com/v1/tracks/2nLtzopw4rPReszdYBJU6h,https://api.spotify.com/v1/audio-analysis/2nLtzopw4rPReszdYBJU6h,185587,4
0.479,0.884,9,-4.762,1,0.0483,0.0338,0,0.0802,0.452,146.922,audio_features,7k9iVpyeR5ybSPSkvmAP6K,spotify:track:7k9iVpyeR5ybSPSkvmAP6K,https://api.spotify.com/v1/tracks/7k9iVpyeR5ybSPSkvmAP6K,https://api.spotify.com/v1/audio-analysis/7k9iVpyeR5ybSPSkvmAP6K,198467,4
0.378,0.847,11,-4.858,0,0.0514,0.0107,3.67e-05,0.205,0.49,175.104,audio_features,07EeNeSCYJajyJW5U7Q3Wd,spotify:track:07EeNeSCYJajyJW5U7Q3Wd,https://api.spotify.com/v1/tracks/07EeNeSCYJajyJW5U7Q3Wd,https://api.spotify.com/v1/audio-analysis/07EeNeSCYJajyJW5U7Q3Wd,214947,4
