danceability,energy,key,loudness,mode,speechiness,acousticness,instrumentalness,liveness,valence,tempo,type,id,uri,track_href,analysis_url,duration_ms,time_signature
0.509,0.887,2,-3.785,1,0.0958,0.00166,7.98e-06,0.0994,0.661,161.99,audio_features,7mG2RbhyzGsjpQOz568d39,spotify:track:7mG2RbhyzGsjpQOz568d39,https://api.spotify.com/v1/tracks/7mG2RbhyzGsjpQOz568d39,https://api.spotify.com/v1/audio-analysis/7mG2RbhyzGsjpQOz568d39,185733,4
0.424,0.94,9,-3.524,1,0.0573,0.00276,1.03e-06,0.277,0.559,168.043,audio_features,3i4xZSH1kTLE22TUvUFMYo,spotify:track:3i4xZSH1kTLE22TUvUFMYo,https://api.spotify.com/v1/tracks/3i4xZSH1kTLE22TUvUFMYo,https://api.spotify.com/v1/audio-analysis/3i4xZSH1kTLE22TUvUFMYo,240040,4
0.517,0.906,1,-3.677,1,0.0735,0.00272,9.26e-06,0.113,0.731,172.977,audio_features,6SpLc7EXZIPpy0sVko0aoU,spotify:track:6SpLc7EXZIPpy0sVko0aoU,https://api.spotify.com/v1/tracks/6SpLc7EXZIPpy0sVko0aoU,https://api.spotify.com/v1/audio-analysis/6SpLc7EXZIPpy0sVko0aoU,211520,4
0.522,0.964,11,-2.645,0,0.095,0.00109,0.000389,0.0387,0.51,170.944,audio_features,5ZdrNnYV5VZWds4WXKf8kf,spotify:track:5ZdrNnYV5VZWds4WXKf8kf,https://api.spotify.com/v1/tracks/5ZdrNnYV5VZWds4WXKf8kf,https://api.spotify.com/v1/audio-analysis/5ZdrNnYV5VZWds4WXKf8kf,218627,4
0.498,0.83,6,-5.157,0,0.0421,0.00461,0,0.139,0.453,89.342,audio_features,0M955bMOoilikPXwKLYpoi,spotify:track:0M955bMOoilikPXwKLYpoi,https://api.spotify.com/v1/tracks/0M955bMOoilikPXwKLYpoi,https://api.spotify.com/v1/audio-analysis/0M955bMOoilikPXwKLYpoi,231480,4
0.366,0.847,8,-5.216,1,0.035,2.64e-05,0,0.228,0.606,166.17,audio_features,11RUCSAgpexhJSMmcuO4h2,spotify:track:11RUCSAgpexhJSMmcuO4h2,https://api.spotify.com/v1/tracks/11RUCSAgpexhJSMmcuO4h2,https://api.spotify.com/v1/audio-analysis/11RUCSAgpexhJSMmcuO4h2,260680,4
0.416,0.741,7,-4.001,1,0.0335,0.00804,0,0.273,0.286,160.515,audio_features,33daQo3S8j2NcJstEHXwhQ,spotify:track:33daQo3S8j2NcJstEHXwhQ,https://api.spotify.com/v1/tracks/33daQo3S8j2NcJstEHXwhQ,https://api.spotify.com/v1/audio-analysis/33daQo3S8j2NcJstEHXwhQ,202973,4
0.553,0.853,8,-3.668,1,0.0339,0.000684,0,0.126,0.506,122.023,audio_features,5eFxwmqKrHpSQDOEIFYlgY,spotify:track:5eFxwmqKrHpSQDOEIFYlgY,https://api.spotify.com/v1/tracks/5eFxwmqKrHpSQDOEIFYlgY,https://api.spotify.com/v1/audio-analysis/5eFxwmqKrHpSQDOEIFYlgY,231400,4
0.433,0.778,2,-4.68,0,0.0371,0.00838,0,0.163,0.217,149.864,audio_features,5y7NRMui3GLbwj2zBaOqo1,spotify:track:5y7NRMui3GLbwj2zBaOqo1,https://api.spotify.com/v1/tracks/5y7NRMui3GLbwj2zBaOqo1,https://api.spotify.com/v1/audio-analysis/5y7NRMui3GLbwj2zBaOqo1,209333,4
