danceability,energy,key,loudness,mode,speechiness,acousticness,instrumentalness,liveness,valence,tempo,type,id,uri,track_href,analysis_url,duration_ms,time_signature
0.447,0.273,6,-9.746,1,0.0369,0.644,0,0.103,0.218,147.42,audio_features,3vq94MInPJmJ9xmYSbJieE,spotify:track:3vq94MInPJmJ9xmYSbJieE,https://api.spotify.com/v1/tracks/3vq94MInPJmJ9xmYSbJieE,https://api.spotify.com/v1/audio-analysis/3vq94MInPJmJ9xmYSbJieE,302787,4
0.313,0.21,5,-9.931,1,0.0361,0.858,0,0.108,0.156,75.071,audio_features,2mCSqP0xAkWO7N53OnHRLk,spotify:track:2mCSqP0xAkWO7N53OnHRLk,https://api.spotify.com/v1/tracks/2mCSqP0xAkWO7N53OnHRLk,https://api.spotify.com/v1/audio-analysis/2mCSqP0xAkWO7N53OnHRLk,260958,5
0.502,0.198,6,-11.019,1,0.038,0.897,0,0.109,0.389,118.948,audio_features,6KFvYC33TOmc13vK9H61hE,spotify:track:6KFvYC33TOmc13vK9H61hE,https://api.spotify.com/v1/tracks/6KFvYC33TOmc13vK9H61hE,https://api.spotify.com/v1/audio-analysis/6KFvYC33TOmc13vK9H61hE,271773,4
0.494,0.476,1,-6.405,1,0.0333,0.658,0,0.133,0.258,137.093,audio_features,513Fp1fXzZ3MzVIDng28wL,spotify:track:513Fp1fXzZ3MzVIDng28wL,https://api.spotify.com/v1/tracks/513Fp1fXzZ3MzVIDng28wL,https://api.spotify.com/v1/audio-analysis/513Fp1fXzZ3MzVIDng28wL,216627,4
0.4,0.26,2,-10.304,1,0.0416,0.87,0,0.0988,0.163,125.764,audio_features,3KrcYGx3Jk8SGg4GM2g9Ui,spotify:track:3KrcYGx3Jk8SGg4GM2g9Ui,https://api.spotify.com/v1/tracks/3KrcYGx3Jk8SGg4GM2g9Ui,https://api.spotify.com/v1/audio-analysis/3KrcYGx3Jk8SGg4GM2g9Ui,303752,4
0.439,0.477,10,-5.638,1,0.0307,0.643,0,0.114,0.535,159.819,audio_features,2gug6MRv4xQFYi9LA3PJCS,spotify:track:2gug6MRv4xQFYi9LA3PJCS,https://api.spotify.com/v1/tracks/2gug6MRv4xQFYi9LA3PJCS,https://api.spotify.com/v1/audio-analysis/2gug6MRv4xQFYi9LA3PJCS,287307,4
0.534,0.386,4,-8.497,1,0.0367,0.396,0,0.16,0.164,124.025,audio_features,5hDVVxJefgZfcGqhuy0Gtt,spotify:track:5hDVVxJefgZfcGqhuy0Gtt,https://api.spotify.com/v1/tracks/5hDVVxJefgZfcGqhuy0Gtt,https://api.spotify.com/v1/audio-analysis/5hDVVxJefgZfcGqhuy0Gtt,284680,4
0.526,0.293,7,-10.401,1,0.0293,0.172,0,0.233,0.213,113.94,audio_features,34gdSzSmMXOSd4T0PtMzO4,spotify:track:34gdSzSmMXOSd4T0PtMzO4,https://api.spotify.com/v1/tracks/34gdSzSmMXOSd4T0PtMzO4,https://api.spotify.com/v1/audio-analysis/34gdSzSmMXOSd4T0PtMzO4,252227,3
0.366,0.28,8,-7.394,1,0.033,0.884,1.82e-06,0.129,0.258,128.895,audio_features,6OAUhxFZzaRHHC8XiuIkvb,spotify:track:6OAUhxFZzaRHHC8XiuIkvb,https://api.spotify.com/v1/tracks/6OAUhxFZzaRHHC8XiuIkvb,https://api.spotify.com/v1/audio-analysis/6OAUhxFZzaRHHC8XiuIkvb,232853,4
