danceability,energy,key,loudness,mode,speechiness,acousticness,instrumentalness,liveness,valence,tempo,type,id,uri,track_href,analysis_url,duration_ms,time_signature
0.634,0.525,0,-8.968,1,0.47,0.0705,0,0.0729,0.49,130.271,audio_features,1Bqxj0aH5KewYHKUg1IdrF,spotify:track:1Bqxj0aH5KewYHKUg1IdrF,https://api.spotify.com/v1/tracks/1Bqxj0aH5KewYHKUg1IdrF,https://api.spotify.com/v1/audio-analysis/1Bqxj0aH5KewYHKUg1IdrF,222467,4
0.712,0.562,10,-6.008,1,0.129,0.125,0,0.136,0.142,140.0,audio_features,6jmTHeoWvBaSrwWttr8Xvu,spotify:track:6jmTHeoWvBaSrwWttr8Xvu,https://api.spotify.com/v1/tracks/6jmTHeoWvBaSrwWttr8Xvu,https://api.spotify.com/v1/audio-analysis/6jmTHeoWvBaSrwWttr8Xvu,236480,4
0.61,0.525,3,-4.902,1,0.0485,0.377,0,0.265,0.196,144.355,audio_features,75ZhVIEfWD4bIz82ZnM8kP,spotify:track:75ZhVIEfWD4bIz82ZnM8kP,https://api.spotify.com/v1/tracks/75ZhVIEfWD4bIz82ZnM8kP,https://api.spotify.com/v1/audio-analysis/75ZhVIEfWD4bIz82ZnM8kP,280000,4
0.63,0.5,1,-8.755,0,0.0611,0.611,4.04e-05,0.114,0.315,144.871,audio_features,6y6jbcPG4Yn3Du4moXaenr,spotify:track:6y6jbcPG4Yn3Du4moXaenr,https://api.spotify.com/v1/tracks/6y6jbcPG4Yn3Du4moXaenr,https://api.spotify.com/v1/audio-analysis/6y6jbcPG4Yn3Du4moXaenr,245172,4
0.912,0.644,11,-6.63,1,0.288,0.00714,0,0.107,0.492,95.999,audio_features,0kIHfcHGFGm5xb0dSlKEdp,spotify:track:0kIHfcHGFGm5xb0dSlKEdp,https://api.spotify.com/v1/tracks/0kIHfcHGFGm5xb0dSlKEdp,https://api.spotify.com/v1/audio-analysis/0kIHfcHGFGm5xb0dSlKEdp,225040,4
0.536,0.708,6,-7.882,1,0.758,0.513,0,0.0951,0.09,78.33,audio_features,10bt2wAkFgCWRCEOyAyWT9,spotify:track:10bt2wAkFgCWRCEOyAyWT9,https://api.spotify.com/v1/tracks/10bt2wAkFgCWRCEOyAyWT9,https://api.spotify.com/v1/audio-analysis/10bt2wAkFgCWRCEOyAyWT9,322587,4
0.493,0.738,5,-6.921,1,0.262,0.407,0,0.13,0.219,176.071,audio_features,1ISsiC4Fw6f96kZQegLGiJ,spotify:track:1ISsiC4Fw6f96kZQegLGiJ,https://api.spotify.com/v1/tracks/1ISsiC4Fw6f96kZQegLGiJ,https://api.spotify.com/v1/audio-analysis/1ISsiC4Fw6f96kZQegLGiJ,198253,4
0.812,0.541,5,-6.702,1,0.039,0.473,0,0.363,0.559,116.939,audio_features,7E4hEzR9anuKDlNq0r7vv6,spotify:track:7E4hEzR9anuKDlNq0r7vv6,https://api.spotify.com/v1/tracks/7E4hEzR9anuKDlNq0r7vv6,https://api.spotify.com/v1/audio-analysis/7E4hEzR9anuKDlNq0r7vv6,225787,4
0.791,0.634,1,-7.684,0,0.0639,0.00243,5.43e-05,0.0812,0.323,152.961,audio_features,5w1vhNA2OEWUQ371QzyMmM,spotify:track:5w1vhNA2OEWUQ371QzyMmM,https://api.spotify.com/v1/tracks/5w1vhNA2OEWUQ371QzyMmM,https://api.spotify.com/v1/audio-analysis/5w1vhNA2OEWUQ371QzyMmM,259072,4
