danceability,energy,key,loudness,mode,speechiness,acousticness,instrumentalness,liveness,valence,tempo,type,id,uri,track_href,analysis_url,duration_ms,time_signature
0.779,0.455,1,-15.025,1,0.28,0.0542,0,0.177,0.197,140.181,audio_features,7zBPzAjKAqQpcv8F8GCq5s,spotify:track:7zBPzAjKAqQpcv8F8GCq5s,https://api.spotify.com/v1/tracks/7zBPzAjKAqQpcv8F8GCq5s,https://api.spotify.com/v1/audio-analysis/7zBPzAjKAqQpcv8F8GCq5s,153429,4
0.746,0.873,7,-3.803,1,0.128,0.0244,0,0.354,0.817,148.075,audio_features,2d8JP84HNLKhmd6IYOoupQ,spotify:track:2d8JP84HNLKhmd6IYOoupQ,https://api.spotify.com/v1/tracks/2d8JP84HNLKhmd6IYOoupQ,https://api.spotify.com/v1/audio-analysis/2d8JP84HNLKhmd6IYOoupQ,222093,4
0.721,0.607,0,-7.078,0,0.277,0.0958,0,0.29,0.59,76.987,audio_features,6AaOtHsKd195ec0Y4kC9ER,spotify:track:6AaOtHsKd195ec0Y4kC9ER,https://api.spotify.com/v1/tracks/6AaOtHsKd195ec0Y4kC9ER,https://api.spotify.com/v1/audio-analysis/6AaOtHsKd195ec0Y4kC9ER,206267,4
0.624,0.543,0,-7.946,1,0.0986,0.0406,0.107,0.0692,0.132,74.066,audio_features,5gwSJ3fEIa9XiTnrpATsjj,spotify:track:5gwSJ3fEIa9XiTnrpATsjj,https://api.spotify.com/v1/tracks/5gwSJ3fEIa9XiTnrpATsjj,https://api.spotify.com/v1/audio-analysis/5gwSJ3fEIa9XiTnrpATsjj,240048,4
0.71,0.878,7,-4.416,1,0.0601,0.0524,0.162,0.106,0.643,128.014,audio_features,4Iq9oMwH8SwWn0L8rFegWU,spotify:track:4Iq9oMwH8SwWn0L8rFegWU,https://api.spotify.com/v1/tracks/4Iq9oMwH8SwWn0L8rFegWU,https://api.spotify.com/v1/audio-analysis/4Iq9oMwH8SwWn0L8rFegWU,204492,4
0.538,0.624,11,-8.794,1,0.325,0.000175,2.2e-06,0.117,0.409,102.346,audio_features,7xq3uN2toVZ8IbNzfTucyJ,spotify:track:7xq3uN2toVZ8IbNzfTucyJ,https://api.spotify.com/v1/tracks/7xq3uN2toVZ8IbNzfTucyJ,https://api.spotify.com/v1/audio-analysis/7xq3uN2toVZ8IbNzfTucyJ,127427,4
0.611,0.66,11,-5.883,1,0.0839,0.198,0,0.365,0.583,71.544,audio_features,3XQY8kDjI8LARMIC9xkxQk,spotify:track:3XQY8kDjI8LARMIC9xkxQk,https://api.spotify.com/v1/tracks/3XQY8kDjI8LARMIC9xkxQk,https://api.spotify.com/v1/audio-analysis/3XQY8kDjI8LARMIC9xkxQk,246387,4
0.765,0.356,11,-5.556,0,0.195,0.223,0,0.0963,0.189,96.991,audio_features,3pXF1nA74528Edde4of9CC,spotify:track:3pXF1nA74528Edde4of9CC,https://api.spotify.com/v1/tracks/3pXF1nA74528Edde4of9CC,https://api.spotify.com/v1/audio-analysis/3pXF1nA74528Edde4of9CC,198293,4
0.815,0.364,2,-11.158,1,0.375,0.533,3.52e-05,0.108,0.328,129.937,audio_features,5tsI3xxDHDgzHhn30LTQNz,spotify:track:5tsI3xxDHDgzHhn30LTQNz,https://api.spotify.com/v1/tracks/5tsI3xxDHDgzHhn30LTQNz,https://api.spotify.com/v1/audio-analysis/5tsI3xxDHDgzHhn30LTQNz,268566,4
