danceability,energy,key,loudness,mode,speechiness,acousticness,instrumentalness,liveness,valence,tempo,type,id,uri,track_href,analysis_url,duration_ms,time_signature
0.545,0.932,7,-2.189,0,0.0399,0.000665,0,0.127,0.464,92.956,audio_features,4wzjNqjKAKDU82e8uMhzmr,spotify:track:4wzjNqjKAKDU82e8uMhzmr,https://api.spotify.com/v1/tracks/4wzjNqjKAKDU82e8uMhzmr,https://api.spotify.com/v1/audio-analysis/4wzjNqjKAKDU82e8uMhzmr,192000,4
0.217,0.905,2,-4.103,1,0.0752,0.000289,0.00011,0.222,0.236,96.95,audio_features,5wQnmLuC1W7ATsArWACrgW,spotify:track:5wQnmLuC1W7ATsArWACrgW,https://api.spotify.com/v1/tracks/5wQnmLuC1W7ATsArWACrgW,https://api.spotify.com/v1/audio-analysis/5wQnmLuC1W7ATsArWACrgW,311107,4
0.44,0.919,7,-4.462,1,0.0735,0.00222,0.00503,0.0892,0.773,184.324,audio_features,40sl0jG01g4FZkCrBzQhZX,spotify:track:40sl0jG01g4FZkCrBzQhZX,https://api.spotify.com/v1/tracks/40sl0jG01g4FZkCrBzQhZX,https://api.spotify.com/v1/audio-analysis/40sl0jG01g4FZkCrBzQhZX,149307,4
0.469,0.962,2,-3.962,1,0.0486,2.8e-05,0.0524,0.287,0.438,93.032,audio_features,6IxHt9O2CiiV4QO8zplYlS,spotify:track:6IxHt9O2CiiV4QO8zplYlS,https://api.spotify.com/v1/tracks/6IxHt9O2CiiV4QO8zplYlS,https://api.spotify.com/v1/audio-analysis/6IxHt9O2CiiV4QO8zplYlS,202726,4
0.496,0.863,9,-4.153,1,0.0381,0.0046,0,0.639,0.243,110.018,audio_features,2nLtzopw4rPReszdYBJU6h,spotify:track:2nLtzopw4rPReszdYBJU6h,https://api.spotify.com/v1/tracks/2nLtzopw4rPReszdYBJU6h,https://api.spotify.com/v1/audio-analysis/2nLtzopw4rPReszdYBJU6h,185587,4
0.258,0.717,4,-5.397,0,0.0424,0.000353,0,0.226,0.426,96.466,audio_features,7dBDu9BRuEbCF9UfME8DpB,spotify:track:7dBDu9BRuEbCF9UfME8DpB,https://api.spotify.com/v1/tracks/7dBDu9BRuEbCF9UfME8DpB,https://api.spotify.com/v1/audio-analysis/7dBDu9BRuEbCF9UfME8DpB,226315,4
0.562,0.905,11,-4.759,0,0.0335,0.00624,0,0.194,0.606,92.509,audio_features,64WtHwNC5X0VzGfzA0IES3,spotify:track:64WtHwNC5X0VzGfzA0IES3,https://api.spotify.com/v1/tracks/64WtHwNC5X0VzGfzA0IES3,https://api.spotify.com/v1/audio-analysis/64WtHwNC5X0VzGfzA0IES3,199679,4
0.439,0.945,1,-2.21,1,0.138,0.00677,0,0.166,0.455,161.954,audio_features,0d8aJLKZI1r4uOSLZBJaBK,spotify:track:0d8aJLKZI1r4uOSLZBJaBK,https://api.spotify.com/v1/tracks/0d8aJLKZI1r4uOSLZBJaBK,https://api.spotify.com/v1/audio-analysis/0d8aJLKZI1r4uOSLZBJaBK,195680,4
0.423,0.94,1,-4.012,0,0.0635,0.00166,0,0.178,0.505,149.934,audio_features,6GIrIt2M39wEGwjCQjGChX,spotify:track:6GIrIt2M39wEGwjCQjGChX,https://api.spotify.com/v1/tracks/6GIrIt2M39wEGwjCQjGChX,https://api.spotify.com/v1/audio-analysis/6GIrIt2M39wEGwjCQjGChX,206520,4
