danceability,energy,key,loudness,mode,speechiness,acousticness,instrumentalness,liveness,valence,tempo,type,id,uri,track_href,analysis_url,duration_ms,time_signature
0.459,0.891,10,-5.057,0,0.0623,0.00511,0,0.106,0.588,154.837,audio_features,18GC3F8YPGB8CePXcTUizQ,spotify:track:18GC3F8YPGB8CePXcTUizQ,https://api.spotify.com/v1/tracks/18GC3F8YPGB8CePXcTUizQ,https://api.spotify.com/v1/audio-analysis/18GC3F8YPGB8CePXcTUizQ,203507,4
0.565,0.437,6,-7.68,0,0.0403,0.194,7.14e-06,0.0656,0.217,96.132,audio_features,5P3yUXUC9rZPJPNmYGKEAz,spotify:track:5P3yUXUC9rZPJPNmYGKEAz,https://api.spotify.com/v1/tracks/5P3yUXUC9rZPJPNmYGKEAz,https://api.spotify.com/v1/audio-analysis/5P3yUXUC9rZPJPNmYGKEAz,236733,3
0.518,0.811,1,-4.825,1,0.0589,0.0544,0,0.0806,0.568,100.04,audio_features,6w4LIVTA1966CdmIo0yG4x,spotify:track:6w4LIVTA1966CdmIo0yG4x,https://api.spotify.com/v1/tracks/6w4LIVTA1966CdmIo0yG4x,https://api.spotify.com/v1/audio-analysis/6w4LIVTA1966CdmIo0yG4x,249500,4
0.339,0.707,0,-5.121,0,0.0428,0.0113,0,0.337,0.359,173.993,audio_features,6Xs7OKt6i0Ddq8B4M5Dgvr,spotify:track:6Xs7OKt6i0Ddq8B4M5Dgvr,https://api.spotify.com/v1/tracks/6Xs7OKt6i0Ddq8B4M5Dgvr,https://api.spotify.com/v1/audio-analysis/6Xs7OKt6i0Ddq8B4M5Dgvr,183808,4
0.626,0.571,7,-7.461,0,0.0327,0.25,0,0.0946,0.164,129.959,audio_features,16w8ZGVSjI4TlTLV8VimBY,spotify:track:16w8ZGVSjI4TlTLV8VimBY,https://api.spotify.com/v1/tracks/16w8ZGVSjI4TlTLV8VimBY,https://api.spotify.com/v1/audio-analysis/16w8ZGVSjI4TlTLV8VimBY,277623,4
0.21,0.233,5,-11.636,0,0.0287,0.827,0.0039,0.129,0.095,88.679,audio_features,78tro1rpoxmqjbjiRRRzoH,spotify:track:78tro1rpoxmqjbjiRRRzoH,https://api.spotify.com/v1/tracks/78tro1rpoxmqjbjiRRRzoH,https://api.spotify.com/v1/audio-analysis/78tro1rpoxmqjbjiRRRzoH,211893,5
0.492,0.275,6,-13.4,0,0.3,0.687,0,0.101,0.18,92.6,audio_features,7vRriwrloYVaoAe3a9wJHe,spotify:track:7vRriwrloYVaoAe3a9wJHe,https://api.spotify.com/v1/tracks/7vRriwrloYVaoAe3a9wJHe,https://api.spotify.com/v1/audio-analysis/7vRriwrloYVaoAe3a9wJHe,251034,4
0.501,0.933,6,-3.476,0,0.198,0.0457,0,0.376,0.708,170.13,audio_features,4WdopfTdSd0nCLropjhsgH,spotify:track:4WdopfTdSd0nCLropjhsgH,https://api.spotify.com/v1/tracks/4WdopfTdSd0nCLropjhsgH,https://api.spotify.com/v1/audio-analysis/4WdopfTdSd0nCLropjhsgH,174867,4
0.174,0.451,2,-9.91,1,0.0476,0.0132,0.0162,0.4,0.0853,60.44,audio_features,4ZEvWpjUBtL9gjVIzB2Wbr,spotify:track:4ZEvWpjUBtL9gjVIzB2Wbr,https://api.spotify.com/v1/tracks/4ZEvWpjUBtL9gjVIzB2Wbr,https://api.spotify.com/v1/audio-analysis/4ZEvWpjUBtL9gjVIzB2Wbr,83053,4
