danceability,energy,key,loudness,mode,speechiness,acousticness,instrumentalness,liveness,valence,tempo,type,id,uri,track_href,analysis_url,duration_ms,time_signature
0.597,0.952,2,-5.293,1,0.051,0.00301,8.7e-05,0.789,0.841,107.117,audio_features,5CgihnZO9To8wj7ALOoTPD,spotify:track:5CgihnZO9To8wj7ALOoTPD,https://api.spotify.com/v1/tracks/5CgihnZO9To8wj7ALOoTPD,https://api.spotify.com/v1/audio-analysis/5CgihnZO9To8wj7ALOoTPD,239893,4
0.507,0.85,11,-4.274,0,0.033,0.000163,0,0.0812,0.545,153.957,audio_features,6U0D8PIh75fnX6T6TWJLxl,spotify:track:6U0D8PIh75fnX6T6TWJLxl,https://api.spotify.com/v1/tracks/6U0D8PIh75fnX6T6TWJLxl,https://api.spotify.com/v1/audio-analysis/6U0D8PIh75fnX6T6TWJLxl,221716,4
0.445,0.977,0,-2.674,1,0.0995,0.000347,0.0235,0.126,0.239,105.825,audio_features,7j2Bmzpnf6RwEWEQ2sv8Ho,spotify:track:7j2Bmzpnf6RwEWEQ2sv8Ho,https://api.spotify.com/v1/tracks/7j2Bmzpnf6RwEWEQ2sv8Ho,https://api.spotify.com/v1/audio-analysis/7j2Bmzpnf6RwEWEQ2sv8Ho,184000,4
0.613,0.873,7,-6.376,0,0.0449,0.00397,0.00111,0.367,0.392,129.989,audio_features,7i9763l5SSfOnqZ35VOcfy,spotify:track:7i9763l5SSfOnqZ35VOcfy,https://api.spotify.com/v1/tracks/7i9763l5SSfOnqZ35VOcfy,https://api.spotify.com/v1/audio-analysis/7i9763l5SSfOnqZ35VOcfy,234813,4
0.655,0.632,2,-4.802,1,0.0489,0.0189,0,0.0722,0.447,120.113,audio_features,3bnVBN67NBEzedqQuWrpP4,spotify:track:3bnVBN67NBEzedqQuWrpP4,https://api.spotify.com/v1/tracks/3bnVBN67NBEzedqQuWrpP4,https://api.spotify.com/v1/audio-analysis/3bnVBN67NBEzedqQuWrpP4,188493,4
0.268,0.742,5,-4.939,1,0.0355,0.0518,0,0.626,0.416,159.779,audio_features,64yrDBpcdwEdNY9loyEGbX,spotify:track:64yrDBpcdwEdNY9loyEGbX,https://api.spotify.com/v1/tracks/64yrDBpcdwEdNY9loyEGbX,https://api.spotify.com/v1/audio-analysis/64yrDBpcdwEdNY9loyEGbX,321093,4
0.642,0.873,2,-5.821,1,0.0551,0.00394,0,0.175,0.662,82.002,audio_features,46Kcradxrva9Dny4lHU1b3,spotify:track:46Kcradxrva9Dny4lHU1b3,https://api.spotify.com/v1/tracks/46Kcradxrva9Dny4lHU1b3,https://api.spotify.com/v1/audio-analysis/46Kcradxrva9Dny4lHU1b3,192053,4
0.467,0.883,2,-3.679,0,0.106,0.000321,0.000152,0.125,0.309,122.252,audio_features,2d6m2F4I7wCuAKtSsdhh83,spotify:track:2d6m2F4I7wCuAKtSsdhh83,https://api.spotify.com/v1/tracks/2d6m2F4I7wCuAKtSsdhh83,https://api.spotify.com/v1/audio-analysis/2d6m2F4I7wCuAKtSsdhh83,299227,4
0.494,0.842,7,-4.784,1,0.0843,0.00579,0,0.122,0.574,162.011,audio_features,2TfSHkHiFO4gRztVIkggkE,spotify:track:2TfSHkHiFO4gRztVIkggkE,https://api.spotify.com/v1/tracks/2TfSHkHiFO4gRztVIkggkE,https://api.spotify.com/v1/audio-analysis/2TfSHkHiFO4gRztVIkggkE,229093,4
