danceability,energy,key,loudness,mode,speechiness,acousticness,instrumentalness,liveness,valence,tempo,type,id,uri,track_href,analysis_url,duration_ms,time_signature
0.456,0.982,10,-5.428,1,0.0958,0.000138,2.31e-06,0.343,0.699,159.97,audio_features,5ah7kcnR5jt5pA42Xp7dZV,spotify:track:5ah7kcnR5jt5pA42Xp7dZV,https://api.spotify.com/v1/tracks/5ah7kcnR5jt5pA42Xp7dZV,https://api.spotify.com/v1/audio-analysis/5ah7kcnR5jt5pA42Xp7dZV,151728,4
0.742,0.479,10,-5.83,1,0.0551,0.29,0,0.391,0.346,119.951,audio_features,7129iqBafaphfc3WPCGC0L,spotify:track:7129iqBafaphfc3WPCGC0L,https://api.spotify.com/v1/tracks/7129iqBafaphfc3WPCGC0L,https://api.spotify.com/v1/audio-analysis/7129iqBafaphfc3WPCGC0L,237300,4
0.546,0.814,7,-5.146,1,0.0314,0.023,0,0.0972,0.146,104.98,audio_features,3ZffCQKLFLUvYM59XKLbVm,spotify:track:3ZffCQKLFLUvYM59XKLbVm,https://api.spotify.com/v1/tracks/3ZffCQKLFLUvYM59XKLbVm,https://api.spotify.com/v1/audio-analysis/3ZffCQKLFLUvYM59XKLbVm,285653,4
0.463,0.857,4,-3.063,1,0.0632,0.0506,0,0.184,0.856,111.647,audio_features,7j31rVgGX9Q2blT92VBEA0,spotify:track:7j31rVgGX9Q2blT92VBEA0,https://api.spotify.com/v1/tracks/7j31rVgGX9Q2blT92VBEA0,https://api.spotify.com/v1/audio-analysis/7j31rVgGX9Q2blT92VBEA0,161920,4
0.502,0.912,1,-4.556,1,0.0564,2.55e-05,0.000173,0.106,0.72,116.761,audio_features,5ghIJDpPoe3CfHMGu71E6T,spotify:track:5ghIJDpPoe3CfHMGu71E6T,https://api.spotify.com/v1/tracks/5ghIJDpPoe3CfHMGu71E6T,https://api.spotify.com/v1/audio-analysis/5ghIJDpPoe3CfHMGu71E6T,301920,4
0.656,0.291,2,-10.572,1,0.0293,0.872,0,0.114,0.298,103.971,audio_features,4RCWB3V8V0dignt99LZ8vH,spotify:track:4RCWB3V8V0dignt99LZ8vH,https://api.spotify.com/v1/tracks/4RCWB3V8V0dignt99LZ8vH,https://api.spotify.com/v1/audio-analysis/4RCWB3V8V0dignt99LZ8vH,232533,4
0.718,0.714,0,-5.699,1,0.0622,0.0963,0,0.141,0.84,149.949,audio_features,1pKmfhwbZvsyYUP2eOGdw5,spotify:track:1pKmfhwbZvsyYUP2eOGdw5,https://api.spotify.com/v1/tracks/1pKmfhwbZvsyYUP2eOGdw5,https://api.spotify.com/v1/audio-analysis/1pKmfhwbZvsyYUP2eOGdw5,229120,4
0.259,0.967,5,-4.076,0,0.102,0.00131,2.52e-06,0.105,0.696,176.986,audio_features,0VOSxdPhDpJzbplhLaD3VG,spotify:track:0VOSxdPhDpJzbplhLaD3VG,https://api.spotify.com/v1/tracks/0VOSxdPhDpJzbplhLaD3VG,https://api.spotify.com/v1/audio-analysis/0VOSxdPhDpJzbplhLaD3VG,219973,3
0.436,0.893,9,-4.18,0,0.0556,0.000362,0,0.103,0.0794,124.113,audio_features,5rLi8B8qgk6qThwRnKHW2P,spotify:track:5rLi8B8qgk6qThwRnKHW2P,https://api.spotify.com/v1/tracks/5rLi8B8qgk6qThwRnKHW2P,https://api.spotify.com/v1/audio-analysis/5rLi8B8qgk6qThwRnKHW2P,226680,4
