danceability,energy,key,loudness,mode,speechiness,acousticness,instrumentalness,liveness,valence,tempo,type,id,uri,track_href,analysis_url,duration_ms,time_signature
0.559,0.895,1,-4.476,0,0.0832,0.0154,0,0.175,0.59,183.825,audio_features,2fh3bZ8jZhMxOcfESE9nQY,spotify:track:2fh3bZ8jZhMxOcfESE9nQY,https://api.spotify.com/v1/tracks/2fh3bZ8jZhMxOcfESE9nQY,https://api.spotify.com/v1/audio-analysis/2fh3bZ8jZhMxOcfESE9nQY,213093,4
0.578,0.886,11,-4.348,1,0.0633,0.011,0,0.143,0.615,80.008,audio_features,6TzJLISIitIzn1WtjDY0Op,spotify:track:6TzJLISIitIzn1WtjDY0Op,https://api.spotify.com/v1/tracks/6TzJLISIitIzn1WtjDY0Op,https://api.spotify.com/v1/audio-analysis/6TzJLISIitIzn1WtjDY0Op,180627,4
0.562,0.904,1,-4.947,1,0.0807,0.00302,0,0.0433,0.651,94.481,audio_features,3px2rAPu74ltbkf9eZsZ8h,spotify:track:3px2rAPu74ltbkf9eZsZ8h,https://api.spotify.com/v1/tracks/3px2rAPu74ltbkf9eZsZ8h,https://api.spotify.com/v1/audio-analysis/3px2rAPu74ltbkf9eZsZ8h,158667,4
0.462,0.538,0,-5.527,1,0.059,0.0137,0,0.429,0.405,139.256,audio_features,1BECwm5qkaBwlbfo4kpYx8,spotify:track:1BECwm5qkaBwlbfo4kpYx8,https://api.spotify.com/v1/tracks/1BECwm5qkaBwlbfo4kpYx8,https://api.spotify.com/v1/audio-analysis/1BECwm5qkaBwlbfo4kpYx8,203507,4
0.556,0.708,7,-5.708,1,0.039,0.00329,0,0.329,0.206,128.006,audio_features,3fwKVZ73y7UUGMyR6rVCRa,spotify:track:3fwKVZ73y7UUGMyR6rVCRa,https://api.spotify.com/v1/tracks/3fwKVZ73y7UUGMyR6rVCRa,https://api.spotify.com/v1/audio-analysis/3fwKVZ73y7UUGMyR6rVCRa,254320,4
0.531,0.825,7,-5.333,0,0.0545,0.00191,0,0.329,0.824,156.071,audio_features,5eoZTdiq4C4aoEfUwAN0ha,spotify:track:5eoZTdiq4C4aoEfUwAN0ha,https://api.spotify.com/v1/tracks/5eoZTdiq4C4aoEfUwAN0ha,https://api.spotify.com/v1/audio-analysis/5eoZTdiq4C4aoEfUwAN0ha,171520,4
0.506,0.817,11,-5.051,0,0.0335,0.00272,0,0.0486,0.506,109.952,audio_features,2DgdHcjWmO3qd50RzuBLgZ,spotify:track:2DgdHcjWmO3qd50RzuBLgZ,https://api.spotify.com/v1/tracks/2DgdHcjWmO3qd50RzuBLgZ,https://api.spotify.com/v1/audio-analysis/2DgdHcjWmO3qd50RzuBLgZ,208707,4
0.174,0.337,10,-8.767,1,0.0313,0.474,0.000294,0.11,0.0978,85.574,audio_features,5j9yOfRB2s6OMS1YwwYiMw,spotify:track:5j9yOfRB2s6OMS1YwwYiMw,https://api.spotify.com/v1/tracks/5j9yOfRB2s6OMS1YwwYiMw,https://api.spotify.com/v1/audio-analysis/5j9yOfRB2s6OMS1YwwYiMw,202547,3
0.66,0.8,8,-4.644,1,0.0992,0.106,0,0.154,0.476,125.966,audio_features,5eB7w8UZJKjL5XmnC6Pctg,spotify:track:5eB7w8UZJKjL5XmnC6Pctg,https://api.spotify.com/v1/tracks/5eB7w8UZJKjL5XmnC6Pctg,https://api.spotify.com/v1/audio-analysis/5eB7w8UZJKjL5XmnC6Pctg,200227,4
