danceability,energy,key,loudness,mode,speechiness,acousticness,instrumentalness,liveness,valence,tempo,type,id,uri,track_href,analysis_url,duration_ms,time_signature
0.347,0.0311,11,-19.26,1,0.0513,0.923,0.00112,0.0661,0.124,140.127,audio_features,5K5ZGCme5SkNLsM5EaXgzc,spotify:track:5K5ZGCme5SkNLsM5EaXgzc,https://api.spotify.com/v1/tracks/5K5ZGCme5SkNLsM5EaXgzc,https://api.spotify.com/v1/audio-analysis/5K5ZGCme5SkNLsM5EaXgzc,174221,4
0.386,0.612,1,-5.84,1,0.0378,0.0133,1.74e-05,0.114,0.249,122.646,audio_features,54XGKvGZwA7xB3Uu5vef0C,spotify:track:54XGKvGZwA7xB3Uu5vef0C,https://api.spotify.com/v1/tracks/54XGKvGZwA7xB3Uu5vef0C,https://api.spotify.com/v1/audio-analysis/54XGKvGZwA7xB3Uu5vef0C,171440,4
0.329,0.604,6,-10.046,1,0.0646,0.671,0.257,0.0825,0.0387,121.221,audio_features,3OF76yx8CGiDwzSCT3BeDv,spotify:track:3OF76yx8CGiDwzSCT3BeDv,https://api.spotify.com/v1/tracks/3OF76yx8CGiDwzSCT3BeDv,https://api.spotify.com/v1/audio-analysis/3OF76yx8CGiDwzSCT3BeDv,386080,4
0.22,0.271,2,-12.651,1,0.0354,0.525,0.334,0.14,0.0523,68.414,audio_features,6FjQDNrlAzhw2REqMVuSpw,spotify:track:6FjQDNrlAzhw2REqMVuSpw,https://api.spotify.com/v1/tracks/6FjQDNrlAzhw2REqMVuSpw,https://api.spotify.com/v1/audio-analysis/6FjQDNrlAzhw2REqMVuSpw,352347,5
0.68,0.847,5,-5.987,1,0.0449,0.000433,0,0.331,0.834,123.96,audio_features,0zewUY3RSh8yaV7q66Okem,spotify:track:0zewUY3RSh8yaV7q66Okem,https://api.spotify.com/v1/tracks/0zewUY3RSh8yaV7q66Okem,https://api.spotify.com/v1/audio-analysis/0zewUY3RSh8yaV7q66Okem,189107,4
0.604,0.78,8,-5.792,1,0.0353,0.00382,0.0661,0.107,0.287,103.99,audio_features,1ozYwEeDttK6iWc1yQS8c4,spotify:track:1ozYwEeDttK6iWc1yQS8c4,https://api.spotify.com/v1/tracks/1ozYwEeDttK6iWc1yQS8c4,https://api.spotify.com/v1/audio-analysis/1ozYwEeDttK6iWc1yQS8c4,189240,4
0.592,0.891,5,-4.766,0,0.0522,0.000912,0.000128,0.25,0.571,127.955,audio_features,5Q4H1XkVHxQjnrHCUpS61d,spotify:track:5Q4H1XkVHxQjnrHCUpS61d,https://api.spotify.com/v1/tracks/5Q4H1XkVHxQjnrHCUpS61d,https://api.spotify.com/v1/audio-analysis/5Q4H1XkVHxQjnrHCUpS61d,186600,4
0.508,0.858,5,-5.309,0,0.0557,0.0002,0.000113,0.186,0.385,147.059,audio_features,2zkXavDV9dw8uR0pfhsBt2,spotify:track:2zkXavDV9dw8uR0pfhsBt2,https://api.spotify.com/v1/tracks/2zkXavDV9dw8uR0pfhsBt2,https://api.spotify.com/v1/audio-analysis/2zkXavDV9dw8uR0pfhsBt2,197693,4
0.676,0.756,7,-6.528,0,0.0446,0.00217,3.08e-05,0.104,0.543,126.98,audio_features,4NTL7fT4eqfPao94lmqth2,spotify:track:4NTL7fT4eqfPao94lmqth2,https://api.spotify.com/v1/tracks/4NTL7fT4eqfPao94lmqth2,https://api.spotify.com/v1/audio-analysis/4NTL7fT4eqfPao94lmqth2,197467,4
