danceability,energy,key,loudness,mode,speechiness,acousticness,instrumentalness,liveness,valence,tempo,type,id,uri,track_href,analysis_url,duration_ms,time_signature
0.681,0.283,5,-11.496,1,0.0296,0.781,0.00371,0.114,0.221,111.05,audio_features,1JmLA5HZ7Wp7L8DNctLpUW,spotify:track:1JmLA5HZ7Wp7L8DNctLpUW,https://api.spotify.com/v1/tracks/1JmLA5HZ7Wp7L8DNctLpUW,https://api.spotify.com/v1/audio-analysis/1JmLA5HZ7Wp7L8DNctLpUW,236747,4
0.454,0.124,7,-22.001,1,0.0444,0.784,0.00091,0.0899,0.487,110.766,audio_features,7Esd9ROfkgPgBtWN72U5P5,spotify:track:7Esd9ROfkgPgBtWN72U5P5,https://api.spotify.com/v1/tracks/7Esd9ROfkgPgBtWN72U5P5,https://api.spotify.com/v1/audio-analysis/7Esd9ROfkgPgBtWN72U5P5,238733,5
0.455,0.867,9,-3.445,0,0.151,0.00428,5.01e-05,0.0998,0.29,185.977,audio_features,14uvyd51Ha7FihKHlOtUig,spotify:track:14uvyd51Ha7FihKHlOtUig,https://api.spotify.com/v1/tracks/14uvyd51Ha7FihKHlOtUig,https://api.spotify.com/v1/audio-analysis/14uvyd51Ha7FihKHlOtUig,213520,4
0.515,0.869,11,-4.381,0,0.109,0.00393,0,0.434,0.336,122.748,audio_features,7l9uOhfVJC8Y0c6PXHrgbs,spotify:track:7l9uOhfVJC8Y0c6PXHrgbs,https://api.spotify.com/v1/tracks/7l9uOhfVJC8Y0c6PXHrgbs,https://api.spotify.com/v1/audio-analysis/7l9uOhfVJC8Y0c6PXHrgbs,265333,4
0.489,0.958,1,-2.731,0,0.05,0.000473,0,0.401,0.427,132.975,audio_features,0k8tcDGLSqUQAeuoOaUJj2,spotify:track:0k8tcDGLSqUQAeuoOaUJj2,https://api.spotify.com/v1/tracks/0k8tcDGLSqUQAeuoOaUJj2,https://api.spotify.com/v1/audio-analysis/0k8tcDGLSqUQAeuoOaUJj2,205533,4
0.467,0.803,8,-3.282,1,0.0467,0.000169,6.8e-06,0.123,0.18,129.995,audio_features,62lc21zAcKWs11pbSOabO9,spotify:track:62lc21zAcKWs11pbSOabO9,https://api.spotify.com/v1/tracks/62lc21zAcKWs11pbSOabO9,https://api.spotify.com/v1/audio-analysis/62lc21zAcKWs11pbSOabO9,216093,4
0.57,0.922,0,-5.433,1,0.0424,0.000463,0.000188,0.363,0.32,135.01,audio_features,7m4HUtdXRUHEitLIqbVWxf,spotify:track:7m4HUtdXRUHEitLIqbVWxf,https://api.spotify.com/v1/tracks/7m4HUtdXRUHEitLIqbVWxf,https://api.spotify.com/v1/audio-analysis/7m4HUtdXRUHEitLIqbVWxf,217027,4
0.408,0.499,9,-7.651,1,0.0323,0.665,0,0.11,0.554,88.968,audio_features,5VL7pScLlKe4MbB8EAivgA,spotify:track:5VL7pScLlKe4MbB8EAivgA,https://api.spotify.com/v1/tracks/5VL7pScLlKe4MbB8EAivgA,https://api.spotify.com/v1/audio-analysis/5VL7pScLlKe4MbB8EAivgA,153653,4
0.305,0.701,2,-5.67,1,0.0494,0.00546,1.06e-06,0.182,0.333,75.588,audio_features,1qRKyMsn18kuIIP25W9byL,spotify:track:1qRKyMsn18kuIIP25W9byL,https://api.spotify.com/v1/tracks/1qRKyMsn18kuIIP25W9byL,https://api.spotify.com/v1/audio-analysis/1qRKyMsn18kuIIP25W9byL,283050,4
