danceability,energy,key,loudness,mode,speechiness,acousticness,instrumentalness,liveness,valence,tempo,type,id,uri,track_href,analysis_url,duration_ms,time_signature
0.289,0.796,0,-4.22,1,0.0494,0.00837,2.61e-05,0.202,0.33,169.835,audio_features,4RAOI1etsgbh5NP3T5R8rN,spotify:track:4RAOI1etsgbh5NP3T5R8rN,https://api.spotify.com/v1/tracks/4RAOI1etsgbh5NP3T5R8rN,https://api.spotify.com/v1/audio-analysis/4RAOI1etsgbh5NP3T5R8rN,238680,4
0.457,0.515,4,-4.31,1,0.0261,0.358,0,0.278,0.222,74.984,audio_features,0GgN4MhR5GKn5IcKN0e0rG,spotify:track:0GgN4MhR5GKn5IcKN0e0rG,https://api.spotify.com/v1/tracks/0GgN4MhR5GKn5IcKN0e0rG,https://api.spotify.com/v1/audio-analysis/0GgN4MhR5GKn5IcKN0e0rG,142973,4
0.236,0.799,4,-5.167,0,0.0939,0.0136,0,0.0948,0.303,208.951,audio_features,0Zh3tKIphLOvQux4dA6PFZ,spotify:track:0Zh3tKIphLOvQux4dA6PFZ,https://api.spotify.com/v1/tracks/0Zh3tKIphLOvQux4dA6PFZ,https://api.spotify.com/v1/audio-analysis/0Zh3tKIphLOvQux4dA6PFZ,279027,4
0.397,0.303,5,-7.508,1,0.0435,0.381,0,0.101,0.172,81.05,audio_features,2D4BSm5Z8Hq5zYbSgJwEOh,spotify:track:2D4BSm5Z8Hq5zYbSgJwEOh,https://api.spotify.com/v1/tracks/2D4BSm5Z8Hq5zYbSgJwEOh,https://api.spotify.com/v1/audio-analysis/2D4BSm5Z8Hq5zYbSgJwEOh,250267,4
0.645,0.713,6,-5.355,1,0.0393,0.00835,0,0.113,0.566,74.989,audio_features,2Z8WuEywRWYTKe1NybPQEW,spotify:track:2Z8WuEywRWYTKe1NybPQEW,https://api.spotify.com/v1/tracks/2Z8WuEywRWYTKe1NybPQEW,https://api.spotify.com/v1/audio-analysis/2Z8WuEywRWYTKe1NybPQEW,214507,4
0.536,0.796,10,-6.32,1,0.0333,0.103,0,0.177,0.397,95.98,audio_features,2d1D1E8M48hHE99u6BO8RN,spotify:track:2d1D1E8M48hHE99u6BO8RN,https://api.spotify.com/v1/tracks/2d1D1E8M48hHE99u6BO8RN,https://api.spotify.com/v1/audio-analysis/2d1D1E8M48hHE99u6BO8RN,195013,4
0.418,0.828,11,-4.132,0,0.0475,0.136,0,0.336,0.448,124.783,audio_features,4rstj4vgkFq49R2VV0fbxX,spotify:track:4rstj4vgkFq49R2VV0fbxX,https://api.spotify.com/v1/tracks/4rstj4vgkFq49R2VV0fbxX,https://api.spotify.com/v1/audio-analysis/4rstj4vgkFq49R2VV0fbxX,220720,4
0.686,0.691,5,-4.616,0,0.0371,0.257,0,0.145,0.477,95.046,audio_features,052vSBPxqdmYRDlkSPiavc,spotify:track:052vSBPxqdmYRDlkSPiavc,https://api.spotify.com/v1/tracks/052vSBPxqdmYRDlkSPiavc,https://api.spotify.com/v1/audio-analysis/052vSBPxqdmYRDlkSPiavc,239080,4
0.373,0.97,8,-3.379,1,0.248,5.37e-05,0,0.363,0.667,195.083,audio_features,3uoA6QSeuFuDClnBt5R2eg,spotify:track:3uoA6QSeuFuDClnBt5R2eg,https://api.spotify.com/v1/tracks/3uoA6QSeuFuDClnBt5R2eg,https://api.spotify.com/v1/audio-analysis/3uoA6QSeuFuDClnBt5R2eg,182081,4
