danceability,energy,key,loudness,mode,speechiness,acousticness,instrumentalness,liveness,valence,tempo,type,id,uri,track_href,analysis_url,duration_ms,time_signature
0.74,0.51,5,-7.477,1,0.0242,0.211,0.00951,0.0825,0.528,105.013,audio_features,035QPHPAcqApSGMMcogT45,spotify:track:035QPHPAcqApSGMMcogT45,https://api.spotify.com/v1/tracks/035QPHPAcqApSGMMcogT45,https://api.spotify.com/v1/audio-analysis/035QPHPAcqApSGMMcogT45,283840,4
0.647,0.857,1,-3.94,1,0.0547,0.167,0.000437,0.0763,0.55,115.976,audio_features,51cd3bzVmLAjlnsSZn4ecW,spotify:track:51cd3bzVmLAjlnsSZn4ecW,https://api.spotify.com/v1/tracks/51cd3bzVmLAjlnsSZn4ecW,https://api.spotify.com/v1/audio-analysis/51cd3bzVmLAjlnsSZn4ecW,270107,4
0.703,0.308,10,-7.742,1,0.0355,0.737,0.00618,0.102,0.346,130.084,audio_features,2J3ajGI1sVj9wnqThJHwPS,spotify:track:2J3ajGI1sVj9wnqThJHwPS,https://api.spotify.com/v1/tracks/2J3ajGI1sVj9wnqThJHwPS,https://api.spotify.com/v1/audio-analysis/2J3ajGI1sVj9wnqThJHwPS,380320,3
0.214,0.564,0,-10.112,1,0.0599,0.927,0.886,0.177,0.103,115.862,audio_features,2okZkUkFedYbURyDTKwqxQ,spotify:track:2okZkUkFedYbURyDTKwqxQ,https://api.spotify.com/v1/tracks/2okZkUkFedYbURyDTKwqxQ,https://api.spotify.com/v1/audio-analysis/2okZkUkFedYbURyDTKwqxQ,265843,4
0.165,0.678,0,-7.496,1,0.0421,0.233,0.899,0.105,0.106,110.521,audio_features,37PSljWwMyg3JhqWma3Wai,spotify:track:37PSljWwMyg3JhqWma3Wai,https://api.spotify.com/v1/tracks/37PSljWwMyg3JhqWma3Wai,https://api.spotify.com/v1/audio-analysis/37PSljWwMyg3JhqWma3Wai,319413,4
0.61,0.788,0,-5.724,1,0.0585,0.195,0.0142,0.153,0.472,101.045,audio_features,5hc71nKsUgtwQ3z52KEKQk,spotify:track:5hc71nKsUgtwQ3z52KEKQk,https://api.spotify.com/v1/tracks/5hc71nKsUgtwQ3z52KEKQk,https://api.spotify.com/v1/audio-analysis/5hc71nKsUgtwQ3z52KEKQk,347520,4
0.583,0.654,7,-6.89,1,0.0472,0.0572,0.00116,0.133,0.191,90.021,audio_features,4p1pxmqtPtPHqWbOd2RgXu,spotify:track:4p1pxmqtPtPHqWbOd2RgXu,https://api.spotify.com/v1/tracks/4p1pxmqtPtPHqWbOd2RgXu,https://api.spotify.com/v1/audio-analysis/4p1pxmqtPtPHqWbOd2RgXu,260427,4
0.646,0.938,0,-4.735,1,0.0754,0.0875,6.52e-06,0.447,0.545,120.708,audio_features,316r1KLN0bcmpr7TZcMCXT,spotify:track:316r1KLN0bcmpr7TZcMCXT,https://api.spotify.com/v1/tracks/316r1KLN0bcmpr7TZcMCXT,https://api.spotify.com/v1/audio-analysis/316r1KLN0bcmpr7TZcMCXT,248880,4
0.592,0.84,9,-4.697,1,0.0364,0.0193,0.000191,0.327,0.679,103.026,audio_features,6OPOa3qlKoDUzGpS8MrcLi,spotify:track:6OPOa3qlKoDUzGpS8MrcLi,https://api.spotify.com/v1/tracks/6OPOa3qlKoDUzGpS8MrcLi,https://api.spotify.com/v1/audio-analysis/6OPOa3qlKoDUzGpS8MrcLi,252480,4
