danceability,energy,key,loudness,mode,speechiness,acousticness,instrumentalness,liveness,valence,tempo,type,id,uri,track_href,analysis_url,duration_ms,time_signature
0.405,0.689,10,-5.75,1,0.0365,0.0843,0,0.207,0.397,155.189,audio_features,1S30kHvkkdMkcuCTGSgS41,spotify:track:1S30kHvkkdMkcuCTGSgS41,https://api.spotify.com/v1/tracks/1S30kHvkkdMkcuCTGSgS41,https://api.spotify.com/v1/audio-analysis/1S30kHvkkdMkcuCTGSgS41,191560,4
0.572,0.912,7,-4.875,1,0.0707,0.00155,1.2e-06,0.102,0.606,156.073,audio_features,3yZQk5PC52CCmT4ZaTIKvv,spotify:track:3yZQk5PC52CCmT4ZaTIKvv,https://api.spotify.com/v1/tracks/3yZQk5PC52CCmT4ZaTIKvv,https://api.spotify.com/v1/audio-analysis/3yZQk5PC52CCmT4ZaTIKvv,187187,4
0.628,0.737,7,-4.437,1,0.041,0.0625,0,0.0777,0.592,91.507,audio_features,1cOyWWUr3oXJIxY0AjJEx9,spotify:track:1cOyWWUr3oXJIxY0AjJEx9,https://api.spotify.com/v1/tracks/1cOyWWUr3oXJIxY0AjJEx9,https://api.spotify.com/v1/audio-analysis/1cOyWWUr3oXJIxY0AjJEx9,185194,4
0.611,0.7,9,-5.331,1,0.0436,0.0199,0,0.0549,0.213,104.981,audio_features,4OZEu0Vwq0RB2LAq14v99n,spotify:track:4OZEu0Vwq0RB2LAq14v99n,https://api.spotify.com/v1/tracks/4OZEu0Vwq0RB2LAq14v99n,https://api.spotify.com/v1/audio-analysis/4OZEu0Vwq0RB2LAq14v99n,220573,4
0.741,0.626,1,-4.826,0,0.0886,0.02,0,0.0828,0.706,108.029,audio_features,2ZyuwVvV6Z3XJaXIFbspeE,spotify:track:2ZyuwVvV6Z3XJaXIFbspeE,https://api.spotify.com/v1/tracks/2ZyuwVvV6Z3XJaXIFbspeE,https://api.spotify.com/v1/audio-analysis/2ZyuwVvV6Z3XJaXIFbspeE,188493,4
0.423,0.94,1,-4.012,0,0.0635,0.00166,0,0.178,0.505,149.934,audio_features,6GIrIt2M39wEGwjCQjGChX,spotify:track:6GIrIt2M39wEGwjCQjGChX,https://api.spotify.com/v1/tracks/6GIrIt2M39wEGwjCQjGChX,https://api.spotify.com/v1/audio-analysis/6GIrIt2M39wEGwjCQjGChX,206520,4
0.612,0.807,10,-2.81,1,0.0336,0.0495,0.0177,0.101,0.398,124.053,audio_features,2QjOHCTQ1Jl3zawyYOpxh6,spotify:track:2QjOHCTQ1Jl3zawyYOpxh6,https://api.spotify.com/v1/tracks/2QjOHCTQ1Jl3zawyYOpxh6,https://api.spotify.com/v1/audio-analysis/2QjOHCTQ1Jl3zawyYOpxh6,240400,4
0.241,0.412,2,-14.227,1,0.0435,0.00113,0.472,0.218,0.0511,107.71,audio_features,4lKWSv9JLE8B1YINRFv42O,spotify:track:4lKWSv9JLE8B1YINRFv42O,https://api.spotify.com/v1/tracks/4lKWSv9JLE8B1YINRFv42O,https://api.spotify.com/v1/audio-analysis/4lKWSv9JLE8B1YINRFv42O,79929,4
0.481,0.963,5,-4.879,1,0.0906,9.6e-05,0.000745,0.105,0.622,95.015,audio_features,4aL0a88FhLISWmvanzprnA,spotify:track:4aL0a88FhLISWmvanzprnA,https://api.spotify.com/v1/tracks/4aL0a88FhLISWmvanzprnA,https://api.spotify.com/v1/audio-analysis/4aL0a88FhLISWmvanzprnA,206882,4
