danceability,energy,key,loudness,mode,speechiness,acousticness,instrumentalness,liveness,valence,tempo,type,id,uri,track_href,analysis_url,duration_ms,time_signature
0.569,0.721,7,-6.623,1,0.0453,0.182,0,0.104,0.751,108.198,audio_features,7bNQvH1gTydxfIetHX3WGC,spotify:track:7bNQvH1gTydxfIetHX3WGC,https://api.spotify.com/v1/tracks/7bNQvH1gTydxfIetHX3WGC,https://api.spotify.com/v1/audio-analysis/7bNQvH1gTydxfIetHX3WGC,115467,4
0.425,0.451,9,-7.307,1,0.0293,0.505,0,0.136,0.324,157.25,audio_features,673WCjn0SxKJD4qRKczaCk,spotify:track:673WCjn0SxKJD4qRKczaCk,https://api.spotify.com/v1/tracks/673WCjn0SxKJD4qRKczaCk,https://api.spotify.com/v1/audio-analysis/673WCjn0SxKJD4qRKczaCk,227240,4
0.574,0.563,2,-8.543,0,0.0292,0.56,9.39e-05,0.323,0.67,134.083,audio_features,2x8Ljij15QYLZMwYZWwiLH,spotify:track:2x8Ljij15QYLZMwYZWwiLH,https://api.spotify.com/v1/tracks/2x8Ljij15QYLZMwYZWwiLH,https://api.spotify.com/v1/audio-analysis/2x8Ljij15QYLZMwYZWwiLH,182267,4
0.559,0.795,8,-5.974,1,0.0535,0.0114,0,0.204,0.708,140.137,audio_features,6BlNWpXnsONi1ieRt0Jzsh,spotify:track:6BlNWpXnsONi1ieRt0Jzsh,https://api.spotify.com/v1/tracks/6BlNWpXnsONi1ieRt0Jzsh,https://api.spotify.com/v1/audio-analysis/6BlNWpXnsONi1ieRt0Jzsh,228053,4
0.561,0.655,5,-3.937,1,0.0363,0.0121,0,0.225,0.421,93.673,audio_features,2ZPzNY7eheDHSO4ZpK4tSg,spotify:track:2ZPzNY7eheDHSO4ZpK4tSg,https://api.spotify.com/v1/tracks/2ZPzNY7eheDHSO4ZpK4tSg,https://api.spotify.com/v1/audio-analysis/2ZPzNY7eheDHSO4ZpK4tSg,197213,4
0.64,0.957,8,-2.336,1,0.0741,0.0431,0,0.0789,0.692,134.992,audio_features,2UREu1Y8CO4jXkbvqAtP7g,spotify:track:2UREu1Y8CO4jXkbvqAtP7g,https://api.spotify.com/v1/tracks/2UREu1Y8CO4jXkbvqAtP7g,https://api.spotify.com/v1/audio-analysis/2UREu1Y8CO4jXkbvqAtP7g,178013,4
0.734,0.637,4,-5.677,0,0.141,0.0462,2.29e-05,0.0602,0.648,169.977,audio_features,3CRDbSIZ4r5MsZ0YwxuEkn,spotify:track:3CRDbSIZ4r5MsZ0YwxuEkn,https://api.spotify.com/v1/tracks/3CRDbSIZ4r5MsZ0YwxuEkn,https://api.spotify.com/v1/audio-analysis/3CRDbSIZ4r5MsZ0YwxuEkn,202333,4
0.715,0.723,6,-5.993,0,0.0569,0.0396,8.57e-05,0.084,0.479,114.985,audio_features,1s9xuJxhYM0LdVqksjegcg,spotify:track:1s9xuJxhYM0LdVqksjegcg,https://api.spotify.com/v1/tracks/1s9xuJxhYM0LdVqksjegcg,https://api.spotify.com/v1/audio-analysis/1s9xuJxhYM0LdVqksjegcg,207160,4
0.616,0.811,7,-4.804,1,0.0626,0.0573,1.57e-05,0.0566,0.913,159.929,audio_features,2P61EK6DMGyVyssLWS4fKy,spotify:track:2P61EK6DMGyVyssLWS4fKy,https://api.spotify.com/v1/tracks/2P61EK6DMGyVyssLWS4fKy,https://api.spotify.com/v1/audio-analysis/2P61EK6DMGyVyssLWS4fKy,253093,4
