danceability,energy,key,loudness,mode,speechiness,acousticness,instrumentalness,liveness,valence,tempo,type,id,uri,track_href,analysis_url,duration_ms,time_signature
0.584,0.536,10,-8.158,1,0.0279,0.112,0,0.456,0.44,126.996,audio_features,6J7cSyvSCnPwv3vqHchEfL,spotify:track:6J7cSyvSCnPwv3vqHchEfL,https://api.spotify.com/v1/tracks/6J7cSyvSCnPwv3vqHchEfL,https://api.spotify.com/v1/audio-analysis/6J7cSyvSCnPwv3vqHchEfL,243227,4
0.56,0.731,2,-6.121,1,0.0281,0.0475,0,0.282,0.401,99.981,audio_features,0c2yZp1tTYAUiKraMdS8Yg,spotify:track:0c2yZp1tTYAUiKraMdS8Yg,https://api.spotify.com/v1/tracks/0c2yZp1tTYAUiKraMdS8Yg,https://api.spotify.com/v1/audio-analysis/0c2yZp1tTYAUiKraMdS8Yg,244824,4
0.766,0.519,9,-7.355,0,0.0366,0.098,0,0.0855,0.612,129.972,audio_features,5cbpoIu3YjoOwbBDGUEp3P,spotify:track:5cbpoIu3YjoOwbBDGUEp3P,https://api.spotify.com/v1/tracks/5cbpoIu3YjoOwbBDGUEp3P,https://api.spotify.com/v1/audio-analysis/5cbpoIu3YjoOwbBDGUEp3P,267720,4
0.606,0.924,11,-4.531,0,0.0349,0.00216,3.3e-06,0.24,0.965,144.998,audio_features,2wEjPgOCEczmjlvq60LyQi,spotify:track:2wEjPgOCEczmjlvq60LyQi,https://api.spotify.com/v1/tracks/2wEjPgOCEczmjlvq60LyQi,https://api.spotify.com/v1/audio-analysis/2wEjPgOCEczmjlvq60LyQi,206840,4
0.716,0.73,6,-4.126,0,0.0364,0.058,7.32e-06,0.151,0.339,136.05,audio_features,3fo6DYGktjENCiagUeU9yH,spotify:track:3fo6DYGktjENCiagUeU9yH,https://api.spotify.com/v1/tracks/3fo6DYGktjENCiagUeU9yH,https://api.spotify.com/v1/audio-analysis/3fo6DYGktjENCiagUeU9yH,204086,4
0.547,0.936,9,-4.023,1,0.102,0.23,3.04e-06,0.172,0.642,120.003,audio_features,22OqansuvEMQu9W0EfiGTI,spotify:track:22OqansuvEMQu9W0EfiGTI,https://api.spotify.com/v1/tracks/22OqansuvEMQu9W0EfiGTI,https://api.spotify.com/v1/audio-analysis/22OqansuvEMQu9W0EfiGTI,177200,4
0.452,0.844,2,-6.099,1,0.0649,0.0758,1.91e-06,0.403,0.346,144.978,audio_features,1YVwFSVhYBPQMdmTD8sXrI,spotify:track:1YVwFSVhYBPQMdmTD8sXrI,https://api.spotify.com/v1/tracks/1YVwFSVhYBPQMdmTD8sXrI,https://api.spotify.com/v1/audio-analysis/1YVwFSVhYBPQMdmTD8sXrI,144649,4
0.553,0.787,7,-7.827,1,0.0931,0.149,3.25e-05,0.102,0.298,139.841,audio_features,4bk6v5SBxNoVsbOvdOvUAJ,spotify:track:4bk6v5SBxNoVsbOvdOvUAJ,https://api.spotify.com/v1/tracks/4bk6v5SBxNoVsbOvdOvUAJ,https://api.spotify.com/v1/audio-analysis/4bk6v5SBxNoVsbOvdOvUAJ,286507,4
0.558,0.924,9,-4.341,0,0.064,0.0271,3.32e-06,0.537,0.567,151.99,audio_features,7s0lDK7y3XLmI7tcsRAbW0,spotify:track:7s0lDK7y3XLmI7tcsRAbW0,https://api.spotify.com/v1/tracks/7s0lDK7y3XLmI7tcsRAbW0,https://api.spotify.com/v1/audio-analysis/7s0lDK7y3XLmI7tcsRAbW0,186827,4
