danceability,energy,key,loudness,mode,speechiness,acousticness,instrumentalness,liveness,valence,tempo,type,id,uri,track_href,analysis_url,duration_ms,time_signature
0.719,0.645,2,-6.141,0,0.0358,0.121,0.00316,0.362,0.69,123.02,audio_features,57yL3161hUMuw06zzzUCHi,spotify:track:57yL3161hUMuw06zzzUCHi,https://api.spotify.com/v1/tracks/57yL3161hUMuw06zzzUCHi,https://api.spotify.com/v1/audio-analysis/57yL3161hUMuw06zzzUCHi,191493,4
0.597,0.666,6,-6.365,0,0.0418,0.122,0.00302,0.1,0.626,164.992,audio_features,6GmkJJMe9U1tEcrJ3Hq3A1,spotify:track:6GmkJJMe9U1tEcrJ3Hq3A1,https://api.spotify.com/v1/tracks/6GmkJJMe9U1tEcrJ3Hq3A1,https://api.spotify.com/v1/audio-analysis/6GmkJJMe9U1tEcrJ3Hq3A1,226787,4
0.715,0.838,2,-6.077,0,0.118,0.0897,0,0.15,0.497,120.007,audio_features,4Oyl6oYSNeeZZP0OAxPVaU,spotify:track:4Oyl6oYSNeeZZP0OAxPVaU,https://api.spotify.com/v1/tracks/4Oyl6oYSNeeZZP0OAxPVaU,https://api.spotify.com/v1/audio-analysis/4Oyl6oYSNeeZZP0OAxPVaU,240080,4
0.683,0.753,2,-5.564,0,0.0317,0.0577,0.00208,0.357,0.389,120.03,audio_features,40sRwFjfrRnaTdYPJIg4CP,spotify:track:40sRwFjfrRnaTdYPJIg4CP,https://api.spotify.com/v1/tracks/40sRwFjfrRnaTdYPJIg4CP,https://api.spotify.com/v1/audio-analysis/40sRwFjfrRnaTdYPJIg4CP,234947,4
0.77,0.706,2,-4.705,1,0.0302,0.0605,0.00182,0.0985,0.527,115.011,audio_features,7qxjGHW485TL8ciwkHD5MK,spotify:track:7qxjGHW485TL8ciwkHD5MK,https://api.spotify.com/v1/tracks/7qxjGHW485TL8ciwkHD5MK,https://api.spotify.com/v1/audio-analysis/7qxjGHW485TL8ciwkHD5MK,238040,4
0.332,0.635,7,-5.653,1,0.0898,0.159,2.79e-06,0.0599,0.261,186.249,audio_features,6KI1ZpZWYAJLvmVhCJz65G,spotify:track:6KI1ZpZWYAJLvmVhCJz65G,https://api.spotify.com/v1/tracks/6KI1ZpZWYAJLvmVhCJz65G,https://api.spotify.com/v1/audio-analysis/6KI1ZpZWYAJLvmVhCJz65G,201493,3
0.732,0.396,4,-9.348,0,0.0286,0.0841,3.58e-05,0.105,0.548,90.024,audio_features,6i0V12jOa3mr6uu4WYhUBr,spotify:track:6i0V12jOa3mr6uu4WYhUBr,https://api.spotify.com/v1/tracks/6i0V12jOa3mr6uu4WYhUBr,https://api.spotify.com/v1/audio-analysis/6i0V12jOa3mr6uu4WYhUBr,195920,4
0.427,0.737,4,-4.124,0,0.0474,0.227,0,0.376,0.653,116.98,audio_features,4xSVkbqCz1xaevkjP8xXL5,spotify:track:4xSVkbqCz1xaevkjP8xXL5,https://api.spotify.com/v1/tracks/4xSVkbqCz1xaevkjP8xXL5,https://api.spotify.com/v1/audio-analysis/4xSVkbqCz1xaevkjP8xXL5,196653,4
