danceability,energy,key,loudness,mode,speechiness,acousticness,instrumentalness,liveness,valence,tempo,type,id,uri,track_href,analysis_url,duration_ms,time_signature
0.6,0.614,8,-4.688,1,0.0885,0.00669,0,0.166,0.341,121.965,audio_features,2KA3lvDwQQiyvuJJvzifGL,spotify:track:2KA3lvDwQQiyvuJJvzifGL,https://api.spotify.com/v1/tracks/2KA3lvDwQQiyvuJJvzifGL,https://api.spotify.com/v1/audio-analysis/2KA3lvDwQQiyvuJJvzifGL,256467,4
0.459,0.761,10,-6.31,1,0.0303,0.0805,0,0.122,0.47,154.021,audio_features,4cpvL9PzBnQjinE5wCo3By,spotify:track:4cpvL9PzBnQjinE5wCo3By,https://api.spotify.com/v1/tracks/4cpvL9PzBnQjinE5wCo3By,https://api.spotify.com/v1/audio-analysis/4cpvL9PzBnQjinE5wCo3By,81427,4
0.581,0.837,1,-4.769,1,0.0403,0.0968,0,0.164,0.696,114.257,audio_features,3vl6Lv6TZO429Z2bBwCiZk,spotify:track:3vl6Lv6TZO429Z2bBwCiZk,https://api.spotify.com/v1/tracks/3vl6Lv6TZO429Z2bBwCiZk,https://api.spotify.com/v1/audio-analysis/3vl6Lv6TZO429Z2bBwCiZk,192307,4
0.51,0.67,8,-7.519,0,0.0343,0.0851,0,0.162,0.265,124.144,audio_features,1ac22sFSlj3iaQV2qAsFkK,spotify:track:1ac22sFSlj3iaQV2qAsFkK,https://api.spotify.com/v1/tracks/1ac22sFSlj3iaQV2qAsFkK,https://api.spotify.com/v1/audio-analysis/1ac22sFSlj3iaQV2qAsFkK,254387,4
0.393,0.482,9,-12.535,1,0.367,0.975,5.8e-05,0.365,0.541,99.731,audio_features,4E1R0vG10ed0wDhjn09kTG,spotify:track:4E1R0vG10ed0wDhjn09kTG,https://api.spotify.com/v1/tracks/4E1R0vG10ed0wDhjn09kTG,https://api.spotify.com/v1/audio-analysis/4E1R0vG10ed0wDhjn09kTG,116147,4
0.47,0.474,5,-9.406,1,0.0262,0.0643,0,0.0645,0.241,170.173,audio_features,49SL9f1Kz73p0bzsNPTY4l,spotify:track:49SL9f1Kz73p0bzsNPTY4l,https://api.spotify.com/v1/tracks/49SL9f1Kz73p0bzsNPTY4l,https://api.spotify.com/v1/audio-analysis/49SL9f1Kz73p0bzsNPTY4l,247773,4
0.432,0.656,7,-6.889,1,0.0419,0.0618,6.01e-05,0.391,0.171,130.276,audio_features,7v1b3qExlTFrpFWrtcnUpE,spotify:track:7v1b3qExlTFrpFWrtcnUpE,https://api.spotify.com/v1/tracks/7v1b3qExlTFrpFWrtcnUpE,https://api.spotify.com/v1/audio-analysis/7v1b3qExlTFrpFWrtcnUpE,293827,4
0.572,0.868,4,-5.811,1,0.058,0.0457,0,0.204,0.491,128.142,audio_features,3AYlkW7zXQWjaIlSjkRHES,spotify:track:3AYlkW7zXQWjaIlSjkRHES,https://api.spotify.com/v1/tracks/3AYlkW7zXQWjaIlSjkRHES,https://api.spotify.com/v1/audio-analysis/3AYlkW7zXQWjaIlSjkRHES,159387,4
0.186,0.428,9,-8.791,0,0.032,0.649,0.000145,0.0877,0.273,163.975,audio_features,7mUIArtwutOJoJ4rF3r0ZD,spotify:track:7mUIArtwutOJoJ4rF3r0ZD,https://api.spotify.com/v1/tracks/7mUIArtwutOJoJ4rF3r0ZD,https://api.spotify.com/v1/audio-analysis/7mUIArtwutOJoJ4rF3r0ZD,223933,4
