danceability,energy,key,loudness,mode,speechiness,acousticness,instrumentalness,liveness,valence,tempo,type,id,uri,track_href,analysis_url,duration_ms,time_signature
0.587,0.736,9,-5.824,1,0.0948,0.015,8.81e-05,0.148,0.177,99.614,audio_features,01DidSmPasiXdPhDVuaULL,spotify:track:01DidSmPasiXdPhDVuaULL,https://api.spotify.com/v1/tracks/01DidSmPasiXdPhDVuaULL,https://api.spotify.com/v1/audio-analysis/01DidSmPasiXdPhDVuaULL,237481,4
0.68,0.707,1,-5.505,1,0.0319,0.0015,0.0218,0.179,0.107,126.012,audio_features,20GiNYO3NzOqBq9i8k8l9S,spotify:track:20GiNYO3NzOqBq9i8k8l9S,https://api.spotify.com/v1/tracks/20GiNYO3NzOqBq9i8k8l9S,https://api.spotify.com/v1/audio-analysis/20GiNYO3NzOqBq9i8k8l9S,265934,4
0.612,0.858,7,-5.437,0,0.0478,0.0124,0,0.0984,0.432,145.306,audio_features,2gNl0X09EFvqTurPXIhQsI,spotify:track:2gNl0X09EFvqTurPXIhQsI,https://api.spotify.com/v1/tracks/2gNl0X09EFvqTurPXIhQsI,https://api.spotify.com/v1/audio-analysis/2gNl0X09EFvqTurPXIhQsI,231765,4
0.641,0.832,1,-5.873,1,0.0333,0.017,0.00186,0.0648,0.167,123.03,audio_features,3aUfWeMesfVs2niopKjNxV,spotify:track:3aUfWeMesfVs2niopKjNxV,https://api.spotify.com/v1/tracks/3aUfWeMesfVs2niopKjNxV,https://api.spotify.com/v1/audio-analysis/3aUfWeMesfVs2niopKjNxV,233769,4
0.586,0.681,6,-5.876,0,0.0409,0.346,0,0.128,0.3,105.362,audio_features,56UJACMXb24lALwYyVNokb,spotify:track:56UJACMXb24lALwYyVNokb,https://api.spotify.com/v1/tracks/56UJACMXb24lALwYyVNokb,https://api.spotify.com/v1/audio-analysis/56UJACMXb24lALwYyVNokb,219047,4
0.678,0.684,8,-4.921,1,0.026,0.00776,1.27e-06,0.248,0.412,132.45,audio_features,6UOz04P0ctHzpMmyvqkGqA,spotify:track:6UOz04P0ctHzpMmyvqkGqA,https://api.spotify.com/v1/tracks/6UOz04P0ctHzpMmyvqkGqA,https://api.spotify.com/v1/audio-analysis/6UOz04P0ctHzpMmyvqkGqA,244190,4
0.574,0.72,1,-5.448,0,0.0367,0.335,0.000284,0.0693,0.314,84.989,audio_features,49j4fyp5Wra73nv6zp5RG3,spotify:track:49j4fyp5Wra73nv6zp5RG3,https://api.spotify.com/v1/tracks/49j4fyp5Wra73nv6zp5RG3,https://api.spotify.com/v1/audio-analysis/49j4fyp5Wra73nv6zp5RG3,310771,4
0.551,0.796,3,-3.525,0,0.0318,0.0162,0.000196,0.196,0.464,92.962,audio_features,0ECmt9zUOF4D7sDMwCDmYF,spotify:track:0ECmt9zUOF4D7sDMwCDmYF,https://api.spotify.com/v1/tracks/0ECmt9zUOF4D7sDMwCDmYF,https://api.spotify.com/v1/audio-analysis/0ECmt9zUOF4D7sDMwCDmYF,215696,4
0.637,0.784,1,-4.054,1,0.0313,0.000531,0.0139,0.315,0.287,100.024,audio_features,5aCImDeFaWVZB4BFfadf0c,spotify:track:5aCImDeFaWVZB4BFfadf0c,https://api.spotify.com/v1/tracks/5aCImDeFaWVZB4BFfadf0c,https://api.spotify.com/v1/audio-analysis/5aCImDeFaWVZB4BFfadf0c,188705,4
