danceability,energy,key,loudness,mode,speechiness,acousticness,instrumentalness,liveness,valence,tempo,type,id,uri,track_href,analysis_url,duration_ms,time_signature
0.642,0.289,9,-9.918,1,0.0367,0.669,0,0.18,0.407,84.996,audio_features,1VdZ0vKfR5jneCmWIUAMxK,spotify:track:1VdZ0vKfR5jneCmWIUAMxK,https://api.spotify.com/v1/tracks/1VdZ0vKfR5jneCmWIUAMxK,https://api.spotify.com/v1/audio-analysis/1VdZ0vKfR5jneCmWIUAMxK,258373,4
0.69,0.678,0,-6.52,1,0.154,0.11,0,0.246,0.409,173.995,audio_features,4rfaoyaZvNa60cj3OKSQV9,spotify:track:4rfaoyaZvNa60cj3OKSQV9,https://api.spotify.com/v1/tracks/4rfaoyaZvNa60cj3OKSQV9,https://api.spotify.com/v1/audio-analysis/4rfaoyaZvNa60cj3OKSQV9,239015,4
0.568,0.692,8,-4.513,1,0.0589,0.0161,0,0.148,0.577,92.023,audio_features,5gWtkdgdyt5bZt9i6n3Kqd,spotify:track:5gWtkdgdyt5bZt9i6n3Kqd,https://api.spotify.com/v1/tracks/5gWtkdgdyt5bZt9i6n3Kqd,https://api.spotify.com/v1/audio-analysis/5gWtkdgdyt5bZt9i6n3Kqd,201520,4
0.49,0.966,7,-3.677,1,0.107,0.011,8e-06,0.201,0.594,157.947,audio_features,1Otx6QaItt8QhNHlbuRhcE,spotify:track:1Otx6QaItt8QhNHlbuRhcE,https://api.spotify.com/v1/tracks/1Otx6QaItt8QhNHlbuRhcE,https://api.spotify.com/v1/audio-analysis/1Otx6QaItt8QhNHlbuRhcE,215796,4
0.516,0.899,0,-4.926,1,0.0462,0.00151,0,0.114,0.442,135.028,audio_features,5RdCvxeak1qL46oSTQ324A,spotify:track:5RdCvxeak1qL46oSTQ324A,https://api.spotify.com/v1/tracks/5RdCvxeak1qL46oSTQ324A,https://api.spotify.com/v1/audio-analysis/5RdCvxeak1qL46oSTQ324A,231297,4
0.388,0.966,2,-4.244,0,0.162,0.00101,0,0.0548,0.508,175.019,audio_features,5kjKiLCznooPWDQQGwuxo9,spotify:track:5kjKiLCznooPWDQQGwuxo9,https://api.spotify.com/v1/tracks/5kjKiLCznooPWDQQGwuxo9,https://api.spotify.com/v1/audio-analysis/5kjKiLCznooPWDQQGwuxo9,206839,4
0.753,0.421,7,-6.988,1,0.0551,0.103,4.03e-05,0.139,0.134,140.031,audio_features,6cwemXIKrAQeP7TMErGwM3,spotify:track:6cwemXIKrAQeP7TMErGwM3,https://api.spotify.com/v1/tracks/6cwemXIKrAQeP7TMErGwM3,https://api.spotify.com/v1/audio-analysis/6cwemXIKrAQeP7TMErGwM3,345507,4
0.798,0.318,10,-6.849,0,0.0431,0.0437,0,0.158,0.425,92.49,audio_features,68NsOuum1AegLDhOIr2ADL,spotify:track:68NsOuum1AegLDhOIr2ADL,https://api.spotify.com/v1/tracks/68NsOuum1AegLDhOIr2ADL,https://api.spotify.com/v1/audio-analysis/68NsOuum1AegLDhOIr2ADL,229000,4
0.537,0.0231,7,-14.407,1,0.0475,0.994,0.0471,0.146,0.342,120.322,audio_features,6BEKt5axiNeWCr9huv0k7I,spotify:track:6BEKt5axiNeWCr9huv0k7I,https://api.spotify.com/v1/tracks/6BEKt5axiNeWCr9huv0k7I,https://api.spotify.com/v1/audio-analysis/6BEKt5axiNeWCr9huv0k7I,142547,4
