danceability,energy,key,loudness,mode,speechiness,acousticness,instrumentalness,liveness,valence,tempo,type,id,uri,track_href,analysis_url,duration_ms,time_signature
0.696,0.801,5,-5.641,0,0.0952,0.0469,0,0.502,0.536,93.003,audio_features,59PL9AwYjIrIpP04n9gmMR,spotify:track:59PL9AwYjIrIpP04n9gmMR,https://api.spotify.com/v1/tracks/59PL9AwYjIrIpP04n9gmMR,https://api.spotify.com/v1/audio-analysis/59PL9AwYjIrIpP04n9gmMR,211909,4
0.776,0.602,1,-7.093,1,0.0586,0.0225,0,0.102,0.251,121.028,audio_features,1LmMBoAoqH111YsaXUPyC3,spotify:track:1LmMBoAoqH111YsaXUPyC3,https://api.spotify.com/v1/tracks/1LmMBoAoqH111YsaXUPyC3,https://api.spotify.com/v1/audio-analysis/1LmMBoAoqH111YsaXUPyC3,193264,4
0.519,0.87,7,-2.599,0,0.0901,0.0151,0.00184,0.493,0.53,139.841,audio_features,7EcMaRZ5PeKgsF1PhpXUZf,spotify:track:7EcMaRZ5PeKgsF1PhpXUZf,https://api.spotify.com/v1/tracks/7EcMaRZ5PeKgsF1PhpXUZf,https://api.spotify.com/v1/audio-analysis/7EcMaRZ5PeKgsF1PhpXUZf,224739,4
0.674,0.932,11,-4.424,0,0.0859,0.0282,0.71,0.684,0.728,101.033,audio_features,3oZoXyU0SkDldgS7AcN4y4,spotify:track:3oZoXyU0SkDldgS7AcN4y4,https://api.spotify.com/v1/tracks/3oZoXyU0SkDldgS7AcN4y4,https://api.spotify.com/v1/audio-analysis/3oZoXyU0SkDldgS7AcN4y4,212773,4
0.651,0.741,4,-5.067,0,0.0408,0.00293,1.2e-05,0.217,0.386,168.02,audio_features,4IXiFMhtXEbSEG8UoAeTwD,spotify:track:4IXiFMhtXEbSEG8UoAeTwD,https://api.spotify.com/v1/tracks/4IXiFMhtXEbSEG8UoAeTwD,https://api.spotify.com/v1/audio-analysis/4IXiFMhtXEbSEG8UoAeTwD,232773,4
0.633,0.727,11,-4.507,0,0.0397,0.136,0,0.511,0.572,120.065,audio_features,4yIYUPqBGy7imJussAOoYz,spotify:track:4yIYUPqBGy7imJussAOoYz,https://api.spotify.com/v1/tracks/4yIYUPqBGy7imJussAOoYz,https://api.spotify.com/v1/audio-analysis/4yIYUPqBGy7imJussAOoYz,190265,4
0.689,0.481,10,-7.503,1,0.0815,0.369,1.03e-06,0.0649,0.283,80.025,audio_features,6IcrwGdIvRsrImOnoYfG9Z,spotify:track:6IcrwGdIvRsrImOnoYfG9Z,https://api.spotify.com/v1/tracks/6IcrwGdIvRsrImOnoYfG9Z,https://api.spotify.com/v1/audio-analysis/6IcrwGdIvRsrImOnoYfG9Z,229526,4
0.7,0.824,1,-6.029,1,0.0772,0.173,0,0.105,0.763,91.979,audio_features,5cXAuTYvFXkL0ombvLGmci,spotify:track:5cXAuTYvFXkL0ombvLGmci,https://api.spotify.com/v1/tracks/5cXAuTYvFXkL0ombvLGmci,https://api.spotify.com/v1/audio-analysis/5cXAuTYvFXkL0ombvLGmci,237997,4
0.656,0.993,4,-1.702,1,0.18,0.00255,2.49e-06,0.197,0.128,127.938,audio_features,4oEcoHOoHYAErA3Tbc0EoW,spotify:track:4oEcoHOoHYAErA3Tbc0EoW,https://api.spotify.com/v1/tracks/4oEcoHOoHYAErA3Tbc0EoW,https://api.spotify.com/v1/audio-analysis/4oEcoHOoHYAErA3Tbc0EoW,187932,4
