danceability,energy,key,loudness,mode,speechiness,acousticness,instrumentalness,liveness,valence,tempo,type,id,uri,track_href,analysis_url,duration_ms,time_signature
0.757,0.892,6,-5.321,1,0.124,0.178,4.19e-05,0.0719,0.936,127.014,audio_features,0upFohXrGxIIAjyaJmCkMU,spotify:track:0upFohXrGxIIAjyaJmCkMU,https://api.spotify.com/v1/tracks/0upFohXrGxIIAjyaJmCkMU,https://api.spotify.com/v1/audio-analysis/0upFohXrGxIIAjyaJmCkMU,255947,4
0.824,0.645,7,-7.314,0,0.214,0.221,0,0.281,0.322,93.0,audio_features,4faQPCxOllqodjw02kmRAu,spotify:track:4faQPCxOllqodjw02kmRAu,https://api.spotify.com/v1/tracks/4faQPCxOllqodjw02kmRAu,https://api.spotify.com/v1/audio-analysis/4faQPCxOllqodjw02kmRAu,200227,4
0.575,0.905,9,-2.372,1,0.338,0.253,0,0.269,0.753,110.165,audio_features,0RMr1YqH6Mv6HeklKsl76e,spotify:track:0RMr1YqH6Mv6HeklKsl76e,https://api.spotify.com/v1/tracks/0RMr1YqH6Mv6HeklKsl76e,https://api.spotify.com/v1/audio-analysis/0RMr1YqH6Mv6HeklKsl76e,270973,5
0.774,0.702,7,-5.66,0,0.101,0.00353,0.000784,0.11,0.461,109.917,audio_features,18XvXourQwvAraGOhUd1c3,spotify:track:18XvXourQwvAraGOhUd1c3,https://api.spotify.com/v1/tracks/18XvXourQwvAraGOhUd1c3,https://api.spotify.com/v1/audio-analysis/18XvXourQwvAraGOhUd1c3,220720,4
0.892,0.807,0,-3.322,1,0.0765,0.133,3.99e-06,0.29,0.706,150.024,audio_features,0Ekuez6rXXvecSg14ifHLk,spotify:track:0Ekuez6rXXvecSg14ifHLk,https://api.spotify.com/v1/tracks/0Ekuez6rXXvecSg14ifHLk,https://api.spotify.com/v1/audio-analysis/0Ekuez6rXXvecSg14ifHLk,267493,4
0.483,0.847,6,-5.042,1,0.349,0.0373,0,0.118,0.67,104.919,audio_features,2e2jSI2Bqb5ju6S1UdFsrr,spotify:track:2e2jSI2Bqb5ju6S1UdFsrr,https://api.spotify.com/v1/tracks/2e2jSI2Bqb5ju6S1UdFsrr,https://api.spotify.com/v1/audio-analysis/2e2jSI2Bqb5ju6S1UdFsrr,251373,4
0.631,0.846,7,-5.873,1,0.243,0.0547,0,0.329,0.467,89.907,audio_features,6t8OuRTnYTtmSmhoY1inPv,spotify:track:6t8OuRTnYTtmSmhoY1inPv,https://api.spotify.com/v1/tracks/6t8OuRTnYTtmSmhoY1inPv,https://api.spotify.com/v1/audio-analysis/6t8OuRTnYTtmSmhoY1inPv,247347,4
0.783,0.844,2,-2.292,1,0.179,0.00956,0,0.111,0.405,119.861,audio_features,6b9we2khttgFCbmS3xO4Kv,spotify:track:6b9we2khttgFCbmS3xO4Kv,https://api.spotify.com/v1/tracks/6b9we2khttgFCbmS3xO4Kv,https://api.spotify.com/v1/audio-analysis/6b9we2khttgFCbmS3xO4Kv,212000,4
0.816,0.849,11,-4.41,1,0.26,0.0811,0,0.0616,0.844,94.007,audio_features,5Y6TvhJuUxqAqCwuOs641w,spotify:track:5Y6TvhJuUxqAqCwuOs641w,https://api.spotify.com/v1/tracks/5Y6TvhJuUxqAqCwuOs641w,https://api.spotify.com/v1/audio-analysis/5Y6TvhJuUxqAqCwuOs641w,258000,4
