danceability,energy,key,loudness,mode,speechiness,acousticness,instrumentalness,liveness,valence,tempo,type,id,uri,track_href,analysis_url,duration_ms,time_signature
0.507,0.934,8,-2.325,0,0.188,0.00943,0.0018,0.222,0.471,175.954,audio_features,1ti43ZT6bc4o1eGOSnBHkO,spotify:track:1ti43ZT6bc4o1eGOSnBHkO,https://api.spotify.com/v1/tracks/1ti43ZT6bc4o1eGOSnBHkO,https://api.spotify.com/v1/audio-analysis/1ti43ZT6bc4o1eGOSnBHkO,282273,4
0.671,0.775,8,-8.085,0,0.285,0.0243,3.26e-06,0.0481,0.645,150.089,audio_features,79DGkPqgRzAyeTC2iRVH9i,spotify:track:79DGkPqgRzAyeTC2iRVH9i,https://api.spotify.com/v1/tracks/79DGkPqgRzAyeTC2iRVH9i,https://api.spotify.com/v1/audio-analysis/79DGkPqgRzAyeTC2iRVH9i,249253,4
0.733,0.777,8,-2.83,0,0.0791,0.0256,0,0.239,0.724,88.494,audio_features,53MHr9cjIlwet0mpmqNvjC,spotify:track:53MHr9cjIlwet0mpmqNvjC,https://api.spotify.com/v1/tracks/53MHr9cjIlwet0mpmqNvjC,https://api.spotify.com/v1/audio-analysis/53MHr9cjIlwet0mpmqNvjC,217561,4
0.565,0.771,1,-5.22,1,0.213,0.00464,0,0.0568,0.573,168.385,audio_features,1Eck97uRMlprKOOJN9oO1E,spotify:track:1Eck97uRMlprKOOJN9oO1E,https://api.spotify.com/v1/tracks/1Eck97uRMlprKOOJN9oO1E,https://api.spotify.com/v1/audio-analysis/1Eck97uRMlprKOOJN9oO1E,225526,4
0.489,0.962,0,-2.597,1,0.215,0.0277,6.18e-06,0.128,0.518,104.563,audio_features,2Vdub5mY4lad7w64bFPUez,spotify:track:2Vdub5mY4lad7w64bFPUez,https://api.spotify.com/v1/tracks/2Vdub5mY4lad7w64bFPUez,https://api.spotify.com/v1/audio-analysis/2Vdub5mY4lad7w64bFPUez,194942,4
0.633,0.727,11,-4.507,0,0.0397,0.136,0,0.511,0.572,120.065,audio_features,4yIYUPqBGy7imJussAOoYz,spotify:track:4yIYUPqBGy7imJussAOoYz,https://api.spotify.com/v1/tracks/4yIYUPqBGy7imJussAOoYz,https://api.spotify.com/v1/audio-analysis/4yIYUPqBGy7imJussAOoYz,190265,4
0.631,0.732,1,-4.706,1,0.203,0.0304,0,0.261,0.549,151.779,audio_features,5PfTI3zrQbZEWcQdycMqJM,spotify:track:5PfTI3zrQbZEWcQdycMqJM,https://api.spotify.com/v1/tracks/5PfTI3zrQbZEWcQdycMqJM,https://api.spotify.com/v1/audio-analysis/5PfTI3zrQbZEWcQdycMqJM,231659,4
0.703,0.661,6,-3.885,1,0.0539,0.0517,0,0.34,0.495,149.906,audio_features,5de7ci7TFqbQ1PFgKAD7MR,spotify:track:5de7ci7TFqbQ1PFgKAD7MR,https://api.spotify.com/v1/tracks/5de7ci7TFqbQ1PFgKAD7MR,https://api.spotify.com/v1/audio-analysis/5de7ci7TFqbQ1PFgKAD7MR,249240,4
