danceability,energy,key,loudness,mode,speechiness,acousticness,instrumentalness,liveness,valence,tempo,type,id,uri,track_href,analysis_url,duration_ms,time_signature
0.718,0.801,1,-4.319,0,0.0809,0.141,0.000515,0.0743,0.884,173.959,audio_features,3LCmYQ43vmthxFdE2IrfQi,spotify:track:3LCmYQ43vmthxFdE2IrfQi,https://api.spotify.com/v1/tracks/3LCmYQ43vmthxFdE2IrfQi,https://api.spotify.com/v1/audio-analysis/3LCmYQ43vmthxFdE2IrfQi,296427,4
0.744,0.944,5,-2.896,0,0.128,0.00328,0.0149,0.159,0.584,127.949,audio_features,4j6OvdrZXUD5lmINPNoOtI,spotify:track:4j6OvdrZXUD5lmINPNoOtI,https://api.spotify.com/v1/tracks/4j6OvdrZXUD5lmINPNoOtI,https://api.spotify.com/v1/audio-analysis/4j6OvdrZXUD5lmINPNoOtI,263787,4
0.818,0.799,1,-4.1,0,0.156,0.00107,0.128,0.057,0.0815,100.014,audio_features,67awxiNHNyjMXhVgsHuIrs,spotify:track:67awxiNHNyjMXhVgsHuIrs,https://api.spotify.com/v1/tracks/67awxiNHNyjMXhVgsHuIrs,https://api.spotify.com/v1/audio-analysis/67awxiNHNyjMXhVgsHuIrs,213733,4
0.344,0.944,3,-2.651,1,0.183,0.00833,0,0.163,0.696,177.042,audio_features,2sXeVn17Vn9n7TUdaspO09,spotify:track:2sXeVn17Vn9n7TUdaspO09,https://api.spotify.com/v1/tracks/2sXeVn17Vn9n7TUdaspO09,https://api.spotify.com/v1/audio-analysis/2sXeVn17Vn9n7TUdaspO09,223253,3
0.534,0.646,0,-7.533,1,0.0343,0.168,4.74e-06,0.151,0.0562,124.872,audio_features,1RbmQY9DbIy0RqWFs04FOX,spotify:track:1RbmQY9DbIy0RqWFs04FOX,https://api.spotify.com/v1/tracks/1RbmQY9DbIy0RqWFs04FOX,https://api.spotify.com/v1/audio-analysis/1RbmQY9DbIy0RqWFs04FOX,236440,4
0.702,0.887,6,-4.207,1,0.223,0.241,0,0.254,0.81,134.736,audio_features,3dVZCqeADvNBGUSaIUqZfx,spotify:track:3dVZCqeADvNBGUSaIUqZfx,https://api.spotify.com/v1/tracks/3dVZCqeADvNBGUSaIUqZfx,https://api.spotify.com/v1/audio-analysis/3dVZCqeADvNBGUSaIUqZfx,220987,4
0.548,0.903,1,-4.562,0,0.409,0.0516,0,0.0529,0.552,172.042,audio_features,23WHTR4EN7QUx1oqa2z0zh,spotify:track:23WHTR4EN7QUx1oqa2z0zh,https://api.spotify.com/v1/tracks/23WHTR4EN7QUx1oqa2z0zh,https://api.spotify.com/v1/audio-analysis/23WHTR4EN7QUx1oqa2z0zh,227907,4
0.4,0.915,0,-4.89,1,0.28,0.0846,0,0.0503,0.878,88.917,audio_features,2a1o6ZejUi8U3wzzOtCOYw,spotify:track:2a1o6ZejUi8U3wzzOtCOYw,https://api.spotify.com/v1/tracks/2a1o6ZejUi8U3wzzOtCOYw,https://api.spotify.com/v1/audio-analysis/2a1o6ZejUi8U3wzzOtCOYw,198773,3
0.71,0.8,1,-8.123,1,0.105,0.0404,0.00349,0.0988,0.31,120.004,audio_features,0qqpFnOWNSJ8tZ7FvLIlEB,spotify:track:0qqpFnOWNSJ8tZ7FvLIlEB,https://api.spotify.com/v1/tracks/0qqpFnOWNSJ8tZ7FvLIlEB,https://api.spotify.com/v1/audio-analysis/0qqpFnOWNSJ8tZ7FvLIlEB,202773,4
