danceability,energy,key,loudness,mode,speechiness,acousticness,instrumentalness,liveness,valence,tempo,type,id,uri,track_href,analysis_url,duration_ms,time_signature
0.784,0.815,1,-2.703,1,0.298,0.127,0,0.0758,0.559,178.119,audio_features,0I0wn4G67txQwENcmRH3d6,spotify:track:0I0wn4G67txQwENcmRH3d6,https://api.spotify.com/v1/tracks/0I0wn4G67txQwENcmRH3d6,https://api.spotify.com/v1/audio-analysis/0I0wn4G67txQwENcmRH3d6,271813,4
0.905,0.782,10,-3.604,0,0.164,0.096,0,0.0623,0.798,96.055,audio_features,4P6BuLsqtg5uISdE77ypI9,spotify:track:4P6BuLsqtg5uISdE77ypI9,https://api.spotify.com/v1/tracks/4P6BuLsqtg5uISdE77ypI9,https://api.spotify.com/v1/audio-analysis/4P6BuLsqtg5uISdE77ypI9,211293,4
0.911,0.665,8,-5.169,0,0.249,0.0271,0,0.0656,0.408,140.136,audio_features,6ZziEeo8rdjBeqDE6kFdfD,spotify:track:6ZziEeo8rdjBeqDE6kFdfD,https://api.spotify.com/v1/tracks/6ZziEeo8rdjBeqDE6kFdfD,https://api.spotify.com/v1/audio-analysis/6ZziEeo8rdjBeqDE6kFdfD,202714,4
0.753,0.594,1,-9.486,0,0.0816,0.0711,0,0.391,0.562,112.568,audio_features,2Nh2cMryoXl7BrZoIeN2Pr,spotify:track:2Nh2cMryoXl7BrZoIeN2Pr,https://api.spotify.com/v1/tracks/2Nh2cMryoXl7BrZoIeN2Pr,https://api.spotify.com/v1/audio-analysis/2Nh2cMryoXl7BrZoIeN2Pr,193093,4
0.704,0.777,2,-5.729,1,0.195,0.0358,0,0.151,0.392,111.921,audio_features,60xaS8mYBKUW4VQQ666N0T,spotify:track:60xaS8mYBKUW4VQQ666N0T,https://api.spotify.com/v1/tracks/60xaS8mYBKUW4VQQ666N0T,https://api.spotify.com/v1/audio-analysis/60xaS8mYBKUW4VQQ666N0T,141542,4
0.681,0.314,8,-9.319,1,0.0581,0.2,9.82e-06,0.1,0.166,139.992,audio_features,6mapJIPnQ23RTAevUoE0DL,spotify:track:6mapJIPnQ23RTAevUoE0DL,https://api.spotify.com/v1/tracks/6mapJIPnQ23RTAevUoE0DL,https://api.spotify.com/v1/audio-analysis/6mapJIPnQ23RTAevUoE0DL,208120,4
0.833,0.434,2,-8.795,1,0.431,0.0102,0.0219,0.165,0.281,150.062,audio_features,0VgkVdmE4gld66l8iyGjgx,spotify:track:0VgkVdmE4gld66l8iyGjgx,https://api.spotify.com/v1/tracks/0VgkVdmE4gld66l8iyGjgx,https://api.spotify.com/v1/audio-analysis/0VgkVdmE4gld66l8iyGjgx,204600,4
0.885,0.477,6,-9.196,0,0.0664,0.000131,0.000664,0.336,0.691,130.078,audio_features,4c0rkFPszqQTyC753tsCMU,spotify:track:4c0rkFPszqQTyC753tsCMU,https://api.spotify.com/v1/tracks/4c0rkFPszqQTyC753tsCMU,https://api.spotify.com/v1/audio-analysis/4c0rkFPszqQTyC753tsCMU,346840,4
0.794,0.632,0,-6.163,1,0.0649,0.142,0,0.128,0.355,145.926,audio_features,6fujklziTHa8uoM5OQSfIo,spotify:track:6fujklziTHa8uoM5OQSfIo,https://api.spotify.com/v1/tracks/6fujklziTHa8uoM5OQSfIo,https://api.spotify.com/v1/audio-analysis/6fujklziTHa8uoM5OQSfIo,291893,4
