danceability,energy,key,loudness,mode,speechiness,acousticness,instrumentalness,liveness,valence,tempo,type,id,uri,track_href,analysis_url,duration_ms,time_signature
0.43,0.704,1,-8.008,0,0.0804,0.000155,0.00221,0.0933,0.703,118.242,audio_features,7fcfNW0XxTWlwVlftzfDOR,spotify:track:7fcfNW0XxTWlwVlftzfDOR,https://api.spotify.com/v1/tracks/7fcfNW0XxTWlwVlftzfDOR,https://api.spotify.com/v1/audio-analysis/7fcfNW0XxTWlwVlftzfDOR,315120,4
0.295,0.98,2,-4.075,0,0.0854,3.21e-05,0,0.359,0.283,134.335,audio_features,1KCAEG6JcsTzi8ddZzs0nk,spotify:track:1KCAEG6JcsTzi8ddZzs0nk,https://api.spotify.com/v1/tracks/1KCAEG6JcsTzi8ddZzs0nk,https://api.spotify.com/v1/audio-analysis/1KCAEG6JcsTzi8ddZzs0nk,254613,4
0.455,0.996,0,-3.394,1,0.193,0.000213,6.32e-06,0.412,0.34,165.05,audio_features,0Q4zzvZA2anhHTs0zjwQhy,spotify:track:0Q4zzvZA2anhHTs0zjwQhy,https://api.spotify.com/v1/tracks/0Q4zzvZA2anhHTs0zjwQhy,https://api.spotify.com/v1/audio-analysis/0Q4zzvZA2anhHTs0zjwQhy,243720,4
0.517,0.982,4,-2.992,1,0.302,0.00116,6.42e-05,0.0834,0.163,102.882,audio_features,4A4jk8DOKOfrIyDW9QkKRh,spotify:track:4A4jk8DOKOfrIyDW9QkKRh,https://api.spotify.com/v1/tracks/4A4jk8DOKOfrIyDW9QkKRh,https://api.spotify.com/v1/audio-analysis/4A4jk8DOKOfrIyDW9QkKRh,219800,4
0.609,0.935,6,-2.941,1,0.0479,0.0029,0.000359,0.188,0.498,95.957,audio_features,2Pvw7sZ7cTFMihs9RxNYvD,spotify:track:2Pvw7sZ7cTFMihs9RxNYvD,https://api.spotify.com/v1/tracks/2Pvw7sZ7cTFMihs9RxNYvD,https://api.spotify.com/v1/audio-analysis/2Pvw7sZ7cTFMihs9RxNYvD,252400,4
0.391,0.876,6,-4.096,1,0.0316,7.77e-05,0.012,0.0714,0.299,150.131,audio_features,3cyX3DY6dvKJjYTvjB3d2Q,spotify:track:3cyX3DY6dvKJjYTvjB3d2Q,https://api.spotify.com/v1/tracks/3cyX3DY6dvKJjYTvjB3d2Q,https://api.spotify.com/v1/audio-analysis/3cyX3DY6dvKJjYTvjB3d2Q,247400,4
0.496,0.917,1,-3.51,1,0.0587,0.00177,0.0024,0.131,0.778,158.011,audio_features,4hRBv3CTpXcVirEeb4FLM7,spotify:track:4hRBv3CTpXcVirEeb4FLM7,https://api.spotify.com/v1/tracks/4hRBv3CTpXcVirEeb4FLM7,https://api.spotify.com/v1/audio-analysis/4hRBv3CTpXcVirEeb4FLM7,185040,4
0.38,0.962,6,-2.946,1,0.084,1.02e-05,0.898,0.346,0.5,159.898,audio_features,3ER2b5TBR4XRx9DHiZJ484,spotify:track:3ER2b5TBR4XRx9DHiZJ484,https://api.spotify.com/v1/tracks/3ER2b5TBR4XRx9DHiZJ484,https://api.spotify.com/v1/audio-analysis/3ER2b5TBR4XRx9DHiZJ484,237493,4
0.544,0.948,4,-3.864,1,0.0788,4.36e-05,2.08e-06,0.0691,0.55,113.982,audio_features,0wLuuggTVccdh3FHvL9eCq,spotify:track:0wLuuggTVccdh3FHvL9eCq,https://api.spotify.com/v1/tracks/0wLuuggTVccdh3FHvL9eCq,https://api.spotify.com/v1/audio-analysis/0wLuuggTVccdh3FHvL9eCq,252640,4
