danceability,energy,key,loudness,mode,speechiness,acousticness,instrumentalness,liveness,valence,tempo,type,id,uri,track_href,analysis_url,duration_ms,time_signature
0.492,0.275,6,-13.4,0,0.3,0.687,0,0.101,0.18,92.6,audio_features,7vRriwrloYVaoAe3a9wJHe,spotify:track:7vRriwrloYVaoAe3a9wJHe,https://api.spotify.com/v1/tracks/7vRriwrloYVaoAe3a9wJHe,https://api.spotify.com/v1/audio-analysis/7vRriwrloYVaoAe3a9wJHe,251034,4
0.421,0.407,10,-7.445,1,0.0267,0.309,0.000961,0.11,0.161,139.028,audio_features,6lanRgr6wXibZr8KgzXxBl,spotify:track:6lanRgr6wXibZr8KgzXxBl,https://api.spotify.com/v1/tracks/6lanRgr6wXibZr8KgzXxBl,https://api.spotify.com/v1/audio-analysis/6lanRgr6wXibZr8KgzXxBl,285120,3
0.778,0.547,2,-7.273,1,0.0489,0.346,0.000302,0.132,0.441,95.002,audio_features,1mKXFLRA179hdOWQBwUk9e,spotify:track:1mKXFLRA179hdOWQBwUk9e,https://api.spotify.com/v1/tracks/1mKXFLRA179hdOWQBwUk9e,https://api.spotify.com/v1/audio-analysis/1mKXFLRA179hdOWQBwUk9e,242733,4
0.407,0.147,2,-8.822,1,0.0355,0.857,2.89e-06,0.0913,0.0765,141.284,audio_features,5TvE3pk05pyFIGdSY9j4DJ,spotify:track:5TvE3pk05pyFIGdSY9j4DJ,https://api.spotify.com/v1/tracks/5TvE3pk05pyFIGdSY9j4DJ,https://api.spotify.com/v1/audio-analysis/5TvE3pk05pyFIGdSY9j4DJ,229400,3
0.638,0.656,5,-5.886,1,0.0357,0.188,0,0.146,0.225,104.036,audio_features,7wZUrN8oemZfsEd1CGkbXE,spotify:track:7wZUrN8oemZfsEd1CGkbXE,https://api.spotify.com/v1/tracks/7wZUrN8oemZfsEd1CGkbXE,https://api.spotify.com/v1/audio-analysis/7wZUrN8oemZfsEd1CGkbXE,262467,4
0.559,0.33,9,-8.251,1,0.0285,0.892,0,0.0975,0.285,135.109,audio_features,4kflIGfjdZJW4ot2ioixTB,spotify:track:4kflIGfjdZJW4ot2ioixTB,https://api.spotify.com/v1/tracks/4kflIGfjdZJW4ot2ioixTB,https://api.spotify.com/v1/audio-analysis/4kflIGfjdZJW4ot2ioixTB,285040,4
0.624,0.508,6,-10.348,0,0.662,0.239,0,0.112,0.728,172.118,audio_features,0P7eod3BXbvrLxFiOOfR4c,spotify:track:0P7eod3BXbvrLxFiOOfR4c,https://api.spotify.com/v1/tracks/0P7eod3BXbvrLxFiOOfR4c,https://api.spotify.com/v1/audio-analysis/0P7eod3BXbvrLxFiOOfR4c,201366,4
0.604,0.488,8,-9.653,1,0.267,0.82,0,0.112,0.291,67.442,audio_features,1TpSYY9ut2rvOLyUqPQaZh,spotify:track:1TpSYY9ut2rvOLyUqPQaZh,https://api.spotify.com/v1/tracks/1TpSYY9ut2rvOLyUqPQaZh,https://api.spotify.com/v1/audio-analysis/1TpSYY9ut2rvOLyUqPQaZh,122197,3
0.811,0.609,10,-8.376,1,0.0996,0.227,0,0.102,0.439,120.071,audio_features,1kFlDnWmBTvCBxxeGDpIdp,spotify:track:1kFlDnWmBTvCBxxeGDpIdp,https://api.spotify.com/v1/tracks/1kFlDnWmBTvCBxxeGDpIdp,https://api.spotify.com/v1/audio-analysis/1kFlDnWmBTvCBxxeGDpIdp,134197,4
0.539,0.424,11,-9.361,1,0.0406,0.317,0,0.108,0.17,118.071,audio_features,6PmjWl0phNxc0R5OwkDdiZ,spotify:track:6PmjWl0phNxc0R5OwkDdiZ,https://api.spotify.com/v1/tracks/6PmjWl0phNxc0R5OwkDdiZ,https://api.spotify.com/v1/audio-analysis/6PmjWl0phNxc0R5OwkDdiZ,256867,4
0.583,0.655,0,-5.407,1,0.0315,0.111,3.57e-06,0.113,0.201,119.759,audio_features,5AnCLGg35ziFOloEnXK4uu,spotify:track:5AnCLGg35ziFOloEnXK4uu,https://api.spotify.com/v1/tracks/5AnCLGg35ziFOloEnXK4uu,https://api.spotify.com/v1/audio-analysis/5AnCLGg35ziFOloEnXK4uu,278747,4
0.5,0.292,0,-8.554,1,0.0323,0.746,0,0.188,0.37,145.879,audio_features,1almCHdsfikRPfVB9VrEdT,spotify:track:1almCHdsfikRPfVB9VrEdT,https://api.spotify.com/v1/tracks/1almCHdsfikRPfVB9VrEdT,https://api.spotify.com/v1/audio-analysis/1almCHdsfikRPfVB9VrEdT,185200,4
0.586,0.128,7,-9.297,1,0.0496,0.963,0,0.0858,0.371,123.498,audio_features,0zMzyHAeMvwq5CRstru1Fp,spotify:track:0zMzyHAeMvwq5CRstru1Fp,https://api.spotify.com/v1/tracks/0zMzyHAeMvwq5CRstru1Fp,https://api.spotify.com/v1/audio-analysis/0zMzyHAeMvwq5CRstru1Fp,276067,4
0.477,0.242,8,-9.162,1,0.0529,0.928,0,0.0818,0.488,43.509,audio_features,5hwh37sTi84MVhCBMWzhGE,spotify:track:5hwh37sTi84MVhCBMWzhGE,https://api.spotify.com/v1/tracks/5hwh37sTi84MVhCBMWzhGE,https://api.spotify.com/v1/audio-analysis/5hwh37sTi84MVhCBMWzhGE,207973,4
0.389,0.665,0,-6.169,1,0.0644,0.178,0.000732,0.116,0.199,117.055,audio_features,7lGKEWMXVWWTt3X71Bv44I,spotify:track:7lGKEWMXVWWTt3X71Bv44I,https://api.spotify.com/v1/tracks/7lGKEWMXVWWTt3X71Bv44I,https://api.spotify.com/v1/audio-analysis/7lGKEWMXVWWTt3X71Bv44I,193547,4
