danceability,energy,key,loudness,mode,speechiness,acousticness,instrumentalness,liveness,valence,tempo,type,id,uri,track_href,analysis_url,duration_ms,time_signature
0.638,0.503,10,-11.325,1,0.349,0.353,6.48e-06,0.26,0.555,95.149,audio_features,1oBjEOqMo4Y33RPZHuZb8M,spotify:track:1oBjEOqMo4Y33RPZHuZb8M,https://api.spotify.com/v1/tracks/1oBjEOqMo4Y33RPZHuZb8M,https://api.spotify.com/v1/audio-analysis/1oBjEOqMo4Y33RPZHuZb8M,246243,4
0.539,0.705,0,-6.729,1,0.0527,0.00828,0.135,0.133,0.685,186.033,audio_features,1owjOeZt1BdYWW6T8fIAEe,spotify:track:1owjOeZt1BdYWW6T8fIAEe,https://api.spotify.com/v1/tracks/1owjOeZt1BdYWW6T8fIAEe,https://api.spotify.com/v1/audio-analysis/1owjOeZt1BdYWW6T8fIAEe,328000,4
0.708,0.441,11,-12.931,1,0.196,0.242,0.000147,0.0899,0.724,125.191,audio_features,6IIcvtmuGpWIasqOpyGlyY,spotify:track:6IIcvtmuGpWIasqOpyGlyY,https://api.spotify.com/v1/tracks/6IIcvtmuGpWIasqOpyGlyY,https://api.spotify.com/v1/audio-analysis/6IIcvtmuGpWIasqOpyGlyY,196000,4
0.858,0.575,3,-8.953,0,0.0377,0.00292,1.26e-05,0.0577,0.894,115.534,audio_features,0cQ12DEpXmnoxKDXtdYEW7,spotify:track:0cQ12DEpXmnoxKDXtdYEW7,https://api.spotify.com/v1/tracks/0cQ12DEpXmnoxKDXtdYEW7,https://api.spotify.com/v1/audio-analysis/0cQ12DEpXmnoxKDXtdYEW7,374840,4
0.825,0.811,10,-9.226,0,0.0524,0.258,0.000276,0.132,0.789,104.28,audio_features,53Za5vyGc1x7GxgJVRjRKc,spotify:track:53Za5vyGc1x7GxgJVRjRKc,https://api.spotify.com/v1/tracks/53Za5vyGc1x7GxgJVRjRKc,https://api.spotify.com/v1/audio-analysis/53Za5vyGc1x7GxgJVRjRKc,285253,4
0.867,0.746,7,-7.445,1,0.0475,0.0453,0,0.123,0.933,118.616,audio_features,28NBmftocOzTPEb6OYA9fW,spotify:track:28NBmftocOzTPEb6OYA9fW,https://api.spotify.com/v1/tracks/28NBmftocOzTPEb6OYA9fW,https://api.spotify.com/v1/audio-analysis/28NBmftocOzTPEb6OYA9fW,327573,4
0.865,0.56,2,-7.954,1,0.0567,0.0231,0.0012,0.0833,0.875,101.309,audio_features,6dEs3CH2goHCTR6XCTctVd,spotify:track:6dEs3CH2goHCTR6XCTctVd,https://api.spotify.com/v1/tracks/6dEs3CH2goHCTR6XCTctVd,https://api.spotify.com/v1/audio-analysis/6dEs3CH2goHCTR6XCTctVd,250667,4
0.923,0.795,11,-3.61,0,0.117,0.0394,0.000565,0.101,0.588,123.021,audio_features,33vzOPcd9FRirYGlCu32x4,spotify:track:33vzOPcd9FRirYGlCu32x4,https://api.spotify.com/v1/tracks/33vzOPcd9FRirYGlCu32x4,https://api.spotify.com/v1/audio-analysis/33vzOPcd9FRirYGlCu32x4,242133,4
0.753,0.934,2,-3.011,1,0.0736,0.0174,0.065,0.128,0.73,113.525,audio_features,5X8kkUaUlAyAUr9TYqDFTH,spotify:track:5X8kkUaUlAyAUr9TYqDFTH,https://api.spotify.com/v1/tracks/5X8kkUaUlAyAUr9TYqDFTH,https://api.spotify.com/v1/audio-analysis/5X8kkUaUlAyAUr9TYqDFTH,329933,3
