danceability,energy,key,loudness,mode,speechiness,acousticness,instrumentalness,liveness,valence,tempo,type,id,uri,track_href,analysis_url,duration_ms,time_signature
0.729,0.856,10,-4.164,0,0.035,0.0658,0.00832,0.0691,0.804,116.467,audio_features,2m0M7YqCy4lXfedh18qd8N,spotify:track:2m0M7YqCy4lXfedh18qd8N,https://api.spotify.com/v1/tracks/2m0M7YqCy4lXfedh18qd8N,https://api.spotify.com/v1/audio-analysis/2m0M7YqCy4lXfedh18qd8N,285093,4
0.704,0.724,5,-8.045,1,0.0313,0.0747,7.17e-06,0.125,0.894,92.928,audio_features,5bXLxmqFpKDPbbpkAa9m6V,spotify:track:5bXLxmqFpKDPbbpkAa9m6V,https://api.spotify.com/v1/tracks/5bXLxmqFpKDPbbpkAa9m6V,https://api.spotify.com/v1/audio-analysis/5bXLxmqFpKDPbbpkAa9m6V,229400,4
0.856,0.918,2,-7.362,1,0.0669,0.0115,0.000923,0.186,0.768,132.064,audio_features,1yclhzJfclEDk1gEpey3qE,spotify:track:1yclhzJfclEDk1gEpey3qE,https://api.spotify.com/v1/tracks/1yclhzJfclEDk1gEpey3qE,https://api.spotify.com/v1/audio-analysis/1yclhzJfclEDk1gEpey3qE,352987,4
0.842,0.642,11,-8.362,0,0.0622,0.0766,0.000192,0.0232,0.919,124.009,audio_features,4CJYWuPrkelEaRUQIDJqFi,spotify:track:4CJYWuPrkelEaRUQIDJqFi,https://api.spotify.com/v1/tracks/4CJYWuPrkelEaRUQIDJqFi,https://api.spotify.com/v1/audio-analysis/4CJYWuPrkelEaRUQIDJqFi,359013,4
0.711,0.81,5,-6.443,0,0.0379,0.00359,1.19e-05,0.0881,0.974,117.627,audio_features,24lF0of2nbQlTYDU8i6glX,spotify:track:24lF0of2nbQlTYDU8i6glX,https://api.spotify.com/v1/tracks/24lF0of2nbQlTYDU8i6glX,https://api.spotify.com/v1/audio-analysis/24lF0of2nbQlTYDU8i6glX,247000,4
0.825,0.71,8,-7.6,1,0.0516,0.0835,0.0025,0.0576,0.713,120.247,audio_features,1Dgr8EPW5eoUZzVhZCkBx5,spotify:track:1Dgr8EPW5eoUZzVhZCkBx5,https://api.spotify.com/v1/tracks/1Dgr8EPW5eoUZzVhZCkBx5,https://api.spotify.com/v1/audio-analysis/1Dgr8EPW5eoUZzVhZCkBx5,277933,4
0.912,0.53,10,-8.315,0,0.118,0.0119,0.631,0.084,0.544,116.083,audio_features,05Bc7xa8bCR8EmEuM3cLVG,spotify:track:05Bc7xa8bCR8EmEuM3cLVG,https://api.spotify.com/v1/tracks/05Bc7xa8bCR8EmEuM3cLVG,https://api.spotify.com/v1/audio-analysis/05Bc7xa8bCR8EmEuM3cLVG,202333,4
0.795,0.836,0,-6.625,1,0.0797,0.106,0.00148,0.0702,0.858,124.01,audio_features,4Q6K6M0HSiRboY3C97AxD4,spotify:track:4Q6K6M0HSiRboY3C97AxD4,https://api.spotify.com/v1/tracks/4Q6K6M0HSiRboY3C97AxD4,https://api.spotify.com/v1/audio-analysis/4Q6K6M0HSiRboY3C97AxD4,229840,4
0.794,0.839,10,-6.373,0,0.0526,0.0505,0.106,0.137,0.767,129.98,audio_features,23UfUx67sIKChSO8aNPCoY,spotify:track:23UfUx67sIKChSO8aNPCoY,https://api.spotify.com/v1/tracks/23UfUx67sIKChSO8aNPCoY,https://api.spotify.com/v1/audio-analysis/23UfUx67sIKChSO8aNPCoY,228600,4
