danceability,energy,key,loudness,mode,speechiness,acousticness,instrumentalness,liveness,valence,tempo,type,id,uri,track_href,analysis_url,duration_ms,time_signature
0.762,0.403,11,-10.423,0,0.158,0.0396,0.0113,0.256,0.346,80.476,audio_features,0tNuJpBgtE65diL6Q8Q7fI,spotify:track:0tNuJpBgtE65diL6Q8Q7fI,https://api.spotify.com/v1/tracks/0tNuJpBgtE65diL6Q8Q7fI,https://api.spotify.com/v1/audio-analysis/0tNuJpBgtE65diL6Q8Q7fI,226133,4
0.643,0.535,0,-6.795,0,0.0941,0.648,0.00213,0.0766,0.564,82.193,audio_features,74HYrIbnpc2xKCTenv5qKM,spotify:track:74HYrIbnpc2xKCTenv5qKM,https://api.spotify.com/v1/tracks/74HYrIbnpc2xKCTenv5qKM,https://api.spotify.com/v1/audio-analysis/74HYrIbnpc2xKCTenv5qKM,289720,4
0.753,0.472,3,-9.761,0,0.121,0.48,0.0133,0.284,0.816,135.277,audio_features,7pv80uUHfocFqfTytu1MVi,spotify:track:7pv80uUHfocFqfTytu1MVi,https://api.spotify.com/v1/tracks/7pv80uUHfocFqfTytu1MVi,https://api.spotify.com/v1/audio-analysis/7pv80uUHfocFqfTytu1MVi,238733,4
0.879,0.444,11,-7.22,0,0.14,0.363,0,0.14,0.693,96.176,audio_features,4GRxW50GO0Yc5Pp9LK62Rw,spotify:track:4GRxW50GO0Yc5Pp9LK62Rw,https://api.spotify.com/v1/tracks/4GRxW50GO0Yc5Pp9LK62Rw,https://api.spotify.com/v1/audio-analysis/4GRxW50GO0Yc5Pp9LK62Rw,281040,4
0.827,0.592,11,-7.504,1,0.0802,0.173,0.000422,0.658,0.477,117.012,audio_features,1mg6vB2YbsR1oOqnvzS2Ba,spotify:track:1mg6vB2YbsR1oOqnvzS2Ba,https://api.spotify.com/v1/tracks/1mg6vB2YbsR1oOqnvzS2Ba,https://api.spotify.com/v1/audio-analysis/1mg6vB2YbsR1oOqnvzS2Ba,310810,4
0.912,0.202,0,-9.785,1,0.204,0.124,0.298,0.0903,0.519,87.371,audio_features,2GnXSkwzi1cAHBAzHFczkF,spotify:track:2GnXSkwzi1cAHBAzHFczkF,https://api.spotify.com/v1/tracks/2GnXSkwzi1cAHBAzHFczkF,https://api.spotify.com/v1/audio-analysis/2GnXSkwzi1cAHBAzHFczkF,382333,4
0.701,0.376,8,-8.009,1,0.0503,0.18,0.0908,0.0643,0.522,201.943,audio_features,16btS4PECrq80ZqbRhiK0a,spotify:track:16btS4PECrq80ZqbRhiK0a,https://api.spotify.com/v1/tracks/16btS4PECrq80ZqbRhiK0a,https://api.spotify.com/v1/audio-analysis/16btS4PECrq80ZqbRhiK0a,234648,4
0.797,0.505,7,-9.029,0,0.0828,0.112,0.000622,0.108,0.505,141.001,audio_features,3WrIsXM196pQz95nZyxSDD,spotify:track:3WrIsXM196pQz95nZyxSDD,https://api.spotify.com/v1/tracks/3WrIsXM196pQz95nZyxSDD,https://api.spotify.com/v1/audio-analysis/3WrIsXM196pQz95nZyxSDD,276436,4
0.844,0.533,1,-7.107,1,0.0644,0.0611,0.746,0.09,0.619,92.004,audio_features,4aNsaULjrRRMUPXP9IcDEa,spotify:track:4aNsaULjrRRMUPXP9IcDEa,https://api.spotify.com/v1/tracks/4aNsaULjrRRMUPXP9IcDEa,https://api.spotify.com/v1/audio-analysis/4aNsaULjrRRMUPXP9IcDEa,299693,4
