danceability,energy,key,loudness,mode,speechiness,acousticness,instrumentalness,liveness,valence,tempo,type,id,uri,track_href,analysis_url,duration_ms,time_signature
0.752,0.757,0,-5.618,1,0.0583,0.0285,0.0173,0.209,0.811,113.993,audio_features,1kO27JgrcwWXwazZQdRhj4,spotify:track:1kO27JgrcwWXwazZQdRhj4,https://api.spotify.com/v1/tracks/1kO27JgrcwWXwazZQdRhj4,https://api.spotify.com/v1/audio-analysis/1kO27JgrcwWXwazZQdRhj4,273842,4
0.9,0.514,10,-7.187,0,0.0523,0.0744,5.51e-06,0.0714,0.752,111.944,audio_features,2fkFrI1CSetICN36UeeoeH,spotify:track:2fkFrI1CSetICN36UeeoeH,https://api.spotify.com/v1/tracks/2fkFrI1CSetICN36UeeoeH,https://api.spotify.com/v1/audio-analysis/2fkFrI1CSetICN36UeeoeH,120053,4
0.828,0.678,1,-7.326,0,0.0385,0.389,0.203,0.129,0.569,135.011,audio_features,6mAeGdW84GeUmhRLrvUSN3,spotify:track:6mAeGdW84GeUmhRLrvUSN3,https://api.spotify.com/v1/tracks/6mAeGdW84GeUmhRLrvUSN3,https://api.spotify.com/v1/audio-analysis/6mAeGdW84GeUmhRLrvUSN3,388031,4
0.68,0.835,11,-6.19,0,0.0445,5.18e-05,0.671,0.13,0.35,123.097,audio_features,3Qc7X9ptZRt7IcNj6fjOkW,spotify:track:3Qc7X9ptZRt7IcNj6fjOkW,https://api.spotify.com/v1/tracks/3Qc7X9ptZRt7IcNj6fjOkW,https://api.spotify.com/v1/audio-analysis/3Qc7X9ptZRt7IcNj6fjOkW,275493,4
0.744,0.851,10,-10.108,0,0.049,0.0267,0.00738,0.0989,0.626,105.882,audio_features,63PIgPkDf3rswlU4ZWCYAM,spotify:track:63PIgPkDf3rswlU4ZWCYAM,https://api.spotify.com/v1/tracks/63PIgPkDf3rswlU4ZWCYAM,https://api.spotify.com/v1/audio-analysis/63PIgPkDf3rswlU4ZWCYAM,293600,4
0.694,0.881,1,-4.053,0,0.0701,0.0153,0.0196,0.0851,0.924,121.554,audio_features,2He3NOyqtLNE3RQPpeDdSb,spotify:track:2He3NOyqtLNE3RQPpeDdSb,https://api.spotify.com/v1/tracks/2He3NOyqtLNE3RQPpeDdSb,https://api.spotify.com/v1/audio-analysis/2He3NOyqtLNE3RQPpeDdSb,231787,4
0.81,0.888,11,-5.763,0,0.0691,0.0504,0.634,0.101,0.483,108.726,audio_features,6OLiY3DTLdoh7kxYFqZYX1,spotify:track:6OLiY3DTLdoh7kxYFqZYX1,https://api.spotify.com/v1/tracks/6OLiY3DTLdoh7kxYFqZYX1,https://api.spotify.com/v1/audio-analysis/6OLiY3DTLdoh7kxYFqZYX1,206007,4
0.63,0.858,11,-9.691,1,0.0429,0.0154,0.0242,0.279,0.967,122.672,audio_features,7AU0U8FyOt6fYOG92TnqIW,spotify:track:7AU0U8FyOt6fYOG92TnqIW,https://api.spotify.com/v1/tracks/7AU0U8FyOt6fYOG92TnqIW,https://api.spotify.com/v1/audio-analysis/7AU0U8FyOt6fYOG92TnqIW,204196,4
0.524,0.816,1,-5.872,1,0.37,0.383,0,0.349,0.789,200.031,audio_features,0jsANwwkkHyyeNyuTFq2XO,spotify:track:0jsANwwkkHyyeNyuTFq2XO,https://api.spotify.com/v1/tracks/0jsANwwkkHyyeNyuTFq2XO,https://api.spotify.com/v1/audio-analysis/0jsANwwkkHyyeNyuTFq2XO,285707,4
