danceability,energy,key,loudness,mode,speechiness,acousticness,instrumentalness,liveness,valence,tempo,type,id,uri,track_href,analysis_url,duration_ms,time_signature
0.629,0.824,9,-6.53,1,0.159,0.155,0.000628,0.0651,0.852,128.01,audio_features,3KliPMvk1EvFZu9cvkj8p1,spotify:track:3KliPMvk1EvFZu9cvkj8p1,https://api.spotify.com/v1/tracks/3KliPMvk1EvFZu9cvkj8p1,https://api.spotify.com/v1/audio-analysis/3KliPMvk1EvFZu9cvkj8p1,247960,4
0.487,0.9,0,-4.417,1,0.0482,6.79e-05,0,0.358,0.484,149.937,audio_features,4omisSlTk6Dsq2iQD7MA07,spotify:track:4omisSlTk6Dsq2iQD7MA07,https://api.spotify.com/v1/tracks/4omisSlTk6Dsq2iQD7MA07,https://api.spotify.com/v1/audio-analysis/4omisSlTk6Dsq2iQD7MA07,204000,4
0.559,0.845,11,-3.871,1,0.0379,0.222,0,0.164,0.304,94.915,audio_features,5y69gQtK33qxb8a24ACkCy,spotify:track:5y69gQtK33qxb8a24ACkCy,https://api.spotify.com/v1/tracks/5y69gQtK33qxb8a24ACkCy,https://api.spotify.com/v1/audio-analysis/5y69gQtK33qxb8a24ACkCy,237493,4
0.797,0.75,0,-9.369,1,0.247,0.533,0.108,0.095,0.74,177.87,audio_features,6zsk6uF3MxfIeHPlubKBvR,spotify:track:6zsk6uF3MxfIeHPlubKBvR,https://api.spotify.com/v1/tracks/6zsk6uF3MxfIeHPlubKBvR,https://api.spotify.com/v1/audio-analysis/6zsk6uF3MxfIeHPlubKBvR,211120,4
0.244,0.36,4,-9.05,1,0.0321,0.725,0,0.137,0.0381,98.347,audio_features,4Dw02sVUfUA67l3fZ9FoKs,spotify:track:4Dw02sVUfUA67l3fZ9FoKs,https://api.spotify.com/v1/tracks/4Dw02sVUfUA67l3fZ9FoKs,https://api.spotify.com/v1/audio-analysis/4Dw02sVUfUA67l3fZ9FoKs,280133,1
0.711,0.788,11,-14.705,1,0.0825,0.0117,2.05e-06,0.311,0.757,103.172,audio_features,3BGbqEDio3ocx1v4egIYr6,spotify:track:3BGbqEDio3ocx1v4egIYr6,https://api.spotify.com/v1/tracks/3BGbqEDio3ocx1v4egIYr6,https://api.spotify.com/v1/audio-analysis/3BGbqEDio3ocx1v4egIYr6,204560,4
0.498,0.732,9,-4.352,0,0.0361,0.0597,0,0.0246,0.267,109.901,audio_features,7fTqmkB0NuWJfOhZnrJSJg,spotify:track:7fTqmkB0NuWJfOhZnrJSJg,https://api.spotify.com/v1/tracks/7fTqmkB0NuWJfOhZnrJSJg,https://api.spotify.com/v1/audio-analysis/7fTqmkB0NuWJfOhZnrJSJg,301453,4
0.492,0.81,7,-5.315,1,0.0847,0.0416,0.00379,0.117,0.245,149.954,audio_features,1YLJVmuzeM2YSUkCCaTNUB,spotify:track:1YLJVmuzeM2YSUkCCaTNUB,https://api.spotify.com/v1/tracks/1YLJVmuzeM2YSUkCCaTNUB,https://api.spotify.com/v1/audio-analysis/1YLJVmuzeM2YSUkCCaTNUB,251840,4
0.768,0.864,11,-6.145,1,0.0324,0.101,0,0.162,0.891,110.008,audio_features,1Je1IMUlBXcx1Fz0WE7oPT,spotify:track:1Je1IMUlBXcx1Fz0WE7oPT,https://api.spotify.com/v1/tracks/1Je1IMUlBXcx1Fz0WE7oPT,https://api.spotify.com/v1/audio-analysis/1Je1IMUlBXcx1Fz0WE7oPT,173027,4
