danceability,energy,key,loudness,mode,speechiness,acousticness,instrumentalness,liveness,valence,tempo,type,id,uri,track_href,analysis_url,duration_ms,time_signature
0.642,0.823,0,-5.717,1,0.0289,0.00159,0,0.0776,0.431,122.977,audio_features,58jx3tTuDuzHysC77c0AQd,spotify:track:58jx3tTuDuzHysC77c0AQd,https://api.spotify.com/v1/tracks/58jx3tTuDuzHysC77c0AQd,https://api.spotify.com/v1/audio-analysis/58jx3tTuDuzHysC77c0AQd,227344,4
0.778,0.824,10,-5.892,0,0.0707,0.284,0,0.405,0.758,100.024,audio_features,3ZFTkvIE7kyPt6Nu3PEa7V,spotify:track:3ZFTkvIE7kyPt6Nu3PEa7V,https://api.spotify.com/v1/tracks/3ZFTkvIE7kyPt6Nu3PEa7V,https://api.spotify.com/v1/audio-analysis/3ZFTkvIE7kyPt6Nu3PEa7V,218093,4
0.865,0.69,7,-7.448,1,0.0443,0.285,0.0162,0.225,0.867,121.983,audio_features,4cS2HQ6jK80vqdY9ofpztx,spotify:track:4cS2HQ6jK80vqdY9ofpztx,https://api.spotify.com/v1/tracks/4cS2HQ6jK80vqdY9ofpztx,https://api.spotify.com/v1/audio-analysis/4cS2HQ6jK80vqdY9ofpztx,188867,4
0.82,0.583,1,-4.895,0,0.0452,0.458,0,0.0835,0.811,123.997,audio_features,0C0PMneWdQ8pScZY5UaIdn,spotify:track:0C0PMneWdQ8pScZY5UaIdn,https://api.spotify.com/v1/tracks/0C0PMneWdQ8pScZY5UaIdn,https://api.spotify.com/v1/audio-analysis/0C0PMneWdQ8pScZY5UaIdn,221533,4
0.588,0.751,0,-7.588,1,0.0328,0.00174,6.57e-05,0.353,0.52,136.979,audio_features,4dTVgHZFPlaq9nPbLVVLSG,spotify:track:4dTVgHZFPlaq9nPbLVVLSG,https://api.spotify.com/v1/tracks/4dTVgHZFPlaq9nPbLVVLSG,https://api.spotify.com/v1/audio-analysis/4dTVgHZFPlaq9nPbLVVLSG,209280,4
0.624,0.976,8,-5.355,1,0.0494,0.004,1.18e-05,0.376,0.514,142.008,audio_features,6MjljecHzHelUDismyKkba,spotify:track:6MjljecHzHelUDismyKkba,https://api.spotify.com/v1/tracks/6MjljecHzHelUDismyKkba,https://api.spotify.com/v1/audio-analysis/6MjljecHzHelUDismyKkba,199120,4
0.759,0.699,0,-5.745,0,0.0307,0.202,0.000131,0.443,0.907,92.96,audio_features,3MjUtNVVq3C8Fn0MP3zhXa,spotify:track:3MjUtNVVq3C8Fn0MP3zhXa,https://api.spotify.com/v1/tracks/3MjUtNVVq3C8Fn0MP3zhXa,https://api.spotify.com/v1/audio-analysis/3MjUtNVVq3C8Fn0MP3zhXa,211067,4
0.774,0.838,5,-3.914,0,0.114,0.0249,0.025,0.242,0.924,143.04,audio_features,6I9VzXrHxO9rA9A5euc8Ak,spotify:track:6I9VzXrHxO9rA9A5euc8Ak,https://api.spotify.com/v1/tracks/6I9VzXrHxO9rA9A5euc8Ak,https://api.spotify.com/v1/audio-analysis/6I9VzXrHxO9rA9A5euc8Ak,198800,4
0.847,0.843,5,-3.579,0,0.106,0.415,0.000134,0.107,0.963,110.027,audio_features,6ldwfK0yWgTAlmIfuQkTYN,spotify:track:6ldwfK0yWgTAlmIfuQkTYN,https://api.spotify.com/v1/tracks/6ldwfK0yWgTAlmIfuQkTYN,https://api.spotify.com/v1/audio-analysis/6ldwfK0yWgTAlmIfuQkTYN,203600,4
