danceability,energy,key,loudness,mode,speechiness,acousticness,instrumentalness,liveness,valence,tempo,type,id,uri,track_href,analysis_url,duration_ms,time_signature
0.788,0.753,0,-3.71,1,0.0536,0.0038,0,0.18,0.403,125.005,audio_features,3f7gYMirBEKuc57218BjOY,spotify:track:3f7gYMirBEKuc57218BjOY,https://api.spotify.com/v1/tracks/3f7gYMirBEKuc57218BjOY,https://api.spotify.com/v1/audio-analysis/3f7gYMirBEKuc57218BjOY,234653,4
0.706,0.841,7,-3.956,1,0.0418,7.95e-05,0,0.0688,0.861,132.032,audio_features,1ulXmqjktxSdrdT1bzc69H,spotify:track:1ulXmqjktxSdrdT1bzc69H,https://api.spotify.com/v1/tracks/1ulXmqjktxSdrdT1bzc69H,https://api.spotify.com/v1/audio-analysis/1ulXmqjktxSdrdT1bzc69H,220227,4
0.603,0.767,7,-4.035,0,0.0544,0.115,2.85e-05,0.314,0.491,173.923,audio_features,5ESfsDYalNA5kIaY1Ou7Cy,spotify:track:5ESfsDYalNA5kIaY1Ou7Cy,https://api.spotify.com/v1/tracks/5ESfsDYalNA5kIaY1Ou7Cy,https://api.spotify.com/v1/audio-analysis/5ESfsDYalNA5kIaY1Ou7Cy,156613,4
0.719,0.798,10,-4.582,1,0.0361,0.0162,2.34e-06,0.134,0.591,120.011,audio_features,235LXPXfi0SmOaS9TaCh3c,spotify:track:235LXPXfi0SmOaS9TaCh3c,https://api.spotify.com/v1/tracks/235LXPXfi0SmOaS9TaCh3c,https://api.spotify.com/v1/audio-analysis/235LXPXfi0SmOaS9TaCh3c,227741,4
0.624,0.708,11,-6.297,1,0.144,0.00506,2.21e-06,0.111,0.703,176.009,audio_features,5lS7KHsdvkMJp8eASqZWzb,spotify:track:5lS7KHsdvkMJp8eASqZWzb,https://api.spotify.com/v1/tracks/5lS7KHsdvkMJp8eASqZWzb,https://api.spotify.com/v1/audio-analysis/5lS7KHsdvkMJp8eASqZWzb,216320,4
0.799,0.586,11,-6.735,1,0.0377,0.162,2.03e-06,0.193,0.549,120.97,audio_features,5HuqzFfq2ulY1iBAW5CxLe,spotify:track:5HuqzFfq2ulY1iBAW5CxLe,https://api.spotify.com/v1/tracks/5HuqzFfq2ulY1iBAW5CxLe,https://api.spotify.com/v1/audio-analysis/5HuqzFfq2ulY1iBAW5CxLe,227833,4
0.426,0.584,1,-5.293,1,0.296,0.0383,0,0.192,0.272,193.438,audio_features,557un1HgwYMuqfWGSTmnxw,spotify:track:557un1HgwYMuqfWGSTmnxw,https://api.spotify.com/v1/tracks/557un1HgwYMuqfWGSTmnxw,https://api.spotify.com/v1/audio-analysis/557un1HgwYMuqfWGSTmnxw,192587,4
0.758,0.557,7,-4.568,1,0.034,0.0117,0,0.0418,0.781,126.986,audio_features,2fQxE0jVrjNMT9oJAXtSJR,spotify:track:2fQxE0jVrjNMT9oJAXtSJR,https://api.spotify.com/v1/tracks/2fQxE0jVrjNMT9oJAXtSJR,https://api.spotify.com/v1/audio-analysis/2fQxE0jVrjNMT9oJAXtSJR,231840,4
0.587,0.828,11,-5.105,1,0.149,0.00364,0,0.327,0.519,123.884,audio_features,209NkbzmsUa9pAobU7xGyf,spotify:track:209NkbzmsUa9pAobU7xGyf,https://api.spotify.com/v1/tracks/209NkbzmsUa9pAobU7xGyf,https://api.spotify.com/v1/audio-analysis/209NkbzmsUa9pAobU7xGyf,260253,4
