danceability,energy,key,loudness,mode,speechiness,acousticness,instrumentalness,liveness,valence,tempo,type,id,uri,track_href,analysis_url,duration_ms,time_signature
0.487,0.876,0,-3.152,1,0.0946,0.011,0,0.401,0.725,164.997,audio_features,1rdreHH1v6kyrx2mFQvLR4,spotify:track:1rdreHH1v6kyrx2mFQvLR4,https://api.spotify.com/v1/tracks/1rdreHH1v6kyrx2mFQvLR4,https://api.spotify.com/v1/audio-analysis/1rdreHH1v6kyrx2mFQvLR4,214320,4
0.559,0.963,7,-1.938,1,0.0817,0.000484,0.00303,0.183,0.7,164.057,audio_features,0OJXdyyVL8K6aovPgfqCcN,spotify:track:0OJXdyyVL8K6aovPgfqCcN,https://api.spotify.com/v1/tracks/0OJXdyyVL8K6aovPgfqCcN,https://api.spotify.com/v1/audio-analysis/0OJXdyyVL8K6aovPgfqCcN,217933,4
0.702,0.781,0,-4.081,1,0.03,0.433,0,0.135,0.382,102.997,audio_features,7C7yqFTM0ncyJ04GIKrxdV,spotify:track:7C7yqFTM0ncyJ04GIKrxdV,https://api.spotify.com/v1/tracks/7C7yqFTM0ncyJ04GIKrxdV,https://api.spotify.com/v1/audio-analysis/7C7yqFTM0ncyJ04GIKrxdV,286322,4
0.512,0.701,5,-7.317,1,0.126,0.0238,2.52e-05,0.105,0.32,184.043,audio_features,4s7HDBfWKvfTsG9IE8cw83,spotify:track:4s7HDBfWKvfTsG9IE8cw83,https://api.spotify.com/v1/tracks/4s7HDBfWKvfTsG9IE8cw83,https://api.spotify.com/v1/audio-analysis/4s7HDBfWKvfTsG9IE8cw83,196213,4
0.682,0.795,8,-6.17,0,0.0367,0.0297,0.0391,0.131,0.78,120.008,audio_features,2bRXehD283NioREYxlohc4,spotify:track:2bRXehD283NioREYxlohc4,https://api.spotify.com/v1/tracks/2bRXehD283NioREYxlohc4,https://api.spotify.com/v1/audio-analysis/2bRXehD283NioREYxlohc4,210853,4
0.697,0.709,5,-1.917,0,0.0455,0.0452,0,0.138,0.787,134.91,audio_features,6pymOcrCnMuCWdgGVTvUgP,spotify:track:6pymOcrCnMuCWdgGVTvUgP,https://api.spotify.com/v1/tracks/6pymOcrCnMuCWdgGVTvUgP,https://api.spotify.com/v1/audio-analysis/6pymOcrCnMuCWdgGVTvUgP,213173,4
0.806,0.902,11,-3.387,0,0.0475,0.00127,0,0.212,0.961,128.943,audio_features,4bk78jvK8Fe9YHqruOJW0v,spotify:track:4bk78jvK8Fe9YHqruOJW0v,https://api.spotify.com/v1/tracks/4bk78jvK8Fe9YHqruOJW0v,https://api.spotify.com/v1/audio-analysis/4bk78jvK8Fe9YHqruOJW0v,191667,4
0.535,0.888,11,-3.1,1,0.0446,0.000304,2.17e-06,0.324,0.451,126.011,audio_features,19qn6oU2t0E72ENA0aWNsX,spotify:track:19qn6oU2t0E72ENA0aWNsX,https://api.spotify.com/v1/tracks/19qn6oU2t0E72ENA0aWNsX,https://api.spotify.com/v1/audio-analysis/19qn6oU2t0E72ENA0aWNsX,215160,4
0.711,0.7,1,-4.805,0,0.046,0.00498,0.000125,0.215,0.801,128.001,audio_features,5jPyymL6gQyJNMMnMX1IMx,spotify:track:5jPyymL6gQyJNMMnMX1IMx,https://api.spotify.com/v1/tracks/5jPyymL6gQyJNMMnMX1IMx,https://api.spotify.com/v1/audio-analysis/5jPyymL6gQyJNMMnMX1IMx,211920,4
