danceability,energy,key,loudness,mode,speechiness,acousticness,instrumentalness,liveness,valence,tempo,type,id,uri,track_href,analysis_url,duration_ms,time_signature
0.477,0.697,11,-4.348,1,0.0301,0.0306,0,0.113,0.486,150.049,audio_features,5oi5FZxnsT6jno2seBjmZM,spotify:track:5oi5FZxnsT6jno2seBjmZM,https://api.spotify.com/v1/tracks/5oi5FZxnsT6jno2seBjmZM,https://api.spotify.com/v1/audio-analysis/5oi5FZxnsT6jno2seBjmZM,205160,3
0.545,0.818,9,-6.38,1,0.0541,0.0369,0,0.101,0.679,109.019,audio_features,69DR48pXzSabFUfQfDDJDb,spotify:track:69DR48pXzSabFUfQfDDJDb,https://api.spotify.com/v1/tracks/69DR48pXzSabFUfQfDDJDb,https://api.spotify.com/v1/audio-analysis/69DR48pXzSabFUfQfDDJDb,225067,3
0.687,0.657,7,-6.093,1,0.0455,0.025,0,0.0963,0.786,118.966,audio_features,1X6tCRjIO8AoBtLHMyzYh3,spotify:track:1X6tCRjIO8AoBtLHMyzYh3,https://api.spotify.com/v1/tracks/1X6tCRjIO8AoBtLHMyzYh3,https://api.spotify.com/v1/audio-analysis/1X6tCRjIO8AoBtLHMyzYh3,210853,4
0.543,0.837,11,-6.448,1,0.0608,0.117,0,0.0872,0.506,168.056,audio_features,6GsAD8PgHxmEuIPTG8GP3M,spotify:track:6GsAD8PgHxmEuIPTG8GP3M,https://api.spotify.com/v1/tracks/6GsAD8PgHxmEuIPTG8GP3M,https://api.spotify.com/v1/audio-analysis/6GsAD8PgHxmEuIPTG8GP3M,186080,4
0.551,0.834,7,-6.284,0,0.0497,0.0379,1.37e-06,0.0541,0.835,179.994,audio_features,6XvuIlipd1FZCHd4EQrJIW,spotify:track:6XvuIlipd1FZCHd4EQrJIW,https://api.spotify.com/v1/tracks/6XvuIlipd1FZCHd4EQrJIW,https://api.spotify.com/v1/audio-analysis/6XvuIlipd1FZCHd4EQrJIW,194587,4
0.561,0.932,1,-4.443,1,0.0433,0.00841,4.97e-05,0.0992,0.495,126.116,audio_features,6iWg88k0UH7BjBP2yWXM0i,spotify:track:6iWg88k0UH7BjBP2yWXM0i,https://api.spotify.com/v1/tracks/6iWg88k0UH7BjBP2yWXM0i,https://api.spotify.com/v1/audio-analysis/6iWg88k0UH7BjBP2yWXM0i,199347,4
0.69,0.781,5,-5.101,0,0.0305,0.0873,2.28e-06,0.164,0.841,130.02,audio_features,2Fk0WwAqTBesLtKg97nojy,spotify:track:2Fk0WwAqTBesLtKg97nojy,https://api.spotify.com/v1/tracks/2Fk0WwAqTBesLtKg97nojy,https://api.spotify.com/v1/audio-analysis/2Fk0WwAqTBesLtKg97nojy,190733,4
0.545,0.892,4,-4.944,1,0.0451,0.108,0,0.159,0.646,154.019,audio_features,2MpRdTZORLl6QOE9ODblxR,spotify:track:2MpRdTZORLl6QOE9ODblxR,https://api.spotify.com/v1/tracks/2MpRdTZORLl6QOE9ODblxR,https://api.spotify.com/v1/audio-analysis/2MpRdTZORLl6QOE9ODblxR,189960,4
0.837,0.583,3,-7.231,0,0.0367,0.00784,0,0.0637,0.965,106.961,audio_features,4vLRCGOBz4zIS8nEHk5v9j,spotify:track:4vLRCGOBz4zIS8nEHk5v9j,https://api.spotify.com/v1/tracks/4vLRCGOBz4zIS8nEHk5v9j,https://api.spotify.com/v1/audio-analysis/4vLRCGOBz4zIS8nEHk5v9j,195427,4
