danceability,energy,key,loudness,mode,speechiness,acousticness,instrumentalness,liveness,valence,tempo,type,id,uri,track_href,analysis_url,duration_ms,time_signature
0.596,0.873,7,-6.604,1,0.034,0.0018,2.11e-06,0.389,0.78,148.084,audio_features,0BOgOGUvHKVIqFlchaOowo,spotify:track:0BOgOGUvHKVIqFlchaOowo,https://api.spotify.com/v1/tracks/0BOgOGUvHKVIqFlchaOowo,https://api.spotify.com/v1/audio-analysis/0BOgOGUvHKVIqFlchaOowo,196773,4
0.567,0.795,11,-6.202,0,0.0292,0.0138,0,0.0862,0.415,134.009,audio_features,1j9s0fQmZ4G7Gym2c2MGLX,spotify:track:1j9s0fQmZ4G7Gym2c2MGLX,https://api.spotify.com/v1/tracks/1j9s0fQmZ4G7Gym2c2MGLX,https://api.spotify.com/v1/audio-analysis/1j9s0fQmZ4G7Gym2c2MGLX,247315,4
0.62,0.632,0,-5.94,1,0.0292,0.0578,0,0.229,0.383,116.011,audio_features,5hoBe8xhsQQAsB5CPBN6Mc,spotify:track:5hoBe8xhsQQAsB5CPBN6Mc,https://api.spotify.com/v1/tracks/5hoBe8xhsQQAsB5CPBN6Mc,https://api.spotify.com/v1/audio-analysis/5hoBe8xhsQQAsB5CPBN6Mc,197640,4
0.753,0.772,2,-6.271,1,0.119,0.0823,0,0.0602,0.924,94.993,audio_features,78GjajEEFelJf4Ibk3q7GL,spotify:track:78GjajEEFelJf4Ibk3q7GL,https://api.spotify.com/v1/tracks/78GjajEEFelJf4Ibk3q7GL,https://api.spotify.com/v1/audio-analysis/78GjajEEFelJf4Ibk3q7GL,194373,4
0.657,0.793,7,-4.995,1,0.0365,0.000762,2.91e-05,0.135,0.563,100.002,audio_features,5qFiHqrkmSPAQdp6abWtQC,spotify:track:5qFiHqrkmSPAQdp6abWtQC,https://api.spotify.com/v1/tracks/5qFiHqrkmSPAQdp6abWtQC,https://api.spotify.com/v1/audio-analysis/5qFiHqrkmSPAQdp6abWtQC,168933,4
0.638,0.827,1,-5.793,0,0.0389,0.0054,0.000288,0.0948,0.96,137.077,audio_features,4DdF1l0DzBQy8YL2UVhPrU,spotify:track:4DdF1l0DzBQy8YL2UVhPrU,https://api.spotify.com/v1/tracks/4DdF1l0DzBQy8YL2UVhPrU,https://api.spotify.com/v1/audio-analysis/4DdF1l0DzBQy8YL2UVhPrU,223253,4
0.584,0.715,7,-8.213,1,0.0327,0.0574,8.63e-05,0.086,0.318,90.965,audio_features,4wtvYPxBsNed6f16Bb3F3X,spotify:track:4wtvYPxBsNed6f16Bb3F3X,https://api.spotify.com/v1/tracks/4wtvYPxBsNed6f16Bb3F3X,https://api.spotify.com/v1/audio-analysis/4wtvYPxBsNed6f16Bb3F3X,204760,4
0.634,0.862,2,-5.337,1,0.0376,0.0287,0,0.0217,0.767,95.989,audio_features,1zWZvrk13cL8Sl3VLeG57F,spotify:track:1zWZvrk13cL8Sl3VLeG57F,https://api.spotify.com/v1/tracks/1zWZvrk13cL8Sl3VLeG57F,https://api.spotify.com/v1/audio-analysis/1zWZvrk13cL8Sl3VLeG57F,227693,4
0.661,0.687,7,-6.552,1,0.0287,0.00823,0,0.308,0.665,123.028,audio_features,78RLlRIfPuoSvWPUbJmK6s,spotify:track:78RLlRIfPuoSvWPUbJmK6s,https://api.spotify.com/v1/tracks/78RLlRIfPuoSvWPUbJmK6s,https://api.spotify.com/v1/audio-analysis/78RLlRIfPuoSvWPUbJmK6s,221960,4
