danceability,energy,key,loudness,mode,speechiness,acousticness,instrumentalness,liveness,valence,tempo,type,id,uri,track_href,analysis_url,duration_ms,time_signature
0.509,0.637,4,-4.83,0,0.0471,0.0717,1.08e-05,0.0789,0.378,172.006,audio_features,2aksifNn5ph8igDOkPBA02,spotify:track:2aksifNn5ph8igDOkPBA02,https://api.spotify.com/v1/tracks/2aksifNn5ph8igDOkPBA02,https://api.spotify.com/v1/audio-analysis/2aksifNn5ph8igDOkPBA02,224000,3
0.781,0.57,11,-5.874,0,0.188,0.273,0,0.196,0.858,107.059,audio_features,08WPvDEsHvTFuB9w8tC2OS,spotify:track:08WPvDEsHvTFuB9w8tC2OS,https://api.spotify.com/v1/tracks/08WPvDEsHvTFuB9w8tC2OS,https://api.spotify.com/v1/audio-analysis/08WPvDEsHvTFuB9w8tC2OS,193181,4
0.495,0.762,8,-3.842,1,0.0862,0.591,0,0.0763,0.708,123.893,audio_features,6nxQdXa1uAL0rY72wPZu89,spotify:track:6nxQdXa1uAL0rY72wPZu89,https://api.spotify.com/v1/tracks/6nxQdXa1uAL0rY72wPZu89,https://api.spotify.com/v1/audio-analysis/6nxQdXa1uAL0rY72wPZu89,210293,4
0.72,0.763,9,-4.068,0,0.0523,0.406,0,0.18,0.742,101.965,audio_features,5knuzwU65gJK7IF5yJsuaW,spotify:track:5knuzwU65gJK7IF5yJsuaW,https://api.spotify.com/v1/tracks/5knuzwU65gJK7IF5yJsuaW,https://api.spotify.com/v1/audio-analysis/5knuzwU65gJK7IF5yJsuaW,251088,4
0.588,0.471,0,-7.287,1,0.0577,0.592,0.00146,0.0733,0.209,152.881,audio_features,2BrzlUj1u1CtvaJDGIKpsP,spotify:track:2BrzlUj1u1CtvaJDGIKpsP,https://api.spotify.com/v1/tracks/2BrzlUj1u1CtvaJDGIKpsP,https://api.spotify.com/v1/audio-analysis/2BrzlUj1u1CtvaJDGIKpsP,242081,4
0.742,0.756,9,-4.314,1,0.0277,0.0438,0,0.0908,0.841,98.049,audio_features,5GAdM2E8BpdRLyZLzbzMXb,spotify:track:5GAdM2E8BpdRLyZLzbzMXb,https://api.spotify.com/v1/tracks/5GAdM2E8BpdRLyZLzbzMXb,https://api.spotify.com/v1/audio-analysis/5GAdM2E8BpdRLyZLzbzMXb,186000,4
0.673,0.637,5,-4.518,1,0.0429,0.137,0,0.184,0.678,123.98,audio_features,3E2Zh20GDCR9B1EYjfXWyv,spotify:track:3E2Zh20GDCR9B1EYjfXWyv,https://api.spotify.com/v1/tracks/3E2Zh20GDCR9B1EYjfXWyv,https://api.spotify.com/v1/audio-analysis/3E2Zh20GDCR9B1EYjfXWyv,201160,4
0.495,0.762,8,-3.842,1,0.0862,0.591,0,0.0763,0.708,123.893,audio_features,6nxQdXa1uAL0rY72wPZu89,spotify:track:6nxQdXa1uAL0rY72wPZu89,https://api.spotify.com/v1/tracks/6nxQdXa1uAL0rY72wPZu89,https://api.spotify.com/v1/audio-analysis/6nxQdXa1uAL0rY72wPZu89,210293,4
0.818,0.803,1,-4.282,1,0.0797,0.034,0,0.153,0.632,106.97,audio_features,6b8Be6ljOzmkOmFslEb23P,spotify:track:6b8Be6ljOzmkOmFslEb23P,https://api.spotify.com/v1/tracks/6b8Be6ljOzmkOmFslEb23P,https://api.spotify.com/v1/audio-analysis/6b8Be6ljOzmkOmFslEb23P,225983,4
0.67,0.838,0,-4.031,1,0.0362,0.0604,0.000611,0.159,0.717,104.998,audio_features,78rIJddV4X0HkNAInEcYde,spotify:track:78rIJddV4X0HkNAInEcYde,https://api.spotify.com/v1/tracks/78rIJddV4X0HkNAInEcYde,https://api.spotify.com/v1/audio-analysis/78rIJddV4X0HkNAInEcYde,222041,4
0.668,0.613,4,-4.225,1,0.102,0.414,0,0.102,0.498,99.852,audio_features,6875MeXyCW0wLyT72Eetmo,spotify:track:6875MeXyCW0wLyT72Eetmo,https://api.spotify.com/v1/tracks/6875MeXyCW0wLyT72Eetmo,https://api.spotify.com/v1/audio-analysis/6875MeXyCW0wLyT72Eetmo,181933,4
0.639,0.785,10,-6.167,0,0.174,0.0174,0.00107,0.0512,0.686,191.95,audio_features,6bLopGnirdrilrpdVB6Um1,spotify:track:6bLopGnirdrilrpdVB6Um1,https://api.spotify.com/v1/tracks/6bLopGnirdrilrpdVB6Um1,https://api.spotify.com/v1/audio-analysis/6bLopGnirdrilrpdVB6Um1,210920,4
0.804,0.648,7,-7.805,1,0.117,0.0573,3.49e-05,0.102,0.392,117.983,audio_features,11KJSRSgaDxqydKYiD2Jew,spotify:track:11KJSRSgaDxqydKYiD2Jew,https://api.spotify.com/v1/tracks/11KJSRSgaDxqydKYiD2Jew,https://api.spotify.com/v1/audio-analysis/11KJSRSgaDxqydKYiD2Jew,263373,4
0.648,0.738,6,-5.883,0,0.247,0.0408,0,0.292,0.603,159.145,audio_features,4pLwZjInHj3SimIyN9SnOz,spotify:track:4pLwZjInHj3SimIyN9SnOz,https://api.spotify.com/v1/tracks/4pLwZjInHj3SimIyN9SnOz,https://api.spotify.com/v1/audio-analysis/4pLwZjInHj3SimIyN9SnOz,226160,4
0.662,0.586,0,-8.821,1,0.0307,0.097,0.00272,0.115,0.296,90.0,audio_features,2rizacJSyD9S1IQUxUxnsK,spotify:track:2rizacJSyD9S1IQUxUxnsK,https://api.spotify.com/v1/tracks/2rizacJSyD9S1IQUxUxnsK,https://api.spotify.com/v1/audio-analysis/2rizacJSyD9S1IQUxUxnsK,194080,4
0.825,0.652,1,-3.183,0,0.0802,0.581,0,0.0931,0.931,95.977,audio_features,7qiZfU4dY1lWllzX7mPBI3,spotify:track:7qiZfU4dY1lWllzX7mPBI3,https://api.spotify.com/v1/tracks/7qiZfU4dY1lWllzX7mPBI3,https://api.spotify.com/v1/audio-analysis/7qiZfU4dY1lWllzX7mPBI3,233713,4
