danceability,energy,key,loudness,mode,speechiness,acousticness,instrumentalness,liveness,valence,tempo,type,id,uri,track_href,analysis_url,duration_ms,time_signature
0.795,0.568,5,-7.817,0,0.142,0.0541,0,0.108,0.478,136.173,audio_features,0B8QzDH7YWih85V5SEMnyJ,spotify:track:0B8QzDH7YWih85V5SEMnyJ,https://api.spotify.com/v1/tracks/0B8QzDH7YWih85V5SEMnyJ,https://api.spotify.com/v1/audio-analysis/0B8QzDH7YWih85V5SEMnyJ,198944,4
0.717,0.523,10,-6.506,0,0.0611,0.0799,0,0.206,0.282,127.047,audio_features,5is2KiI0FDPLPLRq9hFybw,spotify:track:5is2KiI0FDPLPLRq9hFybw,https://api.spotify.com/v1/tracks/5is2KiI0FDPLPLRq9hFybw,https://api.spotify.com/v1/audio-analysis/5is2KiI0FDPLPLRq9hFybw,228613,4
0.886,0.427,6,-10.028,1,0.145,0.0312,0.00099,0.0906,0.23,108.034,audio_features,5uDASfU19gDxSjW8cnCaBp,spotify:track:5uDASfU19gDxSjW8cnCaBp,https://api.spotify.com/v1/tracks/5uDASfU19gDxSjW8cnCaBp,https://api.spotify.com/v1/audio-analysis/5uDASfU19gDxSjW8cnCaBp,177184,4
0.635,0.847,7,-3.152,1,0.447,0.533,0,0.154,0.568,166.072,audio_features,7JYsArznYOjX2jsrT3UEnL,spotify:track:7JYsArznYOjX2jsrT3UEnL,https://api.spotify.com/v1/tracks/7JYsArznYOjX2jsrT3UEnL,https://api.spotify.com/v1/audio-analysis/7JYsArznYOjX2jsrT3UEnL,234650,4
0.603,0.725,6,-3.054,1,0.0393,0.174,0,0.0786,0.304,122.803,audio_features,3NJG6vMH1ZsectZkocMEm0,spotify:track:3NJG6vMH1ZsectZkocMEm0,https://api.spotify.com/v1/tracks/3NJG6vMH1ZsectZkocMEm0,https://api.spotify.com/v1/audio-analysis/3NJG6vMH1ZsectZkocMEm0,239853,4
0.928,0.481,9,-9.35,0,0.287,0.105,0,0.176,0.613,134.007,audio_features,343YBumqHu19cGoGARUTsd,spotify:track:343YBumqHu19cGoGARUTsd,https://api.spotify.com/v1/tracks/343YBumqHu19cGoGARUTsd,https://api.spotify.com/v1/audio-analysis/343YBumqHu19cGoGARUTsd,210937,4
0.926,0.666,11,-5.314,1,0.244,0.0611,0,0.123,0.168,127.079,audio_features,4Km5HrUvYTaSUfiSGPJeQR,spotify:track:4Km5HrUvYTaSUfiSGPJeQR,https://api.spotify.com/v1/tracks/4Km5HrUvYTaSUfiSGPJeQR,https://api.spotify.com/v1/audio-analysis/4Km5HrUvYTaSUfiSGPJeQR,343150,4
0.842,0.609,11,-5.867,1,0.19,0.0443,0,0.106,0.184,129.942,audio_features,1pF3VcWYHeuVPflRwGBaWV,spotify:track:1pF3VcWYHeuVPflRwGBaWV,https://api.spotify.com/v1/tracks/1pF3VcWYHeuVPflRwGBaWV,https://api.spotify.com/v1/audio-analysis/1pF3VcWYHeuVPflRwGBaWV,267627,4
0.705,0.609,3,-5.728,1,0.0729,0.694,0,0.234,0.718,140.058,audio_features,4uhvMW7ly7tJil31YYscAN,spotify:track:4uhvMW7ly7tJil31YYscAN,https://api.spotify.com/v1/tracks/4uhvMW7ly7tJil31YYscAN,https://api.spotify.com/v1/audio-analysis/4uhvMW7ly7tJil31YYscAN,199993,4
