danceability,energy,key,loudness,mode,speechiness,acousticness,instrumentalness,liveness,valence,tempo,type,id,uri,track_href,analysis_url,duration_ms,time_signature
0.901,0.352,2,-10.038,1,0.0916,0.585,0,0.122,0.199,111.065,audio_features,5v7kaZNsnyByrSJOfO8gKq,spotify:track:5v7kaZNsnyByrSJOfO8gKq,https://api.spotify.com/v1/tracks/5v7kaZNsnyByrSJOfO8gKq,https://api.spotify.com/v1/audio-analysis/5v7kaZNsnyByrSJOfO8gKq,224865,4
0.671,0.314,5,-8.091,0,0.244,0.11,0,0.0825,0.296,110.898,audio_features,1Tt4sE4pXi57mTD1GCzsqm,spotify:track:1Tt4sE4pXi57mTD1GCzsqm,https://api.spotify.com/v1/tracks/1Tt4sE4pXi57mTD1GCzsqm,https://api.spotify.com/v1/audio-analysis/1Tt4sE4pXi57mTD1GCzsqm,191600,4
0.791,0.619,1,-5.886,1,0.0532,0.00784,0.00423,0.351,0.371,103.989,audio_features,1xznGGDReH1oQq0xzbwXa3,spotify:track:1xznGGDReH1oQq0xzbwXa3,https://api.spotify.com/v1/tracks/1xznGGDReH1oQq0xzbwXa3,https://api.spotify.com/v1/audio-analysis/1xznGGDReH1oQq0xzbwXa3,173987,4
0.497,0.706,1,-6.455,1,0.0667,0.227,0,0.224,0.55,103.0,audio_features,2yJVeT8cP1zstJxRP7Nlv8,spotify:track:2yJVeT8cP1zstJxRP7Nlv8,https://api.spotify.com/v1/tracks/2yJVeT8cP1zstJxRP7Nlv8,https://api.spotify.com/v1/audio-analysis/2yJVeT8cP1zstJxRP7Nlv8,215241,4
0.725,0.552,11,-7.369,0,0.0475,0.15,0,0.214,0.582,111.996,audio_features,3BFrR2hemusNSuiuNWXUqO,spotify:track:3BFrR2hemusNSuiuNWXUqO,https://api.spotify.com/v1/tracks/3BFrR2hemusNSuiuNWXUqO,https://api.spotify.com/v1/audio-analysis/3BFrR2hemusNSuiuNWXUqO,291500,4
0.692,0.521,10,-8.465,0,0.33,0.301,0,0.0565,0.463,100.45,audio_features,62vpWI1CHwFy7tMIcSStl8,spotify:track:62vpWI1CHwFy7tMIcSStl8,https://api.spotify.com/v1/tracks/62vpWI1CHwFy7tMIcSStl8,https://api.spotify.com/v1/audio-analysis/62vpWI1CHwFy7tMIcSStl8,292987,4
0.418,0.724,5,-3.724,1,0.0964,0.213,0,0.112,0.604,78.521,audio_features,0PJIbOdMs3bd5AT8liULMQ,spotify:track:0PJIbOdMs3bd5AT8liULMQ,https://api.spotify.com/v1/tracks/0PJIbOdMs3bd5AT8liULMQ,https://api.spotify.com/v1/audio-analysis/0PJIbOdMs3bd5AT8liULMQ,238320,5
0.748,0.733,11,-4.421,0,0.072,0.0062,0,0.329,0.291,93.019,audio_features,3ESSGgWzRf1xvP7G5hHMhB,spotify:track:3ESSGgWzRf1xvP7G5hHMhB,https://api.spotify.com/v1/tracks/3ESSGgWzRf1xvP7G5hHMhB,https://api.spotify.com/v1/audio-analysis/3ESSGgWzRf1xvP7G5hHMhB,312240,4
0.893,0.646,11,-5.073,0,0.1,0.112,0,0.104,0.468,132.97,audio_features,7s49Um7G06hq2rulrHPsIy,spotify:track:7s49Um7G06hq2rulrHPsIy,https://api.spotify.com/v1/tracks/7s49Um7G06hq2rulrHPsIy,https://api.spotify.com/v1/audio-analysis/7s49Um7G06hq2rulrHPsIy,176855,4
