danceability,energy,key,loudness,mode,speechiness,acousticness,instrumentalness,liveness,valence,tempo,type,id,uri,track_href,analysis_url,duration_ms,time_signature
0.573,0.495,8,-7.245,0,0.592,0.405,0,0.0969,0.255,179.196,audio_features,1UZ25gykR30Oewh3dBRtVZ,spotify:track:1UZ25gykR30Oewh3dBRtVZ,https://api.spotify.com/v1/tracks/1UZ25gykR30Oewh3dBRtVZ,https://api.spotify.com/v1/audio-analysis/1UZ25gykR30Oewh3dBRtVZ,312027,3
0.87,0.464,4,-8.337,1,0.178,0.205,0,0.0902,0.457,112.974,audio_features,7aXuop4Qambx5Oi3ynsKQr,spotify:track:7aXuop4Qambx5Oi3ynsKQr,https://api.spotify.com/v1/tracks/7aXuop4Qambx5Oi3ynsKQr,https://api.spotify.com/v1/audio-analysis/7aXuop4Qambx5Oi3ynsKQr,251989,4
0.657,0.827,5,-4.036,1,0.0734,0.000704,0.00534,0.065,0.69,145.889,audio_features,26rdOwwjC2UnweK3xeS58u,spotify:track:26rdOwwjC2UnweK3xeS58u,https://api.spotify.com/v1/tracks/26rdOwwjC2UnweK3xeS58u,https://api.spotify.com/v1/audio-analysis/26rdOwwjC2UnweK3xeS58u,190186,4
0.845,0.467,1,-7.674,1,0.138,0.0586,0,0.0694,0.702,138.007,audio_features,7wBThXx7BGZHJJ3aN3OPvv,spotify:track:7wBThXx7BGZHJJ3aN3OPvv,https://api.spotify.com/v1/tracks/7wBThXx7BGZHJJ3aN3OPvv,https://api.spotify.com/v1/audio-analysis/7wBThXx7BGZHJJ3aN3OPvv,211200,4
0.813,0.58,11,-6.724,1,0.0746,0.0405,8.45e-06,0.349,0.443,100.045,audio_features,3eqT34f3rxmm4dR7madDIM,spotify:track:3eqT34f3rxmm4dR7madDIM,https://api.spotify.com/v1/tracks/3eqT34f3rxmm4dR7madDIM,https://api.spotify.com/v1/audio-analysis/3eqT34f3rxmm4dR7madDIM,221972,4
0.795,0.523,1,-7.165,1,0.0423,0.061,0,0.0914,0.855,133.024,audio_features,5dNfHmqgr128gMY2tc5CeJ,spotify:track:5dNfHmqgr128gMY2tc5CeJ,https://api.spotify.com/v1/tracks/5dNfHmqgr128gMY2tc5CeJ,https://api.spotify.com/v1/audio-analysis/5dNfHmqgr128gMY2tc5CeJ,186067,4
0.746,0.873,7,-3.803,1,0.128,0.0244,0,0.354,0.817,148.075,audio_features,2d8JP84HNLKhmd6IYOoupQ,spotify:track:2d8JP84HNLKhmd6IYOoupQ,https://api.spotify.com/v1/tracks/2d8JP84HNLKhmd6IYOoupQ,https://api.spotify.com/v1/audio-analysis/2d8JP84HNLKhmd6IYOoupQ,222093,4
0.848,0.52,4,-6.381,1,0.0694,0.0518,0,0.269,0.58,102.005,audio_features,0lU0iji9AFomv0zxl5JB59,spotify:track:0lU0iji9AFomv0zxl5JB59,https://api.spotify.com/v1/tracks/0lU0iji9AFomv0zxl5JB59,https://api.spotify.com/v1/audio-analysis/0lU0iji9AFomv0zxl5JB59,237653,4
0.722,0.331,8,-7.789,1,0.0726,0.337,0.282,0.146,0.102,143.961,audio_features,7EiZI6JVHllARrX9PUvAdX,spotify:track:7EiZI6JVHllARrX9PUvAdX,https://api.spotify.com/v1/tracks/7EiZI6JVHllARrX9PUvAdX,https://api.spotify.com/v1/audio-analysis/7EiZI6JVHllARrX9PUvAdX,313547,4
