danceability,energy,key,loudness,mode,speechiness,acousticness,instrumentalness,liveness,valence,tempo,type,id,uri,track_href,analysis_url,duration_ms,time_signature
0.713,0.462,7,-10.027,1,0.123,0.192,2.16e-06,0.105,0.0594,133.053,audio_features,5mPSyjLatqB00IkPqRlbTE,spotify:track:5mPSyjLatqB00IkPqRlbTE,https://api.spotify.com/v1/tracks/5mPSyjLatqB00IkPqRlbTE,https://api.spotify.com/v1/audio-analysis/5mPSyjLatqB00IkPqRlbTE,212947,4
0.749,0.53,1,-5.251,1,0.0386,0.0287,0,0.141,0.332,93.869,audio_features,7osBjxxoPSCceUMdkyFh9O,spotify:track:7osBjxxoPSCceUMdkyFh9O,https://api.spotify.com/v1/tracks/7osBjxxoPSCceUMdkyFh9O,https://api.spotify.com/v1/audio-analysis/7osBjxxoPSCceUMdkyFh9O,204324,4
0.403,0.919,0,-1.925,1,0.28,0.323,0,0.382,0.608,117.435,audio_features,3NMNNcNGnNz7bBSCinr5hv,spotify:track:3NMNNcNGnNz7bBSCinr5hv,https://api.spotify.com/v1/tracks/3NMNNcNGnNz7bBSCinr5hv,https://api.spotify.com/v1/audio-analysis/3NMNNcNGnNz7bBSCinr5hv,258600,5
0.635,0.721,10,-4.811,0,0.049,0.0324,0,0.222,0.499,148.064,audio_features,0W1OeXDPntUH0BeyJtE9UM,spotify:track:0W1OeXDPntUH0BeyJtE9UM,https://api.spotify.com/v1/tracks/0W1OeXDPntUH0BeyJtE9UM,https://api.spotify.com/v1/audio-analysis/0W1OeXDPntUH0BeyJtE9UM,200253,4
0.607,0.476,10,-11.076,0,0.249,0.0773,0,0.113,0.347,122.976,audio_features,6F609ICg9Spjrw1epsAnpa,spotify:track:6F609ICg9Spjrw1epsAnpa,https://api.spotify.com/v1/tracks/6F609ICg9Spjrw1epsAnpa,https://api.spotify.com/v1/audio-analysis/6F609ICg9Spjrw1epsAnpa,245227,5
0.886,0.525,8,-7.39,1,0.131,0.236,0,0.057,0.708,145.99,audio_features,7yyRTcZmCiyzzJlNzGC9Ol,spotify:track:7yyRTcZmCiyzzJlNzGC9Ol,https://api.spotify.com/v1/tracks/7yyRTcZmCiyzzJlNzGC9Ol,https://api.spotify.com/v1/audio-analysis/7yyRTcZmCiyzzJlNzGC9Ol,225205,4
0.94,0.335,5,-10.179,0,0.505,0.17,0,0.262,0.707,120.04,audio_features,5hTpBe8h35rJ67eAWHQsJx,spotify:track:5hTpBe8h35rJ67eAWHQsJx,https://api.spotify.com/v1/tracks/5hTpBe8h35rJ67eAWHQsJx,https://api.spotify.com/v1/audio-analysis/5hTpBe8h35rJ67eAWHQsJx,209640,4
0.689,0.791,0,-5.194,0,0.053,0.023,0,0.0526,0.755,95.04,audio_features,7nD9nN3jord9wWcfW3Gkcm,spotify:track:7nD9nN3jord9wWcfW3Gkcm,https://api.spotify.com/v1/tracks/7nD9nN3jord9wWcfW3Gkcm,https://api.spotify.com/v1/audio-analysis/7nD9nN3jord9wWcfW3Gkcm,210573,4
0.502,0.786,9,-4.378,0,0.317,0.255,0,0.65,0.739,169.021,audio_features,4dASQiO1Eoo3RJvt74FtXB,spotify:track:4dASQiO1Eoo3RJvt74FtXB,https://api.spotify.com/v1/tracks/4dASQiO1Eoo3RJvt74FtXB,https://api.spotify.com/v1/audio-analysis/4dASQiO1Eoo3RJvt74FtXB,243491,4
