danceability,energy,key,loudness,mode,speechiness,acousticness,instrumentalness,liveness,valence,tempo,type,id,uri,track_href,analysis_url,duration_ms,time_signature
0.746,0.873,7,-3.803,1,0.128,0.0244,0,0.354,0.817,148.075,audio_features,2d8JP84HNLKhmd6IYOoupQ,spotify:track:2d8JP84HNLKhmd6IYOoupQ,https://api.spotify.com/v1/tracks/2d8JP84HNLKhmd6IYOoupQ,https://api.spotify.com/v1/audio-analysis/2d8JP84HNLKhmd6IYOoupQ,222093,4
0.801,0.682,10,-4.676,0,0.0498,0.0292,0,0.226,0.484,140.061,audio_features,5jcMhhJ0gXhtruaFIBbL3t,spotify:track:5jcMhhJ0gXhtruaFIBbL3t,https://api.spotify.com/v1/tracks/5jcMhhJ0gXhtruaFIBbL3t,https://api.spotify.com/v1/audio-analysis/5jcMhhJ0gXhtruaFIBbL3t,231373,4
0.697,0.676,7,-3.51,0,0.0395,0.00752,0,0.0898,0.372,136.01,audio_features,1QsILO369FaBdl6V9YNFGl,spotify:track:1QsILO369FaBdl6V9YNFGl,https://api.spotify.com/v1/tracks/1QsILO369FaBdl6V9YNFGl,https://api.spotify.com/v1/audio-analysis/1QsILO369FaBdl6V9YNFGl,225867,4
0.903,0.62,2,-8.094,1,0.0587,0.00347,0.000119,0.0504,0.539,134.96,audio_features,2FBUoWkIuQXwayw2RNo5l6,spotify:track:2FBUoWkIuQXwayw2RNo5l6,https://api.spotify.com/v1/tracks/2FBUoWkIuQXwayw2RNo5l6,https://api.spotify.com/v1/audio-analysis/2FBUoWkIuQXwayw2RNo5l6,267067,4
0.765,0.412,7,-8.932,0,0.0726,0.72,0,0.126,0.632,109.986,audio_features,2BqQQXuBOuhaWeUP7okEx0,spotify:track:2BqQQXuBOuhaWeUP7okEx0,https://api.spotify.com/v1/tracks/2BqQQXuBOuhaWeUP7okEx0,https://api.spotify.com/v1/audio-analysis/2BqQQXuBOuhaWeUP7okEx0,211573,4
0.79,0.585,8,-6.058,1,0.0348,0.185,0,0.292,0.585,94.072,audio_features,3G7XYAwtxtoGK7fAm4IlD9,spotify:track:3G7XYAwtxtoGK7fAm4IlD9,https://api.spotify.com/v1/tracks/3G7XYAwtxtoGK7fAm4IlD9,https://api.spotify.com/v1/audio-analysis/3G7XYAwtxtoGK7fAm4IlD9,226000,4
0.746,0.764,0,-5.066,0,0.0423,0.00116,8.19e-06,0.0867,0.518,137.98,audio_features,1iuljeYz6ZG3GTJOZZkoer,spotify:track:1iuljeYz6ZG3GTJOZZkoer,https://api.spotify.com/v1/tracks/1iuljeYz6ZG3GTJOZZkoer,https://api.spotify.com/v1/audio-analysis/1iuljeYz6ZG3GTJOZZkoer,173893,4
0.748,0.741,6,-3.103,1,0.0531,0.00419,0,0.147,0.537,128.077,audio_features,1WoOzgvz6CgH4pX6a1RKGp,spotify:track:1WoOzgvz6CgH4pX6a1RKGp,https://api.spotify.com/v1/tracks/1WoOzgvz6CgH4pX6a1RKGp,https://api.spotify.com/v1/audio-analysis/1WoOzgvz6CgH4pX6a1RKGp,213053,4
0.618,0.717,7,-5.738,1,0.318,0.00256,0,0.625,0.603,190.05,audio_features,5NQbUaeTEOGdD6hHcre0dZ,spotify:track:5NQbUaeTEOGdD6hHcre0dZ,https://api.spotify.com/v1/tracks/5NQbUaeTEOGdD6hHcre0dZ,https://api.spotify.com/v1/audio-analysis/5NQbUaeTEOGdD6hHcre0dZ,196693,4
