danceability,energy,key,loudness,mode,speechiness,acousticness,instrumentalness,liveness,valence,tempo,type,id,uri,track_href,analysis_url,duration_ms,time_signature
0.467,0.988,11,-3.313,1,0.112,0.000152,0.0484,0.28,0.321,130.433,audio_features,70wYA8oYHoMzhRRkARoMhU,spotify:track:70wYA8oYHoMzhRRkARoMhU,https://api.spotify.com/v1/tracks/70wYA8oYHoMzhRRkARoMhU,https://api.spotify.com/v1/audio-analysis/70wYA8oYHoMzhRRkARoMhU,220427,4
0.542,0.531,9,-7.481,1,0.0301,0.0033,1.51e-06,0.338,0.671,105.97,audio_features,56NkIxSZZiMpFP5ZNSxtnT,spotify:track:56NkIxSZZiMpFP5ZNSxtnT,https://api.spotify.com/v1/tracks/56NkIxSZZiMpFP5ZNSxtnT,https://api.spotify.com/v1/audio-analysis/56NkIxSZZiMpFP5ZNSxtnT,183391,4
0.415,0.668,0,-6.849,1,0.036,0.212,0.0615,0.27,0.842,180.048,audio_features,0OTvJXmQPv7SKavoV6td75,spotify:track:0OTvJXmQPv7SKavoV6td75,https://api.spotify.com/v1/tracks/0OTvJXmQPv7SKavoV6td75,https://api.spotify.com/v1/audio-analysis/0OTvJXmQPv7SKavoV6td75,206052,4
0.436,0.871,9,-4.446,1,0.0384,0.00319,0.000473,0.114,0.71,138.743,audio_features,4cQIbDqCZrHknxlDUjRHZ0,spotify:track:4cQIbDqCZrHknxlDUjRHZ0,https://api.spotify.com/v1/tracks/4cQIbDqCZrHknxlDUjRHZ0,https://api.spotify.com/v1/audio-analysis/4cQIbDqCZrHknxlDUjRHZ0,230227,4
0.366,0.963,11,-5.301,0,0.142,0.000273,0.0122,0.115,0.211,137.114,audio_features,7ouMYWpwJ422jRcDASZB7P,spotify:track:7ouMYWpwJ422jRcDASZB7P,https://api.spotify.com/v1/tracks/7ouMYWpwJ422jRcDASZB7P,https://api.spotify.com/v1/audio-analysis/7ouMYWpwJ422jRcDASZB7P,366213,4
0.668,0.921,7,-3.727,1,0.0439,0.0492,0.00517,0.0877,0.782,120.0,audio_features,3lPr8ghNDBLc2uZovNyLs9,spotify:track:3lPr8ghNDBLc2uZovNyLs9,https://api.spotify.com/v1/tracks/3lPr8ghNDBLc2uZovNyLs9,https://api.spotify.com/v1/audio-analysis/3lPr8ghNDBLc2uZovNyLs9,212440,4
0.63,0.907,11,-2.42,1,0.0326,0.0243,0.599,0.116,0.968,120.529,audio_features,46Y1VsEbWAQ7dIZe1gpnve,spotify:track:46Y1VsEbWAQ7dIZe1gpnve,https://api.spotify.com/v1/tracks/46Y1VsEbWAQ7dIZe1gpnve,https://api.spotify.com/v1/audio-analysis/46Y1VsEbWAQ7dIZe1gpnve,189227,4
0.65,0.758,8,-5.021,1,0.0507,0.000259,0.000492,0.276,0.603,100.005,audio_features,2daZovie6pc2ZK7StayD1K,spotify:track:2daZovie6pc2ZK7StayD1K,https://api.spotify.com/v1/tracks/2daZovie6pc2ZK7StayD1K,https://api.spotify.com/v1/audio-analysis/2daZovie6pc2ZK7StayD1K,262947,4
0.398,0.768,11,-4.624,0,0.0392,0.469,2.02e-05,0.106,0.235,108.685,audio_features,1O8d2pWtBclzuY3FctBPVa,spotify:track:1O8d2pWtBclzuY3FctBPVa,https://api.spotify.com/v1/tracks/1O8d2pWtBclzuY3FctBPVa,https://api.spotify.com/v1/audio-analysis/1O8d2pWtBclzuY3FctBPVa,237480,5
