danceability,energy,key,loudness,mode,speechiness,acousticness,instrumentalness,liveness,valence,tempo,type,id,uri,track_href,analysis_url,duration_ms,time_signature
0.63,0.955,10,-4.409,1,0.0486,0.0788,0,0.15,0.932,108.533,audio_features,3IKeMvLnm9o7gJusAU01xX,spotify:track:3IKeMvLnm9o7gJusAU01xX,https://api.spotify.com/v1/tracks/3IKeMvLnm9o7gJusAU01xX,https://api.spotify.com/v1/audio-analysis/3IKeMvLnm9o7gJusAU01xX,167427,4
0.332,0.78,10,-4.481,0,0.0609,0.0313,0,0.329,0.514,185.132,audio_features,0RfNw4pORHIb4dRw1tud6n,spotify:track:0RfNw4pORHIb4dRw1tud6n,https://api.spotify.com/v1/tracks/0RfNw4pORHIb4dRw1tud6n,https://api.spotify.com/v1/audio-analysis/0RfNw4pORHIb4dRw1tud6n,276827,3
0.378,0.894,5,-3.849,1,0.185,0.00777,0,0.199,0.542,107.398,audio_features,5LxxGTHz9hiX7Sy9Cs15fD,spotify:track:5LxxGTHz9hiX7Sy9Cs15fD,https://api.spotify.com/v1/tracks/5LxxGTHz9hiX7Sy9Cs15fD,https://api.spotify.com/v1/audio-analysis/5LxxGTHz9hiX7Sy9Cs15fD,231920,3
0.302,0.927,3,-3.318,1,0.0926,0.00765,0,0.374,0.464,155.414,audio_features,40imKqBeFqbXtV4aG74k1O,spotify:track:40imKqBeFqbXtV4aG74k1O,https://api.spotify.com/v1/tracks/40imKqBeFqbXtV4aG74k1O,https://api.spotify.com/v1/audio-analysis/40imKqBeFqbXtV4aG74k1O,246133,4
0.801,0.898,4,-6.662,1,0.269,0.0398,3.17e-06,0.108,0.563,140.102,audio_features,7bEKga8eFygrhFWB5KTl3A,spotify:track:7bEKga8eFygrhFWB5KTl3A,https://api.spotify.com/v1/tracks/7bEKga8eFygrhFWB5KTl3A,https://api.spotify.com/v1/audio-analysis/7bEKga8eFygrhFWB5KTl3A,172248,4
0.543,0.256,2,-11.573,1,0.0343,0.854,0,0.149,0.635,134.257,audio_features,1pmYAWY7Kwaj84U3xZxLML,spotify:track:1pmYAWY7Kwaj84U3xZxLML,https://api.spotify.com/v1/tracks/1pmYAWY7Kwaj84U3xZxLML,https://api.spotify.com/v1/audio-analysis/1pmYAWY7Kwaj84U3xZxLML,147960,3
0.767,0.677,11,-6.128,0,0.184,0.0339,5.51e-06,0.144,0.538,146.155,audio_features,0LWQWOFoz5GJLqcHk1fRO2,spotify:track:0LWQWOFoz5GJLqcHk1fRO2,https://api.spotify.com/v1/tracks/0LWQWOFoz5GJLqcHk1fRO2,https://api.spotify.com/v1/audio-analysis/0LWQWOFoz5GJLqcHk1fRO2,222587,4
0.492,0.969,9,-4.419,1,0.0491,0.0014,1.32e-06,0.0787,0.538,95.136,audio_features,3K4HG9evC7dg3N0R9cYqk4,spotify:track:3K4HG9evC7dg3N0R9cYqk4,https://api.spotify.com/v1/tracks/3K4HG9evC7dg3N0R9cYqk4,https://api.spotify.com/v1/audio-analysis/3K4HG9evC7dg3N0R9cYqk4,157333,4
0.227,0.985,4,-4.451,0,0.0905,5.36e-06,2.57e-06,0.0621,0.606,172.726,audio_features,6SFL3a2JotvZFwTiggc4cb,spotify:track:6SFL3a2JotvZFwTiggc4cb,https://api.spotify.com/v1/tracks/6SFL3a2JotvZFwTiggc4cb,https://api.spotify.com/v1/audio-analysis/6SFL3a2JotvZFwTiggc4cb,141440,4
