danceability,energy,key,loudness,mode,speechiness,acousticness,instrumentalness,liveness,valence,tempo,type,id,uri,track_href,analysis_url,duration_ms,time_signature
0.895,0.681,7,-5.267,0,0.358,0.157,0,0.189,0.554,121.918,audio_features,0wdKiSBUT7aZkXUIdJWcwC,spotify:track:0wdKiSBUT7aZkXUIdJWcwC,https://api.spotify.com/v1/tracks/0wdKiSBUT7aZkXUIdJWcwC,https://api.spotify.com/v1/audio-analysis/0wdKiSBUT7aZkXUIdJWcwC,240000,4
0.717,0.693,11,-8.315,1,0.0339,0.0471,0,0.131,0.497,130.0,audio_features,7uxJ7KAn4F7y2cef4nS0q2,spotify:track:7uxJ7KAn4F7y2cef4nS0q2,https://api.spotify.com/v1/tracks/7uxJ7KAn4F7y2cef4nS0q2,https://api.spotify.com/v1/audio-analysis/7uxJ7KAn4F7y2cef4nS0q2,262137,4
0.551,0.715,6,-7.442,0,0.0338,0.0724,0,0.145,0.414,139.966,audio_features,5FUkeL8EMmVQ8uuArVWSc0,spotify:track:5FUkeL8EMmVQ8uuArVWSc0,https://api.spotify.com/v1/tracks/5FUkeL8EMmVQ8uuArVWSc0,https://api.spotify.com/v1/audio-analysis/5FUkeL8EMmVQ8uuArVWSc0,225547,4
0.775,0.621,1,-7.634,1,0.295,0.332,0,0.122,0.15,118.843,audio_features,4E92bmgFiHxvy2SNjXjC3b,spotify:track:4E92bmgFiHxvy2SNjXjC3b,https://api.spotify.com/v1/tracks/4E92bmgFiHxvy2SNjXjC3b,https://api.spotify.com/v1/audio-analysis/4E92bmgFiHxvy2SNjXjC3b,252040,4
0.569,0.982,9,-4.676,0,0.131,0.0171,0,0.284,0.392,95.019,audio_features,6owxxChFlHrdOTL73PVBqO,spotify:track:6owxxChFlHrdOTL73PVBqO,https://api.spotify.com/v1/tracks/6owxxChFlHrdOTL73PVBqO,https://api.spotify.com/v1/audio-analysis/6owxxChFlHrdOTL73PVBqO,191027,4
0.589,0.868,7,-4.445,1,0.0668,8.5e-05,0.000466,0.14,0.39,151.963,audio_features,2CnXuVlniCcGYkfK9WvtB6,spotify:track:2CnXuVlniCcGYkfK9WvtB6,https://api.spotify.com/v1/tracks/2CnXuVlniCcGYkfK9WvtB6,https://api.spotify.com/v1/audio-analysis/2CnXuVlniCcGYkfK9WvtB6,236867,4
0.554,0.949,2,-4.928,1,0.0787,0.000318,9.98e-05,0.2,0.233,129.984,audio_features,4UEo1b0wWrtHMC8bVqPiH8,spotify:track:4UEo1b0wWrtHMC8bVqPiH8,https://api.spotify.com/v1/tracks/4UEo1b0wWrtHMC8bVqPiH8,https://api.spotify.com/v1/audio-analysis/4UEo1b0wWrtHMC8bVqPiH8,374453,4
0.426,0.972,0,-5.122,1,0.0954,0.0017,0,0.171,0.341,111.221,audio_features,6WkSUgo1VdpzgtiXKlFPcY,spotify:track:6WkSUgo1VdpzgtiXKlFPcY,https://api.spotify.com/v1/tracks/6WkSUgo1VdpzgtiXKlFPcY,https://api.spotify.com/v1/audio-analysis/6WkSUgo1VdpzgtiXKlFPcY,165373,4
0.504,0.889,2,-4.533,1,0.0737,0.0489,0,0.19,0.367,165.047,audio_features,3Y3gChJoEUTqrtuqJCIPQk,spotify:track:3Y3gChJoEUTqrtuqJCIPQk,https://api.spotify.com/v1/tracks/3Y3gChJoEUTqrtuqJCIPQk,https://api.spotify.com/v1/audio-analysis/3Y3gChJoEUTqrtuqJCIPQk,205851,4
