danceability,energy,key,loudness,mode,speechiness,acousticness,instrumentalness,liveness,valence,tempo,type,id,uri,track_href,analysis_url,duration_ms,time_signature
0.427,0.894,4,-10.305,1,0.114,0.00203,0.0841,0.379,0.0679,115.046,audio_features,0RYkeJ8TfG2DJzEzGuMGuo,spotify:track:0RYkeJ8TfG2DJzEzGuMGuo,https://api.spotify.com/v1/tracks/0RYkeJ8TfG2DJzEzGuMGuo,https://api.spotify.com/v1/audio-analysis/0RYkeJ8TfG2DJzEzGuMGuo,289000,4
0.627,0.539,0,-8.226,1,0.0274,0.526,3.61e-06,0.129,0.718,137.598,audio_features,4q7tMaar2kUMweKu6N5bZz,spotify:track:4q7tMaar2kUMweKu6N5bZz,https://api.spotify.com/v1/tracks/4q7tMaar2kUMweKu6N5bZz,https://api.spotify.com/v1/audio-analysis/4q7tMaar2kUMweKu6N5bZz,215173,4
0.562,0.0915,3,-13.666,1,0.0297,0.958,0,0.108,0.33,87.274,audio_features,1Aih5Ev0K3tZ2rEmxfoqT2,spotify:track:1Aih5Ev0K3tZ2rEmxfoqT2,https://api.spotify.com/v1/tracks/1Aih5Ev0K3tZ2rEmxfoqT2,https://api.spotify.com/v1/audio-analysis/1Aih5Ev0K3tZ2rEmxfoqT2,183680,4
0.505,0.973,11,-5.048,0,0.177,8.75e-05,0.0162,0.338,0.291,129.041,audio_features,4dhXwXbotkIV3RsOtEowfm,spotify:track:4dhXwXbotkIV3RsOtEowfm,https://api.spotify.com/v1/tracks/4dhXwXbotkIV3RsOtEowfm,https://api.spotify.com/v1/audio-analysis/4dhXwXbotkIV3RsOtEowfm,202147,4
0.42,0.931,0,-5.141,1,0.0679,0.0085,0,0.0991,0.697,147.489,audio_features,54GOsWlxjhVPQOp5FLh1se,spotify:track:54GOsWlxjhVPQOp5FLh1se,https://api.spotify.com/v1/tracks/54GOsWlxjhVPQOp5FLh1se,https://api.spotify.com/v1/audio-analysis/54GOsWlxjhVPQOp5FLh1se,215107,4
0.474,0.948,3,-2.592,1,0.122,0.0223,0,0.43,0.611,146.46,audio_features,78ML3F5Lz3KiNkpnFAaR3q,spotify:track:78ML3F5Lz3KiNkpnFAaR3q,https://api.spotify.com/v1/tracks/78ML3F5Lz3KiNkpnFAaR3q,https://api.spotify.com/v1/audio-analysis/78ML3F5Lz3KiNkpnFAaR3q,195373,4
0.438,0.984,8,-2.949,1,0.29,0.00346,0,0.0489,0.157,193.939,audio_features,63x0C2ADUc5bppenvcdrnG,spotify:track:63x0C2ADUc5bppenvcdrnG,https://api.spotify.com/v1/tracks/63x0C2ADUc5bppenvcdrnG,https://api.spotify.com/v1/audio-analysis/63x0C2ADUc5bppenvcdrnG,242800,4
0.507,0.954,2,-3.608,1,0.148,0.00142,5.89e-06,0.841,0.704,167.309,audio_features,49c89V1h9Mt9OM5sOm82vG,spotify:track:49c89V1h9Mt9OM5sOm82vG,https://api.spotify.com/v1/tracks/49c89V1h9Mt9OM5sOm82vG,https://api.spotify.com/v1/audio-analysis/49c89V1h9Mt9OM5sOm82vG,264998,4
0.527,0.95,2,-4.023,0,0.0864,0.0226,0,0.0633,0.632,150.078,audio_features,0ec00yFSgcl3xavTlPXTHu,spotify:track:0ec00yFSgcl3xavTlPXTHu,https://api.spotify.com/v1/tracks/0ec00yFSgcl3xavTlPXTHu,https://api.spotify.com/v1/audio-analysis/0ec00yFSgcl3xavTlPXTHu,279077,4
