danceability,energy,key,loudness,mode,speechiness,acousticness,instrumentalness,liveness,valence,tempo,type,id,uri,track_href,analysis_url,duration_ms,time_signature
0.58,0.939,6,-4.425,0,0.0369,2.67e-05,0.0644,0.349,0.804,116.042,audio_features,4D05EjPFWFx3BEQNeB7Vct,spotify:track:4D05EjPFWFx3BEQNeB7Vct,https://api.spotify.com/v1/tracks/4D05EjPFWFx3BEQNeB7Vct,https://api.spotify.com/v1/audio-analysis/4D05EjPFWFx3BEQNeB7Vct,172667,4
0.359,0.933,11,-6.885,0,0.0807,0.000661,0.264,0.117,0.097,104.922,audio_features,6vsyag9kEPckt19NClSf51,spotify:track:6vsyag9kEPckt19NClSf51,https://api.spotify.com/v1/tracks/6vsyag9kEPckt19NClSf51,https://api.spotify.com/v1/audio-analysis/6vsyag9kEPckt19NClSf51,285280,4
0.501,0.905,11,-5.721,0,0.0518,1.88e-05,0.765,0.383,0.584,123.277,audio_features,6nJPHXRpKYv2yqtalEjKy5,spotify:track:6nJPHXRpKYv2yqtalEjKy5,https://api.spotify.com/v1/tracks/6nJPHXRpKYv2yqtalEjKy5,https://api.spotify.com/v1/audio-analysis/6nJPHXRpKYv2yqtalEjKy5,225307,4
0.519,0.892,11,-5.285,0,0.113,0.000456,0.000525,0.572,0.559,174.027,audio_features,6NwgbXJOrz4fDio1yeWY91,spotify:track:6NwgbXJOrz4fDio1yeWY91,https://api.spotify.com/v1/tracks/6NwgbXJOrz4fDio1yeWY91,https://api.spotify.com/v1/audio-analysis/6NwgbXJOrz4fDio1yeWY91,190707,4
0.353,0.898,2,-5.877,1,0.052,2.23e-05,0.105,0.39,0.525,103.293,audio_features,6W21LNLz9Sw7sUSNWMSHRu,spotify:track:6W21LNLz9Sw7sUSNWMSHRu,https://api.spotify.com/v1/tracks/6W21LNLz9Sw7sUSNWMSHRu,https://api.spotify.com/v1/audio-analysis/6W21LNLz9Sw7sUSNWMSHRu,255733,4
0.398,0.939,9,-2.865,0,0.0648,0.00591,0.000881,0.357,0.235,92.027,audio_features,5hheGdf1cb4rK0FNiedCfK,spotify:track:5hheGdf1cb4rK0FNiedCfK,https://api.spotify.com/v1/tracks/5hheGdf1cb4rK0FNiedCfK,https://api.spotify.com/v1/audio-analysis/5hheGdf1cb4rK0FNiedCfK,342821,4
0.361,0.992,11,-2.69,1,0.136,0.000189,0.000613,0.285,0.32,101.579,audio_features,5rAIqtGPZNiCojmpRjuZW5,spotify:track:5rAIqtGPZNiCojmpRjuZW5,https://api.spotify.com/v1/tracks/5rAIqtGPZNiCojmpRjuZW5,https://api.spotify.com/v1/audio-analysis/5rAIqtGPZNiCojmpRjuZW5,361533,4
0.338,0.974,2,-2.426,1,0.0648,0.00017,0.00104,0.0271,0.459,135.472,audio_features,5frNnyWkKzKdiKPLhkdY9L,spotify:track:5frNnyWkKzKdiKPLhkdY9L,https://api.spotify.com/v1/tracks/5frNnyWkKzKdiKPLhkdY9L,https://api.spotify.com/v1/audio-analysis/5frNnyWkKzKdiKPLhkdY9L,315507,4
0.328,0.982,11,-2.722,0,0.126,0.000367,0,0.38,0.67,155.355,audio_features,4nmXKnPOuMDVI8gVir3D9C,spotify:track:4nmXKnPOuMDVI8gVir3D9C,https://api.spotify.com/v1/tracks/4nmXKnPOuMDVI8gVir3D9C,https://api.spotify.com/v1/audio-analysis/4nmXKnPOuMDVI8gVir3D9C,336893,4
