danceability,energy,key,loudness,mode,speechiness,acousticness,instrumentalness,liveness,valence,tempo,type,id,uri,track_href,analysis_url,duration_ms,time_signature
0.513,0.976,11,-3.117,1,0.17,4.62e-06,0.00034,0.117,0.133,111.992,audio_features,00cP5rqzL6ZrwMaqTEeGIN,spotify:track:00cP5rqzL6ZrwMaqTEeGIN,https://api.spotify.com/v1/tracks/00cP5rqzL6ZrwMaqTEeGIN,https://api.spotify.com/v1/audio-analysis/00cP5rqzL6ZrwMaqTEeGIN,209493,4
0.464,0.688,11,-5.352,0,0.0298,0.00149,3.85e-06,0.169,0.228,137.882,audio_features,7dmXD9P68MmRuAY8BA3x42,spotify:track:7dmXD9P68MmRuAY8BA3x42,https://api.spotify.com/v1/tracks/7dmXD9P68MmRuAY8BA3x42,https://api.spotify.com/v1/audio-analysis/7dmXD9P68MmRuAY8BA3x42,212493,4
0.697,0.949,7,-4.649,1,0.0677,0.00214,0.298,0.156,0.963,153.966,audio_features,1SkoR8ilHOm8tBAAQEXouL,spotify:track:1SkoR8ilHOm8tBAAQEXouL,https://api.spotify.com/v1/tracks/1SkoR8ilHOm8tBAAQEXouL,https://api.spotify.com/v1/audio-analysis/1SkoR8ilHOm8tBAAQEXouL,227922,4
0.661,0.825,1,-9.409,1,0.0456,0.00301,0.00454,0.152,0.492,130.013,audio_features,6qJs5clnatFfW1mwhbPRV3,spotify:track:6qJs5clnatFfW1mwhbPRV3,https://api.spotify.com/v1/tracks/6qJs5clnatFfW1mwhbPRV3,https://api.spotify.com/v1/audio-analysis/6qJs5clnatFfW1mwhbPRV3,235896,4
0.874,0.568,11,-5.896,0,0.224,0.0698,1.38e-05,0.149,0.46,139.995,audio_features,49zD0wr2S3d0lZPib0K4e1,spotify:track:49zD0wr2S3d0lZPib0K4e1,https://api.spotify.com/v1/tracks/49zD0wr2S3d0lZPib0K4e1,https://api.spotify.com/v1/audio-analysis/49zD0wr2S3d0lZPib0K4e1,237400,4
0.919,0.785,1,-4.141,1,0.0806,0.00411,0,0.112,0.801,109.045,audio_features,4y8G3pyyBvBKd47iyvHBNj,spotify:track:4y8G3pyyBvBKd47iyvHBNj,https://api.spotify.com/v1/tracks/4y8G3pyyBvBKd47iyvHBNj,https://api.spotify.com/v1/audio-analysis/4y8G3pyyBvBKd47iyvHBNj,232200,4
0.491,0.771,9,-5.037,1,0.041,0.00149,0.000262,0.232,0.242,103.005,audio_features,5ZbwPEUqw1hK6rp0ppD8lR,spotify:track:5ZbwPEUqw1hK6rp0ppD8lR,https://api.spotify.com/v1/tracks/5ZbwPEUqw1hK6rp0ppD8lR,https://api.spotify.com/v1/audio-analysis/5ZbwPEUqw1hK6rp0ppD8lR,165832,4
0.721,0.857,2,-6.225,1,0.324,0.075,0,0.421,0.427,140.181,audio_features,5LFvjTYs1uMXHL0zYs6QJy,spotify:track:5LFvjTYs1uMXHL0zYs6QJy,https://api.spotify.com/v1/tracks/5LFvjTYs1uMXHL0zYs6QJy,https://api.spotify.com/v1/audio-analysis/5LFvjTYs1uMXHL0zYs6QJy,142627,4
0.688,0.773,1,-8.15,1,0.43,0.138,0,0.387,0.538,92.135,audio_features,5OIryHYVymgS9Ds22yMMF2,spotify:track:5OIryHYVymgS9Ds22yMMF2,https://api.spotify.com/v1/tracks/5OIryHYVymgS9Ds22yMMF2,https://api.spotify.com/v1/audio-analysis/5OIryHYVymgS9Ds22yMMF2,112337,4
