danceability,energy,key,loudness,mode,speechiness,acousticness,instrumentalness,liveness,valence,tempo,type,id,uri,track_href,analysis_url,duration_ms,time_signature
0.421,0.945,0,-3.083,1,0.0944,0.00258,0,0.198,0.646,200.038,audio_features,41z2xWCiwlbJbYuEP3wndP,spotify:track:41z2xWCiwlbJbYuEP3wndP,https://api.spotify.com/v1/tracks/41z2xWCiwlbJbYuEP3wndP,https://api.spotify.com/v1/audio-analysis/41z2xWCiwlbJbYuEP3wndP,190192,4
0.556,0.912,0,-3.053,1,0.0365,0.113,0,0.0789,0.485,93.02,audio_features,4LZVHclYgdatg6mMAf8tCi,spotify:track:4LZVHclYgdatg6mMAf8tCi,https://api.spotify.com/v1/tracks/4LZVHclYgdatg6mMAf8tCi,https://api.spotify.com/v1/audio-analysis/4LZVHclYgdatg6mMAf8tCi,295472,4
0.468,0.977,10,-2.621,0,0.196,0.0357,0,0.272,0.406,174.181,audio_features,31X64Lz1VD4OgvpDekNKNO,spotify:track:31X64Lz1VD4OgvpDekNKNO,https://api.spotify.com/v1/tracks/31X64Lz1VD4OgvpDekNKNO,https://api.spotify.com/v1/audio-analysis/31X64Lz1VD4OgvpDekNKNO,233016,4
0.675,0.97,8,-2.164,1,0.0613,0.00777,0,0.331,0.568,106.973,audio_features,5JUufCEin0aXyFLXCzJbUL,spotify:track:5JUufCEin0aXyFLXCzJbUL,https://api.spotify.com/v1/tracks/5JUufCEin0aXyFLXCzJbUL,https://api.spotify.com/v1/audio-analysis/5JUufCEin0aXyFLXCzJbUL,213371,4
0.408,0.984,10,-3.421,0,0.0997,0.000701,0,0.0622,0.374,174.074,audio_features,7tSeCwxEuv5kQWbA3yBHMy,spotify:track:7tSeCwxEuv5kQWbA3yBHMy,https://api.spotify.com/v1/tracks/7tSeCwxEuv5kQWbA3yBHMy,https://api.spotify.com/v1/audio-analysis/7tSeCwxEuv5kQWbA3yBHMy,319581,4
0.561,0.984,2,-2.626,0,0.0636,0.0536,0,0.176,0.584,146.036,audio_features,3Wn52FjoUJClQOXwKePPp3,spotify:track:3Wn52FjoUJClQOXwKePPp3,https://api.spotify.com/v1/tracks/3Wn52FjoUJClQOXwKePPp3,https://api.spotify.com/v1/audio-analysis/3Wn52FjoUJClQOXwKePPp3,233967,4
0.533,0.924,2,-2.697,1,0.154,0.0139,0,0.487,0.756,174.002,audio_features,5NSdMmd2LnvgDcpLiKeKeD,spotify:track:5NSdMmd2LnvgDcpLiKeKeD,https://api.spotify.com/v1/tracks/5NSdMmd2LnvgDcpLiKeKeD,https://api.spotify.com/v1/audio-analysis/5NSdMmd2LnvgDcpLiKeKeD,221730,4
0.368,0.871,2,-3.395,0,0.106,0.0346,0,0.0599,0.527,84.585,audio_features,4vqmSmLC0dbw1UF7mmUDZe,spotify:track:4vqmSmLC0dbw1UF7mmUDZe,https://api.spotify.com/v1/tracks/4vqmSmLC0dbw1UF7mmUDZe,https://api.spotify.com/v1/audio-analysis/4vqmSmLC0dbw1UF7mmUDZe,204693,4
0.442,0.989,8,-3.512,1,0.105,0.00827,0,0.368,0.353,170.121,audio_features,0yG1vrFUVf4C4yTSIO22s3,spotify:track:0yG1vrFUVf4C4yTSIO22s3,https://api.spotify.com/v1/tracks/0yG1vrFUVf4C4yTSIO22s3,https://api.spotify.com/v1/audio-analysis/0yG1vrFUVf4C4yTSIO22s3,256066,4
