danceability,energy,key,loudness,mode,speechiness,acousticness,instrumentalness,liveness,valence,tempo,type,id,uri,track_href,analysis_url,duration_ms,time_signature
0.653,0.653,9,-8.785,1,0.0458,0.736,0.000192,0.1,0.653,122.87,audio_features,20fkgjVqmeWRPhmRNVsTCk,spotify:track:20fkgjVqmeWRPhmRNVsTCk,https://api.spotify.com/v1/tracks/20fkgjVqmeWRPhmRNVsTCk,https://api.spotify.com/v1/audio-analysis/20fkgjVqmeWRPhmRNVsTCk,208627,4
0.641,0.591,7,-7.957,1,0.0328,0.647,1.96e-05,0.307,0.236,114.967,audio_features,7LBIouuuhZgo9214Ylb58O,spotify:track:7LBIouuuhZgo9214Ylb58O,https://api.spotify.com/v1/tracks/7LBIouuuhZgo9214Ylb58O,https://api.spotify.com/v1/audio-analysis/7LBIouuuhZgo9214Ylb58O,190040,4
0.431,0.877,8,-5.677,0,0.121,0.041,0.00128,0.126,0.484,159.897,audio_features,4s2rzq6ZpCfg5ODq0z79QG,spotify:track:4s2rzq6ZpCfg5ODq0z79QG,https://api.spotify.com/v1/tracks/4s2rzq6ZpCfg5ODq0z79QG,https://api.spotify.com/v1/audio-analysis/4s2rzq6ZpCfg5ODq0z79QG,195093,4
0.804,0.451,6,-8.207,1,0.0949,0.388,2.17e-05,0.0924,0.19,178.061,audio_features,36c4JohayB9qd64eidQMBi,spotify:track:36c4JohayB9qd64eidQMBi,https://api.spotify.com/v1/tracks/36c4JohayB9qd64eidQMBi,https://api.spotify.com/v1/audio-analysis/36c4JohayB9qd64eidQMBi,251293,4
0.67,0.393,9,-9.158,1,0.122,0.0159,0.000307,0.104,0.193,77.461,audio_features,5CgFGKdTn8R5dXGEPEX6Gm,spotify:track:5CgFGKdTn8R5dXGEPEX6Gm,https://api.spotify.com/v1/tracks/5CgFGKdTn8R5dXGEPEX6Gm,https://api.spotify.com/v1/audio-analysis/5CgFGKdTn8R5dXGEPEX6Gm,243459,4
0.544,0.394,6,-8.369,1,0.0501,0.487,0.000404,0.0567,0.674,109.92,audio_features,0wUlGPa8He68F9TmLKdcL4,spotify:track:0wUlGPa8He68F9TmLKdcL4,https://api.spotify.com/v1/tracks/0wUlGPa8He68F9TmLKdcL4,https://api.spotify.com/v1/audio-analysis/0wUlGPa8He68F9TmLKdcL4,171868,4
0.647,0.339,6,-8.551,1,0.185,0.719,1.89e-06,0.104,0.653,93.339,audio_features,23n7KwXOXC9giXTz5Q71NH,spotify:track:23n7KwXOXC9giXTz5Q71NH,https://api.spotify.com/v1/tracks/23n7KwXOXC9giXTz5Q71NH,https://api.spotify.com/v1/audio-analysis/23n7KwXOXC9giXTz5Q71NH,205268,4
0.735,0.665,5,-5.933,1,0.0819,0.129,0,0.0803,0.593,102.018,audio_features,2JXNOtb0ANe6MzgRYDQG2J,spotify:track:2JXNOtb0ANe6MzgRYDQG2J,https://api.spotify.com/v1/tracks/2JXNOtb0ANe6MzgRYDQG2J,https://api.spotify.com/v1/audio-analysis/2JXNOtb0ANe6MzgRYDQG2J,265950,4
0.365,0.613,5,-4.847,1,0.0682,0.451,0,0.0752,0.439,139.659,audio_features,6dVcavGKwvUjk998frTljW,spotify:track:6dVcavGKwvUjk998frTljW,https://api.spotify.com/v1/tracks/6dVcavGKwvUjk998frTljW,https://api.spotify.com/v1/audio-analysis/6dVcavGKwvUjk998frTljW,269971,3
