danceability,energy,key,loudness,mode,speechiness,acousticness,instrumentalness,liveness,valence,tempo,type,id,uri,track_href,analysis_url,duration_ms,time_signature
0.675,0.265,1,-10.667,1,0.101,0.266,0.0265,0.101,0.228,103.955,audio_features,0L55zFCGrY1KD8fjhXCX0N,spotify:track:0L55zFCGrY1KD8fjhXCX0N,https://api.spotify.com/v1/tracks/0L55zFCGrY1KD8fjhXCX0N,https://api.spotify.com/v1/audio-analysis/0L55zFCGrY1KD8fjhXCX0N,266911,4
0.665,0.607,1,-8.201,1,0.0355,0.702,0.000448,0.108,0.131,130.989,audio_features,3C2Q2WBDY5NFXNOkR2ymds,spotify:track:3C2Q2WBDY5NFXNOkR2ymds,https://api.spotify.com/v1/tracks/3C2Q2WBDY5NFXNOkR2ymds,https://api.spotify.com/v1/audio-analysis/3C2Q2WBDY5NFXNOkR2ymds,309240,4
0.643,0.132,0,-13.97,1,0.0528,0.975,0.0765,0.103,0.191,134.37,audio_features,6MvxTgXe2vAfyTaTI46DKI,spotify:track:6MvxTgXe2vAfyTaTI46DKI,https://api.spotify.com/v1/tracks/6MvxTgXe2vAfyTaTI46DKI,https://api.spotify.com/v1/audio-analysis/6MvxTgXe2vAfyTaTI46DKI,341040,4
0.402,0.449,9,-11.952,1,0.0337,0.903,0.222,0.113,0.199,93.619,audio_features,7FlG1jSqoaKjPwdgUOe2Io,spotify:track:7FlG1jSqoaKjPwdgUOe2Io,https://api.spotify.com/v1/tracks/7FlG1jSqoaKjPwdgUOe2Io,https://api.spotify.com/v1/audio-analysis/7FlG1jSqoaKjPwdgUOe2Io,134640,4
0.4,0.319,6,-11.121,1,0.227,0.432,0,0.373,0.51,63.716,audio_features,0Zge2Kfo3Yd9JOGnAmVPbb,spotify:track:0Zge2Kfo3Yd9JOGnAmVPbb,https://api.spotify.com/v1/tracks/0Zge2Kfo3Yd9JOGnAmVPbb,https://api.spotify.com/v1/audio-analysis/0Zge2Kfo3Yd9JOGnAmVPbb,240587,4
0.551,0.4,1,-11.296,1,0.0325,0.83,0.000544,0.115,0.699,95.515,audio_features,0PeX8v4FBZZnVKry8SfTZG,spotify:track:0PeX8v4FBZZnVKry8SfTZG,https://api.spotify.com/v1/tracks/0PeX8v4FBZZnVKry8SfTZG,https://api.spotify.com/v1/audio-analysis/0PeX8v4FBZZnVKry8SfTZG,167320,4
0.402,0.449,9,-11.952,1,0.0337,0.903,0.222,0.113,0.199,93.619,audio_features,7FlG1jSqoaKjPwdgUOe2Io,spotify:track:7FlG1jSqoaKjPwdgUOe2Io,https://api.spotify.com/v1/tracks/7FlG1jSqoaKjPwdgUOe2Io,https://api.spotify.com/v1/audio-analysis/7FlG1jSqoaKjPwdgUOe2Io,134640,4
0.688,0.497,0,-13.585,1,0.0319,0.0674,0.685,0.124,0.137,134.983,audio_features,7M6DV01MwFtFDNNGCNg50e,spotify:track:7M6DV01MwFtFDNNGCNg50e,https://api.spotify.com/v1/tracks/7M6DV01MwFtFDNNGCNg50e,https://api.spotify.com/v1/audio-analysis/7M6DV01MwFtFDNNGCNg50e,308401,4
0.497,0.281,6,-11.024,1,0.0328,0.82,0.0562,0.0666,0.283,86.053,audio_features,4btk93NKH9HQtYwwX69HOD,spotify:track:4btk93NKH9HQtYwwX69HOD,https://api.spotify.com/v1/tracks/4btk93NKH9HQtYwwX69HOD,https://api.spotify.com/v1/audio-analysis/4btk93NKH9HQtYwwX69HOD,251142,4
