danceability,energy,key,loudness,mode,speechiness,acousticness,instrumentalness,liveness,valence,tempo,type,id,uri,track_href,analysis_url,duration_ms,time_signature
0.552,0.64,10,-8.131,1,0.113,0.158,0.0883,0.497,0.304,117.705,audio_features,2zK7WoBXoNkyZbvUQJAc5c,spotify:track:2zK7WoBXoNkyZbvUQJAc5c,https://api.spotify.com/v1/tracks/2zK7WoBXoNkyZbvUQJAc5c,https://api.spotify.com/v1/audio-analysis/2zK7WoBXoNkyZbvUQJAc5c,215085,4
0.428,0.309,0,-7.832,1,0.0342,0.352,0,0.113,0.353,85.258,audio_features,1JC21hx7DnNNFI82lwhYww,spotify:track:1JC21hx7DnNNFI82lwhYww,https://api.spotify.com/v1/tracks/1JC21hx7DnNNFI82lwhYww,https://api.spotify.com/v1/audio-analysis/1JC21hx7DnNNFI82lwhYww,191608,4
0.473,0.357,11,-8.409,0,0.0374,0.637,0.00701,0.207,0.207,84.266,audio_features,5pbbFhvorCVIdNgkfu1Sq2,spotify:track:5pbbFhvorCVIdNgkfu1Sq2,https://api.spotify.com/v1/tracks/5pbbFhvorCVIdNgkfu1Sq2,https://api.spotify.com/v1/audio-analysis/5pbbFhvorCVIdNgkfu1Sq2,176741,4
0.683,0.481,8,-9.188,0,0.0967,0.189,0.778,0.0907,0.493,119.995,audio_features,7avUYFehb1GscgCncPdBDK,spotify:track:7avUYFehb1GscgCncPdBDK,https://api.spotify.com/v1/tracks/7avUYFehb1GscgCncPdBDK,https://api.spotify.com/v1/audio-analysis/7avUYFehb1GscgCncPdBDK,160000,4
0.714,0.555,6,-7.55,0,0.0459,0.656,0.000289,0.11,0.329,102.971,audio_features,2U6hcDLZHYRSd9Up0mMe9W,spotify:track:2U6hcDLZHYRSd9Up0mMe9W,https://api.spotify.com/v1/tracks/2U6hcDLZHYRSd9Up0mMe9W,https://api.spotify.com/v1/audio-analysis/2U6hcDLZHYRSd9Up0mMe9W,205130,4
0.648,0.762,0,-7.49,1,0.0656,0.236,0.00293,0.605,0.609,124.087,audio_features,4wRSppTLOboYsjGLux1Bxg,spotify:track:4wRSppTLOboYsjGLux1Bxg,https://api.spotify.com/v1/tracks/4wRSppTLOboYsjGLux1Bxg,https://api.spotify.com/v1/audio-analysis/4wRSppTLOboYsjGLux1Bxg,251560,4
0.471,0.533,4,-7.842,1,0.0321,0.496,0,0.108,0.0972,75.954,audio_features,2xtgaxm8J9Jh2rr5M7ZLFJ,spotify:track:2xtgaxm8J9Jh2rr5M7ZLFJ,https://api.spotify.com/v1/tracks/2xtgaxm8J9Jh2rr5M7ZLFJ,https://api.spotify.com/v1/audio-analysis/2xtgaxm8J9Jh2rr5M7ZLFJ,188653,4
0.413,0.516,0,-9.077,1,0.259,0.494,0.00134,0.702,0.211,99.383,audio_features,4tzOO4Bhu6rHlmqSsquXDJ,spotify:track:4tzOO4Bhu6rHlmqSsquXDJ,https://api.spotify.com/v1/tracks/4tzOO4Bhu6rHlmqSsquXDJ,https://api.spotify.com/v1/audio-analysis/4tzOO4Bhu6rHlmqSsquXDJ,278199,4
0.313,0.362,9,-12.398,1,0.0544,0.87,0,0.357,0.31,84.718,audio_features,3mPku45DVVkWIJif43U1DM,spotify:track:3mPku45DVVkWIJif43U1DM,https://api.spotify.com/v1/tracks/3mPku45DVVkWIJif43U1DM,https://api.spotify.com/v1/audio-analysis/3mPku45DVVkWIJif43U1DM,148760,3
