danceability,energy,key,loudness,mode,speechiness,acousticness,instrumentalness,liveness,valence,tempo,type,id,uri,track_href,analysis_url,duration_ms,time_signature
0.507,0.824,6,-2.501,1,0.0526,0.0246,0.0451,0.0848,0.0394,84.992,audio_features,1mia2jUSO5ea1Pe7xmsLV0,spotify:track:1mia2jUSO5ea1Pe7xmsLV0,https://api.spotify.com/v1/tracks/1mia2jUSO5ea1Pe7xmsLV0,https://api.spotify.com/v1/audio-analysis/1mia2jUSO5ea1Pe7xmsLV0,248480,4
0.417,0.355,6,-8.374,1,0.0806,0.791,0,0.163,0.0751,125.178,audio_features,5O06nbk5wDRr1WR3Tyo0Af,spotify:track:5O06nbk5wDRr1WR3Tyo0Af,https://api.spotify.com/v1/tracks/5O06nbk5wDRr1WR3Tyo0Af,https://api.spotify.com/v1/audio-analysis/5O06nbk5wDRr1WR3Tyo0Af,208214,4
0.6,0.487,5,-8.132,1,0.0239,0.222,3.22e-05,0.125,0.53,131.932,audio_features,6AGbQEjzAzqLaZlqlONpeW,spotify:track:6AGbQEjzAzqLaZlqlONpeW,https://api.spotify.com/v1/tracks/6AGbQEjzAzqLaZlqlONpeW,https://api.spotify.com/v1/audio-analysis/6AGbQEjzAzqLaZlqlONpeW,271000,4
0.471,0.333,8,-11.857,0,0.0375,0.00391,0.000186,0.556,0.124,80.768,audio_features,4VJtGn42R0lLj4Vc7EUVjV,spotify:track:4VJtGn42R0lLj4Vc7EUVjV,https://api.spotify.com/v1/tracks/4VJtGn42R0lLj4Vc7EUVjV,https://api.spotify.com/v1/audio-analysis/4VJtGn42R0lLj4Vc7EUVjV,190370,4
0.589,0.846,5,-5.455,1,0.0377,0.069,0.00125,0.0904,0.704,122.0,audio_features,7DtIdJ2oeqBIeX8muz8ybI,spotify:track:7DtIdJ2oeqBIeX8muz8ybI,https://api.spotify.com/v1/tracks/7DtIdJ2oeqBIeX8muz8ybI,https://api.spotify.com/v1/audio-analysis/7DtIdJ2oeqBIeX8muz8ybI,266173,4
0.643,0.732,5,-6.762,0,0.0294,0.00681,4.57e-05,0.0606,0.181,102.979,audio_features,7gZQfdEQpmwAoPHSbEHzms,spotify:track:7gZQfdEQpmwAoPHSbEHzms,https://api.spotify.com/v1/tracks/7gZQfdEQpmwAoPHSbEHzms,https://api.spotify.com/v1/audio-analysis/7gZQfdEQpmwAoPHSbEHzms,224272,4
0.615,0.658,5,-7.299,1,0.0343,0.096,0.000911,0.205,0.293,150.093,audio_features,3n69hLUdIsSa1WlRmjMZlW,spotify:track:3n69hLUdIsSa1WlRmjMZlW,https://api.spotify.com/v1/tracks/3n69hLUdIsSa1WlRmjMZlW,https://api.spotify.com/v1/audio-analysis/3n69hLUdIsSa1WlRmjMZlW,227080,4
0.454,0.229,2,-12.592,1,0.0297,0.167,0.102,0.202,0.134,73.552,audio_features,045sp2JToyTaaKyXkGejPy,spotify:track:045sp2JToyTaaKyXkGejPy,https://api.spotify.com/v1/tracks/045sp2JToyTaaKyXkGejPy,https://api.spotify.com/v1/audio-analysis/045sp2JToyTaaKyXkGejPy,290707,4
0.822,0.544,0,-6.797,1,0.0332,0.562,2.4e-05,0.144,0.861,122.047,audio_features,4nMlau89VAjmV7agkl7OY3,spotify:track:4nMlau89VAjmV7agkl7OY3,https://api.spotify.com/v1/tracks/4nMlau89VAjmV7agkl7OY3,https://api.spotify.com/v1/audio-analysis/4nMlau89VAjmV7agkl7OY3,198001,4
