danceability,energy,key,loudness,mode,speechiness,acousticness,instrumentalness,liveness,valence,tempo,type,id,uri,track_href,analysis_url,duration_ms,time_signature
0.743,0.685,4,-6.863,1,0.0975,0.0664,6.75e-05,0.0884,0.443,109.988,audio_features,1Dr5JexwA15wmKe7Y7maA9,spotify:track:1Dr5JexwA15wmKe7Y7maA9,https://api.spotify.com/v1/tracks/1Dr5JexwA15wmKe7Y7maA9,https://api.spotify.com/v1/audio-analysis/1Dr5JexwA15wmKe7Y7maA9,274320,4
0.354,0.311,3,-10.377,1,0.0321,0.965,0.0315,0.204,0.135,146.631,audio_features,5eG8QuQKOBvDeCyoOeMkhT,spotify:track:5eG8QuQKOBvDeCyoOeMkhT,https://api.spotify.com/v1/tracks/5eG8QuQKOBvDeCyoOeMkhT,https://api.spotify.com/v1/audio-analysis/5eG8QuQKOBvDeCyoOeMkhT,194160,3
0.458,0.65,5,-6.581,1,0.0333,0.174,0,0.0865,0.341,77.953,audio_features,4e7E3rBA7axwmPmCc0I2XA,spotify:track:4e7E3rBA7axwmPmCc0I2XA,https://api.spotify.com/v1/tracks/4e7E3rBA7axwmPmCc0I2XA,https://api.spotify.com/v1/audio-analysis/4e7E3rBA7axwmPmCc0I2XA,228910,4
0.613,0.593,0,-7.537,0,0.0295,0.227,0.000431,0.126,0.175,100.037,audio_features,62EugoI25BI9PpPYK8Vdta,spotify:track:62EugoI25BI9PpPYK8Vdta,https://api.spotify.com/v1/tracks/62EugoI25BI9PpPYK8Vdta,https://api.spotify.com/v1/audio-analysis/62EugoI25BI9PpPYK8Vdta,245850,4
0.611,0.83,2,-4.522,1,0.0324,0.0229,5.19e-06,0.141,0.314,130.014,audio_features,6hDlLJZ6NBbM5OsIh2gFbc,spotify:track:6hDlLJZ6NBbM5OsIh2gFbc,https://api.spotify.com/v1/tracks/6hDlLJZ6NBbM5OsIh2gFbc,https://api.spotify.com/v1/audio-analysis/6hDlLJZ6NBbM5OsIh2gFbc,215518,4
0.782,0.243,7,-9.416,1,0.214,0.138,0.00172,0.101,0.369,168.047,audio_features,4CE0yVoaOEHWxswh3oriJp,spotify:track:4CE0yVoaOEHWxswh3oriJp,https://api.spotify.com/v1/tracks/4CE0yVoaOEHWxswh3oriJp,https://api.spotify.com/v1/audio-analysis/4CE0yVoaOEHWxswh3oriJp,176672,4
0.402,0.841,6,-4.326,1,0.0451,0.000602,0.000974,0.145,0.262,87.992,audio_features,6TceAqRG7hJWBNhgv5zQl9,spotify:track:6TceAqRG7hJWBNhgv5zQl9,https://api.spotify.com/v1/tracks/6TceAqRG7hJWBNhgv5zQl9,https://api.spotify.com/v1/audio-analysis/6TceAqRG7hJWBNhgv5zQl9,215973,4
0.705,0.399,0,-9.778,0,0.0367,0.0214,0.00258,0.121,0.293,129.021,audio_features,3hJbSYw1FvzDtpOMZ6hCeA,spotify:track:3hJbSYw1FvzDtpOMZ6hCeA,https://api.spotify.com/v1/tracks/3hJbSYw1FvzDtpOMZ6hCeA,https://api.spotify.com/v1/audio-analysis/3hJbSYw1FvzDtpOMZ6hCeA,259507,4
0.493,0.524,0,-8.041,1,0.0366,0.566,0.00421,0.112,0.0695,122.046,audio_features,5x2x8PYOyea64ElFX2dHMf,spotify:track:5x2x8PYOyea64ElFX2dHMf,https://api.spotify.com/v1/tracks/5x2x8PYOyea64ElFX2dHMf,https://api.spotify.com/v1/audio-analysis/5x2x8PYOyea64ElFX2dHMf,308945,4
