danceability,energy,key,loudness,mode,speechiness,acousticness,instrumentalness,liveness,valence,tempo,type,id,uri,track_href,analysis_url,duration_ms,time_signature
0.641,0.331,9,-11.654,1,0.0546,0.221,0.00469,0.109,0.427,143.663,audio_features,6yrzVz6WjF4Whhj1dxIdAk,spotify:track:6yrzVz6WjF4Whhj1dxIdAk,https://api.spotify.com/v1/tracks/6yrzVz6WjF4Whhj1dxIdAk,https://api.spotify.com/v1/audio-analysis/6yrzVz6WjF4Whhj1dxIdAk,285877,4
0.946,0.203,0,-11.184,1,0.0629,0.668,4.76e-06,0.127,0.701,115.999,audio_features,3l1VHNVZSkcUSRcRQYneEw,spotify:track:3l1VHNVZSkcUSRcRQYneEw,https://api.spotify.com/v1/tracks/3l1VHNVZSkcUSRcRQYneEw,https://api.spotify.com/v1/audio-analysis/3l1VHNVZSkcUSRcRQYneEw,173120,4
0.658,0.554,0,-7.385,1,0.0375,0.101,0.0816,0.114,0.515,76.986,audio_features,1vffAKKUmix0Wzdu0SQ67B,spotify:track:1vffAKKUmix0Wzdu0SQ67B,https://api.spotify.com/v1/tracks/1vffAKKUmix0Wzdu0SQ67B,https://api.spotify.com/v1/audio-analysis/1vffAKKUmix0Wzdu0SQ67B,240653,4
0.67,0.454,7,-8.477,1,0.0367,0.853,0,0.119,0.793,110.983,audio_features,0Szig4psER1ESRarCgahmn,spotify:track:0Szig4psER1ESRarCgahmn,https://api.spotify.com/v1/tracks/0Szig4psER1ESRarCgahmn,https://api.spotify.com/v1/audio-analysis/0Szig4psER1ESRarCgahmn,189760,4
0.501,0.307,7,-17.241,1,0.0271,0.812,0.784,0.144,0.131,106.128,audio_features,5uFnBjrDzvYz48xvUwBRBd,spotify:track:5uFnBjrDzvYz48xvUwBRBd,https://api.spotify.com/v1/tracks/5uFnBjrDzvYz48xvUwBRBd,https://api.spotify.com/v1/audio-analysis/5uFnBjrDzvYz48xvUwBRBd,391496,4
0.311,0.514,0,-12.705,0,0.0766,0.668,0.0326,0.0743,0.193,87.293,audio_features,4gAJXBK8k1mvNjoJR246sk,spotify:track:4gAJXBK8k1mvNjoJR246sk,https://api.spotify.com/v1/tracks/4gAJXBK8k1mvNjoJR246sk,https://api.spotify.com/v1/audio-analysis/4gAJXBK8k1mvNjoJR246sk,322348,4
0.506,0.51,4,-8.334,1,0.0275,0.758,0.0153,0.103,0.24,140.054,audio_features,7ezHlsUtR8oo1pqHJBeC65,spotify:track:7ezHlsUtR8oo1pqHJBeC65,https://api.spotify.com/v1/tracks/7ezHlsUtR8oo1pqHJBeC65,https://api.spotify.com/v1/audio-analysis/7ezHlsUtR8oo1pqHJBeC65,228778,4
0.722,0.442,11,-8.345,0,0.0289,0.0278,0.00042,0.345,0.311,129.983,audio_features,4pT7IdR1FbbXqP5x2uCe5a,spotify:track:4pT7IdR1FbbXqP5x2uCe5a,https://api.spotify.com/v1/tracks/4pT7IdR1FbbXqP5x2uCe5a,https://api.spotify.com/v1/audio-analysis/4pT7IdR1FbbXqP5x2uCe5a,215320,4
0.562,0.563,8,-5.854,1,0.209,0.468,0.00227,0.298,0.726,145.487,audio_features,1aQZKoiKKH8Y7bz0C18BGv,spotify:track:1aQZKoiKKH8Y7bz0C18BGv,https://api.spotify.com/v1/tracks/1aQZKoiKKH8Y7bz0C18BGv,https://api.spotify.com/v1/audio-analysis/1aQZKoiKKH8Y7bz0C18BGv,223562,4
