danceability,energy,key,loudness,mode,speechiness,acousticness,instrumentalness,liveness,valence,tempo,type,id,uri,track_href,analysis_url,duration_ms,time_signature
0.399,0.646,0,-7.574,1,0.0344,0.000349,2.15e-05,0.298,0.0887,117.994,audio_features,738Fi5l5VKKP47ovwsee8E,spotify:track:738Fi5l5VKKP47ovwsee8E,https://api.spotify.com/v1/tracks/738Fi5l5VKKP47ovwsee8E,https://api.spotify.com/v1/audio-analysis/738Fi5l5VKKP47ovwsee8E,215590,4
0.463,0.912,1,-5.008,1,0.24,0.0702,0.0153,0.136,0.346,165.07,audio_features,0ikbufjXAgnd0OdhCjEBB3,spotify:track:0ikbufjXAgnd0OdhCjEBB3,https://api.spotify.com/v1/tracks/0ikbufjXAgnd0OdhCjEBB3,https://api.spotify.com/v1/audio-analysis/0ikbufjXAgnd0OdhCjEBB3,196286,4
0.591,0.875,5,-5.759,0,0.0652,0.0784,0.000791,0.123,0.501,130.108,audio_features,68SOnYIcD0zgyxw5yKx15S,spotify:track:68SOnYIcD0zgyxw5yKx15S,https://api.spotify.com/v1/tracks/68SOnYIcD0zgyxw5yKx15S,https://api.spotify.com/v1/audio-analysis/68SOnYIcD0zgyxw5yKx15S,203378,4
0.706,0.855,6,-4.853,1,0.175,0.108,0,0.104,0.465,155.0,audio_features,36DXLz5J9t5637S7I3vunC,spotify:track:36DXLz5J9t5637S7I3vunC,https://api.spotify.com/v1/tracks/36DXLz5J9t5637S7I3vunC,https://api.spotify.com/v1/audio-analysis/36DXLz5J9t5637S7I3vunC,227987,4
0.716,0.536,4,-10.499,1,0.0286,0.654,1.79e-06,0.275,0.684,118.096,audio_features,4PDXtZQ83AJzfLWX0lcJux,spotify:track:4PDXtZQ83AJzfLWX0lcJux,https://api.spotify.com/v1/tracks/4PDXtZQ83AJzfLWX0lcJux,https://api.spotify.com/v1/audio-analysis/4PDXtZQ83AJzfLWX0lcJux,182653,4
0.502,0.961,5,-5.217,0,0.113,0.00668,0.00131,0.0866,0.487,150.054,audio_features,1S5ZWgIiEUvJ2k8jYYpWkw,spotify:track:1S5ZWgIiEUvJ2k8jYYpWkw,https://api.spotify.com/v1/tracks/1S5ZWgIiEUvJ2k8jYYpWkw,https://api.spotify.com/v1/audio-analysis/1S5ZWgIiEUvJ2k8jYYpWkw,243333,4
0.619,0.745,2,-7.264,1,0.05,0.0992,0,0.178,0.629,129.96,audio_features,5BS94VMlUvwBp4e0W6ochN,spotify:track:5BS94VMlUvwBp4e0W6ochN,https://api.spotify.com/v1/tracks/5BS94VMlUvwBp4e0W6ochN,https://api.spotify.com/v1/audio-analysis/5BS94VMlUvwBp4e0W6ochN,261013,4
0.648,0.74,11,-6.879,1,0.0328,0.0249,0,0.188,0.94,120.03,audio_features,3xH4yhksVN6bGsq5BIZPSH,spotify:track:3xH4yhksVN6bGsq5BIZPSH,https://api.spotify.com/v1/tracks/3xH4yhksVN6bGsq5BIZPSH,https://api.spotify.com/v1/audio-analysis/3xH4yhksVN6bGsq5BIZPSH,225995,4
0.881,0.541,4,-6.921,1,0.0339,0.193,0,0.141,0.852,131.876,audio_features,4TzFz8i3sbwB7EpNbyOZVx,spotify:track:4TzFz8i3sbwB7EpNbyOZVx,https://api.spotify.com/v1/tracks/4TzFz8i3sbwB7EpNbyOZVx,https://api.spotify.com/v1/audio-analysis/4TzFz8i3sbwB7EpNbyOZVx,216480,4
