danceability,energy,key,loudness,mode,speechiness,acousticness,instrumentalness,liveness,valence,tempo,type,id,uri,track_href,analysis_url,duration_ms,time_signature
0.74,0.685,0,-6.28,1,0.0332,0.0566,3.4e-05,0.295,0.602,122.487,audio_features,3kSZhpgkYRJ6qZvvPxHHq4,spotify:track:3kSZhpgkYRJ6qZvvPxHHq4,https://api.spotify.com/v1/tracks/3kSZhpgkYRJ6qZvvPxHHq4,https://api.spotify.com/v1/audio-analysis/3kSZhpgkYRJ6qZvvPxHHq4,244413,4
0.296,0.879,7,-5.382,1,0.0601,0.00063,0.201,0.192,0.0923,139.924,audio_features,77KnVEVHaKefTAKSpaHL4U,spotify:track:77KnVEVHaKefTAKSpaHL4U,https://api.spotify.com/v1/tracks/77KnVEVHaKefTAKSpaHL4U,https://api.spotify.com/v1/audio-analysis/77KnVEVHaKefTAKSpaHL4U,277187,4
0.728,0.723,10,-5.789,0,0.123,0.0013,8.78e-06,0.085,0.842,143.949,audio_features,1IfaWGDXebhYxCewwPftp8,spotify:track:1IfaWGDXebhYxCewwPftp8,https://api.spotify.com/v1/tracks/1IfaWGDXebhYxCewwPftp8,https://api.spotify.com/v1/audio-analysis/1IfaWGDXebhYxCewwPftp8,198937,4
0.792,0.563,1,-4.836,1,0.0787,0.318,0,0.13,0.321,134.022,audio_features,5e9aFSdnkQUrm5y8Dhw0qN,spotify:track:5e9aFSdnkQUrm5y8Dhw0qN,https://api.spotify.com/v1/tracks/5e9aFSdnkQUrm5y8Dhw0qN,https://api.spotify.com/v1/audio-analysis/5e9aFSdnkQUrm5y8Dhw0qN,224213,4
0.742,0.712,9,-5.773,1,0.0333,0.527,0.000195,0.114,0.505,139.998,audio_features,3yyC2DElwp9KzkqeaTsFb8,spotify:track:3yyC2DElwp9KzkqeaTsFb8,https://api.spotify.com/v1/tracks/3yyC2DElwp9KzkqeaTsFb8,https://api.spotify.com/v1/audio-analysis/3yyC2DElwp9KzkqeaTsFb8,235770,4
0.583,0.598,11,-6.759,1,0.025,0.448,9.51e-06,0.251,0.768,170.158,audio_features,3vZL8JWaW3c3Q8q8uSwjve,spotify:track:3vZL8JWaW3c3Q8q8uSwjve,https://api.spotify.com/v1/tracks/3vZL8JWaW3c3Q8q8uSwjve,https://api.spotify.com/v1/audio-analysis/3vZL8JWaW3c3Q8q8uSwjve,195933,4
0.654,0.733,6,-4.889,0,0.0461,0.00757,0,0.112,0.893,146.924,audio_features,2p4jcOrYpJn3f6FF8GZlIU,spotify:track:2p4jcOrYpJn3f6FF8GZlIU,https://api.spotify.com/v1/tracks/2p4jcOrYpJn3f6FF8GZlIU,https://api.spotify.com/v1/audio-analysis/2p4jcOrYpJn3f6FF8GZlIU,272747,4
0.583,0.649,6,-8.418,0,0.0603,0.0139,0.000891,0.341,0.423,89.979,audio_features,19ANRSXzLce65fOthkjlJy,spotify:track:19ANRSXzLce65fOthkjlJy,https://api.spotify.com/v1/tracks/19ANRSXzLce65fOthkjlJy,https://api.spotify.com/v1/audio-analysis/19ANRSXzLce65fOthkjlJy,262667,4
0.544,0.73,9,-5.346,0,0.0284,0.115,0,0.108,0.501,89.979,audio_features,6aRvRhWAF2AYgDnNXEUOy3,spotify:track:6aRvRhWAF2AYgDnNXEUOy3,https://api.spotify.com/v1/tracks/6aRvRhWAF2AYgDnNXEUOy3,https://api.spotify.com/v1/audio-analysis/6aRvRhWAF2AYgDnNXEUOy3,243000,4
