danceability,energy,key,loudness,mode,speechiness,acousticness,instrumentalness,liveness,valence,tempo,type,id,uri,track_href,analysis_url,duration_ms,time_signature
0.87,0.699,5,-5.541,0,0.0459,0.245,6.76e-06,0.0588,0.726,126.967,audio_features,3iVAyrTlbWGBq0laeQ18z2,spotify:track:3iVAyrTlbWGBq0laeQ18z2,https://api.spotify.com/v1/tracks/3iVAyrTlbWGBq0laeQ18z2,https://api.spotify.com/v1/audio-analysis/3iVAyrTlbWGBq0laeQ18z2,198440,4
0.79,0.916,1,-2.742,1,0.104,0.121,0.000269,0.0513,0.734,124.986,audio_features,12tA6w3I4PLAHunawPPfTW,spotify:track:12tA6w3I4PLAHunawPPfTW,https://api.spotify.com/v1/tracks/12tA6w3I4PLAHunawPPfTW,https://api.spotify.com/v1/audio-analysis/12tA6w3I4PLAHunawPPfTW,263813,4
0.438,0.913,9,-3.438,1,0.0558,0.000142,0.00393,0.145,0.21,118.963,audio_features,5zYFk0vBkVLwVhfVMSjSck,spotify:track:5zYFk0vBkVLwVhfVMSjSck,https://api.spotify.com/v1/tracks/5zYFk0vBkVLwVhfVMSjSck,https://api.spotify.com/v1/audio-analysis/5zYFk0vBkVLwVhfVMSjSck,196160,4
0.541,0.907,4,-4.512,1,0.0642,0.0158,0.000185,0.34,0.434,80.029,audio_features,3IyCL4Em1GOpNGDf451Hg1,spotify:track:3IyCL4Em1GOpNGDf451Hg1,https://api.spotify.com/v1/tracks/3IyCL4Em1GOpNGDf451Hg1,https://api.spotify.com/v1/audio-analysis/3IyCL4Em1GOpNGDf451Hg1,187653,4
0.886,0.818,11,-3.649,0,0.0843,0.218,3.46e-06,0.0687,0.469,95.05,audio_features,4Z3qm2aWGTJuJKnv3EWwyD,spotify:track:4Z3qm2aWGTJuJKnv3EWwyD,https://api.spotify.com/v1/tracks/4Z3qm2aWGTJuJKnv3EWwyD,https://api.spotify.com/v1/audio-analysis/4Z3qm2aWGTJuJKnv3EWwyD,192387,4
0.684,0.349,10,-6.928,1,0.032,0.572,3.77e-06,0.134,0.64,75.008,audio_features,2xc2Qzq0IyWsIbbcihWzzI,spotify:track:2xc2Qzq0IyWsIbbcihWzzI,https://api.spotify.com/v1/tracks/2xc2Qzq0IyWsIbbcihWzzI,https://api.spotify.com/v1/audio-analysis/2xc2Qzq0IyWsIbbcihWzzI,203867,4
0.679,0.918,8,-6.697,1,0.0295,0.000819,0.000324,0.524,0.727,137.012,audio_features,0E18bLgMPa18DFlIydrdM5,spotify:track:0E18bLgMPa18DFlIydrdM5,https://api.spotify.com/v1/tracks/0E18bLgMPa18DFlIydrdM5,https://api.spotify.com/v1/audio-analysis/0E18bLgMPa18DFlIydrdM5,240507,4
0.725,0.471,0,-8.635,0,0.241,0.0455,0,0.196,0.12,135.88,audio_features,1kKfLv5RsxxQb6afxfIgsz,spotify:track:1kKfLv5RsxxQb6afxfIgsz,https://api.spotify.com/v1/tracks/1kKfLv5RsxxQb6afxfIgsz,https://api.spotify.com/v1/audio-analysis/1kKfLv5RsxxQb6afxfIgsz,245093,4
0.535,0.79,6,-5.852,0,0.0303,0.00212,0.000451,0.186,0.314,100.026,audio_features,7pHfn6ItURGGX7bJ9txYx1,spotify:track:7pHfn6ItURGGX7bJ9txYx1,https://api.spotify.com/v1/tracks/7pHfn6ItURGGX7bJ9txYx1,https://api.spotify.com/v1/audio-analysis/7pHfn6ItURGGX7bJ9txYx1,208227,4
