danceability,energy,key,loudness,mode,speechiness,acousticness,instrumentalness,liveness,valence,tempo,type,id,uri,track_href,analysis_url,duration_ms,time_signature
0.684,0.621,0,-6.781,1,0.0517,0.276,0.068,0.116,0.595,89.006,audio_features,21vtyMs7mkb0ji9llNXGm4,spotify:track:21vtyMs7mkb0ji9llNXGm4,https://api.spotify.com/v1/tracks/21vtyMs7mkb0ji9llNXGm4,https://api.spotify.com/v1/audio-analysis/21vtyMs7mkb0ji9llNXGm4,263613,4
0.713,0.551,6,-7.509,1,0.0769,0.423,0.000748,0.0666,0.272,94.041,audio_features,7HEKWQblpKx5JOjqDbcWoA,spotify:track:7HEKWQblpKx5JOjqDbcWoA,https://api.spotify.com/v1/tracks/7HEKWQblpKx5JOjqDbcWoA,https://api.spotify.com/v1/audio-analysis/7HEKWQblpKx5JOjqDbcWoA,213481,4
0.517,0.96,0,-1.899,1,0.0883,0.0476,0.0059,0.0742,0.278,166.953,audio_features,2ENBpH5E8q2ruksZfZZxVk,spotify:track:2ENBpH5E8q2ruksZfZZxVk,https://api.spotify.com/v1/tracks/2ENBpH5E8q2ruksZfZZxVk,https://api.spotify.com/v1/audio-analysis/2ENBpH5E8q2ruksZfZZxVk,222829,4
0.661,0.763,8,-4.599,1,0.0312,0.00663,0,0.0638,0.862,104.493,audio_features,6vg8fx8U6ebKVHeBEzMXAI,spotify:track:6vg8fx8U6ebKVHeBEzMXAI,https://api.spotify.com/v1/tracks/6vg8fx8U6ebKVHeBEzMXAI,https://api.spotify.com/v1/audio-analysis/6vg8fx8U6ebKVHeBEzMXAI,214013,4
0.698,0.747,2,-6.193,1,0.0392,0.158,0.00982,0.123,0.407,120.007,audio_features,2EQBrX6CujOnVLiFCRXXc0,spotify:track:2EQBrX6CujOnVLiFCRXXc0,https://api.spotify.com/v1/tracks/2EQBrX6CujOnVLiFCRXXc0,https://api.spotify.com/v1/audio-analysis/2EQBrX6CujOnVLiFCRXXc0,374240,4
0.935,0.629,5,-5.069,0,0.0568,0.132,1.56e-06,0.104,0.559,140.061,audio_features,2h068NOvOXTUCYS0GeSmix,spotify:track:2h068NOvOXTUCYS0GeSmix,https://api.spotify.com/v1/tracks/2h068NOvOXTUCYS0GeSmix,https://api.spotify.com/v1/audio-analysis/2h068NOvOXTUCYS0GeSmix,151448,4
0.758,0.476,11,-10.244,1,0.0662,0.521,0.00728,0.15,0.694,139.976,audio_features,0LFqxv7O10lq49g4wpJ1ht,spotify:track:0LFqxv7O10lq49g4wpJ1ht,https://api.spotify.com/v1/tracks/0LFqxv7O10lq49g4wpJ1ht,https://api.spotify.com/v1/audio-analysis/0LFqxv7O10lq49g4wpJ1ht,184500,4
0.575,0.485,8,-9.247,0,0.0302,0.153,0.523,0.0934,0.345,172.17,audio_features,1GLzCv2crATQgyUGdN94c3,spotify:track:1GLzCv2crATQgyUGdN94c3,https://api.spotify.com/v1/tracks/1GLzCv2crATQgyUGdN94c3,https://api.spotify.com/v1/audio-analysis/1GLzCv2crATQgyUGdN94c3,214894,4
0.47,0.765,6,-6.717,0,0.0322,0.00638,0.000434,0.156,0.621,155.905,audio_features,5D3X6O6XBJx1dngCiW0kwa,spotify:track:5D3X6O6XBJx1dngCiW0kwa,https://api.spotify.com/v1/tracks/5D3X6O6XBJx1dngCiW0kwa,https://api.spotify.com/v1/audio-analysis/5D3X6O6XBJx1dngCiW0kwa,189102,4
