danceability,energy,key,loudness,mode,speechiness,acousticness,instrumentalness,liveness,valence,tempo,type,id,uri,track_href,analysis_url,duration_ms,time_signature
0.476,0.795,0,-5.554,1,0.0384,0.00956,0.794,0.084,0.356,89.008,audio_features,3ypjtEt988o9MVzpR8KVI7,spotify:track:3ypjtEt988o9MVzpR8KVI7,https://api.spotify.com/v1/tracks/3ypjtEt988o9MVzpR8KVI7,https://api.spotify.com/v1/audio-analysis/3ypjtEt988o9MVzpR8KVI7,177040,4
0.548,0.907,11,-5.236,1,0.057,0.0105,0,0.274,0.581,96.01,audio_features,5qFDMxXqSYs00jaAHtnXfE,spotify:track:5qFDMxXqSYs00jaAHtnXfE,https://api.spotify.com/v1/tracks/5qFDMxXqSYs00jaAHtnXfE,https://api.spotify.com/v1/audio-analysis/5qFDMxXqSYs00jaAHtnXfE,217200,4
0.617,0.682,0,-6.799,1,0.0311,0.000506,0.000499,0.327,0.576,132.949,audio_features,4rK5jS4jxaOxvbEymMat1u,spotify:track:4rK5jS4jxaOxvbEymMat1u,https://api.spotify.com/v1/tracks/4rK5jS4jxaOxvbEymMat1u,https://api.spotify.com/v1/audio-analysis/4rK5jS4jxaOxvbEymMat1u,182625,4
0.407,0.828,2,-5.261,1,0.0329,0.000702,0,0.221,0.415,149.057,audio_features,2T3RU1FnSfZHvCN83hIbon,spotify:track:2T3RU1FnSfZHvCN83hIbon,https://api.spotify.com/v1/tracks/2T3RU1FnSfZHvCN83hIbon,https://api.spotify.com/v1/audio-analysis/2T3RU1FnSfZHvCN83hIbon,206360,4
0.574,0.841,1,-6.059,1,0.0353,0.0441,0,0.107,0.601,121.916,audio_features,5OmFAKeh3grQ2vljWY4ZHY,spotify:track:5OmFAKeh3grQ2vljWY4ZHY,https://api.spotify.com/v1/tracks/5OmFAKeh3grQ2vljWY4ZHY,https://api.spotify.com/v1/audio-analysis/5OmFAKeh3grQ2vljWY4ZHY,187061,4
0.751,0.787,11,-6.416,0,0.0359,0.00042,0.0055,0.0942,0.684,113.004,audio_features,590vT6wZ6m4h22OF9AvfBI,spotify:track:590vT6wZ6m4h22OF9AvfBI,https://api.spotify.com/v1/tracks/590vT6wZ6m4h22OF9AvfBI,https://api.spotify.com/v1/audio-analysis/590vT6wZ6m4h22OF9AvfBI,211493,4
0.587,0.698,1,-8.948,1,0.0943,0.0152,0,0.442,0.0985,133.954,audio_features,4Pwjz3DfvfQWV0rO2V8jyh,spotify:track:4Pwjz3DfvfQWV0rO2V8jyh,https://api.spotify.com/v1/tracks/4Pwjz3DfvfQWV0rO2V8jyh,https://api.spotify.com/v1/audio-analysis/4Pwjz3DfvfQWV0rO2V8jyh,310720,4
0.632,0.898,1,-7.364,0,0.119,0.128,0,0.449,0.797,162.974,audio_features,1yYzuNd0KRyHVJ3NH8apBt,spotify:track:1yYzuNd0KRyHVJ3NH8apBt,https://api.spotify.com/v1/tracks/1yYzuNd0KRyHVJ3NH8apBt,https://api.spotify.com/v1/audio-analysis/1yYzuNd0KRyHVJ3NH8apBt,164587,4
0.863,0.736,0,-6.888,1,0.0439,0.0421,5.03e-05,0.0968,0.739,124.013,audio_features,0ZpZQMXC3A6LTZH1U5kPdJ,spotify:track:0ZpZQMXC3A6LTZH1U5kPdJ,https://api.spotify.com/v1/tracks/0ZpZQMXC3A6LTZH1U5kPdJ,https://api.spotify.com/v1/audio-analysis/0ZpZQMXC3A6LTZH1U5kPdJ,220227,4
