danceability,energy,key,loudness,mode,speechiness,acousticness,instrumentalness,liveness,valence,tempo,type,id,uri,track_href,analysis_url,duration_ms,time_signature
0.542,0.802,2,-3.81,0,0.0301,0.00127,4.88e-05,0.137,0.55,116.443,audio_features,7bwIiW0P4zuWl4DMYTlb6F,spotify:track:7bwIiW0P4zuWl4DMYTlb6F,https://api.spotify.com/v1/tracks/7bwIiW0P4zuWl4DMYTlb6F,https://api.spotify.com/v1/audio-analysis/7bwIiW0P4zuWl4DMYTlb6F,178920,4
0.773,0.595,10,-7.7,0,0.0339,0.222,1.44e-06,0.148,0.588,120.031,audio_features,1gkoTFdODnfVt79Sl4S7cV,spotify:track:1gkoTFdODnfVt79Sl4S7cV,https://api.spotify.com/v1/tracks/1gkoTFdODnfVt79Sl4S7cV,https://api.spotify.com/v1/audio-analysis/1gkoTFdODnfVt79Sl4S7cV,244933,4
0.773,0.403,1,-7.596,1,0.0902,0.855,0.036,0.107,0.261,86.007,audio_features,50NEZSNLGu473nFv5Or6gg,spotify:track:50NEZSNLGu473nFv5Or6gg,https://api.spotify.com/v1/tracks/50NEZSNLGu473nFv5Or6gg,https://api.spotify.com/v1/audio-analysis/50NEZSNLGu473nFv5Or6gg,249362,4
0.563,0.74,3,-6.699,1,0.036,0.00163,0.00255,0.106,0.163,116.965,audio_features,4NQqNoeMKWqx97c4vkbWCm,spotify:track:4NQqNoeMKWqx97c4vkbWCm,https://api.spotify.com/v1/tracks/4NQqNoeMKWqx97c4vkbWCm,https://api.spotify.com/v1/audio-analysis/4NQqNoeMKWqx97c4vkbWCm,207877,4
0.745,0.426,9,-7.932,0,0.0372,0.228,0.00136,0.398,0.236,99.937,audio_features,4yPG8jwYg4sg9V3vX2VRN4,spotify:track:4yPG8jwYg4sg9V3vX2VRN4,https://api.spotify.com/v1/tracks/4yPG8jwYg4sg9V3vX2VRN4,https://api.spotify.com/v1/audio-analysis/4yPG8jwYg4sg9V3vX2VRN4,216000,4
0.678,0.671,11,-4.213,0,0.0308,0.00422,0.000573,0.0277,0.697,103.018,audio_features,0Dlx2VRyF2o95UKxRnFFl6,spotify:track:0Dlx2VRyF2o95UKxRnFFl6,https://api.spotify.com/v1/tracks/0Dlx2VRyF2o95UKxRnFFl6,https://api.spotify.com/v1/audio-analysis/0Dlx2VRyF2o95UKxRnFFl6,222597,4
0.497,0.882,8,-5.621,1,0.0412,0.00151,7.11e-06,0.139,0.922,76.481,audio_features,6szw2Y2ywtth0oc7ODN3Tz,spotify:track:6szw2Y2ywtth0oc7ODN3Tz,https://api.spotify.com/v1/tracks/6szw2Y2ywtth0oc7ODN3Tz,https://api.spotify.com/v1/audio-analysis/6szw2Y2ywtth0oc7ODN3Tz,206467,4
0.637,0.642,9,-5.936,1,0.0679,0.00503,0,0.0823,0.446,128.013,audio_features,42qERJGnlPBIds0zxWPFif,spotify:track:42qERJGnlPBIds0zxWPFif,https://api.spotify.com/v1/tracks/42qERJGnlPBIds0zxWPFif,https://api.spotify.com/v1/audio-analysis/42qERJGnlPBIds0zxWPFif,210027,4
0.459,0.683,0,-4.8,0,0.0296,0.0175,0,0.151,0.529,78.01,audio_features,1RgnpXQqSvtqt5Y0YKTs8w,spotify:track:1RgnpXQqSvtqt5Y0YKTs8w,https://api.spotify.com/v1/tracks/1RgnpXQqSvtqt5Y0YKTs8w,https://api.spotify.com/v1/audio-analysis/1RgnpXQqSvtqt5Y0YKTs8w,192998,4
