danceability,energy,key,loudness,mode,speechiness,acousticness,instrumentalness,liveness,valence,tempo,type,id,uri,track_href,analysis_url,duration_ms,time_signature
0.677,0.406,8,-10.315,0,0.0246,0.653,0.111,0.0944,0.138,91.988,audio_features,2nrBsxrtwrgwO89mEBWfif,spotify:track:2nrBsxrtwrgwO89mEBWfif,https://api.spotify.com/v1/tracks/2nrBsxrtwrgwO89mEBWfif,https://api.spotify.com/v1/audio-analysis/2nrBsxrtwrgwO89mEBWfif,232231,4
0.572,0.487,11,-7.805,0,0.0278,0.494,0.00116,0.118,0.208,98.003,audio_features,34tK7moGY0ZZU0Rf8NbB8Z,spotify:track:34tK7moGY0ZZU0Rf8NbB8Z,https://api.spotify.com/v1/tracks/34tK7moGY0ZZU0Rf8NbB8Z,https://api.spotify.com/v1/audio-analysis/34tK7moGY0ZZU0Rf8NbB8Z,325504,4
0.292,0.678,10,-5.595,1,0.0724,0.192,0,0.146,0.365,87.436,audio_features,0tjfognbowyFM3RHTdxjPK,spotify:track:0tjfognbowyFM3RHTdxjPK,https://api.spotify.com/v1/tracks/0tjfognbowyFM3RHTdxjPK,https://api.spotify.com/v1/audio-analysis/0tjfognbowyFM3RHTdxjPK,220403,4
0.623,0.896,5,-4.749,1,0.0374,0.0328,0,0.381,0.531,94.192,audio_features,3esrb0fra9UyMRDTtLOgrd,spotify:track:3esrb0fra9UyMRDTtLOgrd,https://api.spotify.com/v1/tracks/3esrb0fra9UyMRDTtLOgrd,https://api.spotify.com/v1/audio-analysis/3esrb0fra9UyMRDTtLOgrd,195560,4
0.714,0.555,6,-7.55,0,0.0459,0.656,0.000289,0.11,0.329,102.971,audio_features,2U6hcDLZHYRSd9Up0mMe9W,spotify:track:2U6hcDLZHYRSd9Up0mMe9W,https://api.spotify.com/v1/tracks/2U6hcDLZHYRSd9Up0mMe9W,https://api.spotify.com/v1/audio-analysis/2U6hcDLZHYRSd9Up0mMe9W,205130,4
0.61,0.954,10,-5.009,0,0.0855,0.00242,0.367,0.146,0.761,149.974,audio_features,3wac8dHGJq5WKxgfERiP1U,spotify:track:3wac8dHGJq5WKxgfERiP1U,https://api.spotify.com/v1/tracks/3wac8dHGJq5WKxgfERiP1U,https://api.spotify.com/v1/audio-analysis/3wac8dHGJq5WKxgfERiP1U,233680,4
0.726,0.618,0,-4.843,1,0.123,0.0595,4.43e-05,0.151,0.923,161.962,audio_features,5gBEdUKVZJgvQwNu8pIQqy,spotify:track:5gBEdUKVZJgvQwNu8pIQqy,https://api.spotify.com/v1/tracks/5gBEdUKVZJgvQwNu8pIQqy,https://api.spotify.com/v1/audio-analysis/5gBEdUKVZJgvQwNu8pIQqy,209058,4
0.535,0.728,10,-4.008,0,0.033,0.0135,0,0.133,0.376,144.022,audio_features,3efXxXuRf7Rs1quYKkoRmJ,spotify:track:3efXxXuRf7Rs1quYKkoRmJ,https://api.spotify.com/v1/tracks/3efXxXuRf7Rs1quYKkoRmJ,https://api.spotify.com/v1/audio-analysis/3efXxXuRf7Rs1quYKkoRmJ,215333,4
0.637,0.708,10,-6.244,0,0.0433,0.253,0,0.112,0.515,113.021,audio_features,6l3hIzPpWXFckERW2RKd2e,spotify:track:6l3hIzPpWXFckERW2RKd2e,https://api.spotify.com/v1/tracks/6l3hIzPpWXFckERW2RKd2e,https://api.spotify.com/v1/audio-analysis/6l3hIzPpWXFckERW2RKd2e,225467,4
