danceability,energy,key,loudness,mode,speechiness,acousticness,instrumentalness,liveness,valence,tempo,type,id,uri,track_href,analysis_url,duration_ms,time_signature
0.314,0.207,0,-14.707,1,0.0314,0.97,0.0046,0.0823,0.0524,76.529,audio_features,3LSY9s9h6RmHRTXOtRA5oK,spotify:track:3LSY9s9h6RmHRTXOtRA5oK,https://api.spotify.com/v1/tracks/3LSY9s9h6RmHRTXOtRA5oK,https://api.spotify.com/v1/audio-analysis/3LSY9s9h6RmHRTXOtRA5oK,253927,3
0.591,0.259,4,-14.061,0,0.0481,0.837,3.11e-06,0.135,0.108,76.396,audio_features,3ZMv9EzGoteNi5Qnx0KpEO,spotify:track:3ZMv9EzGoteNi5Qnx0KpEO,https://api.spotify.com/v1/tracks/3ZMv9EzGoteNi5Qnx0KpEO,https://api.spotify.com/v1/audio-analysis/3ZMv9EzGoteNi5Qnx0KpEO,232427,4
0.744,0.676,6,-7.827,0,0.14,0.447,4.65e-06,0.61,0.729,140.037,audio_features,546jptkBtmJ076SnwEg3fn,spotify:track:546jptkBtmJ076SnwEg3fn,https://api.spotify.com/v1/tracks/546jptkBtmJ076SnwEg3fn,https://api.spotify.com/v1/audio-analysis/546jptkBtmJ076SnwEg3fn,200947,4
0.493,0.148,11,-16.982,1,0.0306,0.921,0.0849,0.106,0.0775,66.623,audio_features,15WS5DLuxA4zBF0tH1sOR9,spotify:track:15WS5DLuxA4zBF0tH1sOR9,https://api.spotify.com/v1/tracks/15WS5DLuxA4zBF0tH1sOR9,https://api.spotify.com/v1/audio-analysis/15WS5DLuxA4zBF0tH1sOR9,213920,4
0.473,0.478,11,-8.585,1,0.0282,0.0984,0.0747,0.118,0.116,79.043,audio_features,5eeMft4YZx0Xdf9yJPNZJY,spotify:track:5eeMft4YZx0Xdf9yJPNZJY,https://api.spotify.com/v1/tracks/5eeMft4YZx0Xdf9yJPNZJY,https://api.spotify.com/v1/audio-analysis/5eeMft4YZx0Xdf9yJPNZJY,326920,4
0.383,0.446,0,-8.693,0,0.0382,0.63,0,0.0946,0.213,77.399,audio_features,5aFSzu0b7ccAYjTkbTNTsQ,spotify:track:5aFSzu0b7ccAYjTkbTNTsQ,https://api.spotify.com/v1/tracks/5aFSzu0b7ccAYjTkbTNTsQ,https://api.spotify.com/v1/audio-analysis/5aFSzu0b7ccAYjTkbTNTsQ,205859,4
0.451,0.166,9,-11.125,1,0.0696,0.909,0,0.19,0.0901,121.123,audio_features,7mMlbJlXXo2mRtQ4R9sIzD,spotify:track:7mMlbJlXXo2mRtQ4R9sIzD,https://api.spotify.com/v1/tracks/7mMlbJlXXo2mRtQ4R9sIzD,https://api.spotify.com/v1/audio-analysis/7mMlbJlXXo2mRtQ4R9sIzD,268980,4
0.684,0.0646,10,-18.052,1,0.0522,0.905,1.86e-05,0.0789,0.334,95.99,audio_features,5Hd6DPGjqihEnWSiGRzqr6,spotify:track:5Hd6DPGjqihEnWSiGRzqr6,https://api.spotify.com/v1/tracks/5Hd6DPGjqihEnWSiGRzqr6,https://api.spotify.com/v1/audio-analysis/5Hd6DPGjqihEnWSiGRzqr6,166560,3
0.515,0.11,7,-13.739,1,0.0323,0.876,0.00038,0.107,0.313,95.138,audio_features,6GBEhEKCAJ0bgvrUpJk9kl,spotify:track:6GBEhEKCAJ0bgvrUpJk9kl,https://api.spotify.com/v1/tracks/6GBEhEKCAJ0bgvrUpJk9kl,https://api.spotify.com/v1/audio-analysis/6GBEhEKCAJ0bgvrUpJk9kl,301120,3
