danceability,energy,key,loudness,mode,speechiness,acousticness,instrumentalness,liveness,valence,tempo,type,id,uri,track_href,analysis_url,duration_ms,time_signature
0.621,0.31,9,-10.164,0,0.0283,0.945,6.12e-05,0.117,0.125,111.893,audio_features,4zzzZ1UNfr75ASG1lUE9L1,spotify:track:4zzzZ1UNfr75ASG1lUE9L1,https://api.spotify.com/v1/tracks/4zzzZ1UNfr75ASG1lUE9L1,https://api.spotify.com/v1/audio-analysis/4zzzZ1UNfr75ASG1lUE9L1,240707,4
0.21,0.233,5,-11.636,0,0.0287,0.827,0.0039,0.129,0.095,88.679,audio_features,78tro1rpoxmqjbjiRRRzoH,spotify:track:78tro1rpoxmqjbjiRRRzoH,https://api.spotify.com/v1/tracks/78tro1rpoxmqjbjiRRRzoH,https://api.spotify.com/v1/audio-analysis/78tro1rpoxmqjbjiRRRzoH,211893,5
0.649,0.525,5,-7.551,0,0.0347,0.912,0.000111,0.121,0.603,97.808,audio_features,40jiZBsr1W3SG15AGU9227,spotify:track:40jiZBsr1W3SG15AGU9227,https://api.spotify.com/v1/tracks/40jiZBsr1W3SG15AGU9227,https://api.spotify.com/v1/audio-analysis/40jiZBsr1W3SG15AGU9227,180693,4
0.226,0.261,2,-11.276,1,0.0339,0.0301,0.0677,0.0628,0.084,108.915,audio_features,2QVmiA93GVhWNTWQctyY1K,spotify:track:2QVmiA93GVhWNTWQctyY1K,https://api.spotify.com/v1/tracks/2QVmiA93GVhWNTWQctyY1K,https://api.spotify.com/v1/audio-analysis/2QVmiA93GVhWNTWQctyY1K,247027,4
0.402,0.539,0,-11.062,1,0.043,0.88,0.0065,0.117,0.371,146.526,audio_features,1vyrrrnb7182SL6iOMor3O,spotify:track:1vyrrrnb7182SL6iOMor3O,https://api.spotify.com/v1/tracks/1vyrrrnb7182SL6iOMor3O,https://api.spotify.com/v1/audio-analysis/1vyrrrnb7182SL6iOMor3O,253013,4
0.324,0.163,9,-13.909,0,0.0416,0.974,0.844,0.0892,0.0852,139.814,audio_features,453spNn4mGdYErYt3rGhSX,spotify:track:453spNn4mGdYErYt3rGhSX,https://api.spotify.com/v1/tracks/453spNn4mGdYErYt3rGhSX,https://api.spotify.com/v1/audio-analysis/453spNn4mGdYErYt3rGhSX,311240,4
0.521,0.0889,4,-19.457,1,0.0507,0.988,0.182,0.0965,0.0479,115.43,audio_features,68RI4I6SKm57SxjG06OYvN,spotify:track:68RI4I6SKm57SxjG06OYvN,https://api.spotify.com/v1/tracks/68RI4I6SKm57SxjG06OYvN,https://api.spotify.com/v1/audio-analysis/68RI4I6SKm57SxjG06OYvN,313253,4
0.433,0.177,6,-15.81,0,0.0776,0.896,0,0.0674,0.277,110.029,audio_features,1CHeoNnc4DpB7IQDbxh9TX,spotify:track:1CHeoNnc4DpB7IQDbxh9TX,https://api.spotify.com/v1/tracks/1CHeoNnc4DpB7IQDbxh9TX,https://api.spotify.com/v1/audio-analysis/1CHeoNnc4DpB7IQDbxh9TX,333615,4
0.24,0.444,11,-7.11,0,0.0315,0.493,0.154,0.108,0.0649,80.727,audio_features,0nSDcFXRgTHnY6xpBPxlnj,spotify:track:0nSDcFXRgTHnY6xpBPxlnj,https://api.spotify.com/v1/tracks/0nSDcFXRgTHnY6xpBPxlnj,https://api.spotify.com/v1/audio-analysis/0nSDcFXRgTHnY6xpBPxlnj,354173,4
