danceability,energy,key,loudness,mode,speechiness,acousticness,instrumentalness,liveness,valence,tempo,type,id,uri,track_href,analysis_url,duration_ms,time_signature
0.442,0.967,4,-4.334,0,0.124,0.00124,0,0.346,0.538,157.893,audio_features,4ZBLFgkbSB0YGsooiVejSz,spotify:track:4ZBLFgkbSB0YGsooiVejSz,https://api.spotify.com/v1/tracks/4ZBLFgkbSB0YGsooiVejSz,https://api.spotify.com/v1/audio-analysis/4ZBLFgkbSB0YGsooiVejSz,162107,4
0.592,0.932,6,-4.491,0,0.0885,0.000295,7.59e-05,0.138,0.698,93.675,audio_features,1eK4KsyjAzr2xJ86Tj5SWa,spotify:track:1eK4KsyjAzr2xJ86Tj5SWa,https://api.spotify.com/v1/tracks/1eK4KsyjAzr2xJ86Tj5SWa,https://api.spotify.com/v1/audio-analysis/1eK4KsyjAzr2xJ86Tj5SWa,175027,4
0.544,0.908,7,-4.288,1,0.0339,0.00033,0,0.388,0.612,123.995,audio_features,682IBp8K88KvEDtOuXAa52,spotify:track:682IBp8K88KvEDtOuXAa52,https://api.spotify.com/v1/tracks/682IBp8K88KvEDtOuXAa52,https://api.spotify.com/v1/audio-analysis/682IBp8K88KvEDtOuXAa52,219600,4
0.48,0.863,1,-4.914,0,0.0385,0.0181,0,0.111,0.491,91.972,audio_features,0nNVR2iDM3eVzEgMi78vQm,spotify:track:0nNVR2iDM3eVzEgMi78vQm,https://api.spotify.com/v1/tracks/0nNVR2iDM3eVzEgMi78vQm,https://api.spotify.com/v1/audio-analysis/0nNVR2iDM3eVzEgMi78vQm,243053,4
0.446,0.949,4,-4.241,0,0.0385,0.00168,0,0.0836,0.667,176.074,audio_features,7MUDGUhk1SwknrkuEPIcq6,spotify:track:7MUDGUhk1SwknrkuEPIcq6,https://api.spotify.com/v1/tracks/7MUDGUhk1SwknrkuEPIcq6,https://api.spotify.com/v1/audio-analysis/7MUDGUhk1SwknrkuEPIcq6,232040,4
0.498,0.735,0,-4.701,1,0.026,0.00834,5.51e-06,0.245,0.402,145.852,audio_features,5Zft9zIODo7ZnImwcbaO4Z,spotify:track:5Zft9zIODo7ZnImwcbaO4Z,https://api.spotify.com/v1/tracks/5Zft9zIODo7ZnImwcbaO4Z,https://api.spotify.com/v1/audio-analysis/5Zft9zIODo7ZnImwcbaO4Z,222507,3
0.631,0.821,8,-5.503,1,0.0343,0.0111,0.0156,0.197,0.486,97.003,audio_features,7fKsaiVDwKe6VVsiGk48YG,spotify:track:7fKsaiVDwKe6VVsiGk48YG,https://api.spotify.com/v1/tracks/7fKsaiVDwKe6VVsiGk48YG,https://api.spotify.com/v1/audio-analysis/7fKsaiVDwKe6VVsiGk48YG,232907,4
0.532,0.935,0,-4.798,1,0.0619,0.00133,8.37e-06,0.106,0.309,128.025,audio_features,0uybt73QFXaLCoxuVf6fhm,spotify:track:0uybt73QFXaLCoxuVf6fhm,https://api.spotify.com/v1/tracks/0uybt73QFXaLCoxuVf6fhm,https://api.spotify.com/v1/audio-analysis/0uybt73QFXaLCoxuVf6fhm,241960,4
0.572,0.918,0,-4.942,0,0.037,0.000914,6.56e-05,0.158,0.623,129.947,audio_features,0czI06gDEp5e0f5RsVD5dH,spotify:track:0czI06gDEp5e0f5RsVD5dH,https://api.spotify.com/v1/tracks/0czI06gDEp5e0f5RsVD5dH,https://api.spotify.com/v1/audio-analysis/0czI06gDEp5e0f5RsVD5dH,204360,4
