danceability,energy,key,loudness,mode,speechiness,acousticness,instrumentalness,liveness,valence,tempo,type,id,uri,track_href,analysis_url,duration_ms,time_signature
0.585,0.972,9,-4.45,0,0.0534,0.0143,0,0.0707,0.585,110.006,audio_features,7oVEtyuv9NBmnytsCIsY5I,spotify:track:7oVEtyuv9NBmnytsCIsY5I,https://api.spotify.com/v1/tracks/7oVEtyuv9NBmnytsCIsY5I,https://api.spotify.com/v1/audio-analysis/7oVEtyuv9NBmnytsCIsY5I,230253,4
0.542,0.932,4,-4.896,1,0.05,0.0747,0,0.613,0.698,140.135,audio_features,3qmvK8QARSPkFTuKeIXSbs,spotify:track:3qmvK8QARSPkFTuKeIXSbs,https://api.spotify.com/v1/tracks/3qmvK8QARSPkFTuKeIXSbs,https://api.spotify.com/v1/audio-analysis/3qmvK8QARSPkFTuKeIXSbs,164760,4
0.579,0.849,4,-5.218,0,0.0303,0.108,0,0.0909,0.581,100.021,audio_features,6n8TMVyFKoUmDc4apxceRD,spotify:track:6n8TMVyFKoUmDc4apxceRD,https://api.spotify.com/v1/tracks/6n8TMVyFKoUmDc4apxceRD,https://api.spotify.com/v1/audio-analysis/6n8TMVyFKoUmDc4apxceRD,196907,4
0.496,0.863,9,-4.153,1,0.0381,0.0046,0,0.639,0.243,110.018,audio_features,2nLtzopw4rPReszdYBJU6h,spotify:track:2nLtzopw4rPReszdYBJU6h,https://api.spotify.com/v1/tracks/2nLtzopw4rPReszdYBJU6h,https://api.spotify.com/v1/audio-analysis/2nLtzopw4rPReszdYBJU6h,185587,4
0.594,0.942,6,-3.988,0,0.29,0.00758,0,0.102,0.706,89.858,audio_features,5sNrKTDHqRN79hBQPITeNZ,spotify:track:5sNrKTDHqRN79hBQPITeNZ,https://api.spotify.com/v1/tracks/5sNrKTDHqRN79hBQPITeNZ,https://api.spotify.com/v1/audio-analysis/5sNrKTDHqRN79hBQPITeNZ,245173,4
0.698,0.717,11,-6.274,0,0.149,0.267,0,0.12,0.682,95.953,audio_features,1ReL9jewgbdHHQCNbpPIDy,spotify:track:1ReL9jewgbdHHQCNbpPIDy,https://api.spotify.com/v1/tracks/1ReL9jewgbdHHQCNbpPIDy,https://api.spotify.com/v1/audio-analysis/1ReL9jewgbdHHQCNbpPIDy,240867,4
0.555,0.713,11,-4.549,1,0.0911,0.0845,0,0.712,0.725,79.934,audio_features,49GYdiLjYMrUKr7H5YXHto,spotify:track:49GYdiLjYMrUKr7H5YXHto,https://api.spotify.com/v1/tracks/49GYdiLjYMrUKr7H5YXHto,https://api.spotify.com/v1/audio-analysis/49GYdiLjYMrUKr7H5YXHto,240920,4
0.708,0.758,6,-5.103,1,0.18,0.185,0.000251,0.733,0.965,74.515,audio_features,6RpHxlh0BhGl5cdoJqe62X,spotify:track:6RpHxlh0BhGl5cdoJqe62X,https://api.spotify.com/v1/tracks/6RpHxlh0BhGl5cdoJqe62X,https://api.spotify.com/v1/audio-analysis/6RpHxlh0BhGl5cdoJqe62X,327827,4
0.71,0.883,1,-5.605,1,0.0327,0.0152,4.9e-06,0.892,0.248,122.299,audio_features,3RyrcC7XPwkLR2xUyztMU6,spotify:track:3RyrcC7XPwkLR2xUyztMU6,https://api.spotify.com/v1/tracks/3RyrcC7XPwkLR2xUyztMU6,https://api.spotify.com/v1/audio-analysis/3RyrcC7XPwkLR2xUyztMU6,130267,4
