danceability,energy,key,loudness,mode,speechiness,acousticness,instrumentalness,liveness,valence,tempo,type,id,uri,track_href,analysis_url,duration_ms,time_signature
0.45,0.895,11,-4.739,1,0.0386,0.0293,0,0.116,0.463,77.577,audio_features,5wvYib82q05wiNjLElD8GJ,spotify:track:5wvYib82q05wiNjLElD8GJ,https://api.spotify.com/v1/tracks/5wvYib82q05wiNjLElD8GJ,https://api.spotify.com/v1/audio-analysis/5wvYib82q05wiNjLElD8GJ,257253,4
0.582,0.817,1,-6.489,0,0.0631,0.000988,0.0139,0.129,0.28,152.018,audio_features,3FJuFr00K5IpgvTCDDaqW5,spotify:track:3FJuFr00K5IpgvTCDDaqW5,https://api.spotify.com/v1/tracks/3FJuFr00K5IpgvTCDDaqW5,https://api.spotify.com/v1/audio-analysis/3FJuFr00K5IpgvTCDDaqW5,223733,4
0.701,0.867,1,-4.305,1,0.0545,0.0153,0.0677,0.557,0.434,98.496,audio_features,4mnf2GwaQl3Nv7rTne7Xqa,spotify:track:4mnf2GwaQl3Nv7rTne7Xqa,https://api.spotify.com/v1/tracks/4mnf2GwaQl3Nv7rTne7Xqa,https://api.spotify.com/v1/audio-analysis/4mnf2GwaQl3Nv7rTne7Xqa,165115,4
0.246,0.768,9,-7.48,1,0.0387,0.000631,0.301,0.102,0.35,169.873,audio_features,61qn7uoDsuswZs5p2DkFiP,spotify:track:61qn7uoDsuswZs5p2DkFiP,https://api.spotify.com/v1/tracks/61qn7uoDsuswZs5p2DkFiP,https://api.spotify.com/v1/audio-analysis/61qn7uoDsuswZs5p2DkFiP,212733,4
0.663,0.606,2,-7.305,1,0.0264,0.00039,0.00348,0.101,0.217,116.85,audio_features,7l9kWdH0KMVIivE6EzFxnC,spotify:track:7l9kWdH0KMVIivE6EzFxnC,https://api.spotify.com/v1/tracks/7l9kWdH0KMVIivE6EzFxnC,https://api.spotify.com/v1/audio-analysis/7l9kWdH0KMVIivE6EzFxnC,168667,3
0.581,0.76,2,-6.502,1,0.0378,0.00117,0.0419,0.349,0.515,128.191,audio_features,0x1AGUtXLVzhbNBaIx90zc,spotify:track:0x1AGUtXLVzhbNBaIx90zc,https://api.spotify.com/v1/tracks/0x1AGUtXLVzhbNBaIx90zc,https://api.spotify.com/v1/audio-analysis/0x1AGUtXLVzhbNBaIx90zc,200160,4
0.415,0.456,9,-12.082,1,0.0352,0.00501,0.763,0.178,0.0935,151.937,audio_features,2KA5dJ1anLSIbKrq5Hg6B6,spotify:track:2KA5dJ1anLSIbKrq5Hg6B6,https://api.spotify.com/v1/tracks/2KA5dJ1anLSIbKrq5Hg6B6,https://api.spotify.com/v1/audio-analysis/2KA5dJ1anLSIbKrq5Hg6B6,466560,4
0.526,0.587,2,-8.733,1,0.039,0.24,0.243,0.886,0.364,93.986,audio_features,0IRvfvDUVIvbvgCDY17wnp,spotify:track:0IRvfvDUVIvbvgCDY17wnp,https://api.spotify.com/v1/tracks/0IRvfvDUVIvbvgCDY17wnp,https://api.spotify.com/v1/audio-analysis/0IRvfvDUVIvbvgCDY17wnp,264200,4
0.445,0.936,7,-5.999,1,0.1,0.00173,0.000426,0.683,0.19,90.498,audio_features,4HOwdI8q20tweegDOzOkCI,spotify:track:4HOwdI8q20tweegDOzOkCI,https://api.spotify.com/v1/tracks/4HOwdI8q20tweegDOzOkCI,https://api.spotify.com/v1/audio-analysis/4HOwdI8q20tweegDOzOkCI,284320,4
