danceability,energy,key,loudness,mode,speechiness,acousticness,instrumentalness,liveness,valence,tempo,type,id,uri,track_href,analysis_url,duration_ms,time_signature
0.21,0.937,4,-4.596,0,0.18,0.000415,0,0.143,0.311,172.323,audio_features,7hZ1JuwJm4hZsS8IHnKDt3,spotify:track:7hZ1JuwJm4hZsS8IHnKDt3,https://api.spotify.com/v1/tracks/7hZ1JuwJm4hZsS8IHnKDt3,https://api.spotify.com/v1/audio-analysis/7hZ1JuwJm4hZsS8IHnKDt3,233763,3
0.412,0.823,4,-2.572,0,0.0323,9.83e-05,8.15e-05,0.153,0.162,154.117,audio_features,5U2p81vdlp2saDTIvk0Lnb,spotify:track:5U2p81vdlp2saDTIvk0Lnb,https://api.spotify.com/v1/tracks/5U2p81vdlp2saDTIvk0Lnb,https://api.spotify.com/v1/audio-analysis/5U2p81vdlp2saDTIvk0Lnb,207587,4
0.545,0.932,7,-2.189,0,0.0399,0.000665,0,0.127,0.464,92.956,audio_features,4wzjNqjKAKDU82e8uMhzmr,spotify:track:4wzjNqjKAKDU82e8uMhzmr,https://api.spotify.com/v1/tracks/4wzjNqjKAKDU82e8uMhzmr,https://api.spotify.com/v1/audio-analysis/4wzjNqjKAKDU82e8uMhzmr,192000,4
0.597,0.931,11,-4.591,0,0.0984,0.127,0,0.0504,0.534,92.003,audio_features,0DKNNR9iDjwfCEpMiFXMJq,spotify:track:0DKNNR9iDjwfCEpMiFXMJq,https://api.spotify.com/v1/tracks/0DKNNR9iDjwfCEpMiFXMJq,https://api.spotify.com/v1/audio-analysis/0DKNNR9iDjwfCEpMiFXMJq,235200,4
0.499,0.877,2,-5.376,1,0.149,0.002,0,0.482,0.453,163.35,audio_features,6LTaVrJRoFtSw2xFBpARs3,spotify:track:6LTaVrJRoFtSw2xFBpARs3,https://api.spotify.com/v1/tracks/6LTaVrJRoFtSw2xFBpARs3,https://api.spotify.com/v1/audio-analysis/6LTaVrJRoFtSw2xFBpARs3,179987,4
0.446,0.89,10,-5.627,0,0.0622,0.000149,0,0.935,0.423,169.975,audio_features,4mqphMEFTHpUxK6ESEaseK,spotify:track:4mqphMEFTHpUxK6ESEaseK,https://api.spotify.com/v1/tracks/4mqphMEFTHpUxK6ESEaseK,https://api.spotify.com/v1/audio-analysis/4mqphMEFTHpUxK6ESEaseK,208467,4
0.568,0.835,8,-6.896,0,0.0687,0.0411,0,0.357,0.625,170.045,audio_features,6QfnvcOKsdN4Q6exUWVuzn,spotify:track:6QfnvcOKsdN4Q6exUWVuzn,https://api.spotify.com/v1/tracks/6QfnvcOKsdN4Q6exUWVuzn,https://api.spotify.com/v1/audio-analysis/6QfnvcOKsdN4Q6exUWVuzn,244480,4
0.35,0.783,6,-5.745,1,0.0565,0.0124,5.01e-06,0.0959,0.251,81.508,audio_features,5bgeqWYFarzP8ujm4LrhnP,spotify:track:5bgeqWYFarzP8ujm4LrhnP,https://api.spotify.com/v1/tracks/5bgeqWYFarzP8ujm4LrhnP,https://api.spotify.com/v1/audio-analysis/5bgeqWYFarzP8ujm4LrhnP,241640,4
0.55,0.917,11,-5.075,1,0.096,0.0114,0,0.221,0.879,156.958,audio_features,4dcUque6026WExzwJYWG7H,spotify:track:4dcUque6026WExzwJYWG7H,https://api.spotify.com/v1/tracks/4dcUque6026WExzwJYWG7H,https://api.spotify.com/v1/audio-analysis/4dcUque6026WExzwJYWG7H,223653,4
