danceability,energy,key,loudness,mode,speechiness,acousticness,instrumentalness,liveness,valence,tempo,type,id,uri,track_href,analysis_url,duration_ms,time_signature
0.661,0.721,3,-5.623,1,0.0339,0.00187,0,0.358,0.581,135.336,audio_features,7rbhB0lpHsVd8VPc18p5mA,spotify:track:7rbhB0lpHsVd8VPc18p5mA,https://api.spotify.com/v1/tracks/7rbhB0lpHsVd8VPc18p5mA,https://api.spotify.com/v1/audio-analysis/7rbhB0lpHsVd8VPc18p5mA,183493,4
0.398,0.945,6,-7.535,1,0.07,0.0128,0.000234,0.171,0.534,157.763,audio_features,5wTMQjEx9LWeFwLjolPCUy,spotify:track:5wTMQjEx9LWeFwLjolPCUy,https://api.spotify.com/v1/tracks/5wTMQjEx9LWeFwLjolPCUy,https://api.spotify.com/v1/audio-analysis/5wTMQjEx9LWeFwLjolPCUy,148507,4
0.579,0.928,0,-4.344,1,0.0411,0.000715,0,0.18,0.882,95.594,audio_features,1fJFuvU2ldmeAm5nFIHcPP,spotify:track:1fJFuvU2ldmeAm5nFIHcPP,https://api.spotify.com/v1/tracks/1fJFuvU2ldmeAm5nFIHcPP,https://api.spotify.com/v1/audio-analysis/1fJFuvU2ldmeAm5nFIHcPP,171533,4
0.519,0.78,2,-4.939,1,0.0356,0.00165,2.14e-05,0.156,0.166,145.125,audio_features,3YD9EehnGOf88rGSZFrnHg,spotify:track:3YD9EehnGOf88rGSZFrnHg,https://api.spotify.com/v1/tracks/3YD9EehnGOf88rGSZFrnHg,https://api.spotify.com/v1/audio-analysis/3YD9EehnGOf88rGSZFrnHg,239333,4
0.514,0.771,0,-5.756,1,0.0364,0.039,0,0.262,0.359,136.058,audio_features,43NhiKnrtGqztxDqXrcUux,spotify:track:43NhiKnrtGqztxDqXrcUux,https://api.spotify.com/v1/tracks/43NhiKnrtGqztxDqXrcUux,https://api.spotify.com/v1/audio-analysis/43NhiKnrtGqztxDqXrcUux,249754,4
0.426,0.972,0,-5.122,1,0.0954,0.0017,0,0.171,0.341,111.221,audio_features,6WkSUgo1VdpzgtiXKlFPcY,spotify:track:6WkSUgo1VdpzgtiXKlFPcY,https://api.spotify.com/v1/tracks/6WkSUgo1VdpzgtiXKlFPcY,https://api.spotify.com/v1/audio-analysis/6WkSUgo1VdpzgtiXKlFPcY,165373,4
0.486,0.904,6,-3.751,0,0.0638,3.43e-05,2.83e-05,0.0947,0.786,173.734,audio_features,23oxJmDc1V9uLUSmN2LIvx,spotify:track:23oxJmDc1V9uLUSmN2LIvx,https://api.spotify.com/v1/tracks/23oxJmDc1V9uLUSmN2LIvx,https://api.spotify.com/v1/audio-analysis/23oxJmDc1V9uLUSmN2LIvx,198267,4
0.308,0.873,8,-4.542,1,0.0533,0.00022,0.000729,0.0974,0.686,143.519,audio_features,0Ti2dlF2xLjXblvdU5fCxM,spotify:track:0Ti2dlF2xLjXblvdU5fCxM,https://api.spotify.com/v1/tracks/0Ti2dlF2xLjXblvdU5fCxM,https://api.spotify.com/v1/audio-analysis/0Ti2dlF2xLjXblvdU5fCxM,206587,4
0.412,0.879,1,-4.219,1,0.0563,0.0684,0,0.143,0.357,101.083,audio_features,4NaPX1b3NsQqJrrAwkkvVc,spotify:track:4NaPX1b3NsQqJrrAwkkvVc,https://api.spotify.com/v1/tracks/4NaPX1b3NsQqJrrAwkkvVc,https://api.spotify.com/v1/audio-analysis/4NaPX1b3NsQqJrrAwkkvVc,194440,4
