danceability,energy,key,loudness,mode,speechiness,acousticness,instrumentalness,liveness,valence,tempo,type,id,uri,track_href,analysis_url,duration_ms,time_signature
0.494,0.672,3,-4.877,1,0.0405,0.0273,0,0.105,0.557,156.208,audio_features,2TeiKDPE3RdamZG0pp5okI,spotify:track:2TeiKDPE3RdamZG0pp5okI,https://api.spotify.com/v1/tracks/2TeiKDPE3RdamZG0pp5okI,https://api.spotify.com/v1/audio-analysis/2TeiKDPE3RdamZG0pp5okI,277027,4
0.434,0.556,1,-6.905,0,0.0344,0.139,1.07e-05,0.113,0.251,111.987,audio_features,0AySNcxAWo6RKotzZgvm96,spotify:track:0AySNcxAWo6RKotzZgvm96,https://api.spotify.com/v1/tracks/0AySNcxAWo6RKotzZgvm96,https://api.spotify.com/v1/audio-analysis/0AySNcxAWo6RKotzZgvm96,239520,4
0.477,0.907,1,-4.814,0,0.0899,8e-05,7.82e-05,0.149,0.304,81.291,audio_features,0gZp88SA5OcujHLDGkxtI3,spotify:track:0gZp88SA5OcujHLDGkxtI3,https://api.spotify.com/v1/tracks/0gZp88SA5OcujHLDGkxtI3,https://api.spotify.com/v1/audio-analysis/0gZp88SA5OcujHLDGkxtI3,257400,4
0.323,0.936,3,-4.505,1,0.108,0.00656,0,0.0972,0.326,163.124,audio_features,3tZwKujD64Ad6vlDVxZOrg,spotify:track:3tZwKujD64Ad6vlDVxZOrg,https://api.spotify.com/v1/tracks/3tZwKujD64Ad6vlDVxZOrg,https://api.spotify.com/v1/audio-analysis/3tZwKujD64Ad6vlDVxZOrg,251533,4
0.554,0.941,10,-3.159,0,0.0347,0.00848,0,0.102,0.524,134.916,audio_features,4b9jRNwMUvABxTD1amyfA6,spotify:track:4b9jRNwMUvABxTD1amyfA6,https://api.spotify.com/v1/tracks/4b9jRNwMUvABxTD1amyfA6,https://api.spotify.com/v1/audio-analysis/4b9jRNwMUvABxTD1amyfA6,202432,4
0.597,0.836,1,-5.21,1,0.0436,0.0463,0,0.101,0.753,92.541,audio_features,0eF0hwXeVzUimc5YA5IT6J,spotify:track:0eF0hwXeVzUimc5YA5IT6J,https://api.spotify.com/v1/tracks/0eF0hwXeVzUimc5YA5IT6J,https://api.spotify.com/v1/audio-analysis/0eF0hwXeVzUimc5YA5IT6J,183960,4
0.424,0.933,5,-5.813,0,0.0648,0.000143,0,0.222,0.359,168.027,audio_features,4qp5wgqQXzMOMALjM7sqsi,spotify:track:4qp5wgqQXzMOMALjM7sqsi,https://api.spotify.com/v1/tracks/4qp5wgqQXzMOMALjM7sqsi,https://api.spotify.com/v1/audio-analysis/4qp5wgqQXzMOMALjM7sqsi,211933,4
0.244,0.966,2,-3.068,1,0.0841,0.000289,0,0.144,0.216,172.696,audio_features,5kZ6JaYehSvdLVADNI4DQw,spotify:track:5kZ6JaYehSvdLVADNI4DQw,https://api.spotify.com/v1/tracks/5kZ6JaYehSvdLVADNI4DQw,https://api.spotify.com/v1/audio-analysis/5kZ6JaYehSvdLVADNI4DQw,222093,4
0.636,0.838,3,-3.988,1,0.0329,0.00143,1.22e-05,0.0573,0.318,101.584,audio_features,1fZhHANKVFNZ9W8iSh76gF,spotify:track:1fZhHANKVFNZ9W8iSh76gF,https://api.spotify.com/v1/tracks/1fZhHANKVFNZ9W8iSh76gF,https://api.spotify.com/v1/audio-analysis/1fZhHANKVFNZ9W8iSh76gF,199107,4
