danceability,energy,key,loudness,mode,speechiness,acousticness,instrumentalness,liveness,valence,tempo,type,id,uri,track_href,analysis_url,duration_ms,time_signature
0.434,0.961,2,-4.247,1,0.0974,8.45e-05,2.88e-06,0.0938,0.274,153.969,audio_features,3CzOoYfw7mj5jMHGsJp9TG,spotify:track:3CzOoYfw7mj5jMHGsJp9TG,https://api.spotify.com/v1/tracks/3CzOoYfw7mj5jMHGsJp9TG,https://api.spotify.com/v1/audio-analysis/3CzOoYfw7mj5jMHGsJp9TG,176160,4
0.32,0.818,4,-4.722,0,0.0421,6e-05,0,0.174,0.289,177.967,audio_features,5vrMgnyrAxJ88q3E43bKvQ,spotify:track:5vrMgnyrAxJ88q3E43bKvQ,https://api.spotify.com/v1/tracks/5vrMgnyrAxJ88q3E43bKvQ,https://api.spotify.com/v1/audio-analysis/5vrMgnyrAxJ88q3E43bKvQ,251507,4
0.619,0.958,4,-3.83,1,0.0776,0.00212,2.23e-06,0.622,0.819,150.025,audio_features,46SFeuNs1K5D76D9vCwFuR,spotify:track:46SFeuNs1K5D76D9vCwFuR,https://api.spotify.com/v1/tracks/46SFeuNs1K5D76D9vCwFuR,https://api.spotify.com/v1/audio-analysis/46SFeuNs1K5D76D9vCwFuR,179947,4
0.566,0.829,0,-5.012,0,0.0328,0.00201,0.000378,0.116,0.662,139.98,audio_features,6NMm7MtbRA5gb3nO3qduQg,spotify:track:6NMm7MtbRA5gb3nO3qduQg,https://api.spotify.com/v1/tracks/6NMm7MtbRA5gb3nO3qduQg,https://api.spotify.com/v1/audio-analysis/6NMm7MtbRA5gb3nO3qduQg,173453,4
0.632,0.823,0,-4.797,1,0.0319,0.00688,0,0.22,0.521,120.001,audio_features,77moULAMb2WyGSdHMPAiwH,spotify:track:77moULAMb2WyGSdHMPAiwH,https://api.spotify.com/v1/tracks/77moULAMb2WyGSdHMPAiwH,https://api.spotify.com/v1/audio-analysis/77moULAMb2WyGSdHMPAiwH,217373,4
0.333,0.877,5,-1.894,0,0.0603,0.00332,0.00101,0.769,0.285,175.095,audio_features,587WH6kCBOPalgEBH2Fk9U,spotify:track:587WH6kCBOPalgEBH2Fk9U,https://api.spotify.com/v1/tracks/587WH6kCBOPalgEBH2Fk9U,https://api.spotify.com/v1/audio-analysis/587WH6kCBOPalgEBH2Fk9U,188187,4
0.449,0.691,4,-5.65,0,0.0349,0.477,0,0.0966,0.201,93.267,audio_features,1tL40tfdtUaSLek4DvDDr3,spotify:track:1tL40tfdtUaSLek4DvDDr3,https://api.spotify.com/v1/tracks/1tL40tfdtUaSLek4DvDDr3,https://api.spotify.com/v1/audio-analysis/1tL40tfdtUaSLek4DvDDr3,380200,4
0.545,0.67,0,-4.858,1,0.0884,0.197,0,0.2,0.482,165.013,audio_features,1VA05nvzaZJAUr8jDigJCL,spotify:track:1VA05nvzaZJAUr8jDigJCL,https://api.spotify.com/v1/tracks/1VA05nvzaZJAUr8jDigJCL,https://api.spotify.com/v1/audio-analysis/1VA05nvzaZJAUr8jDigJCL,211320,4
0.6,0.832,7,-4.789,1,0.0471,0.24,0,0.338,0.454,101.512,audio_features,0t806x0yTCvM81Rto5au96,spotify:track:0t806x0yTCvM81Rto5au96,https://api.spotify.com/v1/tracks/0t806x0yTCvM81Rto5au96,https://api.spotify.com/v1/audio-analysis/0t806x0yTCvM81Rto5au96,189627,4
