danceability,energy,key,loudness,mode,speechiness,acousticness,instrumentalness,liveness,valence,tempo,type,id,uri,track_href,analysis_url,duration_ms,time_signature
0.485,0.82,3,-4.085,1,0.0493,0.015,2.81e-05,0.112,0.219,94.063,audio_features,6I1HRAkeErdwrOJIfRrfIO,spotify:track:6I1HRAkeErdwrOJIfRrfIO,https://api.spotify.com/v1/tracks/6I1HRAkeErdwrOJIfRrfIO,https://api.spotify.com/v1/audio-analysis/6I1HRAkeErdwrOJIfRrfIO,186867,4
0.553,0.837,6,-5.608,1,0.0452,0.00941,0,0.372,0.432,140.495,audio_features,48O6kz322Dzu1R6Al5147q,spotify:track:48O6kz322Dzu1R6Al5147q,https://api.spotify.com/v1/tracks/48O6kz322Dzu1R6Al5147q,https://api.spotify.com/v1/audio-analysis/48O6kz322Dzu1R6Al5147q,208280,4
0.664,0.781,11,-6.547,1,0.0339,0.00103,5.33e-06,0.0867,0.593,110.0,audio_features,1oTo3ijRbaDAtrjJrGAPSw,spotify:track:1oTo3ijRbaDAtrjJrGAPSw,https://api.spotify.com/v1/tracks/1oTo3ijRbaDAtrjJrGAPSw,https://api.spotify.com/v1/audio-analysis/1oTo3ijRbaDAtrjJrGAPSw,227240,4
0.392,0.964,10,-4.441,0,0.0644,7.13e-05,0.0387,0.106,0.269,167.024,audio_features,0faXHILILebCGnJBPU6KJJ,spotify:track:0faXHILILebCGnJBPU6KJJ,https://api.spotify.com/v1/tracks/0faXHILILebCGnJBPU6KJJ,https://api.spotify.com/v1/audio-analysis/0faXHILILebCGnJBPU6KJJ,200547,4
0.489,0.364,2,-10.672,1,0.03,0.572,0,0.108,0.377,135.352,audio_features,1ONoPkp5XIuw3tZ1GzrNKZ,spotify:track:1ONoPkp5XIuw3tZ1GzrNKZ,https://api.spotify.com/v1/tracks/1ONoPkp5XIuw3tZ1GzrNKZ,https://api.spotify.com/v1/audio-analysis/1ONoPkp5XIuw3tZ1GzrNKZ,316987,4
0.398,0.748,2,-5.917,1,0.0881,0.0971,0,0.0776,0.606,167.487,audio_features,659qOyalNzXXm62wcxnLBh,spotify:track:659qOyalNzXXm62wcxnLBh,https://api.spotify.com/v1/tracks/659qOyalNzXXm62wcxnLBh,https://api.spotify.com/v1/audio-analysis/659qOyalNzXXm62wcxnLBh,308453,4
0.494,0.842,7,-4.784,1,0.0843,0.00579,0,0.122,0.574,162.011,audio_features,2TfSHkHiFO4gRztVIkggkE,spotify:track:2TfSHkHiFO4gRztVIkggkE,https://api.spotify.com/v1/tracks/2TfSHkHiFO4gRztVIkggkE,https://api.spotify.com/v1/audio-analysis/2TfSHkHiFO4gRztVIkggkE,229093,4
0.495,0.938,1,-3.267,1,0.124,0.0079,0,0.14,0.881,177.754,audio_features,3SqOC9IRDYGSq9cH6K2GQI,spotify:track:3SqOC9IRDYGSq9cH6K2GQI,https://api.spotify.com/v1/tracks/3SqOC9IRDYGSq9cH6K2GQI,https://api.spotify.com/v1/audio-analysis/3SqOC9IRDYGSq9cH6K2GQI,175093,4
0.421,0.745,1,-5.1,1,0.0639,0.000749,0,0.0975,0.585,156.703,audio_features,6HV8ufhj3yJZjM29wxBxrB,spotify:track:6HV8ufhj3yJZjM29wxBxrB,https://api.spotify.com/v1/tracks/6HV8ufhj3yJZjM29wxBxrB,https://api.spotify.com/v1/audio-analysis/6HV8ufhj3yJZjM29wxBxrB,229320,4
