danceability,energy,key,loudness,mode,speechiness,acousticness,instrumentalness,liveness,valence,tempo,type,id,uri,track_href,analysis_url,duration_ms,time_signature
0.413,0.914,6,-5.795,1,0.0596,0.00044,0,0.301,0.258,158.199,audio_features,70MLCfNoBdpSFjlvVTQE7c,spotify:track:70MLCfNoBdpSFjlvVTQE7c,https://api.spotify.com/v1/tracks/70MLCfNoBdpSFjlvVTQE7c,https://api.spotify.com/v1/audio-analysis/70MLCfNoBdpSFjlvVTQE7c,224040,4
0.422,0.904,0,-4.531,1,0.102,0.02,4.49e-06,0.686,0.32,163.929,audio_features,1AnesEZjtNHT7Nr2Y4BuNR,spotify:track:1AnesEZjtNHT7Nr2Y4BuNR,https://api.spotify.com/v1/tracks/1AnesEZjtNHT7Nr2Y4BuNR,https://api.spotify.com/v1/audio-analysis/1AnesEZjtNHT7Nr2Y4BuNR,232240,4
0.521,0.702,0,-5.189,1,0.0331,0.189,0,0.0962,0.25,127.976,audio_features,1MaqkdFNIKPdpQGDzme5ss,spotify:track:1MaqkdFNIKPdpQGDzme5ss,https://api.spotify.com/v1/tracks/1MaqkdFNIKPdpQGDzme5ss,https://api.spotify.com/v1/audio-analysis/1MaqkdFNIKPdpQGDzme5ss,242840,4
0.35,0.909,2,-4.204,1,0.0774,0.0024,0,0.163,0.314,166.866,audio_features,1b7vg5T9YKR3NNqXfBYRF7,spotify:track:1b7vg5T9YKR3NNqXfBYRF7,https://api.spotify.com/v1/tracks/1b7vg5T9YKR3NNqXfBYRF7,https://api.spotify.com/v1/audio-analysis/1b7vg5T9YKR3NNqXfBYRF7,220133,4
0.396,0.917,1,-4.121,1,0.0542,0.00308,0,0.17,0.303,160.031,audio_features,6N7XssPwmGBM6P1qgQt3ea,spotify:track:6N7XssPwmGBM6P1qgQt3ea,https://api.spotify.com/v1/tracks/6N7XssPwmGBM6P1qgQt3ea,https://api.spotify.com/v1/audio-analysis/6N7XssPwmGBM6P1qgQt3ea,208347,4
0.525,0.936,11,-2.315,0,0.099,0.00267,0,0.364,0.588,133.958,audio_features,0dIA7Gaq8igX3mFiDv9fYF,spotify:track:0dIA7Gaq8igX3mFiDv9fYF,https://api.spotify.com/v1/tracks/0dIA7Gaq8igX3mFiDv9fYF,https://api.spotify.com/v1/audio-analysis/0dIA7Gaq8igX3mFiDv9fYF,194640,4
0.565,0.931,9,-4.007,1,0.041,0.0303,0,0.191,0.592,105.006,audio_features,7oO2hXd8ancgNouU8w3b1N,spotify:track:7oO2hXd8ancgNouU8w3b1N,https://api.spotify.com/v1/tracks/7oO2hXd8ancgNouU8w3b1N,https://api.spotify.com/v1/audio-analysis/7oO2hXd8ancgNouU8w3b1N,157453,4
0.489,0.934,6,-4.308,1,0.08,0.0311,0,0.433,0.473,125.989,audio_features,3cu9ZL0W1KEmz5J3GD2jiR,spotify:track:3cu9ZL0W1KEmz5J3GD2jiR,https://api.spotify.com/v1/tracks/3cu9ZL0W1KEmz5J3GD2jiR,https://api.spotify.com/v1/audio-analysis/3cu9ZL0W1KEmz5J3GD2jiR,166253,4
0.542,0.429,7,-7.775,1,0.0247,0.536,0,0.0751,0.543,99.942,audio_features,6etp4PrIt0TmZdo010fuZ7,spotify:track:6etp4PrIt0TmZdo010fuZ7,https://api.spotify.com/v1/tracks/6etp4PrIt0TmZdo010fuZ7,https://api.spotify.com/v1/audio-analysis/6etp4PrIt0TmZdo010fuZ7,221120,4
