danceability,energy,key,loudness,mode,speechiness,acousticness,instrumentalness,liveness,valence,tempo,type,id,uri,track_href,analysis_url,duration_ms,time_signature
0.398,0.978,2,-4.001,1,0.133,0.000291,0,0.0947,0.441,177.797,audio_features,12mF5rnbbT7jNqiBv8NBFt,spotify:track:12mF5rnbbT7jNqiBv8NBFt,https://api.spotify.com/v1/tracks/12mF5rnbbT7jNqiBv8NBFt,https://api.spotify.com/v1/audio-analysis/12mF5rnbbT7jNqiBv8NBFt,220200,4
0.569,0.83,9,-4.106,0,0.14,0.0807,0,0.114,0.609,170.094,audio_features,4bPQs0PHn4xbipzdPfn6du,spotify:track:4bPQs0PHn4xbipzdPfn6du,https://api.spotify.com/v1/tracks/4bPQs0PHn4xbipzdPfn6du,https://api.spotify.com/v1/audio-analysis/4bPQs0PHn4xbipzdPfn6du,186635,4
0.518,0.916,3,-3.858,1,0.0454,0.000148,0,0.291,0.646,109.864,audio_features,2l57cfmCnOkwNX1tky02n1,spotify:track:2l57cfmCnOkwNX1tky02n1,https://api.spotify.com/v1/tracks/2l57cfmCnOkwNX1tky02n1,https://api.spotify.com/v1/audio-analysis/2l57cfmCnOkwNX1tky02n1,238880,4
0.454,0.636,0,-4.731,1,0.0273,0.00228,0,0.154,0.313,87.89,audio_features,1FMHNVeJ9s1x1l1WlaRs2I,spotify:track:1FMHNVeJ9s1x1l1WlaRs2I,https://api.spotify.com/v1/tracks/1FMHNVeJ9s1x1l1WlaRs2I,https://api.spotify.com/v1/audio-analysis/1FMHNVeJ9s1x1l1WlaRs2I,244827,4
0.465,0.954,10,-4.251,1,0.044,0.000346,5.38e-06,0.573,0.458,143.85,audio_features,5lDriBxJd22IhOH9zTcFrV,spotify:track:5lDriBxJd22IhOH9zTcFrV,https://api.spotify.com/v1/tracks/5lDriBxJd22IhOH9zTcFrV,https://api.spotify.com/v1/audio-analysis/5lDriBxJd22IhOH9zTcFrV,193653,4
0.459,0.891,10,-5.057,0,0.0623,0.00511,0,0.106,0.588,154.837,audio_features,18GC3F8YPGB8CePXcTUizQ,spotify:track:18GC3F8YPGB8CePXcTUizQ,https://api.spotify.com/v1/tracks/18GC3F8YPGB8CePXcTUizQ,https://api.spotify.com/v1/audio-analysis/18GC3F8YPGB8CePXcTUizQ,203507,4
0.517,0.906,1,-3.677,1,0.0735,0.00272,9.26e-06,0.113,0.731,172.977,audio_features,6SpLc7EXZIPpy0sVko0aoU,spotify:track:6SpLc7EXZIPpy0sVko0aoU,https://api.spotify.com/v1/tracks/6SpLc7EXZIPpy0sVko0aoU,https://api.spotify.com/v1/audio-analysis/6SpLc7EXZIPpy0sVko0aoU,211520,4
0.467,0.883,2,-3.679,0,0.106,0.000321,0.000152,0.125,0.309,122.252,audio_features,2d6m2F4I7wCuAKtSsdhh83,spotify:track:2d6m2F4I7wCuAKtSsdhh83,https://api.spotify.com/v1/tracks/2d6m2F4I7wCuAKtSsdhh83,https://api.spotify.com/v1/audio-analysis/2d6m2F4I7wCuAKtSsdhh83,299227,4
0.181,0.752,9,-5.519,0,0.0699,0.236,0,0.125,0.0372,144.766,audio_features,7L3ZztbqdEbKItCMELoMk5,spotify:track:7L3ZztbqdEbKItCMELoMk5,https://api.spotify.com/v1/tracks/7L3ZztbqdEbKItCMELoMk5,https://api.spotify.com/v1/audio-analysis/7L3ZztbqdEbKItCMELoMk5,237067,4
