danceability,energy,key,loudness,mode,speechiness,acousticness,instrumentalness,liveness,valence,tempo,type,id,uri,track_href,analysis_url,duration_ms,time_signature
0.465,0.896,2,-3.126,1,0.0795,0.00725,0,0.206,0.569,181.014,audio_features,0J69x3mqm7U6tBPKsjpsWR,spotify:track:0J69x3mqm7U6tBPKsjpsWR,https://api.spotify.com/v1/tracks/0J69x3mqm7U6tBPKsjpsWR,https://api.spotify.com/v1/audio-analysis/0J69x3mqm7U6tBPKsjpsWR,182827,4
0.488,0.967,3,-2.701,1,0.0755,0.0147,0,0.109,0.341,130.926,audio_features,0G2qoS0ZCm1Spjs2Ns6c4N,spotify:track:0G2qoS0ZCm1Spjs2Ns6c4N,https://api.spotify.com/v1/tracks/0G2qoS0ZCm1Spjs2Ns6c4N,https://api.spotify.com/v1/audio-analysis/0G2qoS0ZCm1Spjs2Ns6c4N,216547,4
0.449,0.602,6,-4.8,0,0.0264,0.149,0,0.141,0.32,170.04,audio_features,3F274sv7NCtXfu88YEEhXd,spotify:track:3F274sv7NCtXfu88YEEhXd,https://api.spotify.com/v1/tracks/3F274sv7NCtXfu88YEEhXd,https://api.spotify.com/v1/audio-analysis/3F274sv7NCtXfu88YEEhXd,256733,3
0.486,0.901,2,-6.943,1,0.0391,4.77e-05,0,0.0828,0.348,96.03,audio_features,2ec0NyxHJpuueI501AuCIJ,spotify:track:2ec0NyxHJpuueI501AuCIJ,https://api.spotify.com/v1/tracks/2ec0NyxHJpuueI501AuCIJ,https://api.spotify.com/v1/audio-analysis/2ec0NyxHJpuueI501AuCIJ,218293,4
0.286,0.895,4,-6.393,1,0.095,0.00132,0,0.107,0.132,104.318,audio_features,1v5BlBnf2ZY4tIJXkl7mq1,spotify:track:1v5BlBnf2ZY4tIJXkl7mq1,https://api.spotify.com/v1/tracks/1v5BlBnf2ZY4tIJXkl7mq1,https://api.spotify.com/v1/audio-analysis/1v5BlBnf2ZY4tIJXkl7mq1,242973,3
0.529,0.923,2,-4.166,1,0.0764,0.00393,0,0.333,0.64,143.034,audio_features,5r3rxELgUfmoC4jPKP1IQJ,spotify:track:5r3rxELgUfmoC4jPKP1IQJ,https://api.spotify.com/v1/tracks/5r3rxELgUfmoC4jPKP1IQJ,https://api.spotify.com/v1/audio-analysis/5r3rxELgUfmoC4jPKP1IQJ,204773,4
0.377,0.423,5,-10.643,1,0.0299,0.11,0,0.34,0.453,76.368,audio_features,2wImfGR2B4BWDTLt93Wvil,spotify:track:2wImfGR2B4BWDTLt93Wvil,https://api.spotify.com/v1/tracks/2wImfGR2B4BWDTLt93Wvil,https://api.spotify.com/v1/audio-analysis/2wImfGR2B4BWDTLt93Wvil,159750,4
0.608,0.892,0,-4.852,1,0.0809,0.018,0,0.0724,0.46,119.945,audio_features,4R48ItCziO9QeyZp4SnVb1,spotify:track:4R48ItCziO9QeyZp4SnVb1,https://api.spotify.com/v1/tracks/4R48ItCziO9QeyZp4SnVb1,https://api.spotify.com/v1/audio-analysis/4R48ItCziO9QeyZp4SnVb1,185280,4
0.587,0.619,1,-4.615,1,0.032,0.0392,0,0.0867,0.627,139.963,audio_features,0CpkArAqKissPCVAzgy3YZ,spotify:track:0CpkArAqKissPCVAzgy3YZ,https://api.spotify.com/v1/tracks/0CpkArAqKissPCVAzgy3YZ,https://api.spotify.com/v1/audio-analysis/0CpkArAqKissPCVAzgy3YZ,186893,4
