danceability,energy,key,loudness,mode,speechiness,acousticness,instrumentalness,liveness,valence,tempo,type,id,uri,track_href,analysis_url,duration_ms,time_signature
0.534,0.792,5,-4.512,1,0.0677,0.39,0,0.191,0.477,145.881,audio_features,6uzuW7L1t1UhnzbfXwtMtQ,spotify:track:6uzuW7L1t1UhnzbfXwtMtQ,https://api.spotify.com/v1/tracks/6uzuW7L1t1UhnzbfXwtMtQ,https://api.spotify.com/v1/audio-analysis/6uzuW7L1t1UhnzbfXwtMtQ,203627,4
0.435,0.774,2,-5.052,1,0.0631,0.014,0,0.127,0.448,147.466,audio_features,4CilIy3dA3P9Tq2NFqKEOX,spotify:track:4CilIy3dA3P9Tq2NFqKEOX,https://api.spotify.com/v1/tracks/4CilIy3dA3P9Tq2NFqKEOX,https://api.spotify.com/v1/audio-analysis/4CilIy3dA3P9Tq2NFqKEOX,228707,4
0.402,0.859,1,-4.41,0,0.0466,0.0394,0,0.0745,0.514,95.31,audio_features,6PsISpFaCEKwysPfwO9SfC,spotify:track:6PsISpFaCEKwysPfwO9SfC,https://api.spotify.com/v1/tracks/6PsISpFaCEKwysPfwO9SfC,https://api.spotify.com/v1/audio-analysis/6PsISpFaCEKwysPfwO9SfC,211547,4
0.356,0.96,4,-3.487,1,0.104,0.0142,0,0.209,0.0857,125.921,audio_features,5dTHtzHFPyi8TlTtzoz1J9,spotify:track:5dTHtzHFPyi8TlTtzoz1J9,https://api.spotify.com/v1/tracks/5dTHtzHFPyi8TlTtzoz1J9,https://api.spotify.com/v1/audio-analysis/5dTHtzHFPyi8TlTtzoz1J9,204733,4
0.477,0.426,6,-6.961,1,0.043,0.544,0,0.0903,0.789,184.866,audio_features,6GrrkiCRO3HYdgRpO4eKEL,spotify:track:6GrrkiCRO3HYdgRpO4eKEL,https://api.spotify.com/v1/tracks/6GrrkiCRO3HYdgRpO4eKEL,https://api.spotify.com/v1/audio-analysis/6GrrkiCRO3HYdgRpO4eKEL,200067,3
0.435,0.95,8,-3.869,1,0.106,0.000494,0,0.317,0.457,160.987,audio_features,0bgUPauRTvHds2ZciPSuoU,spotify:track:0bgUPauRTvHds2ZciPSuoU,https://api.spotify.com/v1/tracks/0bgUPauRTvHds2ZciPSuoU,https://api.spotify.com/v1/audio-analysis/0bgUPauRTvHds2ZciPSuoU,207634,4
0.421,0.858,1,-4.535,1,0.0963,0.0134,0,0.067,0.491,173.255,audio_features,714Lw0m2SmCEhKSPw0Dn8J,spotify:track:714Lw0m2SmCEhKSPw0Dn8J,https://api.spotify.com/v1/tracks/714Lw0m2SmCEhKSPw0Dn8J,https://api.spotify.com/v1/audio-analysis/714Lw0m2SmCEhKSPw0Dn8J,206773,4
0.179,0.912,4,-3.881,0,0.0791,0.0014,0.000294,0.582,0.289,182.99,audio_features,1p1nO35bbi4ZlQgjIA4oa4,spotify:track:1p1nO35bbi4ZlQgjIA4oa4,https://api.spotify.com/v1/tracks/1p1nO35bbi4ZlQgjIA4oa4,https://api.spotify.com/v1/audio-analysis/1p1nO35bbi4ZlQgjIA4oa4,231533,3
0.66,0.8,8,-4.644,1,0.0992,0.106,0,0.154,0.476,125.966,audio_features,5eB7w8UZJKjL5XmnC6Pctg,spotify:track:5eB7w8UZJKjL5XmnC6Pctg,https://api.spotify.com/v1/tracks/5eB7w8UZJKjL5XmnC6Pctg,https://api.spotify.com/v1/audio-analysis/5eB7w8UZJKjL5XmnC6Pctg,200227,4
