danceability,energy,key,loudness,mode,speechiness,acousticness,instrumentalness,liveness,valence,tempo,type,id,uri,track_href,analysis_url,duration_ms,time_signature
0.57,0.921,4,-3.892,0,0.0724,0.0127,0,0.818,0.381,87.938,audio_features,1W0YS64vF9qgMVLuN76aqg,spotify:track:1W0YS64vF9qgMVLuN76aqg,https://api.spotify.com/v1/tracks/1W0YS64vF9qgMVLuN76aqg,https://api.spotify.com/v1/audio-analysis/1W0YS64vF9qgMVLuN76aqg,260787,4
0.64,0.957,8,-2.336,1,0.0741,0.0431,0,0.0789,0.692,134.992,audio_features,2UREu1Y8CO4jXkbvqAtP7g,spotify:track:2UREu1Y8CO4jXkbvqAtP7g,https://api.spotify.com/v1/tracks/2UREu1Y8CO4jXkbvqAtP7g,https://api.spotify.com/v1/audio-analysis/2UREu1Y8CO4jXkbvqAtP7g,178013,4
0.533,0.967,1,-2.543,1,0.0995,0.00791,0,0.336,0.782,142.018,audio_features,4CbKVDZkYKdv69I4bCaKUq,spotify:track:4CbKVDZkYKdv69I4bCaKUq,https://api.spotify.com/v1/tracks/4CbKVDZkYKdv69I4bCaKUq,https://api.spotify.com/v1/audio-analysis/4CbKVDZkYKdv69I4bCaKUq,186813,4
0.359,0.955,4,-2.323,0,0.12,0.00116,0,0.349,0.446,170.033,audio_features,5pRElcsPZrgZXkoON2o5Go,spotify:track:5pRElcsPZrgZXkoON2o5Go,https://api.spotify.com/v1/tracks/5pRElcsPZrgZXkoON2o5Go,https://api.spotify.com/v1/audio-analysis/5pRElcsPZrgZXkoON2o5Go,230427,4
0.629,0.933,8,-3.051,1,0.0693,0.00389,0,0.114,0.589,127.0,audio_features,4EYpOdL69yWuIRc49AyeZa,spotify:track:4EYpOdL69yWuIRc49AyeZa,https://api.spotify.com/v1/tracks/4EYpOdL69yWuIRc49AyeZa,https://api.spotify.com/v1/audio-analysis/4EYpOdL69yWuIRc49AyeZa,190360,4
0.445,0.953,5,-2.463,0,0.0704,0.0106,0,0.281,0.475,172.063,audio_features,2jfk3m8nq5IvB35s2xIs1O,spotify:track:2jfk3m8nq5IvB35s2xIs1O,https://api.spotify.com/v1/tracks/2jfk3m8nq5IvB35s2xIs1O,https://api.spotify.com/v1/audio-analysis/2jfk3m8nq5IvB35s2xIs1O,225280,4
0.519,0.971,7,-3.403,1,0.0977,0.00424,6.26e-06,0.651,0.49,138.059,audio_features,3AhEF2J0fy33PdGYEkzqm2,spotify:track:3AhEF2J0fy33PdGYEkzqm2,https://api.spotify.com/v1/tracks/3AhEF2J0fy33PdGYEkzqm2,https://api.spotify.com/v1/audio-analysis/3AhEF2J0fy33PdGYEkzqm2,271933,4
0.355,0.818,2,-4.215,1,0.0351,0.00862,0,0.141,0.298,199.933,audio_features,1fnoHCcNPvcLx2ZKyTVFg0,spotify:track:1fnoHCcNPvcLx2ZKyTVFg0,https://api.spotify.com/v1/tracks/1fnoHCcNPvcLx2ZKyTVFg0,https://api.spotify.com/v1/audio-analysis/1fnoHCcNPvcLx2ZKyTVFg0,249880,4
0.479,0.941,1,-3.453,0,0.0652,0.049,0,0.0291,0.554,158.031,audio_features,6qYTL4IxHaHTfum39X62tr,spotify:track:6qYTL4IxHaHTfum39X62tr,https://api.spotify.com/v1/tracks/6qYTL4IxHaHTfum39X62tr,https://api.spotify.com/v1/audio-analysis/6qYTL4IxHaHTfum39X62tr,225400,4
