danceability,energy,key,loudness,mode,speechiness,acousticness,instrumentalness,liveness,valence,tempo,type,id,uri,track_href,analysis_url,duration_ms,time_signature
0.434,0.939,4,-2.983,0,0.0593,0.0425,0,0.491,0.569,159.932,audio_features,0nkzd3yNniB767zSDDdLZ3,spotify:track:0nkzd3yNniB767zSDDdLZ3,https://api.spotify.com/v1/tracks/0nkzd3yNniB767zSDDdLZ3,https://api.spotify.com/v1/audio-analysis/0nkzd3yNniB767zSDDdLZ3,209493,4
0.509,0.938,11,-3.883,0,0.0715,0.000644,0.00246,0.14,0.335,94.019,audio_features,6rSuL1ViLO7Aljn2WD09s4,spotify:track:6rSuL1ViLO7Aljn2WD09s4,https://api.spotify.com/v1/tracks/6rSuL1ViLO7Aljn2WD09s4,https://api.spotify.com/v1/audio-analysis/6rSuL1ViLO7Aljn2WD09s4,204347,4
0.394,0.878,2,-3.418,1,0.0696,0.000284,0,0.0583,0.592,176.173,audio_features,2stwPgrh5NpNr8PdiIPEhE,spotify:track:2stwPgrh5NpNr8PdiIPEhE,https://api.spotify.com/v1/tracks/2stwPgrh5NpNr8PdiIPEhE,https://api.spotify.com/v1/audio-analysis/2stwPgrh5NpNr8PdiIPEhE,237733,4
0.481,0.71,7,-4.785,1,0.0298,0.183,0,0.147,0.188,140.062,audio_features,4VqkhvOP0FkcVrDxgJXtxM,spotify:track:4VqkhvOP0FkcVrDxgJXtxM,https://api.spotify.com/v1/tracks/4VqkhvOP0FkcVrDxgJXtxM,https://api.spotify.com/v1/audio-analysis/4VqkhvOP0FkcVrDxgJXtxM,218387,4
0.47,0.836,9,-4.348,0,0.0349,0.0217,0,0.331,0.412,135.955,audio_features,3h4JgBHcWM7A4CBVI6csau,spotify:track:3h4JgBHcWM7A4CBVI6csau,https://api.spotify.com/v1/tracks/3h4JgBHcWM7A4CBVI6csau,https://api.spotify.com/v1/audio-analysis/3h4JgBHcWM7A4CBVI6csau,230520,4
0.387,0.828,1,-3.955,0,0.0382,0.0439,0,0.301,0.306,161.922,audio_features,4MoVvVkDGFNtQPHciZgG3w,spotify:track:4MoVvVkDGFNtQPHciZgG3w,https://api.spotify.com/v1/tracks/4MoVvVkDGFNtQPHciZgG3w,https://api.spotify.com/v1/audio-analysis/4MoVvVkDGFNtQPHciZgG3w,210520,4
0.508,0.92,5,-3.264,1,0.045,0.000589,2.71e-06,0.107,0.301,102.989,audio_features,3PwUxOBMBkwILa7Y0s6h8S,spotify:track:3PwUxOBMBkwILa7Y0s6h8S,https://api.spotify.com/v1/tracks/3PwUxOBMBkwILa7Y0s6h8S,https://api.spotify.com/v1/audio-analysis/3PwUxOBMBkwILa7Y0s6h8S,273627,4
0.494,0.818,1,-6.025,0,0.0367,7.48e-05,0.129,0.0592,0.169,111.932,audio_features,0dWy5gz8IwvIyJEHOPKwKU,spotify:track:0dWy5gz8IwvIyJEHOPKwKU,https://api.spotify.com/v1/tracks/0dWy5gz8IwvIyJEHOPKwKU,https://api.spotify.com/v1/audio-analysis/0dWy5gz8IwvIyJEHOPKwKU,338440,4
0.387,0.966,2,-4.316,1,0.366,0.00173,0,0.516,0.344,167.938,audio_features,1640EvJmOr0kiryFyjPb0o,spotify:track:1640EvJmOr0kiryFyjPb0o,https://api.spotify.com/v1/tracks/1640EvJmOr0kiryFyjPb0o,https://api.spotify.com/v1/audio-analysis/1640EvJmOr0kiryFyjPb0o,177933,4
