danceability,energy,key,loudness,mode,speechiness,acousticness,instrumentalness,liveness,valence,tempo,type,id,uri,track_href,analysis_url,duration_ms,time_signature
0.46,0.796,0,-4.501,0,0.0333,0.00107,0,0.106,0.182,100.011,audio_features,3G0PaoAphGzJZbJ6VRQJhs,spotify:track:3G0PaoAphGzJZbJ6VRQJhs,https://api.spotify.com/v1/tracks/3G0PaoAphGzJZbJ6VRQJhs,https://api.spotify.com/v1/audio-analysis/3G0PaoAphGzJZbJ6VRQJhs,222067,4
0.489,0.963,0,-2.932,1,0.0531,0.000363,7.43e-05,0.0722,0.303,120.015,audio_features,2Bu4dB6VHWtSUn4cyLAjNU,spotify:track:2Bu4dB6VHWtSUn4cyLAjNU,https://api.spotify.com/v1/tracks/2Bu4dB6VHWtSUn4cyLAjNU,https://api.spotify.com/v1/audio-analysis/2Bu4dB6VHWtSUn4cyLAjNU,252800,4
0.55,0.921,3,-4.606,0,0.0312,5.51e-05,0.000214,0.0999,0.354,107.013,audio_features,2b86QdcYHnO4YRXqfqlmGH,spotify:track:2b86QdcYHnO4YRXqfqlmGH,https://api.spotify.com/v1/tracks/2b86QdcYHnO4YRXqfqlmGH,https://api.spotify.com/v1/audio-analysis/2b86QdcYHnO4YRXqfqlmGH,234053,4
0.445,0.953,5,-2.463,0,0.0704,0.0106,0,0.281,0.475,172.063,audio_features,2jfk3m8nq5IvB35s2xIs1O,spotify:track:2jfk3m8nq5IvB35s2xIs1O,https://api.spotify.com/v1/tracks/2jfk3m8nq5IvB35s2xIs1O,https://api.spotify.com/v1/audio-analysis/2jfk3m8nq5IvB35s2xIs1O,225280,4
0.662,0.838,0,-5.101,1,0.0419,0.0149,0,0.767,0.336,109.983,audio_features,4SWzLstnBnIqwI8BewA3T6,spotify:track:4SWzLstnBnIqwI8BewA3T6,https://api.spotify.com/v1/tracks/4SWzLstnBnIqwI8BewA3T6,https://api.spotify.com/v1/audio-analysis/4SWzLstnBnIqwI8BewA3T6,299960,4
0.467,0.889,11,-3.75,1,0.0387,0.00781,0,0.585,0.564,153.978,audio_features,3EEHhK9WJzs9y0XMjN40SX,spotify:track:3EEHhK9WJzs9y0XMjN40SX,https://api.spotify.com/v1/tracks/3EEHhK9WJzs9y0XMjN40SX,https://api.spotify.com/v1/audio-analysis/3EEHhK9WJzs9y0XMjN40SX,228187,4
0.466,0.928,9,-2.59,0,0.0657,0.0518,1.16e-06,0.0629,0.711,168.026,audio_features,5aUl2cPg4O7yXXdzWQVTYO,spotify:track:5aUl2cPg4O7yXXdzWQVTYO,https://api.spotify.com/v1/tracks/5aUl2cPg4O7yXXdzWQVTYO,https://api.spotify.com/v1/audio-analysis/5aUl2cPg4O7yXXdzWQVTYO,199480,4
0.542,0.59,10,-16.353,0,0.0342,1.1e-05,0.0005,0.104,0.882,137.985,audio_features,0p9YTj9YGtBSWg1z6DxKNm,spotify:track:0p9YTj9YGtBSWg1z6DxKNm,https://api.spotify.com/v1/tracks/0p9YTj9YGtBSWg1z6DxKNm,https://api.spotify.com/v1/audio-analysis/0p9YTj9YGtBSWg1z6DxKNm,263333,4
0.217,0.905,2,-4.103,1,0.0752,0.000289,0.00011,0.222,0.236,96.95,audio_features,5wQnmLuC1W7ATsArWACrgW,spotify:track:5wQnmLuC1W7ATsArWACrgW,https://api.spotify.com/v1/tracks/5wQnmLuC1W7ATsArWACrgW,https://api.spotify.com/v1/audio-analysis/5wQnmLuC1W7ATsArWACrgW,311107,4
