danceability,energy,key,loudness,mode,speechiness,acousticness,instrumentalness,liveness,valence,tempo,type,id,uri,track_href,analysis_url,duration_ms,time_signature
0.64,0.957,8,-2.336,1,0.0741,0.0431,0,0.0789,0.692,134.992,audio_features,2UREu1Y8CO4jXkbvqAtP7g,spotify:track:2UREu1Y8CO4jXkbvqAtP7g,https://api.spotify.com/v1/tracks/2UREu1Y8CO4jXkbvqAtP7g,https://api.spotify.com/v1/audio-analysis/2UREu1Y8CO4jXkbvqAtP7g,178013,4
0.533,0.967,1,-2.543,1,0.0995,0.00791,0,0.336,0.782,142.018,audio_features,4CbKVDZkYKdv69I4bCaKUq,spotify:track:4CbKVDZkYKdv69I4bCaKUq,https://api.spotify.com/v1/tracks/4CbKVDZkYKdv69I4bCaKUq,https://api.spotify.com/v1/audio-analysis/4CbKVDZkYKdv69I4bCaKUq,186813,4
0.434,0.939,4,-2.983,0,0.0593,0.0425,0,0.491,0.569,159.932,audio_features,0nkzd3yNniB767zSDDdLZ3,spotify:track:0nkzd3yNniB767zSDDdLZ3,https://api.spotify.com/v1/tracks/0nkzd3yNniB767zSDDdLZ3,https://api.spotify.com/v1/audio-analysis/0nkzd3yNniB767zSDDdLZ3,209493,4
0.359,0.955,4,-2.323,0,0.12,0.00116,0,0.349,0.446,170.033,audio_features,5pRElcsPZrgZXkoON2o5Go,spotify:track:5pRElcsPZrgZXkoON2o5Go,https://api.spotify.com/v1/tracks/5pRElcsPZrgZXkoON2o5Go,https://api.spotify.com/v1/audio-analysis/5pRElcsPZrgZXkoON2o5Go,230427,4
0.387,0.828,1,-3.955,0,0.0382,0.0439,0,0.301,0.306,161.922,audio_features,4MoVvVkDGFNtQPHciZgG3w,spotify:track:4MoVvVkDGFNtQPHciZgG3w,https://api.spotify.com/v1/tracks/4MoVvVkDGFNtQPHciZgG3w,https://api.spotify.com/v1/audio-analysis/4MoVvVkDGFNtQPHciZgG3w,210520,4
0.57,0.921,4,-3.892,0,0.0724,0.0127,0,0.818,0.381,87.938,audio_features,1W0YS64vF9qgMVLuN76aqg,spotify:track:1W0YS64vF9qgMVLuN76aqg,https://api.spotify.com/v1/tracks/1W0YS64vF9qgMVLuN76aqg,https://api.spotify.com/v1/audio-analysis/1W0YS64vF9qgMVLuN76aqg,260787,4
0.482,0.873,0,-4.73,1,0.0348,0.106,0,0.108,0.441,143.941,audio_features,6JLnc7pF4WUzQ6BWONpc7j,spotify:track:6JLnc7pF4WUzQ6BWONpc7j,https://api.spotify.com/v1/tracks/6JLnc7pF4WUzQ6BWONpc7j,https://api.spotify.com/v1/audio-analysis/6JLnc7pF4WUzQ6BWONpc7j,220080,4
0.383,0.722,2,-3.534,1,0.0283,0.0149,0,0.237,0.227,152.017,audio_features,42uZaQsVFvj5g6nMF3ZwNY,spotify:track:42uZaQsVFvj5g6nMF3ZwNY,https://api.spotify.com/v1/tracks/42uZaQsVFvj5g6nMF3ZwNY,https://api.spotify.com/v1/audio-analysis/42uZaQsVFvj5g6nMF3ZwNY,221267,4
0.339,0.931,5,-3.425,0,0.062,0.0015,0.000142,0.425,0.467,112.548,audio_features,3asFGFY3uLjMDmML1p0tYm,spotify:track:3asFGFY3uLjMDmML1p0tYm,https://api.spotify.com/v1/tracks/3asFGFY3uLjMDmML1p0tYm,https://api.spotify.com/v1/audio-analysis/3asFGFY3uLjMDmML1p0tYm,242280,4
