danceability,energy,key,loudness,mode,speechiness,acousticness,instrumentalness,liveness,valence,tempo,type,id,uri,track_href,analysis_url,duration_ms,time_signature
0.402,0.723,6,-5.26,1,0.0579,0.0663,2e-06,0.233,0.224,160.047,audio_features,01v7kv0RTVaX4Vs8GcOGOP,spotify:track:01v7kv0RTVaX4Vs8GcOGOP,https://api.spotify.com/v1/tracks/01v7kv0RTVaX4Vs8GcOGOP,https://api.spotify.com/v1/audio-analysis/01v7kv0RTVaX4Vs8GcOGOP,326983,4
0.508,0.822,0,-4.577,1,0.0338,0.0314,0,0.109,0.351,131.078,audio_features,0z5DrefyW29FNsnJyI4fZf,spotify:track:0z5DrefyW29FNsnJyI4fZf,https://api.spotify.com/v1/tracks/0z5DrefyW29FNsnJyI4fZf,https://api.spotify.com/v1/audio-analysis/0z5DrefyW29FNsnJyI4fZf,235453,4
0.695,0.876,3,-4.262,0,0.0553,0.000996,6.89e-06,0.106,0.941,89.954,audio_features,40rvBMQizxkIqnjPdEWY1v,spotify:track:40rvBMQizxkIqnjPdEWY1v,https://api.spotify.com/v1/tracks/40rvBMQizxkIqnjPdEWY1v,https://api.spotify.com/v1/audio-analysis/40rvBMQizxkIqnjPdEWY1v,279213,4
0.492,0.896,4,-5.819,0,0.117,0.000172,2.78e-06,0.189,0.534,184.981,audio_features,1AEYT6VxrxXPMoQUxsY0E4,spotify:track:1AEYT6VxrxXPMoQUxsY0E4,https://api.spotify.com/v1/tracks/1AEYT6VxrxXPMoQUxsY0E4,https://api.spotify.com/v1/audio-analysis/1AEYT6VxrxXPMoQUxsY0E4,285570,4
0.504,0.918,0,-3.463,1,0.0517,0.00164,2.12e-05,0.78,0.539,92.031,audio_features,5e3YOg6fIkP0wD5TyxcHOH,spotify:track:5e3YOg6fIkP0wD5TyxcHOH,https://api.spotify.com/v1/tracks/5e3YOg6fIkP0wD5TyxcHOH,https://api.spotify.com/v1/audio-analysis/5e3YOg6fIkP0wD5TyxcHOH,294827,4
0.569,0.83,9,-4.106,0,0.14,0.0807,0,0.114,0.609,170.094,audio_features,4bPQs0PHn4xbipzdPfn6du,spotify:track:4bPQs0PHn4xbipzdPfn6du,https://api.spotify.com/v1/tracks/4bPQs0PHn4xbipzdPfn6du,https://api.spotify.com/v1/audio-analysis/4bPQs0PHn4xbipzdPfn6du,186635,4
0.642,0.873,2,-5.821,1,0.0551,0.00394,0,0.175,0.662,82.002,audio_features,46Kcradxrva9Dny4lHU1b3,spotify:track:46Kcradxrva9Dny4lHU1b3,https://api.spotify.com/v1/tracks/46Kcradxrva9Dny4lHU1b3,https://api.spotify.com/v1/audio-analysis/46Kcradxrva9Dny4lHU1b3,192053,4
0.436,0.893,9,-4.18,0,0.0556,0.000362,0,0.103,0.0794,124.113,audio_features,5rLi8B8qgk6qThwRnKHW2P,spotify:track:5rLi8B8qgk6qThwRnKHW2P,https://api.spotify.com/v1/tracks/5rLi8B8qgk6qThwRnKHW2P,https://api.spotify.com/v1/audio-analysis/5rLi8B8qgk6qThwRnKHW2P,226680,4
0.572,0.912,7,-4.875,1,0.0707,0.00155,1.2e-06,0.102,0.606,156.073,audio_features,3yZQk5PC52CCmT4ZaTIKvv,spotify:track:3yZQk5PC52CCmT4ZaTIKvv,https://api.spotify.com/v1/tracks/3yZQk5PC52CCmT4ZaTIKvv,https://api.spotify.com/v1/audio-analysis/3yZQk5PC52CCmT4ZaTIKvv,187187,4
