danceability,energy,key,loudness,mode,speechiness,acousticness,instrumentalness,liveness,valence,tempo,type,id,uri,track_href,analysis_url,duration_ms,time_signature
0.198,0.977,3,-3.499,0,0.173,0.00131,4.62e-05,0.23,0.351,195.795,audio_features,2GTBnTnkvaNhVg7ADGnVzN,spotify:track:2GTBnTnkvaNhVg7ADGnVzN,https://api.spotify.com/v1/tracks/2GTBnTnkvaNhVg7ADGnVzN,https://api.spotify.com/v1/audio-analysis/2GTBnTnkvaNhVg7ADGnVzN,199387,4
0.39,0.649,2,-5.163,1,0.0345,0.172,0,0.216,0.144,121.16,audio_features,0c1gHntWjKD7QShC8s99sq,spotify:track:0c1gHntWjKD7QShC8s99sq,https://api.spotify.com/v1/tracks/0c1gHntWjKD7QShC8s99sq,https://api.spotify.com/v1/audio-analysis/0c1gHntWjKD7QShC8s99sq,299760,4
0.307,0.433,1,-10.057,1,0.029,0.388,9.08e-05,0.332,0.224,160.9,audio_features,5MxNLUsfh7uzROypsoO5qe,spotify:track:5MxNLUsfh7uzROypsoO5qe,https://api.spotify.com/v1/tracks/5MxNLUsfh7uzROypsoO5qe,https://api.spotify.com/v1/audio-analysis/5MxNLUsfh7uzROypsoO5qe,266960,4
0.653,0.73,5,-10.613,1,0.043,0.0114,1.03e-05,0.0754,0.894,108.705,audio_features,5SZ6zX4rOrEQferfFC2MfP,spotify:track:5SZ6zX4rOrEQferfFC2MfP,https://api.spotify.com/v1/tracks/5SZ6zX4rOrEQferfFC2MfP,https://api.spotify.com/v1/audio-analysis/5SZ6zX4rOrEQferfFC2MfP,220400,4
0.518,0.916,3,-3.858,1,0.0454,0.000148,0,0.291,0.646,109.864,audio_features,2l57cfmCnOkwNX1tky02n1,spotify:track:2l57cfmCnOkwNX1tky02n1,https://api.spotify.com/v1/tracks/2l57cfmCnOkwNX1tky02n1,https://api.spotify.com/v1/audio-analysis/2l57cfmCnOkwNX1tky02n1,238880,4
0.557,0.533,10,-6.817,0,0.0252,0.0492,0,0.205,0.233,143.994,audio_features,3NLrRZoMF0Lx6zTlYqeIo4,spotify:track:3NLrRZoMF0Lx6zTlYqeIo4,https://api.spotify.com/v1/tracks/3NLrRZoMF0Lx6zTlYqeIo4,https://api.spotify.com/v1/audio-analysis/3NLrRZoMF0Lx6zTlYqeIo4,238733,4
0.465,0.954,10,-4.251,1,0.044,0.000346,5.38e-06,0.573,0.458,143.85,audio_features,5lDriBxJd22IhOH9zTcFrV,spotify:track:5lDriBxJd22IhOH9zTcFrV,https://api.spotify.com/v1/tracks/5lDriBxJd22IhOH9zTcFrV,https://api.spotify.com/v1/audio-analysis/5lDriBxJd22IhOH9zTcFrV,193653,4
0.342,0.981,2,-3.228,0,0.14,2.53e-05,0,0.343,0.207,160.083,audio_features,3imITUqEhkebNbOoS1yrWm,spotify:track:3imITUqEhkebNbOoS1yrWm,https://api.spotify.com/v1/tracks/3imITUqEhkebNbOoS1yrWm,https://api.spotify.com/v1/audio-analysis/3imITUqEhkebNbOoS1yrWm,202640,4
0.566,0.835,9,-5.885,1,0.0504,0.000192,0,0.0581,0.749,116.041,audio_features,68pN2UQYhwQgPy7VrCFKuV,spotify:track:68pN2UQYhwQgPy7VrCFKuV,https://api.spotify.com/v1/tracks/68pN2UQYhwQgPy7VrCFKuV,https://api.spotify.com/v1/audio-analysis/68pN2UQYhwQgPy7VrCFKuV,207093,4
