danceability,energy,key,loudness,mode,speechiness,acousticness,instrumentalness,liveness,valence,tempo,type,id,uri,track_href,analysis_url,duration_ms,time_signature
0.553,0.853,8,-3.668,1,0.0339,0.000684,0,0.126,0.506,122.023,audio_features,5eFxwmqKrHpSQDOEIFYlgY,spotify:track:5eFxwmqKrHpSQDOEIFYlgY,https://api.spotify.com/v1/tracks/5eFxwmqKrHpSQDOEIFYlgY,https://api.spotify.com/v1/audio-analysis/5eFxwmqKrHpSQDOEIFYlgY,231400,4
0.498,0.83,6,-5.157,0,0.0421,0.00461,0,0.139,0.453,89.342,audio_features,0M955bMOoilikPXwKLYpoi,spotify:track:0M955bMOoilikPXwKLYpoi,https://api.spotify.com/v1/tracks/0M955bMOoilikPXwKLYpoi,https://api.spotify.com/v1/audio-analysis/0M955bMOoilikPXwKLYpoi,231480,4
0.31,0.7,9,-5.678,1,0.047,0.011,0.00965,0.0828,0.763,188.386,audio_features,08mG3Y1vljYA6bvDt4Wqkj,spotify:track:08mG3Y1vljYA6bvDt4Wqkj,https://api.spotify.com/v1/tracks/08mG3Y1vljYA6bvDt4Wqkj,https://api.spotify.com/v1/audio-analysis/08mG3Y1vljYA6bvDt4Wqkj,255493,4
0.502,0.966,0,-3.876,1,0.0946,0.00575,1.56e-06,0.117,0.638,159.948,audio_features,44TuSOP6xIAEeJmZsN3nXO,spotify:track:44TuSOP6xIAEeJmZsN3nXO,https://api.spotify.com/v1/tracks/44TuSOP6xIAEeJmZsN3nXO,https://api.spotify.com/v1/audio-analysis/44TuSOP6xIAEeJmZsN3nXO,235613,4
0.497,0.981,8,-3.29,1,0.108,8.46e-06,0,0.136,0.182,109.911,audio_features,4ihxQ9O2ev062rLQV9SyrN,spotify:track:4ihxQ9O2ev062rLQV9SyrN,https://api.spotify.com/v1/tracks/4ihxQ9O2ev062rLQV9SyrN,https://api.spotify.com/v1/audio-analysis/4ihxQ9O2ev062rLQV9SyrN,259960,4
0.426,0.881,4,-4.526,1,0.0404,0.00573,0.0693,0.389,0.259,139.986,audio_features,4x3381mYJqptPqT6OKUfmu,spotify:track:4x3381mYJqptPqT6OKUfmu,https://api.spotify.com/v1/tracks/4x3381mYJqptPqT6OKUfmu,https://api.spotify.com/v1/audio-analysis/4x3381mYJqptPqT6OKUfmu,247893,4
0.397,0.903,2,-4.577,1,0.0457,0.00575,1.6e-06,0.362,0.556,151.551,audio_features,2md2i5QvelRFnafpnd6LOg,spotify:track:2md2i5QvelRFnafpnd6LOg,https://api.spotify.com/v1/tracks/2md2i5QvelRFnafpnd6LOg,https://api.spotify.com/v1/audio-analysis/2md2i5QvelRFnafpnd6LOg,201373,4
0.545,0.932,7,-2.189,0,0.0399,0.000665,0,0.127,0.464,92.956,audio_features,4wzjNqjKAKDU82e8uMhzmr,spotify:track:4wzjNqjKAKDU82e8uMhzmr,https://api.spotify.com/v1/tracks/4wzjNqjKAKDU82e8uMhzmr,https://api.spotify.com/v1/audio-analysis/4wzjNqjKAKDU82e8uMhzmr,192000,4
0.775,0.617,7,-6.166,1,0.0701,0.341,0,0.0985,0.485,100.048,audio_features,2QbFClFyhMMtiurUjuQlAe,spotify:track:2QbFClFyhMMtiurUjuQlAe,https://api.spotify.com/v1/tracks/2QbFClFyhMMtiurUjuQlAe,https://api.spotify.com/v1/audio-analysis/2QbFClFyhMMtiurUjuQlAe,214265,4
