danceability,energy,key,loudness,mode,speechiness,acousticness,instrumentalness,liveness,valence,tempo,type,id,uri,track_href,analysis_url,duration_ms,time_signature
0.35,0.909,2,-4.204,1,0.0774,0.0024,0,0.163,0.314,166.866,audio_features,1b7vg5T9YKR3NNqXfBYRF7,spotify:track:1b7vg5T9YKR3NNqXfBYRF7,https://api.spotify.com/v1/tracks/1b7vg5T9YKR3NNqXfBYRF7,https://api.spotify.com/v1/audio-analysis/1b7vg5T9YKR3NNqXfBYRF7,220133,4
0.623,0.93,5,-5.285,1,0.0324,0.0141,1.64e-06,0.138,0.287,120.119,audio_features,4kfm1uI9QGaoN9qm6CkAMn,spotify:track:4kfm1uI9QGaoN9qm6CkAMn,https://api.spotify.com/v1/tracks/4kfm1uI9QGaoN9qm6CkAMn,https://api.spotify.com/v1/audio-analysis/4kfm1uI9QGaoN9qm6CkAMn,205613,4
0.29,0.827,8,-3.451,1,0.0362,0.000659,2.55e-06,0.301,0.45,167.086,audio_features,0MsrWnxQZxPAcov7c74sSo,spotify:track:0MsrWnxQZxPAcov7c74sSo,https://api.spotify.com/v1/tracks/0MsrWnxQZxPAcov7c74sSo,https://api.spotify.com/v1/audio-analysis/0MsrWnxQZxPAcov7c74sSo,493400,4
0.423,0.94,1,-4.012,0,0.0635,0.00166,0,0.178,0.505,149.934,audio_features,6GIrIt2M39wEGwjCQjGChX,spotify:track:6GIrIt2M39wEGwjCQjGChX,https://api.spotify.com/v1/tracks/6GIrIt2M39wEGwjCQjGChX,https://api.spotify.com/v1/audio-analysis/6GIrIt2M39wEGwjCQjGChX,206520,4
0.58,0.916,3,-4.358,0,0.0387,0.000297,0.0259,0.126,0.683,118.004,audio_features,5anCkDvJ17aznvK5TED5uo,spotify:track:5anCkDvJ17aznvK5TED5uo,https://api.spotify.com/v1/tracks/5anCkDvJ17aznvK5TED5uo,https://api.spotify.com/v1/audio-analysis/5anCkDvJ17aznvK5TED5uo,305907,4
0.576,0.906,2,-7.677,1,0.0571,0.000332,0.0614,0.0908,0.211,127.935,audio_features,1fQaoh3imrMunWVZh5kf90,spotify:track:1fQaoh3imrMunWVZh5kf90,https://api.spotify.com/v1/tracks/1fQaoh3imrMunWVZh5kf90,https://api.spotify.com/v1/audio-analysis/1fQaoh3imrMunWVZh5kf90,323800,4
0.463,0.857,4,-3.063,1,0.0632,0.0506,0,0.184,0.856,111.647,audio_features,7j31rVgGX9Q2blT92VBEA0,spotify:track:7j31rVgGX9Q2blT92VBEA0,https://api.spotify.com/v1/tracks/7j31rVgGX9Q2blT92VBEA0,https://api.spotify.com/v1/audio-analysis/7j31rVgGX9Q2blT92VBEA0,161920,4
0.542,0.932,4,-4.896,1,0.05,0.0747,0,0.613,0.698,140.135,audio_features,3qmvK8QARSPkFTuKeIXSbs,spotify:track:3qmvK8QARSPkFTuKeIXSbs,https://api.spotify.com/v1/tracks/3qmvK8QARSPkFTuKeIXSbs,https://api.spotify.com/v1/audio-analysis/3qmvK8QARSPkFTuKeIXSbs,164760,4
0.38,0.988,1,-2.042,1,0.0639,2.64e-05,7.86e-05,0.368,0.769,186.113,audio_features,6nTiIhLmQ3FWhvrGafw2zj,spotify:track:6nTiIhLmQ3FWhvrGafw2zj,https://api.spotify.com/v1/tracks/6nTiIhLmQ3FWhvrGafw2zj,https://api.spotify.com/v1/audio-analysis/6nTiIhLmQ3FWhvrGafw2zj,176346,4
