danceability,energy,key,loudness,mode,speechiness,acousticness,instrumentalness,liveness,valence,tempo,type,id,uri,track_href,analysis_url,duration_ms,time_signature
0.287,0.912,2,-4.673,1,0.0689,0.00101,1.63e-06,0.0688,0.431,124.248,audio_features,0Ftnzin8OuddGV4J2hDrMm,spotify:track:0Ftnzin8OuddGV4J2hDrMm,https://api.spotify.com/v1/tracks/0Ftnzin8OuddGV4J2hDrMm,https://api.spotify.com/v1/audio-analysis/0Ftnzin8OuddGV4J2hDrMm,237920,3
0.666,0.83,0,-5.715,1,0.0751,0.0123,0,0.191,0.702,113.03,audio_features,6JV2JOEocMgcZxYSZelKcc,spotify:track:6JV2JOEocMgcZxYSZelKcc,https://api.spotify.com/v1/tracks/6JV2JOEocMgcZxYSZelKcc,https://api.spotify.com/v1/audio-analysis/6JV2JOEocMgcZxYSZelKcc,236002,4
0.447,0.993,7,-3.022,1,0.111,1.56e-05,0.027,0.474,0.108,140.018,audio_features,07ceEXOyS7ghQkyCOycXwP,spotify:track:07ceEXOyS7ghQkyCOycXwP,https://api.spotify.com/v1/tracks/07ceEXOyS7ghQkyCOycXwP,https://api.spotify.com/v1/audio-analysis/07ceEXOyS7ghQkyCOycXwP,189667,4
0.606,0.887,4,-4.404,1,0.0598,0.000242,0,0.337,0.903,119.974,audio_features,5oQcOu1omDykbIPSdSQQNJ,spotify:track:5oQcOu1omDykbIPSdSQQNJ,https://api.spotify.com/v1/tracks/5oQcOu1omDykbIPSdSQQNJ,https://api.spotify.com/v1/audio-analysis/5oQcOu1omDykbIPSdSQQNJ,193000,4
0.645,0.417,4,-7.022,1,0.029,0.543,0,0.0982,0.256,77.054,audio_features,00hVU6kDP67JHurfwG2dtq,spotify:track:00hVU6kDP67JHurfwG2dtq,https://api.spotify.com/v1/tracks/00hVU6kDP67JHurfwG2dtq,https://api.spotify.com/v1/audio-analysis/00hVU6kDP67JHurfwG2dtq,253080,4
0.521,0.963,1,-4.634,1,0.0607,0.000321,9.1e-06,0.0579,0.402,105.388,audio_features,790FwR8FQIwcMQX2e75bGr,spotify:track:790FwR8FQIwcMQX2e75bGr,https://api.spotify.com/v1/tracks/790FwR8FQIwcMQX2e75bGr,https://api.spotify.com/v1/audio-analysis/790FwR8FQIwcMQX2e75bGr,208677,4
0.487,0.958,10,-3.589,1,0.0498,0.00088,4.55e-05,0.441,0.508,90.082,audio_features,12vJtkFpjHVIUOwUQGxkvQ,spotify:track:12vJtkFpjHVIUOwUQGxkvQ,https://api.spotify.com/v1/tracks/12vJtkFpjHVIUOwUQGxkvQ,https://api.spotify.com/v1/audio-analysis/12vJtkFpjHVIUOwUQGxkvQ,176867,4
0.361,0.983,3,-3.373,0,0.0931,0.000129,4.41e-06,0.0228,0.385,167.951,audio_features,0GRu2odJjampqZpyubbFU6,spotify:track:0GRu2odJjampqZpyubbFU6,https://api.spotify.com/v1/tracks/0GRu2odJjampqZpyubbFU6,https://api.spotify.com/v1/audio-analysis/0GRu2odJjampqZpyubbFU6,247613,4
0.356,0.924,1,-3.74,1,0.0808,0.00101,0,0.0953,0.232,148.017,audio_features,7oK9VyNzrYvRFo7nQEYkWN,spotify:track:7oK9VyNzrYvRFo7nQEYkWN,https://api.spotify.com/v1/tracks/7oK9VyNzrYvRFo7nQEYkWN,https://api.spotify.com/v1/audio-analysis/7oK9VyNzrYvRFo7nQEYkWN,222587,4
