danceability,energy,key,loudness,mode,speechiness,acousticness,instrumentalness,liveness,valence,tempo,type,id,uri,track_href,analysis_url,duration_ms,time_signature
0.422,0.904,0,-4.531,1,0.102,0.02,4.49e-06,0.686,0.32,163.929,audio_features,1AnesEZjtNHT7Nr2Y4BuNR,spotify:track:1AnesEZjtNHT7Nr2Y4BuNR,https://api.spotify.com/v1/tracks/1AnesEZjtNHT7Nr2Y4BuNR,https://api.spotify.com/v1/audio-analysis/1AnesEZjtNHT7Nr2Y4BuNR,232240,4
0.629,0.897,2,-3.401,1,0.0483,0.0424,0,0.263,0.93,161.944,audio_features,3mcG2NI5G5vhrQtRda1YnA,spotify:track:3mcG2NI5G5vhrQtRda1YnA,https://api.spotify.com/v1/tracks/3mcG2NI5G5vhrQtRda1YnA,https://api.spotify.com/v1/audio-analysis/3mcG2NI5G5vhrQtRda1YnA,168253,4
0.527,0.834,1,-5.531,1,0.0447,0.00107,0.000102,0.0993,0.422,110.065,audio_features,1hIupFeRu3nmMcjbjxPnMc,spotify:track:1hIupFeRu3nmMcjbjxPnMc,https://api.spotify.com/v1/tracks/1hIupFeRu3nmMcjbjxPnMc,https://api.spotify.com/v1/audio-analysis/1hIupFeRu3nmMcjbjxPnMc,198333,4
0.54,0.691,7,-5.888,1,0.0306,7.78e-05,0.331,0.0413,0.367,127.946,audio_features,4jVhSbMMHctghoOTFuLPB2,spotify:track:4jVhSbMMHctghoOTFuLPB2,https://api.spotify.com/v1/tracks/4jVhSbMMHctghoOTFuLPB2,https://api.spotify.com/v1/audio-analysis/4jVhSbMMHctghoOTFuLPB2,233267,4
0.21,0.94,9,-3.427,1,0.123,0.00602,0,0.269,0.255,179.722,audio_features,7lRlq939cDG4SzWOF4VAnd,spotify:track:7lRlq939cDG4SzWOF4VAnd,https://api.spotify.com/v1/tracks/7lRlq939cDG4SzWOF4VAnd,https://api.spotify.com/v1/audio-analysis/7lRlq939cDG4SzWOF4VAnd,186480,4
0.421,0.858,1,-4.535,1,0.0963,0.0134,0,0.067,0.491,173.255,audio_features,714Lw0m2SmCEhKSPw0Dn8J,spotify:track:714Lw0m2SmCEhKSPw0Dn8J,https://api.spotify.com/v1/tracks/714Lw0m2SmCEhKSPw0Dn8J,https://api.spotify.com/v1/audio-analysis/714Lw0m2SmCEhKSPw0Dn8J,206773,4
0.454,0.636,0,-4.731,1,0.0273,0.00228,0,0.154,0.313,87.89,audio_features,1FMHNVeJ9s1x1l1WlaRs2I,spotify:track:1FMHNVeJ9s1x1l1WlaRs2I,https://api.spotify.com/v1/tracks/1FMHNVeJ9s1x1l1WlaRs2I,https://api.spotify.com/v1/audio-analysis/1FMHNVeJ9s1x1l1WlaRs2I,244827,4
0.494,0.946,4,-2.757,1,0.0637,0.00129,0,0.398,0.741,103.408,audio_features,33iv3wnGMrrDugd7GBso1z,spotify:track:33iv3wnGMrrDugd7GBso1z,https://api.spotify.com/v1/tracks/33iv3wnGMrrDugd7GBso1z,https://api.spotify.com/v1/audio-analysis/33iv3wnGMrrDugd7GBso1z,169027,4
0.356,0.96,4,-3.487,1,0.104,0.0142,0,0.209,0.0857,125.921,audio_features,5dTHtzHFPyi8TlTtzoz1J9,spotify:track:5dTHtzHFPyi8TlTtzoz1J9,https://api.spotify.com/v1/tracks/5dTHtzHFPyi8TlTtzoz1J9,https://api.spotify.com/v1/audio-analysis/5dTHtzHFPyi8TlTtzoz1J9,204733,4
