danceability,energy,key,loudness,mode,speechiness,acousticness,instrumentalness,liveness,valence,tempo,type,id,uri,track_href,analysis_url,duration_ms,time_signature
0.537,0.847,6,-5.208,1,0.0383,0.00236,1.16e-06,0.0844,0.459,106.055,audio_features,1XZrMIHtCVJPqK29Mzm44G,spotify:track:1XZrMIHtCVJPqK29Mzm44G,https://api.spotify.com/v1/tracks/1XZrMIHtCVJPqK29Mzm44G,https://api.spotify.com/v1/audio-analysis/1XZrMIHtCVJPqK29Mzm44G,221827,4
0.509,0.945,7,-4.061,1,0.0445,0.00812,0,0.361,0.626,160.053,audio_features,1NL4Hw9b0ytvmEI6yp4T1T,spotify:track:1NL4Hw9b0ytvmEI6yp4T1T,https://api.spotify.com/v1/tracks/1NL4Hw9b0ytvmEI6yp4T1T,https://api.spotify.com/v1/audio-analysis/1NL4Hw9b0ytvmEI6yp4T1T,274933,4
0.533,0.943,5,-5.151,0,0.118,0.00362,7.86e-06,0.036,0.496,74.997,audio_features,3AjJ6NuoGX8XROGG0MDA6Y,spotify:track:3AjJ6NuoGX8XROGG0MDA6Y,https://api.spotify.com/v1/tracks/3AjJ6NuoGX8XROGG0MDA6Y,https://api.spotify.com/v1/audio-analysis/3AjJ6NuoGX8XROGG0MDA6Y,213053,4
0.559,0.895,1,-4.476,0,0.0832,0.0154,0,0.175,0.59,183.825,audio_features,2fh3bZ8jZhMxOcfESE9nQY,spotify:track:2fh3bZ8jZhMxOcfESE9nQY,https://api.spotify.com/v1/tracks/2fh3bZ8jZhMxOcfESE9nQY,https://api.spotify.com/v1/audio-analysis/2fh3bZ8jZhMxOcfESE9nQY,213093,4
0.511,0.913,9,-3.74,1,0.0637,0.00561,0,0.0766,0.617,141.041,audio_features,7qe0UUpG2whP8L5HUBSqJA,spotify:track:7qe0UUpG2whP8L5HUBSqJA,https://api.spotify.com/v1/tracks/7qe0UUpG2whP8L5HUBSqJA,https://api.spotify.com/v1/audio-analysis/7qe0UUpG2whP8L5HUBSqJA,207933,4
0.55,0.952,8,-4.664,1,0.0924,0.000193,0.000666,0.0614,0.391,127.804,audio_features,5ynxx6zC4dgzsMHLYQ04Dc,spotify:track:5ynxx6zC4dgzsMHLYQ04Dc,https://api.spotify.com/v1/tracks/5ynxx6zC4dgzsMHLYQ04Dc,https://api.spotify.com/v1/audio-analysis/5ynxx6zC4dgzsMHLYQ04Dc,207213,4
0.603,0.886,5,-3.777,0,0.0837,0.00045,0,0.26,0.395,126.025,audio_features,0i8JFpqe9cKwnrcvoNgl1L,spotify:track:0i8JFpqe9cKwnrcvoNgl1L,https://api.spotify.com/v1/tracks/0i8JFpqe9cKwnrcvoNgl1L,https://api.spotify.com/v1/audio-analysis/0i8JFpqe9cKwnrcvoNgl1L,229933,4
0.518,0.797,6,-5.153,1,0.0309,0.000681,0,0.107,0.293,132.918,audio_features,1EFddFVisHbqCHah6oBlhD,spotify:track:1EFddFVisHbqCHah6oBlhD,https://api.spotify.com/v1/tracks/1EFddFVisHbqCHah6oBlhD,https://api.spotify.com/v1/audio-analysis/1EFddFVisHbqCHah6oBlhD,238173,4
0.443,0.844,11,-5.414,0,0.0425,0.00251,0,0.085,0.452,76.001,audio_features,2qJkesdHu9sMMVFgkRkqhQ,spotify:track:2qJkesdHu9sMMVFgkRkqhQ,https://api.spotify.com/v1/tracks/2qJkesdHu9sMMVFgkRkqhQ,https://api.spotify.com/v1/audio-analysis/2qJkesdHu9sMMVFgkRkqhQ,202213,4
