danceability,energy,key,loudness,mode,speechiness,acousticness,instrumentalness,liveness,valence,tempo,type,id,uri,track_href,analysis_url,duration_ms,time_signature
0.433,0.778,2,-4.68,0,0.0371,0.00838,0,0.163,0.217,149.864,audio_features,5y7NRMui3GLbwj2zBaOqo1,spotify:track:5y7NRMui3GLbwj2zBaOqo1,https://api.spotify.com/v1/tracks/5y7NRMui3GLbwj2zBaOqo1,https://api.spotify.com/v1/audio-analysis/5y7NRMui3GLbwj2zBaOqo1,209333,4
0.49,0.833,6,-5.899,1,0.0487,0.0116,0.000504,0.15,0.39,89.981,audio_features,5FQXMRDSTkn9fowDJ3kZo8,spotify:track:5FQXMRDSTkn9fowDJ3kZo8,https://api.spotify.com/v1/tracks/5FQXMRDSTkn9fowDJ3kZo8,https://api.spotify.com/v1/audio-analysis/5FQXMRDSTkn9fowDJ3kZo8,187347,4
0.55,0.917,0,-3.159,1,0.0638,0.00428,0,0.197,0.601,126.115,audio_features,6TfBA04WJ3X1d1wXhaCFVT,spotify:track:6TfBA04WJ3X1d1wXhaCFVT,https://api.spotify.com/v1/tracks/6TfBA04WJ3X1d1wXhaCFVT,https://api.spotify.com/v1/audio-analysis/6TfBA04WJ3X1d1wXhaCFVT,177827,4
0.581,0.887,4,-3.659,0,0.0624,0.000504,0.00111,0.268,0.724,90.578,audio_features,5eek2X5459T1HoYJk2CKXv,spotify:track:5eek2X5459T1HoYJk2CKXv,https://api.spotify.com/v1/tracks/5eek2X5459T1HoYJk2CKXv,https://api.spotify.com/v1/audio-analysis/5eek2X5459T1HoYJk2CKXv,199893,4
0.556,0.864,3,-5.87,0,0.0584,0.00958,0,0.209,0.4,105.143,audio_features,60a0Rd6pjrkxjPbaKzXjfq,spotify:track:60a0Rd6pjrkxjPbaKzXjfq,https://api.spotify.com/v1/tracks/60a0Rd6pjrkxjPbaKzXjfq,https://api.spotify.com/v1/audio-analysis/60a0Rd6pjrkxjPbaKzXjfq,216880,4
0.185,0.948,8,-3.892,1,0.147,0.0104,0,0.105,0.316,196.578,audio_features,5eALoO9RRACvoxvLKF9zt4,spotify:track:5eALoO9RRACvoxvLKF9zt4,https://api.spotify.com/v1/tracks/5eALoO9RRACvoxvLKF9zt4,https://api.spotify.com/v1/audio-analysis/5eALoO9RRACvoxvLKF9zt4,207587,3
0.496,0.863,9,-4.153,1,0.0381,0.0046,0,0.639,0.243,110.018,audio_features,2nLtzopw4rPReszdYBJU6h,spotify:track:2nLtzopw4rPReszdYBJU6h,https://api.spotify.com/v1/tracks/2nLtzopw4rPReszdYBJU6h,https://api.spotify.com/v1/audio-analysis/2nLtzopw4rPReszdYBJU6h,185587,4
0.533,0.955,8,-3.708,1,0.0653,0.000165,1.36e-05,0.38,0.55,107.984,audio_features,2yXyz4NLTZx9CLdXfLTp5E,spotify:track:2yXyz4NLTZx9CLdXfLTp5E,https://api.spotify.com/v1/tracks/2yXyz4NLTZx9CLdXfLTp5E,https://api.spotify.com/v1/audio-analysis/2yXyz4NLTZx9CLdXfLTp5E,216733,4
0.64,0.884,6,-2.609,1,0.0428,0.0226,0,0.187,0.573,124.968,audio_features,36UVZPoK8a1Oxh13cY8kOp,spotify:track:36UVZPoK8a1Oxh13cY8kOp,https://api.spotify.com/v1/tracks/36UVZPoK8a1Oxh13cY8kOp,https://api.spotify.com/v1/audio-analysis/36UVZPoK8a1Oxh13cY8kOp,244000,4
