danceability,energy,key,loudness,mode,speechiness,acousticness,instrumentalness,liveness,valence,tempo,type,id,uri,track_href,analysis_url,duration_ms,time_signature
0.925,0.443,1,-8.216,1,0.264,0.0172,0,0.276,0.35,136.078,audio_features,2bjwRfXMk4uRgOD9IBYl9h,spotify:track:2bjwRfXMk4uRgOD9IBYl9h,https://api.spotify.com/v1/tracks/2bjwRfXMk4uRgOD9IBYl9h,https://api.spotify.com/v1/audio-analysis/2bjwRfXMk4uRgOD9IBYl9h,236615,4
0.802,0.582,1,-7.296,0,0.235,0.126,0,0.161,0.338,150.002,audio_features,0dbZ2iUuKvsm3FupBw6M9N,spotify:track:0dbZ2iUuKvsm3FupBw6M9N,https://api.spotify.com/v1/tracks/0dbZ2iUuKvsm3FupBw6M9N,https://api.spotify.com/v1/audio-analysis/0dbZ2iUuKvsm3FupBw6M9N,186613,4
0.696,0.714,8,-6.901,1,0.0484,0.388,2.6e-05,0.102,0.729,74.992,audio_features,0IQHBNc0nHjmpUusMHFrX2,spotify:track:0IQHBNc0nHjmpUusMHFrX2,https://api.spotify.com/v1/tracks/0IQHBNc0nHjmpUusMHFrX2,https://api.spotify.com/v1/audio-analysis/0IQHBNc0nHjmpUusMHFrX2,241267,4
0.872,0.391,0,-9.144,0,0.242,0.469,4.13e-06,0.297,0.437,134.021,audio_features,7m9OqQk4RVRkw9JJdeAw96,spotify:track:7m9OqQk4RVRkw9JJdeAw96,https://api.spotify.com/v1/tracks/7m9OqQk4RVRkw9JJdeAw96,https://api.spotify.com/v1/audio-analysis/7m9OqQk4RVRkw9JJdeAw96,119133,4
0.734,0.57,7,-7.066,0,0.133,0.847,2.14e-05,0.112,0.689,129.953,audio_features,3GVkPk8mqxz0itaAriG1L7,spotify:track:3GVkPk8mqxz0itaAriG1L7,https://api.spotify.com/v1/tracks/3GVkPk8mqxz0itaAriG1L7,https://api.spotify.com/v1/audio-analysis/3GVkPk8mqxz0itaAriG1L7,95467,4
0.797,0.533,0,-9.74,0,0.0412,0.0172,0.000152,0.103,0.329,131.036,audio_features,7AQim7LbvFVZJE3O8TYgf2,spotify:track:7AQim7LbvFVZJE3O8TYgf2,https://api.spotify.com/v1/tracks/7AQim7LbvFVZJE3O8TYgf2,https://api.spotify.com/v1/audio-analysis/7AQim7LbvFVZJE3O8TYgf2,146520,4
0.735,0.197,3,-13.378,0,0.537,0.768,0.000276,0.296,0.383,147.899,audio_features,2yZax79pOrYuyIFVW2cZY2,spotify:track:2yZax79pOrYuyIFVW2cZY2,https://api.spotify.com/v1/tracks/2yZax79pOrYuyIFVW2cZY2,https://api.spotify.com/v1/audio-analysis/2yZax79pOrYuyIFVW2cZY2,129720,4
0.747,0.524,10,-6.807,0,0.245,0.0306,0,0.2,0.363,140.053,audio_features,40oKW22ZNNkEdZLJTScaQI,spotify:track:40oKW22ZNNkEdZLJTScaQI,https://api.spotify.com/v1/tracks/40oKW22ZNNkEdZLJTScaQI,https://api.spotify.com/v1/audio-analysis/40oKW22ZNNkEdZLJTScaQI,213132,4
0.769,0.156,11,-10.7,0,0.035,0.585,0.015,0.102,0.527,105.95,audio_features,2H3wWrnO758y0fPH7Ilerg,spotify:track:2H3wWrnO758y0fPH7Ilerg,https://api.spotify.com/v1/tracks/2H3wWrnO758y0fPH7Ilerg,https://api.spotify.com/v1/audio-analysis/2H3wWrnO758y0fPH7Ilerg,144733,4
