danceability,energy,key,loudness,mode,speechiness,acousticness,instrumentalness,liveness,valence,tempo,type,id,uri,track_href,analysis_url,duration_ms,time_signature
0.602,0.762,2,-6.149,0,0.0347,0.0498,0.00819,0.121,0.112,92.02,audio_features,22fRl49GSpRdu3J2EPj1i6,spotify:track:22fRl49GSpRdu3J2EPj1i6,https://api.spotify.com/v1/tracks/22fRl49GSpRdu3J2EPj1i6,https://api.spotify.com/v1/audio-analysis/22fRl49GSpRdu3J2EPj1i6,159987,4
0.611,0.66,11,-5.883,1,0.0839,0.198,0,0.365,0.583,71.544,audio_features,3XQY8kDjI8LARMIC9xkxQk,spotify:track:3XQY8kDjI8LARMIC9xkxQk,https://api.spotify.com/v1/tracks/3XQY8kDjI8LARMIC9xkxQk,https://api.spotify.com/v1/audio-analysis/3XQY8kDjI8LARMIC9xkxQk,246387,4
0.772,0.413,0,-8.193,0,0.089,0.0361,0,0.111,0.211,131.965,audio_features,4IowQDUOzUvNtp72HMDcKO,spotify:track:4IowQDUOzUvNtp72HMDcKO,https://api.spotify.com/v1/tracks/4IowQDUOzUvNtp72HMDcKO,https://api.spotify.com/v1/audio-analysis/4IowQDUOzUvNtp72HMDcKO,246213,4
0.82,0.47,8,-7.181,1,0.0458,0.00435,0,0.141,0.313,132.003,audio_features,3SuzCeGoNOWmbWOoDMou0B,spotify:track:3SuzCeGoNOWmbWOoDMou0B,https://api.spotify.com/v1/tracks/3SuzCeGoNOWmbWOoDMou0B,https://api.spotify.com/v1/audio-analysis/3SuzCeGoNOWmbWOoDMou0B,280173,4
0.765,0.445,1,-11.257,1,0.258,0.022,0,0.364,0.392,121.38,audio_features,5390Dk3Wx3GZckgdEKSWyR,spotify:track:5390Dk3Wx3GZckgdEKSWyR,https://api.spotify.com/v1/tracks/5390Dk3Wx3GZckgdEKSWyR,https://api.spotify.com/v1/audio-analysis/5390Dk3Wx3GZckgdEKSWyR,132768,4
0.8,0.491,10,-8.293,0,0.0468,0.309,0,0.332,0.425,135.008,audio_features,3axhnTsNa4YefoyLGxjdWz,spotify:track:3axhnTsNa4YefoyLGxjdWz,https://api.spotify.com/v1/tracks/3axhnTsNa4YefoyLGxjdWz,https://api.spotify.com/v1/audio-analysis/3axhnTsNa4YefoyLGxjdWz,187654,4
0.564,0.623,10,-3.906,1,0.103,0.926,1.38e-05,0.076,0.669,177.928,audio_features,717FZ6lz3U0dCNQJCcXyyv,spotify:track:717FZ6lz3U0dCNQJCcXyyv,https://api.spotify.com/v1/tracks/717FZ6lz3U0dCNQJCcXyyv,https://api.spotify.com/v1/audio-analysis/717FZ6lz3U0dCNQJCcXyyv,65411,4
0.681,0.701,9,-6.336,1,0.0767,0.106,0,0.208,0.398,139.952,audio_features,4IWGnyOHDrVZEtPWfs4s7q,spotify:track:4IWGnyOHDrVZEtPWfs4s7q,https://api.spotify.com/v1/tracks/4IWGnyOHDrVZEtPWfs4s7q,https://api.spotify.com/v1/audio-analysis/4IWGnyOHDrVZEtPWfs4s7q,175203,4
0.747,0.553,1,-7.294,1,0.117,0.281,0,0.117,0.262,141.888,audio_features,0VYhxVxH9ijmdHUKsON9Bk,spotify:track:0VYhxVxH9ijmdHUKsON9Bk,https://api.spotify.com/v1/tracks/0VYhxVxH9ijmdHUKsON9Bk,https://api.spotify.com/v1/audio-analysis/0VYhxVxH9ijmdHUKsON9Bk,191033,4
