danceability,energy,key,loudness,mode,speechiness,acousticness,instrumentalness,liveness,valence,tempo,type,id,uri,track_href,analysis_url,duration_ms,time_signature
0.785,0.62,8,-6.667,1,0.254,0.0138,0,0.15,0.478,78.477,audio_features,59J5nzL1KniFHnU120dQzt,spotify:track:59J5nzL1KniFHnU120dQzt,https://api.spotify.com/v1/tracks/59J5nzL1KniFHnU120dQzt,https://api.spotify.com/v1/audio-analysis/59J5nzL1KniFHnU120dQzt,235535,4
0.727,0.565,1,-5.564,0,0.356,0.167,0,0.262,0.597,133.094,audio_features,75kiQfmmuQwgquZ9RLSvuA,spotify:track:75kiQfmmuQwgquZ9RLSvuA,https://api.spotify.com/v1/tracks/75kiQfmmuQwgquZ9RLSvuA,https://api.spotify.com/v1/audio-analysis/75kiQfmmuQwgquZ9RLSvuA,158760,4
0.86,0.649,6,-9.576,0,0.315,0.123,0,0.0401,0.866,134.961,audio_features,5hVqG3JMuJGSiJK7KLZtNJ,spotify:track:5hVqG3JMuJGSiJK7KLZtNJ,https://api.spotify.com/v1/tracks/5hVqG3JMuJGSiJK7KLZtNJ,https://api.spotify.com/v1/audio-analysis/5hVqG3JMuJGSiJK7KLZtNJ,157333,4
0.706,0.485,8,-9.671,1,0.331,0.337,0,0.122,0.144,115.414,audio_features,21yRtB6B8EMounImAfHRCP,spotify:track:21yRtB6B8EMounImAfHRCP,https://api.spotify.com/v1/tracks/21yRtB6B8EMounImAfHRCP,https://api.spotify.com/v1/audio-analysis/21yRtB6B8EMounImAfHRCP,205093,4
0.887,0.784,8,-5.598,1,0.199,0.0244,0,0.112,0.408,98.984,audio_features,15Uxmx6D6hW0gY5kc7bpqU,spotify:track:15Uxmx6D6hW0gY5kc7bpqU,https://api.spotify.com/v1/tracks/15Uxmx6D6hW0gY5kc7bpqU,https://api.spotify.com/v1/audio-analysis/15Uxmx6D6hW0gY5kc7bpqU,155193,4
0.558,0.559,6,-9.222,1,0.0959,0.371,7.49e-06,0.109,0.62,78.558,audio_features,7KA4W4McWYRpgf0fWsJZWB,spotify:track:7KA4W4McWYRpgf0fWsJZWB,https://api.spotify.com/v1/tracks/7KA4W4McWYRpgf0fWsJZWB,https://api.spotify.com/v1/audio-analysis/7KA4W4McWYRpgf0fWsJZWB,180387,4
0.722,0.488,8,-7.547,1,0.398,0.0404,3.45e-06,0.322,0.661,80.093,audio_features,3Z5pXxCb0O6L53vejFHhqQ,spotify:track:3Z5pXxCb0O6L53vejFHhqQ,https://api.spotify.com/v1/tracks/3Z5pXxCb0O6L53vejFHhqQ,https://api.spotify.com/v1/audio-analysis/3Z5pXxCb0O6L53vejFHhqQ,212493,4
0.712,0.759,11,-5.397,1,0.334,0.016,0.0808,0.217,0.738,79.103,audio_features,4OKXvqtfwlvY2fYJ2lzHPH,spotify:track:4OKXvqtfwlvY2fYJ2lzHPH,https://api.spotify.com/v1/tracks/4OKXvqtfwlvY2fYJ2lzHPH,https://api.spotify.com/v1/audio-analysis/4OKXvqtfwlvY2fYJ2lzHPH,249333,4
0.368,0.843,10,-5.928,0,0.155,0.197,3.95e-06,0.295,0.62,79.286,audio_features,0mRXBK2sUiGXQnvPie5Hue,spotify:track:0mRXBK2sUiGXQnvPie5Hue,https://api.spotify.com/v1/tracks/0mRXBK2sUiGXQnvPie5Hue,https://api.spotify.com/v1/audio-analysis/0mRXBK2sUiGXQnvPie5Hue,229924,4
