danceability,energy,key,loudness,mode,speechiness,acousticness,instrumentalness,liveness,valence,tempo,type,id,uri,track_href,analysis_url,duration_ms,time_signature
0.781,0.553,0,-4.277,1,0.0735,0.201,0.000233,0.383,0.308,121.968,audio_features,1fEl5TPKRJAsuP6TqZ23hB,spotify:track:1fEl5TPKRJAsuP6TqZ23hB,https://api.spotify.com/v1/tracks/1fEl5TPKRJAsuP6TqZ23hB,https://api.spotify.com/v1/audio-analysis/1fEl5TPKRJAsuP6TqZ23hB,135497,4
0.917,0.569,7,-8.543,1,0.159,0.0513,0,0.085,0.43,140.07,audio_features,5hgV20vlhTYssC1lV23QTm,spotify:track:5hgV20vlhTYssC1lV23QTm,https://api.spotify.com/v1/tracks/5hgV20vlhTYssC1lV23QTm,https://api.spotify.com/v1/audio-analysis/5hgV20vlhTYssC1lV23QTm,123429,4
0.854,0.648,9,-5.251,1,0.0808,0.246,0,0.125,0.718,134.916,audio_features,0cMnwk12QE2GIvKEkgTfpF,spotify:track:0cMnwk12QE2GIvKEkgTfpF,https://api.spotify.com/v1/tracks/0cMnwk12QE2GIvKEkgTfpF,https://api.spotify.com/v1/audio-analysis/0cMnwk12QE2GIvKEkgTfpF,199111,4
0.836,0.409,1,-10.184,1,0.311,0.0335,1.78e-05,0.112,0.567,136.043,audio_features,4Bs3e4nbpa6bxNhuQfT6Ge,spotify:track:4Bs3e4nbpa6bxNhuQfT6Ge,https://api.spotify.com/v1/tracks/4Bs3e4nbpa6bxNhuQfT6Ge,https://api.spotify.com/v1/audio-analysis/4Bs3e4nbpa6bxNhuQfT6Ge,112941,4
0.868,0.541,9,-7.584,1,0.149,0.0883,1.25e-06,0.223,0.305,140.015,audio_features,2GS2KrTRKQKeK4zYW4k9V2,spotify:track:2GS2KrTRKQKeK4zYW4k9V2,https://api.spotify.com/v1/tracks/2GS2KrTRKQKeK4zYW4k9V2,https://api.spotify.com/v1/audio-analysis/2GS2KrTRKQKeK4zYW4k9V2,192000,4
0.917,0.624,4,-6.728,1,0.147,0.0579,0,0.0714,0.343,124.984,audio_features,3uFmweGlFudKNiX13XFwFm,spotify:track:3uFmweGlFudKNiX13XFwFm,https://api.spotify.com/v1/tracks/3uFmweGlFudKNiX13XFwFm,https://api.spotify.com/v1/audio-analysis/3uFmweGlFudKNiX13XFwFm,122996,4
0.934,0.407,0,-8.058,1,0.345,0.00365,0,0.11,0.0793,140.024,audio_features,1c5Lbn9mYwNYbnNiizw6D0,spotify:track:1c5Lbn9mYwNYbnNiizw6D0,https://api.spotify.com/v1/tracks/1c5Lbn9mYwNYbnNiizw6D0,https://api.spotify.com/v1/audio-analysis/1c5Lbn9mYwNYbnNiizw6D0,192000,4
0.803,0.789,10,-3.434,0,0.0383,0.0304,0,0.378,0.647,119.999,audio_features,1rsAFUCa6BVMgRQ3FCQQsi,spotify:track:1rsAFUCa6BVMgRQ3FCQQsi,https://api.spotify.com/v1/tracks/1rsAFUCa6BVMgRQ3FCQQsi,https://api.spotify.com/v1/audio-analysis/1rsAFUCa6BVMgRQ3FCQQsi,106021,4
0.757,0.511,5,-7.131,1,0.0572,0.222,0,0.141,0.245,120.012,audio_features,3hetjoHGSHrFeEcBNcOy7p,spotify:track:3hetjoHGSHrFeEcBNcOy7p,https://api.spotify.com/v1/tracks/3hetjoHGSHrFeEcBNcOy7p,https://api.spotify.com/v1/audio-analysis/3hetjoHGSHrFeEcBNcOy7p,192000,4
