danceability,energy,key,loudness,mode,speechiness,acousticness,instrumentalness,liveness,valence,tempo,type,id,uri,track_href,analysis_url,duration_ms,time_signature
0.888,0.664,0,-10.13,1,0.341,0.0424,0,0.0734,0.53,140.012,audio_features,4pYZLpX23Vx8rwDpJCpPTA,spotify:track:4pYZLpX23Vx8rwDpJCpPTA,https://api.spotify.com/v1/tracks/4pYZLpX23Vx8rwDpJCpPTA,https://api.spotify.com/v1/audio-analysis/4pYZLpX23Vx8rwDpJCpPTA,193173,4
0.925,0.869,7,-5.64,1,0.338,0.0281,0,0.214,0.731,109.96,audio_features,7BkVZRHhZpKfgRtRpbb76j,spotify:track:7BkVZRHhZpKfgRtRpbb76j,https://api.spotify.com/v1/tracks/7BkVZRHhZpKfgRtRpbb76j,https://api.spotify.com/v1/audio-analysis/7BkVZRHhZpKfgRtRpbb76j,192070,4
0.732,0.632,2,-5.46,1,0.231,0.218,0,0.312,0.337,81.506,audio_features,3FUP0gYxsivCHzWzu8uUGw,spotify:track:3FUP0gYxsivCHzWzu8uUGw,https://api.spotify.com/v1/tracks/3FUP0gYxsivCHzWzu8uUGw,https://api.spotify.com/v1/audio-analysis/3FUP0gYxsivCHzWzu8uUGw,207560,4
0.813,0.453,1,-6.941,1,0.338,0.0933,0,0.14,0.191,161.997,audio_features,5nN8BwAQDJDguq7Dpd3JQQ,spotify:track:5nN8BwAQDJDguq7Dpd3JQQ,https://api.spotify.com/v1/tracks/5nN8BwAQDJDguq7Dpd3JQQ,https://api.spotify.com/v1/audio-analysis/5nN8BwAQDJDguq7Dpd3JQQ,208027,4
0.718,0.679,11,-5.899,0,0.0706,0.00191,0.0104,0.385,0.205,157.97,audio_features,6BbINUfGabVyiNFJpQXn3x,spotify:track:6BbINUfGabVyiNFJpQXn3x,https://api.spotify.com/v1/tracks/6BbINUfGabVyiNFJpQXn3x,https://api.spotify.com/v1/audio-analysis/6BbINUfGabVyiNFJpQXn3x,173347,4
0.844,0.622,1,-7.32,1,0.342,0.139,0,0.216,0.686,74.941,audio_features,6zPS9cctPVLv62QrLHmT9t,spotify:track:6zPS9cctPVLv62QrLHmT9t,https://api.spotify.com/v1/tracks/6zPS9cctPVLv62QrLHmT9t,https://api.spotify.com/v1/audio-analysis/6zPS9cctPVLv62QrLHmT9t,121827,4
0.691,0.54,4,-8.818,0,0.0532,0.0907,0,0.175,0.23,132.02,audio_features,6FfyYWFEk4zd7CgvjBa2ZK,spotify:track:6FfyYWFEk4zd7CgvjBa2ZK,https://api.spotify.com/v1/tracks/6FfyYWFEk4zd7CgvjBa2ZK,https://api.spotify.com/v1/audio-analysis/6FfyYWFEk4zd7CgvjBa2ZK,206106,4
0.58,0.407,7,-8.804,1,0.43,0.169,0,0.082,0.239,140.023,audio_features,4EbULzyWMuFx94aoIY1MlJ,spotify:track:4EbULzyWMuFx94aoIY1MlJ,https://api.spotify.com/v1/tracks/4EbULzyWMuFx94aoIY1MlJ,https://api.spotify.com/v1/audio-analysis/4EbULzyWMuFx94aoIY1MlJ,257493,4
0.806,0.77,1,-6.464,0,0.19,0.0252,0,0.0645,0.406,152.094,audio_features,0bXFIF7iL17TYLyx8JHziM,spotify:track:0bXFIF7iL17TYLyx8JHziM,https://api.spotify.com/v1/tracks/0bXFIF7iL17TYLyx8JHziM,https://api.spotify.com/v1/audio-analysis/0bXFIF7iL17TYLyx8JHziM,198110,4
