danceability,energy,key,loudness,mode,speechiness,acousticness,instrumentalness,liveness,valence,tempo,type,id,uri,track_href,analysis_url,duration_ms,time_signature
0.724,0.573,7,-4.113,1,0.0549,0.118,0,0.538,0.438,113.088,audio_features,4KW1lqgSr8TKrvBII0Brf8,spotify:track:4KW1lqgSr8TKrvBII0Brf8,https://api.spotify.com/v1/tracks/4KW1lqgSr8TKrvBII0Brf8,https://api.spotify.com/v1/audio-analysis/4KW1lqgSr8TKrvBII0Brf8,135920,4
0.51,0.503,10,-8.756,0,0.242,0.0216,0.002,0.108,0.193,153.582,audio_features,6plT7nFGiXKSBP9HFSI4ef,spotify:track:6plT7nFGiXKSBP9HFSI4ef,https://api.spotify.com/v1/tracks/6plT7nFGiXKSBP9HFSI4ef,https://api.spotify.com/v1/audio-analysis/6plT7nFGiXKSBP9HFSI4ef,243773,4
0.692,0.521,10,-8.465,0,0.33,0.301,0,0.0565,0.463,100.45,audio_features,62vpWI1CHwFy7tMIcSStl8,spotify:track:62vpWI1CHwFy7tMIcSStl8,https://api.spotify.com/v1/tracks/62vpWI1CHwFy7tMIcSStl8,https://api.spotify.com/v1/audio-analysis/62vpWI1CHwFy7tMIcSStl8,292987,4
0.911,0.632,8,-7.567,1,0.427,0.0222,4.67e-06,0.254,0.382,144.018,audio_features,5YYjsDIxJKpVgNLkPpBmRA,spotify:track:5YYjsDIxJKpVgNLkPpBmRA,https://api.spotify.com/v1/tracks/5YYjsDIxJKpVgNLkPpBmRA,https://api.spotify.com/v1/audio-analysis/5YYjsDIxJKpVgNLkPpBmRA,235677,4
0.943,0.949,1,-4.22,1,0.222,0.0362,0,0.417,0.701,110.984,audio_features,5BtN3kFKoISSWFpXWz7O4L,spotify:track:5BtN3kFKoISSWFpXWz7O4L,https://api.spotify.com/v1/tracks/5BtN3kFKoISSWFpXWz7O4L,https://api.spotify.com/v1/audio-analysis/5BtN3kFKoISSWFpXWz7O4L,199432,4
0.779,0.86,4,-4.617,0,0.059,0.0467,0,0.285,0.402,143.155,audio_features,2XobddK3D9DZrr3kpwUd9r,spotify:track:2XobddK3D9DZrr3kpwUd9r,https://api.spotify.com/v1/tracks/2XobddK3D9DZrr3kpwUd9r,https://api.spotify.com/v1/audio-analysis/2XobddK3D9DZrr3kpwUd9r,179320,4
0.747,0.606,4,-5.286,1,0.172,0.222,0,0.281,0.2,155.055,audio_features,2ZdCrBA52bb4pIG3tOOZiQ,spotify:track:2ZdCrBA52bb4pIG3tOOZiQ,https://api.spotify.com/v1/tracks/2ZdCrBA52bb4pIG3tOOZiQ,https://api.spotify.com/v1/audio-analysis/2ZdCrBA52bb4pIG3tOOZiQ,173419,4
0.791,0.513,10,-6.568,0,0.269,0.0235,2.83e-05,0.101,0.481,76.997,audio_features,1QgTBfRN5m81a5K01qens6,spotify:track:1QgTBfRN5m81a5K01qens6,https://api.spotify.com/v1/tracks/1QgTBfRN5m81a5K01qens6,https://api.spotify.com/v1/audio-analysis/1QgTBfRN5m81a5K01qens6,247347,4
0.486,0.564,6,-6.93,0,0.303,0.015,0,0.306,0.604,132.026,audio_features,2W4VOh7SNDK1OFzvT3H3FU,spotify:track:2W4VOh7SNDK1OFzvT3H3FU,https://api.spotify.com/v1/tracks/2W4VOh7SNDK1OFzvT3H3FU,https://api.spotify.com/v1/audio-analysis/2W4VOh7SNDK1OFzvT3H3FU,279040,4
