danceability,energy,key,loudness,mode,speechiness,acousticness,instrumentalness,liveness,valence,tempo,type,id,uri,track_href,analysis_url,duration_ms,time_signature
0.78,0.654,10,-7.641,0,0.076,0.112,0,0.12,0.713,140.007,audio_features,4bgXEwLBvgVywxVlfaEpEm,spotify:track:4bgXEwLBvgVywxVlfaEpEm,https://api.spotify.com/v1/tracks/4bgXEwLBvgVywxVlfaEpEm,https://api.spotify.com/v1/audio-analysis/4bgXEwLBvgVywxVlfaEpEm,109819,4
0.791,0.582,11,-7.323,0,0.286,0.0114,0,0.35,0.443,162.991,audio_features,1e1JKLEDKP7hEQzJfNAgPl,spotify:track:1e1JKLEDKP7hEQzJfNAgPl,https://api.spotify.com/v1/tracks/1e1JKLEDKP7hEQzJfNAgPl,https://api.spotify.com/v1/audio-analysis/1e1JKLEDKP7hEQzJfNAgPl,181812,4
0.681,0.659,9,-6.405,1,0.268,0.000856,8.17e-06,0.11,0.225,156.004,audio_features,7uuBfgY1vBCalrQRyyQhqs,spotify:track:7uuBfgY1vBCalrQRyyQhqs,https://api.spotify.com/v1/tracks/7uuBfgY1vBCalrQRyyQhqs,https://api.spotify.com/v1/audio-analysis/7uuBfgY1vBCalrQRyyQhqs,173294,4
0.776,0.503,0,-5.732,0,0.237,0.874,0,0.112,0.473,110.134,audio_features,6Nle9hKrkL1wQpwNfEkxjh,spotify:track:6Nle9hKrkL1wQpwNfEkxjh,https://api.spotify.com/v1/tracks/6Nle9hKrkL1wQpwNfEkxjh,https://api.spotify.com/v1/audio-analysis/6Nle9hKrkL1wQpwNfEkxjh,210285,4
0.808,0.581,6,-8.793,1,0.269,0.104,0,0.379,0.722,116.988,audio_features,3xFqnmy3DltBMTOQVL2xvS,spotify:track:3xFqnmy3DltBMTOQVL2xvS,https://api.spotify.com/v1/tracks/3xFqnmy3DltBMTOQVL2xvS,https://api.spotify.com/v1/audio-analysis/3xFqnmy3DltBMTOQVL2xvS,210387,4
0.644,0.469,1,-9.117,0,0.238,0.179,0,0.658,0.615,79.991,audio_features,0uMUvbkTdjBNZ5UuHZ5PIj,spotify:track:0uMUvbkTdjBNZ5UuHZ5PIj,https://api.spotify.com/v1/tracks/0uMUvbkTdjBNZ5UuHZ5PIj,https://api.spotify.com/v1/audio-analysis/0uMUvbkTdjBNZ5UuHZ5PIj,180675,4
0.798,0.568,5,-9.072,0,0.135,0.0213,0,0.0586,0.45,148.88,audio_features,6JjEVlMkfHWMeYavkEYzNO,spotify:track:6JjEVlMkfHWMeYavkEYzNO,https://api.spotify.com/v1/tracks/6JjEVlMkfHWMeYavkEYzNO,https://api.spotify.com/v1/audio-analysis/6JjEVlMkfHWMeYavkEYzNO,193911,3
0.843,0.359,0,-7.417,1,0.461,0.069,0,0.12,0.156,81.987,audio_features,2ANLarE8yHVsLWW21nj79M,spotify:track:2ANLarE8yHVsLWW21nj79M,https://api.spotify.com/v1/tracks/2ANLarE8yHVsLWW21nj79M,https://api.spotify.com/v1/audio-analysis/2ANLarE8yHVsLWW21nj79M,163944,4
0.94,0.335,5,-10.179,0,0.505,0.17,0,0.262,0.707,120.04,audio_features,5hTpBe8h35rJ67eAWHQsJx,spotify:track:5hTpBe8h35rJ67eAWHQsJx,https://api.spotify.com/v1/tracks/5hTpBe8h35rJ67eAWHQsJx,https://api.spotify.com/v1/audio-analysis/5hTpBe8h35rJ67eAWHQsJx,209640,4
