danceability,energy,key,loudness,mode,speechiness,acousticness,instrumentalness,liveness,valence,tempo,type,id,uri,track_href,analysis_url,duration_ms,time_signature
0.875,0.587,8,-7.565,1,0.384,0.0141,0,0.19,0.586,146.015,audio_features,5zM11OjQnOzRiRQq6IPFgg,spotify:track:5zM11OjQnOzRiRQq6IPFgg,https://api.spotify.com/v1/tracks/5zM11OjQnOzRiRQq6IPFgg,https://api.spotify.com/v1/audio-analysis/5zM11OjQnOzRiRQq6IPFgg,126761,4
0.788,0.49,8,-6.287,1,0.511,0.313,0,0.0968,0.79,177.865,audio_features,3AaiEsiqHO2ylnnOdWninE,spotify:track:3AaiEsiqHO2ylnnOdWninE,https://api.spotify.com/v1/tracks/3AaiEsiqHO2ylnnOdWninE,https://api.spotify.com/v1/audio-analysis/3AaiEsiqHO2ylnnOdWninE,197528,4
0.886,0.427,6,-10.028,1,0.145,0.0312,0.00099,0.0906,0.23,108.034,audio_features,5uDASfU19gDxSjW8cnCaBp,spotify:track:5uDASfU19gDxSjW8cnCaBp,https://api.spotify.com/v1/tracks/5uDASfU19gDxSjW8cnCaBp,https://api.spotify.com/v1/audio-analysis/5uDASfU19gDxSjW8cnCaBp,177184,4
0.811,0.621,1,-6.66,1,0.336,0.00756,0,0.088,0.643,158.005,audio_features,3Hi5fiehijRW2FcNA0Av4h,spotify:track:3Hi5fiehijRW2FcNA0Av4h,https://api.spotify.com/v1/tracks/3Hi5fiehijRW2FcNA0Av4h,https://api.spotify.com/v1/audio-analysis/3Hi5fiehijRW2FcNA0Av4h,194430,4
0.873,0.5,10,-7.3,0,0.679,0.114,1.05e-05,0.132,0.529,155.07,audio_features,3be3kLKYYLtAb8WERUM1sS,spotify:track:3be3kLKYYLtAb8WERUM1sS,https://api.spotify.com/v1/tracks/3be3kLKYYLtAb8WERUM1sS,https://api.spotify.com/v1/audio-analysis/3be3kLKYYLtAb8WERUM1sS,161384,4
0.938,0.813,7,-6.872,0,0.27,0.0624,1.23e-06,0.0801,0.73,122.984,audio_features,2gfKNyAHI4MBwBkkP3hXCE,spotify:track:2gfKNyAHI4MBwBkkP3hXCE,https://api.spotify.com/v1/tracks/2gfKNyAHI4MBwBkkP3hXCE,https://api.spotify.com/v1/audio-analysis/2gfKNyAHI4MBwBkkP3hXCE,90747,4
0.681,0.594,7,-7.028,1,0.282,0.165,3.49e-06,0.134,0.535,186.054,audio_features,5aAx2yezTd8zXrkmtKl66Z,spotify:track:5aAx2yezTd8zXrkmtKl66Z,https://api.spotify.com/v1/tracks/5aAx2yezTd8zXrkmtKl66Z,https://api.spotify.com/v1/audio-analysis/5aAx2yezTd8zXrkmtKl66Z,230453,4
0.356,0.567,0,-7.011,0,0.0798,0.0861,0,0.137,0.109,135.553,audio_features,25khomWgBVamSdKw7hzm3l,spotify:track:25khomWgBVamSdKw7hzm3l,https://api.spotify.com/v1/tracks/25khomWgBVamSdKw7hzm3l,https://api.spotify.com/v1/audio-analysis/25khomWgBVamSdKw7hzm3l,242253,5
0.546,0.667,1,-5.236,1,0.274,0.0152,0,0.0895,0.471,87.666,audio_features,7DTlsMOQjGysXHpwwpHuPl,spotify:track:7DTlsMOQjGysXHpwwpHuPl,https://api.spotify.com/v1/tracks/7DTlsMOQjGysXHpwwpHuPl,https://api.spotify.com/v1/audio-analysis/7DTlsMOQjGysXHpwwpHuPl,269693,4
