danceability,energy,key,loudness,mode,speechiness,acousticness,instrumentalness,liveness,valence,tempo,type,id,uri,track_href,analysis_url,duration_ms,time_signature
0.8,0.562,2,-7.366,1,0.0961,0.0307,0,0.243,0.147,132.081,audio_features,69M9QCMsCQ5MLsw7BBW0rL,spotify:track:69M9QCMsCQ5MLsw7BBW0rL,https://api.spotify.com/v1/tracks/69M9QCMsCQ5MLsw7BBW0rL,https://api.spotify.com/v1/audio-analysis/69M9QCMsCQ5MLsw7BBW0rL,276349,4
0.638,0.526,7,-8.401,1,0.131,0.275,0,0.462,0.301,139.054,audio_features,4v1P7JCjehbg5TmLQo2mFy,spotify:track:4v1P7JCjehbg5TmLQo2mFy,https://api.spotify.com/v1/tracks/4v1P7JCjehbg5TmLQo2mFy,https://api.spotify.com/v1/audio-analysis/4v1P7JCjehbg5TmLQo2mFy,219712,4
0.926,0.666,11,-5.314,1,0.244,0.0611,0,0.123,0.168,127.079,audio_features,4Km5HrUvYTaSUfiSGPJeQR,spotify:track:4Km5HrUvYTaSUfiSGPJeQR,https://api.spotify.com/v1/tracks/4Km5HrUvYTaSUfiSGPJeQR,https://api.spotify.com/v1/audio-analysis/4Km5HrUvYTaSUfiSGPJeQR,343150,4
0.659,0.839,2,-4.106,1,0.162,0.167,0,0.389,0.624,119.935,audio_features,7sYyFKYrEjB34gOkggk0vh,spotify:track:7sYyFKYrEjB34gOkggk0vh,https://api.spotify.com/v1/tracks/7sYyFKYrEjB34gOkggk0vh,https://api.spotify.com/v1/audio-analysis/7sYyFKYrEjB34gOkggk0vh,244000,4
0.695,0.579,8,-8.022,1,0.379,0.101,0,0.148,0.548,155.148,audio_features,7HrfeP6dl2TzPT4GiRHKNY,spotify:track:7HrfeP6dl2TzPT4GiRHKNY,https://api.spotify.com/v1/tracks/7HrfeP6dl2TzPT4GiRHKNY,https://api.spotify.com/v1/audio-analysis/7HrfeP6dl2TzPT4GiRHKNY,226395,4
0.842,0.498,1,-6.838,0,0.505,0.0747,0,0.123,0.32,150.933,audio_features,4qdgv45EPcQqpQ08tF34f8,spotify:track:4qdgv45EPcQqpQ08tF34f8,https://api.spotify.com/v1/tracks/4qdgv45EPcQqpQ08tF34f8,https://api.spotify.com/v1/audio-analysis/4qdgv45EPcQqpQ08tF34f8,179507,4
0.48,0.609,1,-7.251,0,0.299,0.00807,0,0.257,0.149,64.604,audio_features,2OaPyH3JLuft6iuNFHFJl0,spotify:track:2OaPyH3JLuft6iuNFHFJl0,https://api.spotify.com/v1/tracks/2OaPyH3JLuft6iuNFHFJl0,https://api.spotify.com/v1/audio-analysis/2OaPyH3JLuft6iuNFHFJl0,282560,4
0.782,0.713,0,-6.576,0,0.0899,0.0619,0.00125,0.108,0.68,159.839,audio_features,2c8sgbZoEanC3QyFNZxUcA,spotify:track:2c8sgbZoEanC3QyFNZxUcA,https://api.spotify.com/v1/tracks/2c8sgbZoEanC3QyFNZxUcA,https://api.spotify.com/v1/audio-analysis/2c8sgbZoEanC3QyFNZxUcA,218947,4
0.594,0.756,0,-5.473,1,0.33,0.323,0,0.477,0.685,76.862,audio_features,0rxsmo4wWXsuGbbFx0ICYf,spotify:track:0rxsmo4wWXsuGbbFx0ICYf,https://api.spotify.com/v1/tracks/0rxsmo4wWXsuGbbFx0ICYf,https://api.spotify.com/v1/audio-analysis/0rxsmo4wWXsuGbbFx0ICYf,184187,4
