danceability,energy,key,loudness,mode,speechiness,acousticness,instrumentalness,liveness,valence,tempo,type,id,uri,track_href,analysis_url,duration_ms,time_signature
0.577,0.522,5,-6.594,0,0.0984,0.13,9.03e-05,0.142,0.119,159.772,audio_features,7wGoVu4Dady5GV0Sv4UIsx,spotify:track:7wGoVu4Dady5GV0Sv4UIsx,https://api.spotify.com/v1/tracks/7wGoVu4Dady5GV0Sv4UIsx,https://api.spotify.com/v1/audio-analysis/7wGoVu4Dady5GV0Sv4UIsx,218320,4
0.939,0.659,7,-6.124,1,0.249,0.159,0,0.276,0.681,111.999,audio_features,5kmOA4GG5o3lg7kaFPDfc8,spotify:track:5kmOA4GG5o3lg7kaFPDfc8,https://api.spotify.com/v1/tracks/5kmOA4GG5o3lg7kaFPDfc8,https://api.spotify.com/v1/audio-analysis/5kmOA4GG5o3lg7kaFPDfc8,145787,4
0.787,0.586,10,-9.64,1,0.0695,0.411,0.000311,0.118,0.581,140.036,audio_features,4Tulf6yVo59f2ofSi3YUqW,spotify:track:4Tulf6yVo59f2ofSi3YUqW,https://api.spotify.com/v1/tracks/4Tulf6yVo59f2ofSi3YUqW,https://api.spotify.com/v1/audio-analysis/4Tulf6yVo59f2ofSi3YUqW,210862,4
0.923,0.508,1,-8.668,1,0.0468,0.104,1.21e-05,0.126,0.168,108.039,audio_features,4bdJHQp90ymjEIkkYhcENB,spotify:track:4bdJHQp90ymjEIkkYhcENB,https://api.spotify.com/v1/tracks/4bdJHQp90ymjEIkkYhcENB,https://api.spotify.com/v1/audio-analysis/4bdJHQp90ymjEIkkYhcENB,126667,4
0.959,0.47,0,-11.53,1,0.166,0.358,0,0.0806,0.964,129.995,audio_features,1XSvndyw6uqVW1ekRZsJUp,spotify:track:1XSvndyw6uqVW1ekRZsJUp,https://api.spotify.com/v1/tracks/1XSvndyw6uqVW1ekRZsJUp,https://api.spotify.com/v1/audio-analysis/1XSvndyw6uqVW1ekRZsJUp,134880,4
0.783,0.427,1,-8.45,0,0.414,0.146,0,0.112,0.223,144.317,audio_features,4UqJHDsQQcdSr93YtawCCu,spotify:track:4UqJHDsQQcdSr93YtawCCu,https://api.spotify.com/v1/tracks/4UqJHDsQQcdSr93YtawCCu,https://api.spotify.com/v1/audio-analysis/4UqJHDsQQcdSr93YtawCCu,160772,4
0.841,0.406,10,-10.633,0,0.319,0.126,0.000151,0.101,0.384,140.049,audio_features,3WJGXW5sZiGJHo6H4DzA5X,spotify:track:3WJGXW5sZiGJHo6H4DzA5X,https://api.spotify.com/v1/tracks/3WJGXW5sZiGJHo6H4DzA5X,https://api.spotify.com/v1/audio-analysis/3WJGXW5sZiGJHo6H4DzA5X,173184,4
0.745,0.593,8,-6.35,1,0.0526,0.00522,5.25e-06,0.123,0.17,111.002,audio_features,3Q3myFA7q4Op95DOpHplaY,spotify:track:3Q3myFA7q4Op95DOpHplaY,https://api.spotify.com/v1/tracks/3Q3myFA7q4Op95DOpHplaY,https://api.spotify.com/v1/audio-analysis/3Q3myFA7q4Op95DOpHplaY,212027,3
0.365,0.751,2,-5.429,1,0.304,0.000707,0,0.318,0.604,79.119,audio_features,0z5ZPs57J2KERwM1tBM2GF,spotify:track:0z5ZPs57J2KERwM1tBM2GF,https://api.spotify.com/v1/tracks/0z5ZPs57J2KERwM1tBM2GF,https://api.spotify.com/v1/audio-analysis/0z5ZPs57J2KERwM1tBM2GF,248587,4
