danceability,energy,key,loudness,mode,speechiness,acousticness,instrumentalness,liveness,valence,tempo,type,id,uri,track_href,analysis_url,duration_ms,time_signature
0.575,0.624,1,-6.876,0,0.103,0.013,4.74e-05,0.0522,0.273,154.687,audio_features,5wTpnBRTx1HSGQVDZQ2VSh,spotify:track:5wTpnBRTx1HSGQVDZQ2VSh,https://api.spotify.com/v1/tracks/5wTpnBRTx1HSGQVDZQ2VSh,https://api.spotify.com/v1/audio-analysis/5wTpnBRTx1HSGQVDZQ2VSh,233853,4
0.522,0.428,11,-11.332,0,0.143,0.235,2.35e-06,0.278,0.399,129.829,audio_features,1gGsNNUfvVMOv4llVMg8Vg,spotify:track:1gGsNNUfvVMOv4llVMg8Vg,https://api.spotify.com/v1/tracks/1gGsNNUfvVMOv4llVMg8Vg,https://api.spotify.com/v1/audio-analysis/1gGsNNUfvVMOv4llVMg8Vg,221538,4
0.73,0.567,1,-8.085,0,0.0587,0.000319,8.54e-06,0.105,0.171,119.997,audio_features,2OOILLRKElCME0gitD9CBT,spotify:track:2OOILLRKElCME0gitD9CBT,https://api.spotify.com/v1/tracks/2OOILLRKElCME0gitD9CBT,https://api.spotify.com/v1/audio-analysis/2OOILLRKElCME0gitD9CBT,169912,4
0.563,0.496,6,-9.381,0,0.406,0.0685,5.8e-05,0.173,0.426,139.993,audio_features,4qikXelSRKvoCqFcHLB2H2,spotify:track:4qikXelSRKvoCqFcHLB2H2,https://api.spotify.com/v1/tracks/4qikXelSRKvoCqFcHLB2H2,https://api.spotify.com/v1/audio-analysis/4qikXelSRKvoCqFcHLB2H2,329320,4
0.75,0.776,11,-7.561,0,0.249,0.226,0,0.355,0.519,130.066,audio_features,7KMi67SvcUC1rTfCqNXzoN,spotify:track:7KMi67SvcUC1rTfCqNXzoN,https://api.spotify.com/v1/tracks/7KMi67SvcUC1rTfCqNXzoN,https://api.spotify.com/v1/audio-analysis/7KMi67SvcUC1rTfCqNXzoN,96078,4
0.846,0.557,1,-7.406,1,0.0746,0.0913,0.0313,0.215,0.263,126.041,audio_features,15pdWiSUz3td6nwB8CVwbJ,spotify:track:15pdWiSUz3td6nwB8CVwbJ,https://api.spotify.com/v1/tracks/15pdWiSUz3td6nwB8CVwbJ,https://api.spotify.com/v1/audio-analysis/15pdWiSUz3td6nwB8CVwbJ,138161,4
0.788,0.556,9,-7.655,1,0.345,0.019,0,0.217,0.481,80.012,audio_features,0UioblV1x795s55Ur58c6c,spotify:track:0UioblV1x795s55Ur58c6c,https://api.spotify.com/v1/tracks/0UioblV1x795s55Ur58c6c,https://api.spotify.com/v1/audio-analysis/0UioblV1x795s55Ur58c6c,141009,4
0.739,0.553,2,-9.129,1,0.245,0.653,0,0.113,0.305,129.925,audio_features,1eQIZQTJ3CQOYJPY7EOUKp,spotify:track:1eQIZQTJ3CQOYJPY7EOUKp,https://api.spotify.com/v1/tracks/1eQIZQTJ3CQOYJPY7EOUKp,https://api.spotify.com/v1/audio-analysis/1eQIZQTJ3CQOYJPY7EOUKp,131063,4
0.68,0.549,5,-8.277,0,0.244,0.0919,7.14e-05,0.548,0.29,162.874,audio_features,3JWh19WsndEFg0UFRFeTiU,spotify:track:3JWh19WsndEFg0UFRFeTiU,https://api.spotify.com/v1/tracks/3JWh19WsndEFg0UFRFeTiU,https://api.spotify.com/v1/audio-analysis/3JWh19WsndEFg0UFRFeTiU,265373,4
