danceability,energy,key,loudness,mode,speechiness,acousticness,instrumentalness,liveness,valence,tempo,type,id,uri,track_href,analysis_url,duration_ms,time_signature
0.85,0.649,7,-6.188,1,0.0827,0.074,0.00519,0.0976,0.199,106.075,audio_features,4kicAOmyaRrrnqOwIUKdmV,spotify:track:4kicAOmyaRrrnqOwIUKdmV,https://api.spotify.com/v1/tracks/4kicAOmyaRrrnqOwIUKdmV,https://api.spotify.com/v1/audio-analysis/4kicAOmyaRrrnqOwIUKdmV,111021,4
0.757,0.882,1,-6.125,1,0.248,0.0763,0,0.251,0.684,140.047,audio_features,2KpCpk6HjXXLb7nnXoXA5O,spotify:track:2KpCpk6HjXXLb7nnXoXA5O,https://api.spotify.com/v1/tracks/2KpCpk6HjXXLb7nnXoXA5O,https://api.spotify.com/v1/audio-analysis/2KpCpk6HjXXLb7nnXoXA5O,219320,4
0.766,0.809,1,-6.123,1,0.279,0.0011,0,0.168,0.325,130.127,audio_features,722tgOgdIbNe3BEyLnejw4,spotify:track:722tgOgdIbNe3BEyLnejw4,https://api.spotify.com/v1/tracks/722tgOgdIbNe3BEyLnejw4,https://api.spotify.com/v1/audio-analysis/722tgOgdIbNe3BEyLnejw4,188013,4
0.485,0.604,1,-4.591,1,0.345,0.141,0,0.0668,0.45,170.337,audio_features,52NmkyHsGsHGb1UX8fTkMg,spotify:track:52NmkyHsGsHGb1UX8fTkMg,https://api.spotify.com/v1/tracks/52NmkyHsGsHGb1UX8fTkMg,https://api.spotify.com/v1/audio-analysis/52NmkyHsGsHGb1UX8fTkMg,234853,4
0.654,0.77,9,-6.091,0,0.0353,0.00342,0,0.0887,0.272,137.616,audio_features,5dANgSy7v091dhiPnEXNrf,spotify:track:5dANgSy7v091dhiPnEXNrf,https://api.spotify.com/v1/tracks/5dANgSy7v091dhiPnEXNrf,https://api.spotify.com/v1/audio-analysis/5dANgSy7v091dhiPnEXNrf,321293,4
0.812,0.529,9,-11.393,0,0.483,0.111,0,0.138,0.484,79.916,audio_features,6clN5vUp9PAFWmGUKNvKqi,spotify:track:6clN5vUp9PAFWmGUKNvKqi,https://api.spotify.com/v1/tracks/6clN5vUp9PAFWmGUKNvKqi,https://api.spotify.com/v1/audio-analysis/6clN5vUp9PAFWmGUKNvKqi,112144,4
0.949,0.524,7,-7.283,1,0.0504,0.238,2.22e-05,0.108,0.685,122.959,audio_features,4at9j7aC7FvDlsllpOvsAC,spotify:track:4at9j7aC7FvDlsllpOvsAC,https://api.spotify.com/v1/tracks/4at9j7aC7FvDlsllpOvsAC,https://api.spotify.com/v1/audio-analysis/4at9j7aC7FvDlsllpOvsAC,140488,4
0.917,0.76,1,-3.29,1,0.38,0.0263,0,0.0976,0.813,136.014,audio_features,6ox6GMJt3WP2QghksDa6UO,spotify:track:6ox6GMJt3WP2QghksDa6UO,https://api.spotify.com/v1/tracks/6ox6GMJt3WP2QghksDa6UO,https://api.spotify.com/v1/audio-analysis/6ox6GMJt3WP2QghksDa6UO,135698,4
0.914,0.415,1,-7.219,1,0.322,0.027,0,0.114,0.496,137.974,audio_features,1iDPB2WNsGEWuKycQyDGn6,spotify:track:1iDPB2WNsGEWuKycQyDGn6,https://api.spotify.com/v1/tracks/1iDPB2WNsGEWuKycQyDGn6,https://api.spotify.com/v1/audio-analysis/1iDPB2WNsGEWuKycQyDGn6,125217,4
