danceability,energy,key,loudness,mode,speechiness,acousticness,instrumentalness,liveness,valence,tempo,type,id,uri,track_href,analysis_url,duration_ms,time_signature
0.583,0.621,5,-6.902,0,0.0479,0.00972,0.00106,0.181,0.399,140.036,audio_features,6jG2YzhxptolDzLHTGLt7S,spotify:track:6jG2YzhxptolDzLHTGLt7S,https://api.spotify.com/v1/tracks/6jG2YzhxptolDzLHTGLt7S,https://api.spotify.com/v1/audio-analysis/6jG2YzhxptolDzLHTGLt7S,323480,4
0.372,0.641,9,-4.819,0,0.149,0.216,0,0.114,0.647,67.82,audio_features,4isk4UYRcmslphcTq61xUg,spotify:track:4isk4UYRcmslphcTq61xUg,https://api.spotify.com/v1/tracks/4isk4UYRcmslphcTq61xUg,https://api.spotify.com/v1/audio-analysis/4isk4UYRcmslphcTq61xUg,226360,4
0.693,0.516,8,-6.446,1,0.0413,0.297,0.000127,0.0604,0.494,94.02,audio_features,10aWGOqSDBqvNzJ9NeKDbK,spotify:track:10aWGOqSDBqvNzJ9NeKDbK,https://api.spotify.com/v1/tracks/10aWGOqSDBqvNzJ9NeKDbK,https://api.spotify.com/v1/audio-analysis/10aWGOqSDBqvNzJ9NeKDbK,220853,4
0.647,0.291,2,-8.275,0,0.0363,0.408,0,0.0772,0.4,119.839,audio_features,7ID2dydg1QFuWObmdhwzfm,spotify:track:7ID2dydg1QFuWObmdhwzfm,https://api.spotify.com/v1/tracks/7ID2dydg1QFuWObmdhwzfm,https://api.spotify.com/v1/audio-analysis/7ID2dydg1QFuWObmdhwzfm,277707,3
0.625,0.576,11,-5.693,0,0.175,0.0543,4.07e-05,0.187,0.235,179.063,audio_features,5hJFhO9dvhJoDvUZZ9iWSw,spotify:track:5hJFhO9dvhJoDvUZZ9iWSw,https://api.spotify.com/v1/tracks/5hJFhO9dvhJoDvUZZ9iWSw,https://api.spotify.com/v1/audio-analysis/5hJFhO9dvhJoDvUZZ9iWSw,193147,4
0.688,0.556,6,-7.738,1,0.264,0.7,1.87e-06,0.108,0.416,129.336,audio_features,08zJpaUQVi9FrKv2e32Bah,spotify:track:08zJpaUQVi9FrKv2e32Bah,https://api.spotify.com/v1/tracks/08zJpaUQVi9FrKv2e32Bah,https://api.spotify.com/v1/audio-analysis/08zJpaUQVi9FrKv2e32Bah,240320,4
0.765,0.356,11,-5.556,0,0.195,0.223,0,0.0963,0.189,96.991,audio_features,3pXF1nA74528Edde4of9CC,spotify:track:3pXF1nA74528Edde4of9CC,https://api.spotify.com/v1/tracks/3pXF1nA74528Edde4of9CC,https://api.spotify.com/v1/audio-analysis/3pXF1nA74528Edde4of9CC,198293,4
0.525,0.433,6,-10.598,1,0.185,0.107,0,0.135,0.276,160.108,audio_features,43PuMrRfbyyuz4QpZ3oAwN,spotify:track:43PuMrRfbyyuz4QpZ3oAwN,https://api.spotify.com/v1/tracks/43PuMrRfbyyuz4QpZ3oAwN,https://api.spotify.com/v1/audio-analysis/43PuMrRfbyyuz4QpZ3oAwN,194613,4
0.647,0.646,9,-5.483,0,0.243,0.0424,0,0.0888,0.721,92.981,audio_features,6dlpABcXrQKRU9G00i6Zba,spotify:track:6dlpABcXrQKRU9G00i6Zba,https://api.spotify.com/v1/tracks/6dlpABcXrQKRU9G00i6Zba,https://api.spotify.com/v1/audio-analysis/6dlpABcXrQKRU9G00i6Zba,201253,4
