danceability,energy,key,loudness,mode,speechiness,acousticness,instrumentalness,liveness,valence,tempo,type,id,uri,track_href,analysis_url,duration_ms,time_signature
0.539,0.528,11,-8.113,0,0.252,0.0108,0,0.117,0.252,190.169,audio_features,16Ah4QqH4mgYVXqfC4mdSd,spotify:track:16Ah4QqH4mgYVXqfC4mdSd,https://api.spotify.com/v1/tracks/16Ah4QqH4mgYVXqfC4mdSd,https://api.spotify.com/v1/audio-analysis/16Ah4QqH4mgYVXqfC4mdSd,228640,4
0.676,0.442,2,-7.745,0,0.0366,0.733,0,0.15,0.739,127.955,audio_features,5Wcw2hbK2bXYlNpEb07gL5,spotify:track:5Wcw2hbK2bXYlNpEb07gL5,https://api.spotify.com/v1/tracks/5Wcw2hbK2bXYlNpEb07gL5,https://api.spotify.com/v1/audio-analysis/5Wcw2hbK2bXYlNpEb07gL5,211810,4
0.596,0.505,7,-7.892,1,0.0619,0.732,1.97e-05,0.106,0.335,86.097,audio_features,4JOP8ELK6AaeySe7sKe996,spotify:track:4JOP8ELK6AaeySe7sKe996,https://api.spotify.com/v1/tracks/4JOP8ELK6AaeySe7sKe996,https://api.spotify.com/v1/audio-analysis/4JOP8ELK6AaeySe7sKe996,249240,4
0.598,0.786,0,-5.037,1,0.0405,0.04,0,0.252,0.367,105.03,audio_features,5klW2KKu4GaHWfTR01ywrj,spotify:track:5klW2KKu4GaHWfTR01ywrj,https://api.spotify.com/v1/tracks/5klW2KKu4GaHWfTR01ywrj,https://api.spotify.com/v1/audio-analysis/5klW2KKu4GaHWfTR01ywrj,259000,4
0.743,0.618,8,-7.227,1,0.0732,0.076,0,0.0731,0.285,129.034,audio_features,20lNo44eUUCnyNNInzwkv9,spotify:track:20lNo44eUUCnyNNInzwkv9,https://api.spotify.com/v1/tracks/20lNo44eUUCnyNNInzwkv9,https://api.spotify.com/v1/audio-analysis/20lNo44eUUCnyNNInzwkv9,287933,4
0.731,0.644,0,-5.348,1,0.0343,0.665,0,0.11,0.691,129.94,audio_features,7aypCcPYXxoa9wBMe0vjTP,spotify:track:7aypCcPYXxoa9wBMe0vjTP,https://api.spotify.com/v1/tracks/7aypCcPYXxoa9wBMe0vjTP,https://api.spotify.com/v1/audio-analysis/7aypCcPYXxoa9wBMe0vjTP,254533,4
0.474,0.455,0,-7.189,0,0.0462,0.624,0,0.0807,0.359,128.255,audio_features,1dFmUJLS3XRljU5w15JPov,spotify:track:1dFmUJLS3XRljU5w15JPov,https://api.spotify.com/v1/tracks/1dFmUJLS3XRljU5w15JPov,https://api.spotify.com/v1/audio-analysis/1dFmUJLS3XRljU5w15JPov,290027,4
0.609,0.444,7,-9.129,1,0.106,0.603,6.86e-06,0.104,0.166,118.402,audio_features,3XVBdLihbNbxUwZosxcGuJ,spotify:track:3XVBdLihbNbxUwZosxcGuJ,https://api.spotify.com/v1/tracks/3XVBdLihbNbxUwZosxcGuJ,https://api.spotify.com/v1/audio-analysis/3XVBdLihbNbxUwZosxcGuJ,228707,3
0.277,0.806,6,-4.715,1,0.0577,0.0478,0,0.0525,0.617,74.098,audio_features,5hZUqVitmzZQcTtpkybSj6,spotify:track:5hZUqVitmzZQcTtpkybSj6,https://api.spotify.com/v1/tracks/5hZUqVitmzZQcTtpkybSj6,https://api.spotify.com/v1/audio-analysis/5hZUqVitmzZQcTtpkybSj6,209107,1
