danceability,energy,key,loudness,mode,speechiness,acousticness,instrumentalness,liveness,valence,tempo,type,id,uri,track_href,analysis_url,duration_ms,time_signature
0.58,0.532,1,-5.668,0,0.0424,0.294,0,0.0948,0.39,112.049,audio_features,6WAxKNbZoGNzQTIvdMqkFs,spotify:track:6WAxKNbZoGNzQTIvdMqkFs,https://api.spotify.com/v1/tracks/6WAxKNbZoGNzQTIvdMqkFs,https://api.spotify.com/v1/audio-analysis/6WAxKNbZoGNzQTIvdMqkFs,206400,4
0.577,0.576,2,-6.299,1,0.0563,0.0143,0,0.602,0.12,133.973,audio_features,30lAGXMytmKjGVZk9BBC3m,spotify:track:30lAGXMytmKjGVZk9BBC3m,https://api.spotify.com/v1/tracks/30lAGXMytmKjGVZk9BBC3m,https://api.spotify.com/v1/audio-analysis/30lAGXMytmKjGVZk9BBC3m,234040,4
0.621,0.781,2,-6.062,1,0.0636,0.0321,0,0.173,0.484,110.002,audio_features,7cvkXf3AwPGT041PyOi5VX,spotify:track:7cvkXf3AwPGT041PyOi5VX,https://api.spotify.com/v1/tracks/7cvkXf3AwPGT041PyOi5VX,https://api.spotify.com/v1/audio-analysis/7cvkXf3AwPGT041PyOi5VX,377467,4
0.717,0.347,11,-10.265,0,0.0636,0.0511,2.43e-06,0.087,0.0589,84.987,audio_features,1wZqJM5FGDEl3FjHDxDyQd,spotify:track:1wZqJM5FGDEl3FjHDxDyQd,https://api.spotify.com/v1/tracks/1wZqJM5FGDEl3FjHDxDyQd,https://api.spotify.com/v1/audio-analysis/1wZqJM5FGDEl3FjHDxDyQd,235477,4
0.546,0.529,11,-10.511,0,0.0583,0.0862,6.5e-06,0.124,0.247,107.331,audio_features,2Gyc6e2cLxA5hoX1NOvYnU,spotify:track:2Gyc6e2cLxA5hoX1NOvYnU,https://api.spotify.com/v1/tracks/2Gyc6e2cLxA5hoX1NOvYnU,https://api.spotify.com/v1/audio-analysis/2Gyc6e2cLxA5hoX1NOvYnU,237787,4
0.679,0.522,7,-5.603,0,0.0427,0.297,0,0.151,0.445,60.014,audio_features,4NpDZPwSXmL0cCTaJuVrCw,spotify:track:4NpDZPwSXmL0cCTaJuVrCw,https://api.spotify.com/v1/tracks/4NpDZPwSXmL0cCTaJuVrCw,https://api.spotify.com/v1/audio-analysis/4NpDZPwSXmL0cCTaJuVrCw,226507,4
0.744,0.672,9,-5.589,0,0.0418,0.187,0.000123,0.105,0.266,140.889,audio_features,6rbhWExtuchhpLC5fHnB8n,spotify:track:6rbhWExtuchhpLC5fHnB8n,https://api.spotify.com/v1/tracks/6rbhWExtuchhpLC5fHnB8n,https://api.spotify.com/v1/audio-analysis/6rbhWExtuchhpLC5fHnB8n,230560,4
0.733,0.408,7,-7.834,0,0.0388,0.679,3.92e-05,0.11,0.291,94.947,audio_features,4NYwy0R3NdvORX2B6OZXBT,spotify:track:4NYwy0R3NdvORX2B6OZXBT,https://api.spotify.com/v1/tracks/4NYwy0R3NdvORX2B6OZXBT,https://api.spotify.com/v1/audio-analysis/4NYwy0R3NdvORX2B6OZXBT,197854,4
0.632,0.723,5,-9.323,0,0.0682,0.0166,3.74e-05,0.104,0.243,137.958,audio_features,4KhanrenBxgyXYkFCArMyd,spotify:track:4KhanrenBxgyXYkFCArMyd,https://api.spotify.com/v1/tracks/4KhanrenBxgyXYkFCArMyd,https://api.spotify.com/v1/audio-analysis/4KhanrenBxgyXYkFCArMyd,254867,4
