danceability,energy,key,loudness,mode,speechiness,acousticness,instrumentalness,liveness,valence,tempo,type,id,uri,track_href,analysis_url,duration_ms,time_signature
0.536,0.496,8,-6.452,1,0.0429,0.642,0.000802,0.119,0.234,80.925,audio_features,2YEr07055St40kz0aUfm4f,spotify:track:2YEr07055St40kz0aUfm4f,https://api.spotify.com/v1/tracks/2YEr07055St40kz0aUfm4f,https://api.spotify.com/v1/audio-analysis/2YEr07055St40kz0aUfm4f,196027,4
0.492,0.26,9,-17.341,0,0.0921,0.646,0.00178,0.0705,0.312,111.519,audio_features,047fCsbO4NdmwCBn8pcUXl,spotify:track:047fCsbO4NdmwCBn8pcUXl,https://api.spotify.com/v1/tracks/047fCsbO4NdmwCBn8pcUXl,https://api.spotify.com/v1/audio-analysis/047fCsbO4NdmwCBn8pcUXl,347227,5
0.517,0.705,6,-8.205,0,0.364,0.0751,0,0.128,0.584,175.906,audio_features,6Ius4TC0L3cN74HT7ENE6e,spotify:track:6Ius4TC0L3cN74HT7ENE6e,https://api.spotify.com/v1/tracks/6Ius4TC0L3cN74HT7ENE6e,https://api.spotify.com/v1/audio-analysis/6Ius4TC0L3cN74HT7ENE6e,239320,4
0.765,0.412,7,-8.932,0,0.0726,0.72,0,0.126,0.632,109.986,audio_features,2BqQQXuBOuhaWeUP7okEx0,spotify:track:2BqQQXuBOuhaWeUP7okEx0,https://api.spotify.com/v1/tracks/2BqQQXuBOuhaWeUP7okEx0,https://api.spotify.com/v1/audio-analysis/2BqQQXuBOuhaWeUP7okEx0,211573,4
0.648,0.767,8,-5.052,1,0.0608,0.0219,0,0.19,0.796,141.906,audio_features,3taIcgVjePRzkdz0ZmJbOi,spotify:track:3taIcgVjePRzkdz0ZmJbOi,https://api.spotify.com/v1/tracks/3taIcgVjePRzkdz0ZmJbOi,https://api.spotify.com/v1/audio-analysis/3taIcgVjePRzkdz0ZmJbOi,207400,4
0.725,0.552,11,-7.369,0,0.0475,0.15,0,0.214,0.582,111.996,audio_features,3BFrR2hemusNSuiuNWXUqO,spotify:track:3BFrR2hemusNSuiuNWXUqO,https://api.spotify.com/v1/tracks/3BFrR2hemusNSuiuNWXUqO,https://api.spotify.com/v1/audio-analysis/3BFrR2hemusNSuiuNWXUqO,291500,4
0.733,0.664,8,-6.163,1,0.295,0.102,0,0.191,0.557,148.005,audio_features,3iL2l5gUqyPS6vDwJFgJTR,spotify:track:3iL2l5gUqyPS6vDwJFgJTR,https://api.spotify.com/v1/tracks/3iL2l5gUqyPS6vDwJFgJTR,https://api.spotify.com/v1/audio-analysis/3iL2l5gUqyPS6vDwJFgJTR,288133,4
0.6,0.721,0,-4.596,1,0.212,0.182,0,0.256,0.371,94.939,audio_features,2YYvZyVDx0GxkoAYyHyV24,spotify:track:2YYvZyVDx0GxkoAYyHyV24,https://api.spotify.com/v1/tracks/2YYvZyVDx0GxkoAYyHyV24,https://api.spotify.com/v1/audio-analysis/2YYvZyVDx0GxkoAYyHyV24,193547,4
0.633,0.524,1,-10.111,0,0.134,0.362,0.000146,0.108,0.375,85.016,audio_features,2CWLbhbetnGxB7JnOK3LNJ,spotify:track:2CWLbhbetnGxB7JnOK3LNJ,https://api.spotify.com/v1/tracks/2CWLbhbetnGxB7JnOK3LNJ,https://api.spotify.com/v1/audio-analysis/2CWLbhbetnGxB7JnOK3LNJ,213760,4
