danceability,energy,key,loudness,mode,speechiness,acousticness,instrumentalness,liveness,valence,tempo,type,id,uri,track_href,analysis_url,duration_ms,time_signature
0.657,0.574,1,-9.484,0,0.0407,0.016,8.1e-05,0.172,0.211,119.992,audio_features,2xRYnHQdLD9ketvC01UYYT,spotify:track:2xRYnHQdLD9ketvC01UYYT,https://api.spotify.com/v1/tracks/2xRYnHQdLD9ketvC01UYYT,https://api.spotify.com/v1/audio-analysis/2xRYnHQdLD9ketvC01UYYT,281080,4
0.71,0.598,5,-7.598,0,0.0319,0.508,0,0.0971,0.501,119.981,audio_features,3DZQ6mzUkAdHqZWzqxBKIK,spotify:track:3DZQ6mzUkAdHqZWzqxBKIK,https://api.spotify.com/v1/tracks/3DZQ6mzUkAdHqZWzqxBKIK,https://api.spotify.com/v1/audio-analysis/3DZQ6mzUkAdHqZWzqxBKIK,256320,4
0.619,0.806,3,-4.8,0,0.0483,0.272,0,0.0671,0.877,95.0,audio_features,7bmqcI1HQwx1PWwYyZO0lg,spotify:track:7bmqcI1HQwx1PWwYyZO0lg,https://api.spotify.com/v1/tracks/7bmqcI1HQwx1PWwYyZO0lg,https://api.spotify.com/v1/audio-analysis/7bmqcI1HQwx1PWwYyZO0lg,253080,4
0.684,0.607,11,-8.127,0,0.1,0.0267,0.000307,0.191,0.498,81.001,audio_features,0JXXNGljqupsJaZsgSbMZV,spotify:track:0JXXNGljqupsJaZsgSbMZV,https://api.spotify.com/v1/tracks/0JXXNGljqupsJaZsgSbMZV,https://api.spotify.com/v1/audio-analysis/0JXXNGljqupsJaZsgSbMZV,195373,4
0.721,0.339,0,-11.195,1,0.0532,0.409,0.00153,0.0973,0.2,129.83,audio_features,7DfFc7a6Rwfi3YQMRbDMau,spotify:track:7DfFc7a6Rwfi3YQMRbDMau,https://api.spotify.com/v1/tracks/7DfFc7a6Rwfi3YQMRbDMau,https://api.spotify.com/v1/audio-analysis/7DfFc7a6Rwfi3YQMRbDMau,200747,4
0.55,0.661,1,-7.363,1,0.0611,0.0178,3.59e-05,0.15,0.142,162.034,audio_features,60kqoWSXSbiDJaDxgi8GG1,spotify:track:60kqoWSXSbiDJaDxgi8GG1,https://api.spotify.com/v1/tracks/60kqoWSXSbiDJaDxgi8GG1,https://api.spotify.com/v1/audio-analysis/60kqoWSXSbiDJaDxgi8GG1,313907,4
0.417,0.551,2,-8.361,1,0.272,0.56,0,0.129,0.216,86.848,audio_features,4TSDz7xZtxIXeKwiOuCe25,spotify:track:4TSDz7xZtxIXeKwiOuCe25,https://api.spotify.com/v1/tracks/4TSDz7xZtxIXeKwiOuCe25,https://api.spotify.com/v1/audio-analysis/4TSDz7xZtxIXeKwiOuCe25,224972,4
0.584,0.7,11,-4.275,1,0.0456,0.117,0,0.0939,0.438,124.944,audio_features,0PDUDa38GO8lMxLCRc4lL1,spotify:track:0PDUDa38GO8lMxLCRc4lL1,https://api.spotify.com/v1/tracks/0PDUDa38GO8lMxLCRc4lL1,https://api.spotify.com/v1/audio-analysis/0PDUDa38GO8lMxLCRc4lL1,202747,4
0.539,0.414,1,-9.156,0,0.0601,0.253,1.3e-06,0.143,0.123,94.895,audio_features,2wBCrtJS3E3TimRZ5MElTI,spotify:track:2wBCrtJS3E3TimRZ5MElTI,https://api.spotify.com/v1/tracks/2wBCrtJS3E3TimRZ5MElTI,https://api.spotify.com/v1/audio-analysis/2wBCrtJS3E3TimRZ5MElTI,254493,4
