danceability,energy,key,loudness,mode,speechiness,acousticness,instrumentalness,liveness,valence,tempo,type,id,uri,track_href,analysis_url,duration_ms,time_signature
0.581,0.921,7,-4.454,0,0.0354,0.00637,9.09e-05,0.395,0.438,124.439,audio_features,6CQILF6MIWOutZobpjbvhM,spotify:track:6CQILF6MIWOutZobpjbvhM,https://api.spotify.com/v1/tracks/6CQILF6MIWOutZobpjbvhM,https://api.spotify.com/v1/audio-analysis/6CQILF6MIWOutZobpjbvhM,239333,4
0.409,0.837,1,-4.043,1,0.0406,0.00116,0.00651,0.0855,0.199,121.757,audio_features,62BxlOvQCjLNQA5ARA4Dug,spotify:track:62BxlOvQCjLNQA5ARA4Dug,https://api.spotify.com/v1/tracks/62BxlOvQCjLNQA5ARA4Dug,https://api.spotify.com/v1/audio-analysis/62BxlOvQCjLNQA5ARA4Dug,243787,4
0.661,0.8,1,-4.998,0,0.0246,0.0104,1.73e-05,0.0738,0.51,105.993,audio_features,2ST5UpeYPp2EAgGLbQsXvl,spotify:track:2ST5UpeYPp2EAgGLbQsXvl,https://api.spotify.com/v1/tracks/2ST5UpeYPp2EAgGLbQsXvl,https://api.spotify.com/v1/audio-analysis/2ST5UpeYPp2EAgGLbQsXvl,231160,4
0.501,0.731,10,-4.535,1,0.0311,0.193,0.000451,0.158,0.113,135.97,audio_features,4R50g17SpY5mZSzKyGOLQI,spotify:track:4R50g17SpY5mZSzKyGOLQI,https://api.spotify.com/v1/tracks/4R50g17SpY5mZSzKyGOLQI,https://api.spotify.com/v1/audio-analysis/4R50g17SpY5mZSzKyGOLQI,292320,4
0.339,0.923,11,-5.259,0,0.081,0.00176,0.182,0.1,0.228,141.786,audio_features,1kwgG5xlrvzhy1Qtz6LGj7,spotify:track:1kwgG5xlrvzhy1Qtz6LGj7,https://api.spotify.com/v1/tracks/1kwgG5xlrvzhy1Qtz6LGj7,https://api.spotify.com/v1/audio-analysis/1kwgG5xlrvzhy1Qtz6LGj7,251573,4
0.675,0.722,8,-5.744,1,0.0295,0.0724,0.000174,0.231,0.44,104.986,audio_features,1cuUGmyyUCLTIoYyBh0XOn,spotify:track:1cuUGmyyUCLTIoYyBh0XOn,https://api.spotify.com/v1/tracks/1cuUGmyyUCLTIoYyBh0XOn,https://api.spotify.com/v1/audio-analysis/1cuUGmyyUCLTIoYyBh0XOn,262120,4
0.56,0.733,10,-7.094,1,0.0317,0.0273,2.09e-05,0.253,0.331,132.956,audio_features,4qBCD7TslV1KdiFpT9cbnm,spotify:track:4qBCD7TslV1KdiFpT9cbnm,https://api.spotify.com/v1/tracks/4qBCD7TslV1KdiFpT9cbnm,https://api.spotify.com/v1/audio-analysis/4qBCD7TslV1KdiFpT9cbnm,293507,4
0.515,0.861,10,-5.17,0,0.0321,0.00333,0,0.324,0.221,138.058,audio_features,2MqNfk3vzAAN2753kDKptZ,spotify:track:2MqNfk3vzAAN2753kDKptZ,https://api.spotify.com/v1/tracks/2MqNfk3vzAAN2753kDKptZ,https://api.spotify.com/v1/audio-analysis/2MqNfk3vzAAN2753kDKptZ,257267,4
0.381,0.548,7,-7.37,1,0.0366,0.292,0.00022,0.0982,0.455,92.77,audio_features,79TzZW43NlfIFILRzY2adk,spotify:track:79TzZW43NlfIFILRzY2adk,https://api.spotify.com/v1/tracks/79TzZW43NlfIFILRzY2adk,https://api.spotify.com/v1/audio-analysis/79TzZW43NlfIFILRzY2adk,274267,4
