danceability,energy,key,loudness,mode,speechiness,acousticness,instrumentalness,liveness,valence,tempo,type,id,uri,track_href,analysis_url,duration_ms,time_signature
0.619,0.92,5,-4.374,1,0.0305,0.0142,0.000206,0.253,0.424,99.985,audio_features,4T3fEhOYsYTwtxzA7TQBkf,spotify:track:4T3fEhOYsYTwtxzA7TQBkf,https://api.spotify.com/v1/tracks/4T3fEhOYsYTwtxzA7TQBkf,https://api.spotify.com/v1/audio-analysis/4T3fEhOYsYTwtxzA7TQBkf,218893,4
0.587,0.844,8,-7.061,1,0.0984,0.196,0,0.178,0.652,94.014,audio_features,36GPL4a7IHf0C6DdBpoifS,spotify:track:36GPL4a7IHf0C6DdBpoifS,https://api.spotify.com/v1/tracks/36GPL4a7IHf0C6DdBpoifS,https://api.spotify.com/v1/audio-analysis/36GPL4a7IHf0C6DdBpoifS,185360,4
0.388,0.813,11,-5.364,1,0.039,0.0672,0,0.378,0.501,173.913,audio_features,5wXsFe8dNMHOau3WyfKuVZ,spotify:track:5wXsFe8dNMHOau3WyfKuVZ,https://api.spotify.com/v1/tracks/5wXsFe8dNMHOau3WyfKuVZ,https://api.spotify.com/v1/audio-analysis/5wXsFe8dNMHOau3WyfKuVZ,184133,4
0.594,0.87,0,-5.308,1,0.0259,0.0229,0.00697,0.312,0.579,105.994,audio_features,6M0VByRzxb5ycM9QcMx9k5,spotify:track:6M0VByRzxb5ycM9QcMx9k5,https://api.spotify.com/v1/tracks/6M0VByRzxb5ycM9QcMx9k5,https://api.spotify.com/v1/audio-analysis/6M0VByRzxb5ycM9QcMx9k5,278493,4
0.38,0.52,11,-8.494,0,0.0359,0.0187,0.36,0.101,0.0801,128.044,audio_features,0HfMp4RGDgjvrWX3j0VZnJ,spotify:track:0HfMp4RGDgjvrWX3j0VZnJ,https://api.spotify.com/v1/tracks/0HfMp4RGDgjvrWX3j0VZnJ,https://api.spotify.com/v1/audio-analysis/0HfMp4RGDgjvrWX3j0VZnJ,411373,4
0.378,0.812,1,-4.178,0,0.0512,0.0801,5.36e-06,0.163,0.428,78.057,audio_features,6Bm3TYTfP6jjxUTE6OdXG3,spotify:track:6Bm3TYTfP6jjxUTE6OdXG3,https://api.spotify.com/v1/tracks/6Bm3TYTfP6jjxUTE6OdXG3,https://api.spotify.com/v1/audio-analysis/6Bm3TYTfP6jjxUTE6OdXG3,225160,4
0.643,0.805,2,-7.238,1,0.0476,0.000781,0.578,0.393,0.352,145.029,audio_features,6HbTF52swZiGSJ2cvAJ7PU,spotify:track:6HbTF52swZiGSJ2cvAJ7PU,https://api.spotify.com/v1/tracks/6HbTF52swZiGSJ2cvAJ7PU,https://api.spotify.com/v1/audio-analysis/6HbTF52swZiGSJ2cvAJ7PU,247240,4
0.43,0.98,7,-3.976,0,0.0741,0.0043,0.0297,0.128,0.209,137.479,audio_features,5HbyVyUbfQehsN44Sstubl,spotify:track:5HbyVyUbfQehsN44Sstubl,https://api.spotify.com/v1/tracks/5HbyVyUbfQehsN44Sstubl,https://api.spotify.com/v1/audio-analysis/5HbyVyUbfQehsN44Sstubl,285800,4
0.285,0.867,1,-5.595,1,0.0963,0.113,0,0.35,0.429,175.929,audio_features,0Of7QOxHibUJW7q0YFBJVC,spotify:track:0Of7QOxHibUJW7q0YFBJVC,https://api.spotify.com/v1/tracks/0Of7QOxHibUJW7q0YFBJVC,https://api.spotify.com/v1/audio-analysis/0Of7QOxHibUJW7q0YFBJVC,218493,4
