danceability,energy,key,loudness,mode,speechiness,acousticness,instrumentalness,liveness,valence,tempo,type,id,uri,track_href,analysis_url,duration_ms,time_signature
0.595,0.937,1,-3.196,0,0.038,0.0134,0,0.116,0.679,126.995,audio_features,4auE2w8sP6HYrA3Dcokmdl,spotify:track:4auE2w8sP6HYrA3Dcokmdl,https://api.spotify.com/v1/tracks/4auE2w8sP6HYrA3Dcokmdl,https://api.spotify.com/v1/audio-analysis/4auE2w8sP6HYrA3Dcokmdl,258987,4
0.369,0.981,5,-2.336,1,0.0622,0.00019,8.58e-06,0.156,0.457,147.009,audio_features,083cgOBzPBFBrqYFJDWPis,spotify:track:083cgOBzPBFBrqYFJDWPis,https://api.spotify.com/v1/tracks/083cgOBzPBFBrqYFJDWPis,https://api.spotify.com/v1/audio-analysis/083cgOBzPBFBrqYFJDWPis,190840,4
0.431,0.907,0,-5.387,1,0.0523,1.51e-05,0.00445,0.0529,0.18,95.958,audio_features,67kIfRYFai45yakOuXhndQ,spotify:track:67kIfRYFai45yakOuXhndQ,https://api.spotify.com/v1/tracks/67kIfRYFai45yakOuXhndQ,https://api.spotify.com/v1/audio-analysis/67kIfRYFai45yakOuXhndQ,306667,4
0.395,0.955,3,-3.394,0,0.0835,8.05e-05,0.00813,0.0866,0.273,143.991,audio_features,7KC3BSniVDfKMD8YLKmOrf,spotify:track:7KC3BSniVDfKMD8YLKmOrf,https://api.spotify.com/v1/tracks/7KC3BSniVDfKMD8YLKmOrf,https://api.spotify.com/v1/audio-analysis/7KC3BSniVDfKMD8YLKmOrf,242973,4
0.491,0.766,0,-3.967,0,0.0291,0.0012,0.000481,0.109,0.21,128.101,audio_features,5UimLzrkc72ST1fQRuwQKs,spotify:track:5UimLzrkc72ST1fQRuwQKs,https://api.spotify.com/v1/tracks/5UimLzrkc72ST1fQRuwQKs,https://api.spotify.com/v1/audio-analysis/5UimLzrkc72ST1fQRuwQKs,345253,4
0.572,0.591,6,-5.558,1,0.0276,0.491,0.000105,0.0779,0.184,98.971,audio_features,3fXXH2FsZcqj8w7RFDNBxN,spotify:track:3fXXH2FsZcqj8w7RFDNBxN,https://api.spotify.com/v1/tracks/3fXXH2FsZcqj8w7RFDNBxN,https://api.spotify.com/v1/audio-analysis/3fXXH2FsZcqj8w7RFDNBxN,327760,4
0.473,0.82,0,-3.582,1,0.0354,0.00961,0,0.13,0.513,142.957,audio_features,4HDRZKrSkb8wiVIp8LwYEC,spotify:track:4HDRZKrSkb8wiVIp8LwYEC,https://api.spotify.com/v1/tracks/4HDRZKrSkb8wiVIp8LwYEC,https://api.spotify.com/v1/audio-analysis/4HDRZKrSkb8wiVIp8LwYEC,273320,4
0.341,0.697,4,-3.958,1,0.0432,0.0523,1.74e-06,0.244,0.342,125.464,audio_features,0ohHbUyPf9lgc8GWDtJjov,spotify:track:0ohHbUyPf9lgc8GWDtJjov,https://api.spotify.com/v1/tracks/0ohHbUyPf9lgc8GWDtJjov,https://api.spotify.com/v1/audio-analysis/0ohHbUyPf9lgc8GWDtJjov,291213,4
0.601,0.77,8,-6.848,1,0.0539,0.053,1.11e-06,0.0734,0.687,119.974,audio_features,1i6zeMm26HzTFPrKDe3xq4,spotify:track:1i6zeMm26HzTFPrKDe3xq4,https://api.spotify.com/v1/tracks/1i6zeMm26HzTFPrKDe3xq4,https://api.spotify.com/v1/audio-analysis/1i6zeMm26HzTFPrKDe3xq4,243987,4
