danceability,energy,key,loudness,mode,speechiness,acousticness,instrumentalness,liveness,valence,tempo,type,id,uri,track_href,analysis_url,duration_ms,time_signature
0.446,0.279,7,-8.396,0,0.0343,0.0383,0,0.117,0.159,123.737,audio_features,5Te9vMyYTCDaSwOBlNu37N,spotify:track:5Te9vMyYTCDaSwOBlNu37N,https://api.spotify.com/v1/tracks/5Te9vMyYTCDaSwOBlNu37N,https://api.spotify.com/v1/audio-analysis/5Te9vMyYTCDaSwOBlNu37N,248333,4
0.376,0.89,3,-4.286,1,0.0852,0.000836,0.00151,0.152,0.296,140.677,audio_features,6bhs4IsdCiZ3MkHEvSCKfk,spotify:track:6bhs4IsdCiZ3MkHEvSCKfk,https://api.spotify.com/v1/tracks/6bhs4IsdCiZ3MkHEvSCKfk,https://api.spotify.com/v1/audio-analysis/6bhs4IsdCiZ3MkHEvSCKfk,278000,4
0.566,0.829,3,-4.742,1,0.0404,0.0169,1.77e-05,0.0928,0.134,107.141,audio_features,57hGTDy3A5JFzbmIzrSYxF,spotify:track:57hGTDy3A5JFzbmIzrSYxF,https://api.spotify.com/v1/tracks/57hGTDy3A5JFzbmIzrSYxF,https://api.spotify.com/v1/audio-analysis/57hGTDy3A5JFzbmIzrSYxF,264453,4
0.386,0.347,11,-11.73,1,0.0389,0.297,0.000457,0.124,0.223,138.923,audio_features,4fCs9oQGvZGbnYXBkL4hYh,spotify:track:4fCs9oQGvZGbnYXBkL4hYh,https://api.spotify.com/v1/tracks/4fCs9oQGvZGbnYXBkL4hYh,https://api.spotify.com/v1/audio-analysis/4fCs9oQGvZGbnYXBkL4hYh,146747,4
0.545,0.974,11,-3.914,1,0.0469,0.000107,0.00118,0.306,0.506,114.064,audio_features,4QK4pMWEwlXxwg1zp08xpl,spotify:track:4QK4pMWEwlXxwg1zp08xpl,https://api.spotify.com/v1/tracks/4QK4pMWEwlXxwg1zp08xpl,https://api.spotify.com/v1/audio-analysis/4QK4pMWEwlXxwg1zp08xpl,243933,4
0.356,0.924,1,-3.74,1,0.0808,0.00101,0,0.0953,0.232,148.017,audio_features,7oK9VyNzrYvRFo7nQEYkWN,spotify:track:7oK9VyNzrYvRFo7nQEYkWN,https://api.spotify.com/v1/tracks/7oK9VyNzrYvRFo7nQEYkWN,https://api.spotify.com/v1/audio-analysis/7oK9VyNzrYvRFo7nQEYkWN,222587,4
0.362,0.979,3,-2.581,0,0.161,0.000378,0.0151,0.231,0.383,125.087,audio_features,4kAgnAL4WKx7YqnlL2fvMh,spotify:track:4kAgnAL4WKx7YqnlL2fvMh,https://api.spotify.com/v1/tracks/4kAgnAL4WKx7YqnlL2fvMh,https://api.spotify.com/v1/audio-analysis/4kAgnAL4WKx7YqnlL2fvMh,234107,4
0.509,0.987,10,-3.198,0,0.0886,8.05e-05,0.000928,0.119,0.647,138.039,audio_features,7HGTkn2aX7MNdKs7nV2xBt,spotify:track:7HGTkn2aX7MNdKs7nV2xBt,https://api.spotify.com/v1/tracks/7HGTkn2aX7MNdKs7nV2xBt,https://api.spotify.com/v1/audio-analysis/7HGTkn2aX7MNdKs7nV2xBt,197160,4
0.557,0.728,6,-6.181,1,0.0405,0.00156,5.13e-06,0.118,0.216,118.241,audio_features,0kYUrLVQOfx21xuXu7OGrT,spotify:track:0kYUrLVQOfx21xuXu7OGrT,https://api.spotify.com/v1/tracks/0kYUrLVQOfx21xuXu7OGrT,https://api.spotify.com/v1/audio-analysis/0kYUrLVQOfx21xuXu7OGrT,301573,4
