danceability,energy,key,loudness,mode,speechiness,acousticness,instrumentalness,liveness,valence,tempo,type,id,uri,track_href,analysis_url,duration_ms,time_signature
0.611,0.397,9,-8.47,1,0.0266,0.43,8.89e-06,0.239,0.347,84.359,audio_features,1kfrnPViuzKdNwmH21ehLg,spotify:track:1kfrnPViuzKdNwmH21ehLg,https://api.spotify.com/v1/tracks/1kfrnPViuzKdNwmH21ehLg,https://api.spotify.com/v1/audio-analysis/1kfrnPViuzKdNwmH21ehLg,327867,4
0.56,0.745,1,-6.671,1,0.0295,0.01,0.0018,0.119,0.399,133.994,audio_features,46gog9DTymoam1Atq4xpDl,spotify:track:46gog9DTymoam1Atq4xpDl,https://api.spotify.com/v1/tracks/46gog9DTymoam1Atq4xpDl,https://api.spotify.com/v1/audio-analysis/46gog9DTymoam1Atq4xpDl,528027,4
0.268,0.96,6,-4.596,0,0.0963,0.000217,0.00604,0.732,0.44,141.415,audio_features,77Kh98jRHI40rIAKnBs7cl,spotify:track:77Kh98jRHI40rIAKnBs7cl,https://api.spotify.com/v1/tracks/77Kh98jRHI40rIAKnBs7cl,https://api.spotify.com/v1/audio-analysis/77Kh98jRHI40rIAKnBs7cl,246027,4
0.485,0.205,11,-15.733,1,0.0524,0.977,0.0168,0.165,0.338,135.019,audio_features,4pTvgNra8siMoIT8u3epTr,spotify:track:4pTvgNra8siMoIT8u3epTr,https://api.spotify.com/v1/tracks/4pTvgNra8siMoIT8u3epTr,https://api.spotify.com/v1/audio-analysis/4pTvgNra8siMoIT8u3epTr,49907,4
0.467,0.988,11,-3.313,1,0.112,0.000152,0.0484,0.28,0.321,130.433,audio_features,70wYA8oYHoMzhRRkARoMhU,spotify:track:70wYA8oYHoMzhRRkARoMhU,https://api.spotify.com/v1/tracks/70wYA8oYHoMzhRRkARoMhU,https://api.spotify.com/v1/audio-analysis/70wYA8oYHoMzhRRkARoMhU,220427,4
0.532,0.931,11,-3.662,0,0.0467,0.00144,0.263,0.159,0.383,113.424,audio_features,1Rr17slUHwVRkDz4A2TUcM,spotify:track:1Rr17slUHwVRkDz4A2TUcM,https://api.spotify.com/v1/tracks/1Rr17slUHwVRkDz4A2TUcM,https://api.spotify.com/v1/audio-analysis/1Rr17slUHwVRkDz4A2TUcM,248467,4
0.504,0.884,3,-4.214,1,0.0366,0.000458,0.0399,0.108,0.516,140.398,audio_features,6suRRwX61xSMfU7wJuCVdy,spotify:track:6suRRwX61xSMfU7wJuCVdy,https://api.spotify.com/v1/tracks/6suRRwX61xSMfU7wJuCVdy,https://api.spotify.com/v1/audio-analysis/6suRRwX61xSMfU7wJuCVdy,212267,4
0.543,0.917,1,-3.391,1,0.0444,0.00572,7.76e-05,0.104,0.329,132.246,audio_features,7cX4PJz1old9fyFI8RlfgW,spotify:track:7cX4PJz1old9fyFI8RlfgW,https://api.spotify.com/v1/tracks/7cX4PJz1old9fyFI8RlfgW,https://api.spotify.com/v1/audio-analysis/7cX4PJz1old9fyFI8RlfgW,246840,4
0.261,0.905,10,-3.483,0,0.039,5.5e-05,0.262,0.396,0.379,173.782,audio_features,62XRqyhZP1vYNoD7WMTtiW,spotify:track:62XRqyhZP1vYNoD7WMTtiW,https://api.spotify.com/v1/tracks/62XRqyhZP1vYNoD7WMTtiW,https://api.spotify.com/v1/audio-analysis/62XRqyhZP1vYNoD7WMTtiW,265800,4
