danceability,energy,key,loudness,mode,speechiness,acousticness,instrumentalness,liveness,valence,tempo,type,id,uri,track_href,analysis_url,duration_ms,time_signature
0.544,0.254,3,-8.981,1,0.0324,0.588,1.36e-05,0.0937,0.0384,143.941,audio_features,1OCSXzTwudWcGZTID3w8kj,spotify:track:1OCSXzTwudWcGZTID3w8kj,https://api.spotify.com/v1/tracks/1OCSXzTwudWcGZTID3w8kj,https://api.spotify.com/v1/audio-analysis/1OCSXzTwudWcGZTID3w8kj,273240,4
0.261,0.673,6,-5.638,1,0.0433,0.00715,0.000405,0.105,0.12,155.325,audio_features,1KkECr5i5B5k4ul9ajFADL,spotify:track:1KkECr5i5B5k4ul9ajFADL,https://api.spotify.com/v1/tracks/1KkECr5i5B5k4ul9ajFADL,https://api.spotify.com/v1/audio-analysis/1KkECr5i5B5k4ul9ajFADL,313453,4
0.651,0.819,0,-6.774,1,0.05,0.0422,1.34e-05,0.099,0.483,95.01,audio_features,5hRqIoijEoFucrGV9ZwyXU,spotify:track:5hRqIoijEoFucrGV9ZwyXU,https://api.spotify.com/v1/tracks/5hRqIoijEoFucrGV9ZwyXU,https://api.spotify.com/v1/audio-analysis/5hRqIoijEoFucrGV9ZwyXU,224800,4
0.567,0.93,10,-6.386,1,0.0316,0.000248,0.663,0.209,0.644,132.038,audio_features,7g14gA1bcRSF3TyMD2OUWP,spotify:track:7g14gA1bcRSF3TyMD2OUWP,https://api.spotify.com/v1/tracks/7g14gA1bcRSF3TyMD2OUWP,https://api.spotify.com/v1/audio-analysis/7g14gA1bcRSF3TyMD2OUWP,344800,4
0.504,0.917,10,-3.327,1,0.0393,0.0123,0,0.101,0.501,102.0,audio_features,5QnlRrVdU5oPOc4sXaqKS7,spotify:track:5QnlRrVdU5oPOc4sXaqKS7,https://api.spotify.com/v1/tracks/5QnlRrVdU5oPOc4sXaqKS7,https://api.spotify.com/v1/audio-analysis/5QnlRrVdU5oPOc4sXaqKS7,279560,4
0.542,0.88,11,-4.081,1,0.0476,0.0341,9.75e-05,0.393,0.434,117.986,audio_features,4xDov3LqBL5j7opAPb0PoD,spotify:track:4xDov3LqBL5j7opAPb0PoD,https://api.spotify.com/v1/tracks/4xDov3LqBL5j7opAPb0PoD,https://api.spotify.com/v1/audio-analysis/4xDov3LqBL5j7opAPb0PoD,253653,4
0.547,0.837,10,-7.085,1,0.0676,0.00112,0.000624,0.0937,0.568,135.47,audio_features,5mhUPDWQH3s544WCsa0r9w,spotify:track:5mhUPDWQH3s544WCsa0r9w,https://api.spotify.com/v1/tracks/5mhUPDWQH3s544WCsa0r9w,https://api.spotify.com/v1/audio-analysis/5mhUPDWQH3s544WCsa0r9w,245360,4
0.526,0.924,4,-4.073,1,0.0536,0.00237,0.0012,0.129,0.802,152.034,audio_features,6zbnpAx9RH1W0dS4JEqdpc,spotify:track:6zbnpAx9RH1W0dS4JEqdpc,https://api.spotify.com/v1/tracks/6zbnpAx9RH1W0dS4JEqdpc,https://api.spotify.com/v1/audio-analysis/6zbnpAx9RH1W0dS4JEqdpc,284547,4
0.686,0.93,9,-3.524,0,0.0312,0.0401,0.000713,0.147,0.782,117.035,audio_features,07SgR5jvYFyVDHa6uv8Fh0,spotify:track:07SgR5jvYFyVDHa6uv8Fh0,https://api.spotify.com/v1/tracks/07SgR5jvYFyVDHa6uv8Fh0,https://api.spotify.com/v1/audio-analysis/07SgR5jvYFyVDHa6uv8Fh0,213773,4
