danceability,energy,key,loudness,mode,speechiness,acousticness,instrumentalness,liveness,valence,tempo,type,id,uri,track_href,analysis_url,duration_ms,time_signature
0.526,0.93,1,-4.482,1,0.035,0.000592,0.0122,0.0465,0.337,132.0,audio_features,5uNrPip0HwHiJpNKCrFEt4,spotify:track:5uNrPip0HwHiJpNKCrFEt4,https://api.spotify.com/v1/tracks/5uNrPip0HwHiJpNKCrFEt4,https://api.spotify.com/v1/audio-analysis/5uNrPip0HwHiJpNKCrFEt4,441387,4
0.526,0.796,1,-6.165,0,0.0333,0.0305,2.27e-06,0.354,0.715,146.036,audio_features,0t6PFwfUoTpwJWqb79jrJ9,spotify:track:0t6PFwfUoTpwJWqb79jrJ9,https://api.spotify.com/v1/tracks/0t6PFwfUoTpwJWqb79jrJ9,https://api.spotify.com/v1/audio-analysis/0t6PFwfUoTpwJWqb79jrJ9,106600,4
0.489,0.885,8,-5.145,1,0.0293,8.98e-06,0.911,0.0608,0.555,140.488,audio_features,6CdrN0Si683RqfYQ4bNWnW,spotify:track:6CdrN0Si683RqfYQ4bNWnW,https://api.spotify.com/v1/tracks/6CdrN0Si683RqfYQ4bNWnW,https://api.spotify.com/v1/audio-analysis/6CdrN0Si683RqfYQ4bNWnW,231987,4
0.482,0.323,0,-10.182,1,0.0245,0.776,0.00021,0.16,0.326,95.286,audio_features,6HZxWldb9KDloDcpvQB6vs,spotify:track:6HZxWldb9KDloDcpvQB6vs,https://api.spotify.com/v1/tracks/6HZxWldb9KDloDcpvQB6vs,https://api.spotify.com/v1/audio-analysis/6HZxWldb9KDloDcpvQB6vs,140533,3
0.557,0.806,11,-4.783,0,0.0288,0.251,5.86e-06,0.0927,0.694,147.344,audio_features,6TNhIM8KM1mzNnpwFQ1e9v,spotify:track:6TNhIM8KM1mzNnpwFQ1e9v,https://api.spotify.com/v1/tracks/6TNhIM8KM1mzNnpwFQ1e9v,https://api.spotify.com/v1/audio-analysis/6TNhIM8KM1mzNnpwFQ1e9v,365653,4
0.468,0.978,0,-3.868,1,0.106,0.000236,0.104,0.101,0.184,110.892,audio_features,2B1bCJy5l1nrruMO2GUbIu,spotify:track:2B1bCJy5l1nrruMO2GUbIu,https://api.spotify.com/v1/tracks/2B1bCJy5l1nrruMO2GUbIu,https://api.spotify.com/v1/audio-analysis/2B1bCJy5l1nrruMO2GUbIu,229973,4
0.497,0.993,10,-4.62,0,0.045,0.0003,0.369,0.255,0.943,134.165,audio_features,6YhSpjpA0cD2luk5XEgq3B,spotify:track:6YhSpjpA0cD2luk5XEgq3B,https://api.spotify.com/v1/tracks/6YhSpjpA0cD2luk5XEgq3B,https://api.spotify.com/v1/audio-analysis/6YhSpjpA0cD2luk5XEgq3B,338187,4
0.497,0.568,4,-10.433,1,0.129,0.199,0,0.0749,0.898,163.39,audio_features,4FGHfwMHfsml5VJbrD2ARk,spotify:track:4FGHfwMHfsml5VJbrD2ARk,https://api.spotify.com/v1/tracks/4FGHfwMHfsml5VJbrD2ARk,https://api.spotify.com/v1/audio-analysis/4FGHfwMHfsml5VJbrD2ARk,257373,4
0.356,0.924,1,-3.74,1,0.0808,0.00101,0,0.0953,0.232,148.017,audio_features,7oK9VyNzrYvRFo7nQEYkWN,spotify:track:7oK9VyNzrYvRFo7nQEYkWN,https://api.spotify.com/v1/tracks/7oK9VyNzrYvRFo7nQEYkWN,https://api.spotify.com/v1/audio-analysis/7oK9VyNzrYvRFo7nQEYkWN,222587,4
