danceability,energy,key,loudness,mode,speechiness,acousticness,instrumentalness,liveness,valence,tempo,type,id,uri,track_href,analysis_url,duration_ms,time_signature
0.424,0.962,1,-4.915,1,0.0929,1.8e-06,0.00784,0.296,0.382,74.476,audio_features,1CRZl1AFUS7EBBXqUkCWh8,spotify:track:1CRZl1AFUS7EBBXqUkCWh8,https://api.spotify.com/v1/tracks/1CRZl1AFUS7EBBXqUkCWh8,https://api.spotify.com/v1/audio-analysis/1CRZl1AFUS7EBBXqUkCWh8,153560,4
0.68,0.869,6,-5.805,1,0.0421,0.0393,2.05e-05,0.386,0.556,107.262,audio_features,3rfgt8fw5l6of33oj81VXn,spotify:track:3rfgt8fw5l6of33oj81VXn,https://api.spotify.com/v1/tracks/3rfgt8fw5l6of33oj81VXn,https://api.spotify.com/v1/audio-analysis/3rfgt8fw5l6of33oj81VXn,206200,4
0.25,0.573,2,-5.855,1,0.0798,0.00101,1.73e-05,0.137,0.446,168.255,audio_features,0qXWJhU46zurMYQoAnBxdG,spotify:track:0qXWJhU46zurMYQoAnBxdG,https://api.spotify.com/v1/tracks/0qXWJhU46zurMYQoAnBxdG,https://api.spotify.com/v1/audio-analysis/0qXWJhU46zurMYQoAnBxdG,166240,4
0.468,0.978,0,-3.868,1,0.106,0.000236,0.104,0.101,0.184,110.892,audio_features,2B1bCJy5l1nrruMO2GUbIu,spotify:track:2B1bCJy5l1nrruMO2GUbIu,https://api.spotify.com/v1/tracks/2B1bCJy5l1nrruMO2GUbIu,https://api.spotify.com/v1/audio-analysis/2B1bCJy5l1nrruMO2GUbIu,229973,4
0.328,0.858,3,-3.316,1,0.0559,0.0702,0,0.169,0.544,154.494,audio_features,3tJHWW6xuNEIU63mpGcdvx,spotify:track:3tJHWW6xuNEIU63mpGcdvx,https://api.spotify.com/v1/tracks/3tJHWW6xuNEIU63mpGcdvx,https://api.spotify.com/v1/audio-analysis/3tJHWW6xuNEIU63mpGcdvx,254653,4
0.414,0.797,8,-4.12,1,0.0477,0.016,0,0.134,0.457,170.001,audio_features,2Ij4TNS0XKn05hXTEMcO4w,spotify:track:2Ij4TNS0XKn05hXTEMcO4w,https://api.spotify.com/v1/tracks/2Ij4TNS0XKn05hXTEMcO4w,https://api.spotify.com/v1/audio-analysis/2Ij4TNS0XKn05hXTEMcO4w,222907,4
0.476,0.868,0,-4.34,1,0.033,0.00139,0,0.329,0.451,99.039,audio_features,3jmqb9d6QW8hQHxAgI5u2X,spotify:track:3jmqb9d6QW8hQHxAgI5u2X,https://api.spotify.com/v1/tracks/3jmqb9d6QW8hQHxAgI5u2X,https://api.spotify.com/v1/audio-analysis/3jmqb9d6QW8hQHxAgI5u2X,230347,4
0.606,0.773,1,-8.31,1,0.032,0.044,0.239,0.125,0.976,105.845,audio_features,5hg1AkrHaddlxujq6KXvJg,spotify:track:5hg1AkrHaddlxujq6KXvJg,https://api.spotify.com/v1/tracks/5hg1AkrHaddlxujq6KXvJg,https://api.spotify.com/v1/audio-analysis/5hg1AkrHaddlxujq6KXvJg,185187,4
0.285,0.924,4,-5.028,0,0.0993,0.00227,0.00233,0.275,0.268,132.667,audio_features,7I7GnoBfRuzdPQAdLXKycH,spotify:track:7I7GnoBfRuzdPQAdLXKycH,https://api.spotify.com/v1/tracks/7I7GnoBfRuzdPQAdLXKycH,https://api.spotify.com/v1/audio-analysis/7I7GnoBfRuzdPQAdLXKycH,254787,4
