danceability,energy,key,loudness,mode,speechiness,acousticness,instrumentalness,liveness,valence,tempo,type,id,uri,track_href,analysis_url,duration_ms,time_signature
0.596,0.774,4,-5.004,0,0.032,0.00301,3.53e-05,0.177,0.331,133.979,audio_features,2PggwAr9EVlCbYWBwTb726,spotify:track:2PggwAr9EVlCbYWBwTb726,https://api.spotify.com/v1/tracks/2PggwAr9EVlCbYWBwTb726,https://api.spotify.com/v1/audio-analysis/2PggwAr9EVlCbYWBwTb726,258093,4
0.681,0.802,4,-5.448,0,0.0417,0.019,0.000961,0.0266,0.5,142.041,audio_features,7ro2ZsaUjbcFenVtYPDrHg,spotify:track:7ro2ZsaUjbcFenVtYPDrHg,https://api.spotify.com/v1/tracks/7ro2ZsaUjbcFenVtYPDrHg,https://api.spotify.com/v1/audio-analysis/7ro2ZsaUjbcFenVtYPDrHg,280773,4
0.493,0.819,7,-3.215,1,0.123,0.0649,8.47e-06,0.187,0.506,151.732,audio_features,3ShEShNQUNjtXwZx4U3hLm,spotify:track:3ShEShNQUNjtXwZx4U3hLm,https://api.spotify.com/v1/tracks/3ShEShNQUNjtXwZx4U3hLm,https://api.spotify.com/v1/audio-analysis/3ShEShNQUNjtXwZx4U3hLm,183511,4
0.711,0.812,0,-2.992,1,0.0563,0.14,0,0.389,0.797,140.374,audio_features,5C3S5sl36HYvdFjqY1u8bG,spotify:track:5C3S5sl36HYvdFjqY1u8bG,https://api.spotify.com/v1/tracks/5C3S5sl36HYvdFjqY1u8bG,https://api.spotify.com/v1/audio-analysis/5C3S5sl36HYvdFjqY1u8bG,139025,4
0.542,0.94,0,-2.171,1,0.0423,0.697,0.00187,0.201,0.619,135.793,audio_features,2l013Rbr2lcyjtcANSWWu8,spotify:track:2l013Rbr2lcyjtcANSWWu8,https://api.spotify.com/v1/tracks/2l013Rbr2lcyjtcANSWWu8,https://api.spotify.com/v1/audio-analysis/2l013Rbr2lcyjtcANSWWu8,129516,4
0.415,0.963,7,-3.439,1,0.201,0.0849,0.000226,0.144,0.594,139.346,audio_features,3chOF0HwR3ShbZxMzVPmQR,spotify:track:3chOF0HwR3ShbZxMzVPmQR,https://api.spotify.com/v1/tracks/3chOF0HwR3ShbZxMzVPmQR,https://api.spotify.com/v1/audio-analysis/3chOF0HwR3ShbZxMzVPmQR,181866,4
0.235,0.95,11,-1.535,0,0.0846,0.347,0.00155,0.322,0.549,171.531,audio_features,2TyFyO16df1v1IPw8jSZNC,spotify:track:2TyFyO16df1v1IPw8jSZNC,https://api.spotify.com/v1/tracks/2TyFyO16df1v1IPw8jSZNC,https://api.spotify.com/v1/audio-analysis/2TyFyO16df1v1IPw8jSZNC,171025,4
0.447,0.974,9,-1.459,1,0.337,0.415,9.51e-06,0.0679,0.393,142.449,audio_features,4GtRpnApxyPLxQVOoQLdu8,spotify:track:4GtRpnApxyPLxQVOoQLdu8,https://api.spotify.com/v1/tracks/4GtRpnApxyPLxQVOoQLdu8,https://api.spotify.com/v1/audio-analysis/4GtRpnApxyPLxQVOoQLdu8,151015,4
0.543,0.868,7,-4.372,0,0.233,0.322,0.000461,0.116,0.376,121.344,audio_features,1SstZLK2gMOGsgjDMt6hIz,spotify:track:1SstZLK2gMOGsgjDMt6hIz,https://api.spotify.com/v1/tracks/1SstZLK2gMOGsgjDMt6hIz,https://api.spotify.com/v1/audio-analysis/1SstZLK2gMOGsgjDMt6hIz,235025,4
