danceability,energy,key,loudness,mode,speechiness,acousticness,instrumentalness,liveness,valence,tempo,type,id,uri,track_href,analysis_url,duration_ms,time_signature
0.429,0.865,9,-3.751,1,0.0625,0.00129,0,0.105,0.681,151.043,audio_features,0xR5ZhiksJK6lMRdI6S2A4,spotify:track:0xR5ZhiksJK6lMRdI6S2A4,https://api.spotify.com/v1/tracks/0xR5ZhiksJK6lMRdI6S2A4,https://api.spotify.com/v1/audio-analysis/0xR5ZhiksJK6lMRdI6S2A4,297347,4
0.641,0.833,0,-4.327,1,0.0326,0.00561,0,0.159,0.559,138.144,audio_features,5bsifWmUkQPnXXweW6Cx5u,spotify:track:5bsifWmUkQPnXXweW6Cx5u,https://api.spotify.com/v1/tracks/5bsifWmUkQPnXXweW6Cx5u,https://api.spotify.com/v1/audio-analysis/5bsifWmUkQPnXXweW6Cx5u,214627,4
0.449,0.948,7,-3.606,1,0.0867,0.0108,3.12e-06,0.081,0.785,177.983,audio_features,7smDdjGwW0iqIla2sWMx12,spotify:track:7smDdjGwW0iqIla2sWMx12,https://api.spotify.com/v1/tracks/7smDdjGwW0iqIla2sWMx12,https://api.spotify.com/v1/audio-analysis/7smDdjGwW0iqIla2sWMx12,122187,4
0.688,0.744,7,-5.603,1,0.0412,0.00683,0.00274,0.0711,0.518,139.901,audio_features,7DqrcIuk8PQwxoDbOftdzH,spotify:track:7DqrcIuk8PQwxoDbOftdzH,https://api.spotify.com/v1/tracks/7DqrcIuk8PQwxoDbOftdzH,https://api.spotify.com/v1/audio-analysis/7DqrcIuk8PQwxoDbOftdzH,214800,4
0.555,0.814,0,-5.743,1,0.0311,0.00193,1.69e-06,0.197,0.78,144.175,audio_features,7lIeecI2ky0Kq6rJkrt7n0,spotify:track:7lIeecI2ky0Kq6rJkrt7n0,https://api.spotify.com/v1/tracks/7lIeecI2ky0Kq6rJkrt7n0,https://api.spotify.com/v1/audio-analysis/7lIeecI2ky0Kq6rJkrt7n0,205320,4
0.52,0.769,4,-4.367,1,0.0552,0.155,0,0.185,0.623,139.383,audio_features,3OrD0xAh6aAcfiQwg7Bnrg,spotify:track:3OrD0xAh6aAcfiQwg7Bnrg,https://api.spotify.com/v1/tracks/3OrD0xAh6aAcfiQwg7Bnrg,https://api.spotify.com/v1/audio-analysis/3OrD0xAh6aAcfiQwg7Bnrg,212253,4
0.585,0.782,5,-4.361,0,0.0461,0.0252,0,0.108,0.591,133.011,audio_features,7pYLgBJdgMCNClmzUecbWC,spotify:track:7pYLgBJdgMCNClmzUecbWC,https://api.spotify.com/v1/tracks/7pYLgBJdgMCNClmzUecbWC,https://api.spotify.com/v1/audio-analysis/7pYLgBJdgMCNClmzUecbWC,229933,4
0.569,0.844,4,-4.859,1,0.121,0.289,0,0.349,0.59,134.804,audio_features,7v3qGVvKf986nhPIkPsRbR,spotify:track:7v3qGVvKf986nhPIkPsRbR,https://api.spotify.com/v1/tracks/7v3qGVvKf986nhPIkPsRbR,https://api.spotify.com/v1/audio-analysis/7v3qGVvKf986nhPIkPsRbR,216947,4
0.704,0.82,9,-5.363,1,0.0356,0.0173,0,0.0831,0.746,135.022,audio_features,7J3IfH7tInlIjX4bDmB7l7,spotify:track:7J3IfH7tInlIjX4bDmB7l7,https://api.spotify.com/v1/tracks/7J3IfH7tInlIjX4bDmB7l7,https://api.spotify.com/v1/audio-analysis/7J3IfH7tInlIjX4bDmB7l7,258800,4
