danceability,energy,key,loudness,mode,speechiness,acousticness,instrumentalness,liveness,valence,tempo,type,id,uri,track_href,analysis_url,duration_ms,time_signature
0.498,0.666,4,-7.553,1,0.0305,0.0144,0.117,0.11,0.178,147.075,audio_features,28CpCaV6JelmlHeGDwN9uZ,spotify:track:28CpCaV6JelmlHeGDwN9uZ,https://api.spotify.com/v1/tracks/28CpCaV6JelmlHeGDwN9uZ,https://api.spotify.com/v1/audio-analysis/28CpCaV6JelmlHeGDwN9uZ,341907,4
0.354,0.887,4,-6.149,1,0.0739,0.000868,3.61e-05,0.345,0.428,168.759,audio_features,30WpcGZPrd1Gz8zeMtgr8V,spotify:track:30WpcGZPrd1Gz8zeMtgr8V,https://api.spotify.com/v1/tracks/30WpcGZPrd1Gz8zeMtgr8V,https://api.spotify.com/v1/audio-analysis/30WpcGZPrd1Gz8zeMtgr8V,124893,4
0.436,0.819,0,-6.71,1,0.036,0.0171,0.00882,0.117,0.405,144.26,audio_features,51R5mPcJjOnfv9lKY1u5sW,spotify:track:51R5mPcJjOnfv9lKY1u5sW,https://api.spotify.com/v1/tracks/51R5mPcJjOnfv9lKY1u5sW,https://api.spotify.com/v1/audio-analysis/51R5mPcJjOnfv9lKY1u5sW,268333,4
0.378,0.585,2,-7.766,1,0.0296,0.00232,0.28,0.11,0.274,129.906,audio_features,4ue1k6IIQFd0BAAiOF50yi,spotify:track:4ue1k6IIQFd0BAAiOF50yi,https://api.spotify.com/v1/tracks/4ue1k6IIQFd0BAAiOF50yi,https://api.spotify.com/v1/audio-analysis/4ue1k6IIQFd0BAAiOF50yi,370507,4
0.569,0.845,11,-7.782,1,0.0351,0.239,0.00589,0.354,0.635,115.753,audio_features,1pKziOaiDCnrgMOqzQMtu2,spotify:track:1pKziOaiDCnrgMOqzQMtu2,https://api.spotify.com/v1/tracks/1pKziOaiDCnrgMOqzQMtu2,https://api.spotify.com/v1/audio-analysis/1pKziOaiDCnrgMOqzQMtu2,222333,4
0.395,0.902,8,-5.808,0,0.176,0.001,0,0.327,0.632,184.737,audio_features,2J1t2b8xPBqZzj5znx0C7C,spotify:track:2J1t2b8xPBqZzj5znx0C7C,https://api.spotify.com/v1/tracks/2J1t2b8xPBqZzj5znx0C7C,https://api.spotify.com/v1/audio-analysis/2J1t2b8xPBqZzj5znx0C7C,163760,4
0.29,0.629,1,-7.052,1,0.0637,0.000844,0.000728,0.107,0.289,179.797,audio_features,4G6E84lvx8jJh4lWv7Fecm,spotify:track:4G6E84lvx8jJh4lWv7Fecm,https://api.spotify.com/v1/tracks/4G6E84lvx8jJh4lWv7Fecm,https://api.spotify.com/v1/audio-analysis/4G6E84lvx8jJh4lWv7Fecm,168750,3
0.596,0.812,9,-6.076,1,0.079,0.0257,0.00174,0.189,0.398,92.551,audio_features,5c8nmgU5vm9CyupuKmRaTq,spotify:track:5c8nmgU5vm9CyupuKmRaTq,https://api.spotify.com/v1/tracks/5c8nmgU5vm9CyupuKmRaTq,https://api.spotify.com/v1/audio-analysis/5c8nmgU5vm9CyupuKmRaTq,131000,4
0.592,0.66,9,-3.826,0,0.0283,0.0988,3.11e-05,0.0746,0.258,90.052,audio_features,3qM3ZhhYCYwXwCsnslbg7k,spotify:track:3qM3ZhhYCYwXwCsnslbg7k,https://api.spotify.com/v1/tracks/3qM3ZhhYCYwXwCsnslbg7k,https://api.spotify.com/v1/audio-analysis/3qM3ZhhYCYwXwCsnslbg7k,122680,4
