danceability,energy,key,loudness,mode,speechiness,acousticness,instrumentalness,liveness,valence,tempo,type,id,uri,track_href,analysis_url,duration_ms,time_signature
0.643,0.686,7,-7.099,1,0.0327,0.00651,0.0134,0.177,0.6,109.897,audio_features,6GaF6BZeX64OqyHF8Re8OG,spotify:track:6GaF6BZeX64OqyHF8Re8OG,https://api.spotify.com/v1/tracks/6GaF6BZeX64OqyHF8Re8OG,https://api.spotify.com/v1/audio-analysis/6GaF6BZeX64OqyHF8Re8OG,252467,4
0.388,0.819,0,-4.509,1,0.0526,0.0263,0.289,0.27,0.681,148.008,audio_features,1octbK5vhy0qqcVxgXf2xd,spotify:track:1octbK5vhy0qqcVxgXf2xd,https://api.spotify.com/v1/tracks/1octbK5vhy0qqcVxgXf2xd,https://api.spotify.com/v1/audio-analysis/1octbK5vhy0qqcVxgXf2xd,147893,4
0.238,0.905,9,-7.117,1,0.101,0.000971,0.0233,0.728,0.436,148.863,audio_features,5Ipz5x7qcYgvvaM1qgNySO,spotify:track:5Ipz5x7qcYgvvaM1qgNySO,https://api.spotify.com/v1/tracks/5Ipz5x7qcYgvvaM1qgNySO,https://api.spotify.com/v1/audio-analysis/5Ipz5x7qcYgvvaM1qgNySO,128822,4
0.223,0.802,9,-7.893,1,0.0581,0.00216,0.277,0.091,0.358,160.036,audio_features,02iqnwTKqgdRrh7a282t4k,spotify:track:02iqnwTKqgdRrh7a282t4k,https://api.spotify.com/v1/tracks/02iqnwTKqgdRrh7a282t4k,https://api.spotify.com/v1/audio-analysis/02iqnwTKqgdRrh7a282t4k,263719,4
0.468,0.951,5,-6.081,0,0.0419,0.00018,0.00104,0.165,0.342,87.534,audio_features,3bbgGl4bARTmgOp64bJet0,spotify:track:3bbgGl4bARTmgOp64bJet0,https://api.spotify.com/v1/tracks/3bbgGl4bARTmgOp64bJet0,https://api.spotify.com/v1/audio-analysis/3bbgGl4bARTmgOp64bJet0,159932,4
0.499,0.978,2,-6.441,1,0.132,0.00141,3.82e-05,0.252,0.209,88.348,audio_features,1S1u3TRqAGDGJweG20RFYn,spotify:track:1S1u3TRqAGDGJweG20RFYn,https://api.spotify.com/v1/tracks/1S1u3TRqAGDGJweG20RFYn,https://api.spotify.com/v1/audio-analysis/1S1u3TRqAGDGJweG20RFYn,172170,4
0.466,0.71,9,-8.127,0,0.0513,0.000168,0.00524,0.121,0.335,97.281,audio_features,3g8oAJdR42AyKabak4Rlfn,spotify:track:3g8oAJdR42AyKabak4Rlfn,https://api.spotify.com/v1/tracks/3g8oAJdR42AyKabak4Rlfn,https://api.spotify.com/v1/audio-analysis/3g8oAJdR42AyKabak4Rlfn,107101,4
0.243,0.775,7,-7.726,1,0.0424,0.00151,0.0698,0.328,0.357,185.81,audio_features,75WpT9DbiznEWsNKTU71fY,spotify:track:75WpT9DbiznEWsNKTU71fY,https://api.spotify.com/v1/tracks/75WpT9DbiznEWsNKTU71fY,https://api.spotify.com/v1/audio-analysis/75WpT9DbiznEWsNKTU71fY,129649,4
0.488,0.817,2,-6.792,1,0.0464,0.000309,4.13e-06,0.147,0.588,93.665,audio_features,6oA2WSYrKGLgM1JBsdwdSo,spotify:track:6oA2WSYrKGLgM1JBsdwdSo,https://api.spotify.com/v1/tracks/6oA2WSYrKGLgM1JBsdwdSo,https://api.spotify.com/v1/audio-analysis/6oA2WSYrKGLgM1JBsdwdSo,106739,4
