danceability,energy,key,loudness,mode,speechiness,acousticness,instrumentalness,liveness,valence,tempo,type,id,uri,track_href,analysis_url,duration_ms,time_signature
0.243,0.935,5,-3.45,0,0.0983,0.000191,7.1e-05,0.0964,0.236,160.01,audio_features,0e7Nhkz1m36BjJxlwVUjJh,spotify:track:0e7Nhkz1m36BjJxlwVUjJh,https://api.spotify.com/v1/tracks/0e7Nhkz1m36BjJxlwVUjJh,https://api.spotify.com/v1/audio-analysis/0e7Nhkz1m36BjJxlwVUjJh,285227,4
0.243,0.935,5,-3.45,0,0.0983,0.000191,7.1e-05,0.0964,0.236,160.01,audio_features,0e7Nhkz1m36BjJxlwVUjJh,spotify:track:0e7Nhkz1m36BjJxlwVUjJh,https://api.spotify.com/v1/tracks/0e7Nhkz1m36BjJxlwVUjJh,https://api.spotify.com/v1/audio-analysis/0e7Nhkz1m36BjJxlwVUjJh,285227,4
0.265,0.955,4,-3.105,0,0.102,5.5e-05,0.000101,0.16,0.26,169.899,audio_features,2Rkq5FtGrTMlxLRt8d0QYN,spotify:track:2Rkq5FtGrTMlxLRt8d0QYN,https://api.spotify.com/v1/tracks/2Rkq5FtGrTMlxLRt8d0QYN,https://api.spotify.com/v1/audio-analysis/2Rkq5FtGrTMlxLRt8d0QYN,259093,4
0.254,0.945,7,-3.589,0,0.0812,4.59e-05,0.000266,0.175,0.245,170.065,audio_features,5x3B50YefOgsEDBR935dJQ,spotify:track:5x3B50YefOgsEDBR935dJQ,https://api.spotify.com/v1/tracks/5x3B50YefOgsEDBR935dJQ,https://api.spotify.com/v1/audio-analysis/5x3B50YefOgsEDBR935dJQ,270933,3
0.281,0.965,7,-3.309,1,0.0954,8.58e-05,3.57e-05,0.093,0.181,180.13,audio_features,4w83zufkPx7VI3oybCCNBs,spotify:track:4w83zufkPx7VI3oybCCNBs,https://api.spotify.com/v1/tracks/4w83zufkPx7VI3oybCCNBs,https://api.spotify.com/v1/audio-analysis/4w83zufkPx7VI3oybCCNBs,217747,4
0.36,0.947,0,-7.093,1,0.0909,0.000823,0.502,0.204,0.425,163.065,audio_features,57LTVY8oPSGy2a7c8SzJpD,spotify:track:57LTVY8oPSGy2a7c8SzJpD,https://api.spotify.com/v1/tracks/57LTVY8oPSGy2a7c8SzJpD,https://api.spotify.com/v1/audio-analysis/57LTVY8oPSGy2a7c8SzJpD,271667,4
0.298,0.96,11,-5.474,0,0.0859,7.44e-05,0.0718,0.164,0.105,110.473,audio_features,6hNA4yDJr0hGn0TlnmRVUQ,spotify:track:6hNA4yDJr0hGn0TlnmRVUQ,https://api.spotify.com/v1/tracks/6hNA4yDJr0hGn0TlnmRVUQ,https://api.spotify.com/v1/audio-analysis/6hNA4yDJr0hGn0TlnmRVUQ,249613,3
0.395,0.912,1,-5.238,1,0.062,0.000888,0,0.227,0.246,175.157,audio_features,4POJUFV0qevJyeAX0j2mxR,spotify:track:4POJUFV0qevJyeAX0j2mxR,https://api.spotify.com/v1/tracks/4POJUFV0qevJyeAX0j2mxR,https://api.spotify.com/v1/audio-analysis/4POJUFV0qevJyeAX0j2mxR,241107,4
0.533,0.882,3,-4.779,0,0.0473,1.79e-05,0.00361,0.211,0.454,128.974,audio_features,7nFgEVfefZjal4Qc2h9BBy,spotify:track:7nFgEVfefZjal4Qc2h9BBy,https://api.spotify.com/v1/tracks/7nFgEVfefZjal4Qc2h9BBy,https://api.spotify.com/v1/audio-analysis/7nFgEVfefZjal4Qc2h9BBy,249760,4
