danceability,energy,key,loudness,mode,speechiness,acousticness,instrumentalness,liveness,valence,tempo,type,id,uri,track_href,analysis_url,duration_ms,time_signature
0.472,0.971,1,-2.717,0,0.104,8.21e-05,0,0.124,0.466,134.981,audio_features,5M2FZXOEyH9JurBCxwESB9,spotify:track:5M2FZXOEyH9JurBCxwESB9,https://api.spotify.com/v1/tracks/5M2FZXOEyH9JurBCxwESB9,https://api.spotify.com/v1/audio-analysis/5M2FZXOEyH9JurBCxwESB9,230800,4
0.367,0.928,2,-4.408,0,0.156,0.00101,0,0.38,0.227,178.077,audio_features,2ypHcSPOKXYa34h98GGMUG,spotify:track:2ypHcSPOKXYa34h98GGMUG,https://api.spotify.com/v1/tracks/2ypHcSPOKXYa34h98GGMUG,https://api.spotify.com/v1/audio-analysis/2ypHcSPOKXYa34h98GGMUG,295227,4
0.421,0.761,1,-3.835,1,0.0362,0.00261,0,0.124,0.681,175.937,audio_features,50apupgIsboypmi9HgZ1vw,spotify:track:50apupgIsboypmi9HgZ1vw,https://api.spotify.com/v1/tracks/50apupgIsboypmi9HgZ1vw,https://api.spotify.com/v1/audio-analysis/50apupgIsboypmi9HgZ1vw,229853,4
0.663,0.772,4,-5.845,0,0.0754,0.0158,0,0.631,0.314,129.949,audio_features,0cXnjAxPFufEnH5U3yeSpo,spotify:track:0cXnjAxPFufEnH5U3yeSpo,https://api.spotify.com/v1/tracks/0cXnjAxPFufEnH5U3yeSpo,https://api.spotify.com/v1/audio-analysis/0cXnjAxPFufEnH5U3yeSpo,443080,4
0.565,0.856,4,-4.124,0,0.171,0.15,0,0.663,0.54,149.972,audio_features,2nlJY6MI23YkhoAJXw1cng,spotify:track:2nlJY6MI23YkhoAJXw1cng,https://api.spotify.com/v1/tracks/2nlJY6MI23YkhoAJXw1cng,https://api.spotify.com/v1/audio-analysis/2nlJY6MI23YkhoAJXw1cng,299093,4
0.891,0.613,1,-4.303,1,0.0618,0.0631,0,0.16,0.871,103.0,audio_features,6TI4Xp5PqozJuwgY7UqZ6G,spotify:track:6TI4Xp5PqozJuwgY7UqZ6G,https://api.spotify.com/v1/tracks/6TI4Xp5PqozJuwgY7UqZ6G,https://api.spotify.com/v1/audio-analysis/6TI4Xp5PqozJuwgY7UqZ6G,255853,4
0.212,0.983,7,-2.88,1,0.128,0.000319,2.84e-06,0.0829,0.252,156.272,audio_features,2AQoOgnqSQy8NDx5r2RQBP,spotify:track:2AQoOgnqSQy8NDx5r2RQBP,https://api.spotify.com/v1/tracks/2AQoOgnqSQy8NDx5r2RQBP,https://api.spotify.com/v1/audio-analysis/2AQoOgnqSQy8NDx5r2RQBP,297240,4
0.317,0.834,10,-4.219,1,0.0754,0.00111,2.24e-06,0.14,0.231,89.804,audio_features,7DtwEwGYdcZDlXDoDmW0zo,spotify:track:7DtwEwGYdcZDlXDoDmW0zo,https://api.spotify.com/v1/tracks/7DtwEwGYdcZDlXDoDmW0zo,https://api.spotify.com/v1/audio-analysis/7DtwEwGYdcZDlXDoDmW0zo,194907,4
0.265,0.965,10,-3.338,1,0.134,0.00331,0.000409,0.373,0.405,164.805,audio_features,64EGHCP6UjGLiCrgB57XeV,spotify:track:64EGHCP6UjGLiCrgB57XeV,https://api.spotify.com/v1/tracks/64EGHCP6UjGLiCrgB57XeV,https://api.spotify.com/v1/audio-analysis/64EGHCP6UjGLiCrgB57XeV,150627,4
