danceability,energy,key,loudness,mode,speechiness,acousticness,instrumentalness,liveness,valence,tempo,type,id,uri,track_href,analysis_url,duration_ms,time_signature
0.173,0.926,2,-4.027,1,0.132,0.000713,0.043,0.291,0.0703,201.231,audio_features,75rctYH1J87zkJ51c4cxaq,spotify:track:75rctYH1J87zkJ51c4cxaq,https://api.spotify.com/v1/tracks/75rctYH1J87zkJ51c4cxaq,https://api.spotify.com/v1/audio-analysis/75rctYH1J87zkJ51c4cxaq,235640,4
0.446,0.888,2,-6.37,0,0.0515,6.21e-05,0.00144,0.119,0.199,94.998,audio_features,46pBDlSgGAsZ42ufBX9KAh,spotify:track:46pBDlSgGAsZ42ufBX9KAh,https://api.spotify.com/v1/tracks/46pBDlSgGAsZ42ufBX9KAh,https://api.spotify.com/v1/audio-analysis/46pBDlSgGAsZ42ufBX9KAh,258400,3
0.455,0.982,7,-3.061,1,0.127,1.13e-05,0.0028,0.682,0.161,134.963,audio_features,6SB7E8zHBkr1haECnbJkDr,spotify:track:6SB7E8zHBkr1haECnbJkDr,https://api.spotify.com/v1/tracks/6SB7E8zHBkr1haECnbJkDr,https://api.spotify.com/v1/audio-analysis/6SB7E8zHBkr1haECnbJkDr,223267,4
0.268,0.921,2,-4.108,1,0.0825,7.44e-05,0,0.161,0.368,100.885,audio_features,46RPbrNlMO34jXLhze8ccJ,spotify:track:46RPbrNlMO34jXLhze8ccJ,https://api.spotify.com/v1/tracks/46RPbrNlMO34jXLhze8ccJ,https://api.spotify.com/v1/audio-analysis/46RPbrNlMO34jXLhze8ccJ,166440,3
0.369,0.971,5,-2.409,0,0.107,0.000987,2.86e-06,0.41,0.234,164.973,audio_features,2UDCudAJo9UtVmUw9A9YhA,spotify:track:2UDCudAJo9UtVmUw9A9YhA,https://api.spotify.com/v1/tracks/2UDCudAJo9UtVmUw9A9YhA,https://api.spotify.com/v1/audio-analysis/2UDCudAJo9UtVmUw9A9YhA,194347,4
0.343,0.973,5,-2.733,0,0.146,0.000729,3.53e-06,0.108,0.252,164.713,audio_features,1l6lMONz7l2W52ouMw2UlY,spotify:track:1l6lMONz7l2W52ouMw2UlY,https://api.spotify.com/v1/tracks/1l6lMONz7l2W52ouMw2UlY,https://api.spotify.com/v1/audio-analysis/1l6lMONz7l2W52ouMw2UlY,224733,4
0.529,0.964,2,-3.216,1,0.131,5.87e-05,2.05e-06,0.343,0.35,114.993,audio_features,1YEkEmQw1a9MuCCP8UooUq,spotify:track:1YEkEmQw1a9MuCCP8UooUq,https://api.spotify.com/v1/tracks/1YEkEmQw1a9MuCCP8UooUq,https://api.spotify.com/v1/audio-analysis/1YEkEmQw1a9MuCCP8UooUq,264573,4
0.47,0.937,6,-2.594,0,0.094,0.00016,3.31e-06,0.419,0.56,140.013,audio_features,62EIvq4Siq1vnAS4fweqFy,spotify:track:62EIvq4Siq1vnAS4fweqFy,https://api.spotify.com/v1/tracks/62EIvq4Siq1vnAS4fweqFy,https://api.spotify.com/v1/audio-analysis/62EIvq4Siq1vnAS4fweqFy,224493,4
0.496,0.968,6,-2.591,0,0.106,2.62e-05,0.00311,0.158,0.274,119.98,audio_features,36gZIlIZ4dR3TGwGTl58Hl,spotify:track:36gZIlIZ4dR3TGwGTl58Hl,https://api.spotify.com/v1/tracks/36gZIlIZ4dR3TGwGTl58Hl,https://api.spotify.com/v1/audio-analysis/36gZIlIZ4dR3TGwGTl58Hl,189253,4
