danceability,energy,key,loudness,mode,speechiness,acousticness,instrumentalness,liveness,valence,tempo,type,id,uri,track_href,analysis_url,duration_ms,time_signature
0.369,0.971,5,-2.409,0,0.107,0.000987,2.86e-06,0.41,0.234,164.973,audio_features,2UDCudAJo9UtVmUw9A9YhA,spotify:track:2UDCudAJo9UtVmUw9A9YhA,https://api.spotify.com/v1/tracks/2UDCudAJo9UtVmUw9A9YhA,https://api.spotify.com/v1/audio-analysis/2UDCudAJo9UtVmUw9A9YhA,194347,4
0.297,0.966,7,-5.981,1,0.141,0.00014,0,0.341,0.2,169.9,audio_features,1nJvtoK4O281tSPgFKPIab,spotify:track:1nJvtoK4O281tSPgFKPIab,https://api.spotify.com/v1/tracks/1nJvtoK4O281tSPgFKPIab,https://api.spotify.com/v1/audio-analysis/1nJvtoK4O281tSPgFKPIab,145853,4
0.411,0.807,2,-6.533,0,0.0826,0.00131,0,0.286,0.531,122.281,audio_features,129R0wSz5QPpmdwhro3JkA,spotify:track:129R0wSz5QPpmdwhro3JkA,https://api.spotify.com/v1/tracks/129R0wSz5QPpmdwhro3JkA,https://api.spotify.com/v1/audio-analysis/129R0wSz5QPpmdwhro3JkA,189467,4
0.48,0.936,5,-6.214,1,0.116,0.000167,0,0.277,0.31,130.073,audio_features,4kXAA0di6nDnM6OxDlAwFq,spotify:track:4kXAA0di6nDnM6OxDlAwFq,https://api.spotify.com/v1/tracks/4kXAA0di6nDnM6OxDlAwFq,https://api.spotify.com/v1/audio-analysis/4kXAA0di6nDnM6OxDlAwFq,191960,4
0.356,0.913,0,-7.66,1,0.0695,0.00203,0,0.138,0.307,119.985,audio_features,6FvF1WXIHbu6xXIfmuVsDP,spotify:track:6FvF1WXIHbu6xXIfmuVsDP,https://api.spotify.com/v1/tracks/6FvF1WXIHbu6xXIfmuVsDP,https://api.spotify.com/v1/audio-analysis/6FvF1WXIHbu6xXIfmuVsDP,248613,4
0.366,0.919,2,-6.375,0,0.16,0.000836,0,0.361,0.355,162.907,audio_features,0nP4aDV2WdbhlxPLznMpcQ,spotify:track:0nP4aDV2WdbhlxPLznMpcQ,https://api.spotify.com/v1/tracks/0nP4aDV2WdbhlxPLznMpcQ,https://api.spotify.com/v1/audio-analysis/0nP4aDV2WdbhlxPLznMpcQ,227667,4
0.347,0.901,5,-5.796,1,0.0859,0.00119,0,0.37,0.651,162.065,audio_features,0Hh8rg2MCRJH16CV3XgOQC,spotify:track:0Hh8rg2MCRJH16CV3XgOQC,https://api.spotify.com/v1/tracks/0Hh8rg2MCRJH16CV3XgOQC,https://api.spotify.com/v1/audio-analysis/0Hh8rg2MCRJH16CV3XgOQC,189920,3
0.396,0.935,9,-8.645,0,0.0732,0.000109,0.956,0.0743,0.0404,120.019,audio_features,4kVyadNN3gZMVGhhrOEmRx,spotify:track:4kVyadNN3gZMVGhhrOEmRx,https://api.spotify.com/v1/tracks/4kVyadNN3gZMVGhhrOEmRx,https://api.spotify.com/v1/audio-analysis/4kVyadNN3gZMVGhhrOEmRx,76440,4
0.17,0.874,5,-6.037,1,0.147,0.000985,0,0.0559,0.398,194.864,audio_features,2UoPM8fyjSYloQKkjfS8KC,spotify:track:2UoPM8fyjSYloQKkjfS8KC,https://api.spotify.com/v1/tracks/2UoPM8fyjSYloQKkjfS8KC,https://api.spotify.com/v1/audio-analysis/2UoPM8fyjSYloQKkjfS8KC,184347,3
