danceability,energy,key,loudness,mode,speechiness,acousticness,instrumentalness,liveness,valence,tempo,type,id,uri,track_href,analysis_url,duration_ms,time_signature
0.217,0.926,4,-3.28,0,0.0623,0.000142,0.000987,0.416,0.351,84.142,audio_features,146UE7we0gOcTQ118xmR0A,spotify:track:146UE7we0gOcTQ118xmR0A,https://api.spotify.com/v1/tracks/146UE7we0gOcTQ118xmR0A,https://api.spotify.com/v1/audio-analysis/146UE7we0gOcTQ118xmR0A,198693,4
0.32,0.93,9,-2.184,1,0.0561,0.000223,0,0.286,0.699,185.123,audio_features,6ndXnz0WqdTAcISxebMUIK,spotify:track:6ndXnz0WqdTAcISxebMUIK,https://api.spotify.com/v1/tracks/6ndXnz0WqdTAcISxebMUIK,https://api.spotify.com/v1/audio-analysis/6ndXnz0WqdTAcISxebMUIK,193885,4
0.52,0.871,2,-2.541,1,0.0326,0.00729,0,0.454,0.276,114.024,audio_features,4TfDUfGjr1FqbX0BhNlVmk,spotify:track:4TfDUfGjr1FqbX0BhNlVmk,https://api.spotify.com/v1/tracks/4TfDUfGjr1FqbX0BhNlVmk,https://api.spotify.com/v1/audio-analysis/4TfDUfGjr1FqbX0BhNlVmk,256842,4
0.259,0.951,1,-3.905,1,0.127,0.000302,0,0.141,0.531,119.962,audio_features,4CGSKfhSprOIDtMt2FDGTb,spotify:track:4CGSKfhSprOIDtMt2FDGTb,https://api.spotify.com/v1/tracks/4CGSKfhSprOIDtMt2FDGTb,https://api.spotify.com/v1/audio-analysis/4CGSKfhSprOIDtMt2FDGTb,191187,4
0.323,0.952,10,-3.679,1,0.0991,0.00033,0.000118,0.609,0.357,160.0,audio_features,0wWIO1TB4QWHxnSIuOOri5,spotify:track:0wWIO1TB4QWHxnSIuOOri5,https://api.spotify.com/v1/tracks/0wWIO1TB4QWHxnSIuOOri5,https://api.spotify.com/v1/audio-analysis/0wWIO1TB4QWHxnSIuOOri5,168840,4
0.45,0.943,0,-1.845,0,0.0598,0.000175,0,0.362,0.481,135.052,audio_features,4ErbfB6DFf7gy8LXSpal7L,spotify:track:4ErbfB6DFf7gy8LXSpal7L,https://api.spotify.com/v1/tracks/4ErbfB6DFf7gy8LXSpal7L,https://api.spotify.com/v1/audio-analysis/4ErbfB6DFf7gy8LXSpal7L,201778,4
0.458,0.939,5,-3.702,1,0.115,0.016,0,0.288,0.447,168.158,audio_features,77vNp4OsXJdDt3OwlQW0HS,spotify:track:77vNp4OsXJdDt3OwlQW0HS,https://api.spotify.com/v1/tracks/77vNp4OsXJdDt3OwlQW0HS,https://api.spotify.com/v1/audio-analysis/77vNp4OsXJdDt3OwlQW0HS,204440,4
0.606,0.786,0,-6.573,1,0.341,0.362,0,0.358,0.56,138.152,audio_features,0O1JM7CfWK4jqdAfqBUaIY,spotify:track:0O1JM7CfWK4jqdAfqBUaIY,https://api.spotify.com/v1/tracks/0O1JM7CfWK4jqdAfqBUaIY,https://api.spotify.com/v1/audio-analysis/0O1JM7CfWK4jqdAfqBUaIY,182867,4
0.591,0.97,5,-4.107,0,0.114,0.00886,0,0.174,0.461,148.062,audio_features,1YT8RiexjSXtUcLjD92N8V,spotify:track:1YT8RiexjSXtUcLjD92N8V,https://api.spotify.com/v1/tracks/1YT8RiexjSXtUcLjD92N8V,https://api.spotify.com/v1/audio-analysis/1YT8RiexjSXtUcLjD92N8V,162920,4
