danceability,energy,key,loudness,mode,speechiness,acousticness,instrumentalness,liveness,valence,tempo,type,id,uri,track_href,analysis_url,duration_ms,time_signature
0.525,0.873,7,-4.601,0,0.14,0.0322,0,0.13,0.44,167.861,audio_features,2vY5isgw6pEB9HKyAexkZz,spotify:track:2vY5isgw6pEB9HKyAexkZz,https://api.spotify.com/v1/tracks/2vY5isgw6pEB9HKyAexkZz,https://api.spotify.com/v1/audio-analysis/2vY5isgw6pEB9HKyAexkZz,162947,4
0.43,0.975,0,-4.661,0,0.194,0.000484,0,0.0498,0.311,170.006,audio_features,2aJ6dsUek4wzLALkUgTapG,spotify:track:2aJ6dsUek4wzLALkUgTapG,https://api.spotify.com/v1/tracks/2aJ6dsUek4wzLALkUgTapG,https://api.spotify.com/v1/audio-analysis/2aJ6dsUek4wzLALkUgTapG,146120,4
0.243,0.946,8,-6.159,1,0.134,1.45e-05,0,0.0785,0.25,135.913,audio_features,6ADhcc9v360jcf1VmN3qqr,spotify:track:6ADhcc9v360jcf1VmN3qqr,https://api.spotify.com/v1/tracks/6ADhcc9v360jcf1VmN3qqr,https://api.spotify.com/v1/audio-analysis/6ADhcc9v360jcf1VmN3qqr,216560,4
0.348,0.986,5,-3.475,1,0.188,0.00947,0,0.385,0.13,113.336,audio_features,5zTRs4RaVcuRtirLIpZumD,spotify:track:5zTRs4RaVcuRtirLIpZumD,https://api.spotify.com/v1/tracks/5zTRs4RaVcuRtirLIpZumD,https://api.spotify.com/v1/audio-analysis/5zTRs4RaVcuRtirLIpZumD,206387,4
0.549,0.931,5,-4.37,0,0.0976,0.00391,5.7e-06,0.543,0.342,129.949,audio_features,2cfkvgO24AU0hsFRqZegpK,spotify:track:2cfkvgO24AU0hsFRqZegpK,https://api.spotify.com/v1/tracks/2cfkvgO24AU0hsFRqZegpK,https://api.spotify.com/v1/audio-analysis/2cfkvgO24AU0hsFRqZegpK,97667,4
0.525,0.514,4,-11.014,1,0.769,0.913,0,0.932,0.565,103.971,audio_features,7nmpfCXEiaF9A4zItU3h8w,spotify:track:7nmpfCXEiaF9A4zItU3h8w,https://api.spotify.com/v1/tracks/7nmpfCXEiaF9A4zItU3h8w,https://api.spotify.com/v1/audio-analysis/7nmpfCXEiaF9A4zItU3h8w,63400,3
0.333,0.814,9,-3.148,1,0.0582,0.000654,0,0.0829,0.3,180.123,audio_features,1yZdPcGLJUXEyjU0b9t3Zz,spotify:track:1yZdPcGLJUXEyjU0b9t3Zz,https://api.spotify.com/v1/tracks/1yZdPcGLJUXEyjU0b9t3Zz,https://api.spotify.com/v1/audio-analysis/1yZdPcGLJUXEyjU0b9t3Zz,206680,4
0.233,0.823,9,-3.799,1,0.0523,0.00104,0,0.211,0.216,187.96,audio_features,0jqyUIoEHCSUdZWkkVrkZw,spotify:track:0jqyUIoEHCSUdZWkkVrkZw,https://api.spotify.com/v1/tracks/0jqyUIoEHCSUdZWkkVrkZw,https://api.spotify.com/v1/audio-analysis/0jqyUIoEHCSUdZWkkVrkZw,179747,4
0.271,0.844,8,-3.047,1,0.073,0.00132,0,0.0413,0.576,174.964,audio_features,6YyHrFzMT7sZjzXNJawXFy,spotify:track:6YyHrFzMT7sZjzXNJawXFy,https://api.spotify.com/v1/tracks/6YyHrFzMT7sZjzXNJawXFy,https://api.spotify.com/v1/audio-analysis/6YyHrFzMT7sZjzXNJawXFy,183387,4
