danceability,energy,key,loudness,mode,speechiness,acousticness,instrumentalness,liveness,valence,tempo,type,id,uri,track_href,analysis_url,duration_ms,time_signature
0.816,0.849,11,-4.41,1,0.26,0.0811,0,0.0616,0.844,94.007,audio_features,5Y6TvhJuUxqAqCwuOs641w,spotify:track:5Y6TvhJuUxqAqCwuOs641w,https://api.spotify.com/v1/tracks/5Y6TvhJuUxqAqCwuOs641w,https://api.spotify.com/v1/audio-analysis/5Y6TvhJuUxqAqCwuOs641w,258000,4
0.483,0.847,6,-5.042,1,0.349,0.0373,0,0.118,0.67,104.919,audio_features,2e2jSI2Bqb5ju6S1UdFsrr,spotify:track:2e2jSI2Bqb5ju6S1UdFsrr,https://api.spotify.com/v1/tracks/2e2jSI2Bqb5ju6S1UdFsrr,https://api.spotify.com/v1/audio-analysis/2e2jSI2Bqb5ju6S1UdFsrr,251373,4
0.575,0.905,9,-2.372,1,0.338,0.253,0,0.269,0.753,110.165,audio_features,0RMr1YqH6Mv6HeklKsl76e,spotify:track:0RMr1YqH6Mv6HeklKsl76e,https://api.spotify.com/v1/tracks/0RMr1YqH6Mv6HeklKsl76e,https://api.spotify.com/v1/audio-analysis/0RMr1YqH6Mv6HeklKsl76e,270973,5
0.871,0.883,11,-5.075,0,0.105,0.0155,0,0.14,0.581,125.037,audio_features,43l58ibG1ezgEbFZQUHr7y,spotify:track:43l58ibG1ezgEbFZQUHr7y,https://api.spotify.com/v1/tracks/43l58ibG1ezgEbFZQUHr7y,https://api.spotify.com/v1/audio-analysis/43l58ibG1ezgEbFZQUHr7y,231507,4
0.621,0.976,8,-3.422,1,0.199,0.108,3.49e-06,0.188,0.759,180.089,audio_features,5WKe8aAH2BLnKLb4l4lwI0,spotify:track:5WKe8aAH2BLnKLb4l4lwI0,https://api.spotify.com/v1/tracks/5WKe8aAH2BLnKLb4l4lwI0,https://api.spotify.com/v1/audio-analysis/5WKe8aAH2BLnKLb4l4lwI0,235867,4
0.671,0.775,8,-8.085,0,0.285,0.0243,3.26e-06,0.0481,0.645,150.089,audio_features,79DGkPqgRzAyeTC2iRVH9i,spotify:track:79DGkPqgRzAyeTC2iRVH9i,https://api.spotify.com/v1/tracks/79DGkPqgRzAyeTC2iRVH9i,https://api.spotify.com/v1/audio-analysis/79DGkPqgRzAyeTC2iRVH9i,249253,4
0.6,0.869,4,-5.565,0,0.315,0.0364,0,0.287,0.786,85.409,audio_features,5GCz9BOkt17aI6ZOR3EiUl,spotify:track:5GCz9BOkt17aI6ZOR3EiUl,https://api.spotify.com/v1/tracks/5GCz9BOkt17aI6ZOR3EiUl,https://api.spotify.com/v1/audio-analysis/5GCz9BOkt17aI6ZOR3EiUl,175667,4
0.4,0.915,0,-4.89,1,0.28,0.0846,0,0.0503,0.878,88.917,audio_features,2a1o6ZejUi8U3wzzOtCOYw,spotify:track:2a1o6ZejUi8U3wzzOtCOYw,https://api.spotify.com/v1/tracks/2a1o6ZejUi8U3wzzOtCOYw,https://api.spotify.com/v1/audio-analysis/2a1o6ZejUi8U3wzzOtCOYw,198773,3
0.759,0.81,10,-5.161,0,0.11,0.0491,0,0.0946,0.421,127.01,audio_features,4vfg6j6xZjF9qiAWohZthQ,spotify:track:4vfg6j6xZjF9qiAWohZthQ,https://api.spotify.com/v1/tracks/4vfg6j6xZjF9qiAWohZthQ,https://api.spotify.com/v1/audio-analysis/4vfg6j6xZjF9qiAWohZthQ,244093,4
