danceability,energy,key,loudness,mode,speechiness,acousticness,instrumentalness,liveness,valence,tempo,type,id,uri,track_href,analysis_url,duration_ms,time_signature
0.262,0.606,8,-6.646,1,0.0484,0.247,0,0.125,0.275,189.857,audio_features,3zHq9ouUJQFQRf3cm1rRLu,spotify:track:3zHq9ouUJQFQRf3cm1rRLu,https://api.spotify.com/v1/tracks/3zHq9ouUJQFQRf3cm1rRLu,https://api.spotify.com/v1/audio-analysis/3zHq9ouUJQFQRf3cm1rRLu,252534,4
0.748,0.788,1,-7.055,1,0.0334,0.0591,0,0.0863,0.884,120.076,audio_features,494OU6M7NOf4ICYb4zWCf5,spotify:track:494OU6M7NOf4ICYb4zWCf5,https://api.spotify.com/v1/tracks/494OU6M7NOf4ICYb4zWCf5,https://api.spotify.com/v1/audio-analysis/494OU6M7NOf4ICYb4zWCf5,235493,4
0.665,0.621,10,-8.571,1,0.0524,0.38,0,0.119,0.632,147.975,audio_features,0kdiUZDcLIFw0Buo9r0Q4z,spotify:track:0kdiUZDcLIFw0Buo9r0Q4z,https://api.spotify.com/v1/tracks/0kdiUZDcLIFw0Buo9r0Q4z,https://api.spotify.com/v1/audio-analysis/0kdiUZDcLIFw0Buo9r0Q4z,222400,4
0.737,0.437,6,-8.129,1,0.282,0.9,0,0.0988,0.766,78.457,audio_features,7BLsJZLFZ9embZ0vkCEYLN,spotify:track:7BLsJZLFZ9embZ0vkCEYLN,https://api.spotify.com/v1/tracks/7BLsJZLFZ9embZ0vkCEYLN,https://api.spotify.com/v1/audio-analysis/7BLsJZLFZ9embZ0vkCEYLN,186270,4
0.935,0.694,11,-5.849,0,0.101,0.0963,1.2e-06,0.479,0.834,123.824,audio_features,1m4dXbkplvaOO4Wbdjbwxs,spotify:track:1m4dXbkplvaOO4Wbdjbwxs,https://api.spotify.com/v1/tracks/1m4dXbkplvaOO4Wbdjbwxs,https://api.spotify.com/v1/audio-analysis/1m4dXbkplvaOO4Wbdjbwxs,181240,4
0.554,0.743,9,-6.016,1,0.0287,0.0251,0,0.359,0.673,72.997,audio_features,2YMhrXQYKkm4kXLcXKKd5z,spotify:track:2YMhrXQYKkm4kXLcXKKd5z,https://api.spotify.com/v1/tracks/2YMhrXQYKkm4kXLcXKKd5z,https://api.spotify.com/v1/audio-analysis/2YMhrXQYKkm4kXLcXKKd5z,205733,4
0.69,0.416,7,-7.865,1,0.0335,0.617,1.37e-06,0.102,0.479,82.45,audio_features,6ZOPiKQeibCn7fP8dncucL,spotify:track:6ZOPiKQeibCn7fP8dncucL,https://api.spotify.com/v1/tracks/6ZOPiKQeibCn7fP8dncucL,https://api.spotify.com/v1/audio-analysis/6ZOPiKQeibCn7fP8dncucL,230600,3
0.493,0.781,3,-6.356,1,0.0449,0.249,0,0.116,0.489,178.015,audio_features,6fndSocvpEUYd5OFDGNYzj,spotify:track:6fndSocvpEUYd5OFDGNYzj,https://api.spotify.com/v1/tracks/6fndSocvpEUYd5OFDGNYzj,https://api.spotify.com/v1/audio-analysis/6fndSocvpEUYd5OFDGNYzj,194427,4
0.635,0.903,7,-3.588,1,0.0323,0.0472,0,0.255,0.559,100.08,audio_features,1HehGmky06OZLM9Vz2PRZL,spotify:track:1HehGmky06OZLM9Vz2PRZL,https://api.spotify.com/v1/tracks/1HehGmky06OZLM9Vz2PRZL,https://api.spotify.com/v1/audio-analysis/1HehGmky06OZLM9Vz2PRZL,182693,4
0.606,0.476,7,-6.577,1,0.032,0.138,0,0.112,0.197,146.052,audio_features,5BbYPT6ehZf0hSv2su6JAl,spotify:track:5BbYPT6ehZf0hSv2su6JAl,https://api.spotify.com/v1/tracks/5BbYPT6ehZf0hSv2su6JAl,https://api.spotify.com/v1/audio-analysis/5BbYPT6ehZf0hSv2su6JAl,225693,4
0.635,0.903,7,-3.588,1,0.0323,0.0472,0,0.255,0.559,100.08,audio_features,1HehGmky06OZLM9Vz2PRZL,spotify:track:1HehGmky06OZLM9Vz2PRZL,https://api.spotify.com/v1/tracks/1HehGmky06OZLM9Vz2PRZL,https://api.spotify.com/v1/audio-analysis/1HehGmky06OZLM9Vz2PRZL,182693,4
0.613,0.839,9,-3.799,0,0.0352,0.000854,0,0.341,0.526,104.975,audio_features,2d48mamATjby7wgPjdrSOQ,spotify:track:2d48mamATjby7wgPjdrSOQ,https://api.spotify.com/v1/tracks/2d48mamATjby7wgPjdrSOQ,https://api.spotify.com/v1/audio-analysis/2d48mamATjby7wgPjdrSOQ,223627,4
0.661,0.75,7,-5.497,1,0.0314,0.0303,0.000132,0.0849,0.828,130.077,audio_features,30MM5jWpUmOxtTNd9Ey5LZ,spotify:track:30MM5jWpUmOxtTNd9Ey5LZ,https://api.spotify.com/v1/tracks/30MM5jWpUmOxtTNd9Ey5LZ,https://api.spotify.com/v1/audio-analysis/30MM5jWpUmOxtTNd9Ey5LZ,157080,4
0.439,0.454,0,-8.669,1,0.0308,0.279,0,0.123,0.354,204.263,audio_features,2wmEryA2YLaFwFvA63n3O2,spotify:track:2wmEryA2YLaFwFvA63n3O2,https://api.spotify.com/v1/tracks/2wmEryA2YLaFwFvA63n3O2,https://api.spotify.com/v1/audio-analysis/2wmEryA2YLaFwFvA63n3O2,249360,4
