danceability,energy,key,loudness,mode,speechiness,acousticness,instrumentalness,liveness,valence,tempo,type,id,uri,track_href,analysis_url,duration_ms,time_signature
0.492,0.275,6,-13.4,0,0.3,0.687,0,0.101,0.18,92.6,audio_features,7vRriwrloYVaoAe3a9wJHe,spotify:track:7vRriwrloYVaoAe3a9wJHe,https://api.spotify.com/v1/tracks/7vRriwrloYVaoAe3a9wJHe,https://api.spotify.com/v1/audio-analysis/7vRriwrloYVaoAe3a9wJHe,251034,4
0.612,0.799,10,-4.603,1,0.0275,0.00898,0,0.172,0.687,125.976,audio_features,7zVCrzzEJU7u24sbJPXA5W,spotify:track:7zVCrzzEJU7u24sbJPXA5W,https://api.spotify.com/v1/tracks/7zVCrzzEJU7u24sbJPXA5W,https://api.spotify.com/v1/audio-analysis/7zVCrzzEJU7u24sbJPXA5W,188253,4
0.574,0.937,5,-4.34,1,0.112,0.0453,0,0.242,0.446,103.006,audio_features,6DRsEO5yuEGBF87qpyMB4d,spotify:track:6DRsEO5yuEGBF87qpyMB4d,https://api.spotify.com/v1/tracks/6DRsEO5yuEGBF87qpyMB4d,https://api.spotify.com/v1/audio-analysis/6DRsEO5yuEGBF87qpyMB4d,217333,4
0.589,0.641,5,-8.12,1,0.0838,0.205,0,0.0864,0.57,160.031,audio_features,5fSPbm5lcwtqwXkeQQswW8,spotify:track:5fSPbm5lcwtqwXkeQQswW8,https://api.spotify.com/v1/tracks/5fSPbm5lcwtqwXkeQQswW8,https://api.spotify.com/v1/audio-analysis/5fSPbm5lcwtqwXkeQQswW8,179347,4
0.586,0.92,7,-3.749,1,0.064,0.0241,6.32e-06,0.173,0.639,100.023,audio_features,5B5kks8fzAEICYXb5mjZ37,spotify:track:5B5kks8fzAEICYXb5mjZ37,https://api.spotify.com/v1/tracks/5B5kks8fzAEICYXb5mjZ37,https://api.spotify.com/v1/audio-analysis/5B5kks8fzAEICYXb5mjZ37,211960,4
0.681,0.856,11,-5.166,0,0.0517,0.0224,0,0.188,0.755,132.011,audio_features,7EAFj7eJcMF5koWSRJVZcL,spotify:track:7EAFj7eJcMF5koWSRJVZcL,https://api.spotify.com/v1/tracks/7EAFj7eJcMF5koWSRJVZcL,https://api.spotify.com/v1/audio-analysis/7EAFj7eJcMF5koWSRJVZcL,184040,4
0.622,0.763,9,-6.4,1,0.0263,0.055,8.91e-06,0.313,0.621,102.0,audio_features,1vBpwxsLVwaR4evBIaFmqD,spotify:track:1vBpwxsLVwaR4evBIaFmqD,https://api.spotify.com/v1/tracks/1vBpwxsLVwaR4evBIaFmqD,https://api.spotify.com/v1/audio-analysis/1vBpwxsLVwaR4evBIaFmqD,220800,4
0.732,0.458,5,-7.225,1,0.0311,0.447,0,0.136,0.661,98.938,audio_features,7mldq42yDuxiUNn08nvzHO,spotify:track:7mldq42yDuxiUNn08nvzHO,https://api.spotify.com/v1/tracks/7mldq42yDuxiUNn08nvzHO,https://api.spotify.com/v1/audio-analysis/7mldq42yDuxiUNn08nvzHO,165387,4
0.443,0.817,7,-3.729,1,0.0511,0.318,0,0.374,0.652,168.1,audio_features,4VFE6ZNqa8jHAmbYICoAFg,spotify:track:4VFE6ZNqa8jHAmbYICoAFg,https://api.spotify.com/v1/tracks/4VFE6ZNqa8jHAmbYICoAFg,https://api.spotify.com/v1/audio-analysis/4VFE6ZNqa8jHAmbYICoAFg,183413,4
