danceability,energy,key,loudness,mode,speechiness,acousticness,instrumentalness,liveness,valence,tempo,type,id,uri,track_href,analysis_url,duration_ms,time_signature
0.745,0.868,10,-5.252,0,0.0383,0.00805,0.000582,0.143,0.785,122.024,audio_features,1jpAiRFJzYnfYgHUmCPUvG,spotify:track:1jpAiRFJzYnfYgHUmCPUvG,https://api.spotify.com/v1/tracks/1jpAiRFJzYnfYgHUmCPUvG,https://api.spotify.com/v1/audio-analysis/1jpAiRFJzYnfYgHUmCPUvG,199811,4
0.298,0.398,9,-11.077,0,0.0363,0.0976,0.001,0.167,0.0619,117.888,audio_features,4Z3FgvDnUIsUEWXgpNilAc,spotify:track:4Z3FgvDnUIsUEWXgpNilAc,https://api.spotify.com/v1/tracks/4Z3FgvDnUIsUEWXgpNilAc,https://api.spotify.com/v1/audio-analysis/4Z3FgvDnUIsUEWXgpNilAc,215490,4
0.586,0.492,0,-8.114,0,0.0252,0.337,4.47e-05,0.112,0.0897,108.006,audio_features,1sz0fuWEAcPkCfG5o7D9KP,spotify:track:1sz0fuWEAcPkCfG5o7D9KP,https://api.spotify.com/v1/tracks/1sz0fuWEAcPkCfG5o7D9KP,https://api.spotify.com/v1/audio-analysis/1sz0fuWEAcPkCfG5o7D9KP,222222,4
0.683,0.342,10,-11.698,1,0.025,0.748,0.000264,0.107,0.502,99.029,audio_features,6O55F5DmlUkAVK8OMZ4fhr,spotify:track:6O55F5DmlUkAVK8OMZ4fhr,https://api.spotify.com/v1/tracks/6O55F5DmlUkAVK8OMZ4fhr,https://api.spotify.com/v1/audio-analysis/6O55F5DmlUkAVK8OMZ4fhr,235333,4
0.373,0.686,0,-5.52,1,0.034,0.128,1.96e-06,0.383,0.189,93.763,audio_features,7yFMhCJOsH7khgpdnyrZAZ,spotify:track:7yFMhCJOsH7khgpdnyrZAZ,https://api.spotify.com/v1/tracks/7yFMhCJOsH7khgpdnyrZAZ,https://api.spotify.com/v1/audio-analysis/7yFMhCJOsH7khgpdnyrZAZ,289080,4
0.516,0.181,5,-15.718,0,0.0293,0.751,5.47e-05,0.125,0.0843,61.493,audio_features,7oBuzlW4oRMA9NfVLFbzXH,spotify:track:7oBuzlW4oRMA9NfVLFbzXH,https://api.spotify.com/v1/tracks/7oBuzlW4oRMA9NfVLFbzXH,https://api.spotify.com/v1/audio-analysis/7oBuzlW4oRMA9NfVLFbzXH,219024,4
0.604,0.953,11,-2.784,0,0.08,0.000846,0.0268,0.262,0.65,129.981,audio_features,3ZcliWyfH4Q0OcwTLRVCIr,spotify:track:3ZcliWyfH4Q0OcwTLRVCIr,https://api.spotify.com/v1/tracks/3ZcliWyfH4Q0OcwTLRVCIr,https://api.spotify.com/v1/audio-analysis/3ZcliWyfH4Q0OcwTLRVCIr,145385,4
0.715,0.931,7,-3.793,1,0.0565,0.171,0,0.0757,0.742,120.025,audio_features,3cOO5IQtOYs7huq4Z6lYfr,spotify:track:3cOO5IQtOYs7huq4Z6lYfr,https://api.spotify.com/v1/tracks/3cOO5IQtOYs7huq4Z6lYfr,https://api.spotify.com/v1/audio-analysis/3cOO5IQtOYs7huq4Z6lYfr,224853,4
0.53,0.483,4,-7.921,1,0.0297,0.317,7.91e-05,0.0892,0.192,121.0,audio_features,3xFGySUQbSEsAm8BD6R97g,spotify:track:3xFGySUQbSEsAm8BD6R97g,https://api.spotify.com/v1/tracks/3xFGySUQbSEsAm8BD6R97g,https://api.spotify.com/v1/audio-analysis/3xFGySUQbSEsAm8BD6R97g,209066,4
