danceability,energy,key,loudness,mode,speechiness,acousticness,instrumentalness,liveness,valence,tempo,type,id,uri,track_href,analysis_url,duration_ms,time_signature
0.878,0.441,10,-5.693,0,0.119,0.0165,0.183,0.15,0.152,133.059,audio_features,6gwrGypLuCiU6r7DijWsCI,spotify:track:6gwrGypLuCiU6r7DijWsCI,https://api.spotify.com/v1/tracks/6gwrGypLuCiU6r7DijWsCI,https://api.spotify.com/v1/audio-analysis/6gwrGypLuCiU6r7DijWsCI,109525,4
0.653,0.216,4,-13.419,1,0.059,0.886,0.000478,0.0913,0.151,84.016,audio_features,4GqO5O2C3z8OTt2W2ceHqg,spotify:track:4GqO5O2C3z8OTt2W2ceHqg,https://api.spotify.com/v1/tracks/4GqO5O2C3z8OTt2W2ceHqg,https://api.spotify.com/v1/audio-analysis/4GqO5O2C3z8OTt2W2ceHqg,254491,4
0.643,0.768,11,-7.212,1,0.0311,0.00265,1.45e-05,0.361,0.662,127.979,audio_features,4OFjzrYebr0OLX65lJk7rR,spotify:track:4OFjzrYebr0OLX65lJk7rR,https://api.spotify.com/v1/tracks/4OFjzrYebr0OLX65lJk7rR,https://api.spotify.com/v1/audio-analysis/4OFjzrYebr0OLX65lJk7rR,213050,4
0.664,0.501,0,-9.589,1,0.0292,0.196,0.243,0.0955,0.165,150.039,audio_features,1szZ3bIPsIN4ok9DIrNqmJ,spotify:track:1szZ3bIPsIN4ok9DIrNqmJ,https://api.spotify.com/v1/tracks/1szZ3bIPsIN4ok9DIrNqmJ,https://api.spotify.com/v1/audio-analysis/1szZ3bIPsIN4ok9DIrNqmJ,259827,4
0.604,0.944,11,-4.147,1,0.141,0.0023,0,0.306,0.921,137.992,audio_features,7rUb0OnJbhItAwalUZ1fN4,spotify:track:7rUb0OnJbhItAwalUZ1fN4,https://api.spotify.com/v1/tracks/7rUb0OnJbhItAwalUZ1fN4,https://api.spotify.com/v1/audio-analysis/7rUb0OnJbhItAwalUZ1fN4,197790,4
0.386,0.122,0,-11.702,1,0.0308,0.967,1.37e-05,0.0677,0.112,91.498,audio_features,5P8yb16pAKKp84TwNOPNYH,spotify:track:5P8yb16pAKKp84TwNOPNYH,https://api.spotify.com/v1/tracks/5P8yb16pAKKp84TwNOPNYH,https://api.spotify.com/v1/audio-analysis/5P8yb16pAKKp84TwNOPNYH,209995,4
0.44,0.532,9,-8.594,1,0.0285,0.0464,0.000591,0.0977,0.11,138.052,audio_features,1GHMXCmwvmiYuAOHwLBnZa,spotify:track:1GHMXCmwvmiYuAOHwLBnZa,https://api.spotify.com/v1/tracks/1GHMXCmwvmiYuAOHwLBnZa,https://api.spotify.com/v1/audio-analysis/1GHMXCmwvmiYuAOHwLBnZa,208696,4
0.644,0.267,0,-10.002,1,0.0306,0.684,4.4e-05,0.137,0.22,129.7,audio_features,6O2yCemynZfMiI9OztaqNl,spotify:track:6O2yCemynZfMiI9OztaqNl,https://api.spotify.com/v1/tracks/6O2yCemynZfMiI9OztaqNl,https://api.spotify.com/v1/audio-analysis/6O2yCemynZfMiI9OztaqNl,221507,4
0.511,0.972,11,-3.808,0,0.0875,0.0115,4.8e-05,0.0801,0.556,129.921,audio_features,4vqLlX7oemL8hsG3piq785,spotify:track:4vqLlX7oemL8hsG3piq785,https://api.spotify.com/v1/tracks/4vqLlX7oemL8hsG3piq785,https://api.spotify.com/v1/audio-analysis/4vqLlX7oemL8hsG3piq785,204560,4
