danceability,energy,key,loudness,mode,speechiness,acousticness,instrumentalness,liveness,valence,tempo,type,id,uri,track_href,analysis_url,duration_ms,time_signature
0.46,0.91,3,-3.71,1,0.0525,0.000585,0.00155,0.0735,0.327,73.019,audio_features,5u2FOoFhp495GIj5BJC77J,spotify:track:5u2FOoFhp495GIj5BJC77J,https://api.spotify.com/v1/tracks/5u2FOoFhp495GIj5BJC77J,https://api.spotify.com/v1/audio-analysis/5u2FOoFhp495GIj5BJC77J,278587,4
0.397,0.975,2,-3.532,0,0.365,0.00152,0,0.118,0.451,192.021,audio_features,3ouugfdFz6exFXUxu7wRvD,spotify:track:3ouugfdFz6exFXUxu7wRvD,https://api.spotify.com/v1/tracks/3ouugfdFz6exFXUxu7wRvD,https://api.spotify.com/v1/audio-analysis/3ouugfdFz6exFXUxu7wRvD,250240,4
0.403,0.965,6,-2.238,1,0.0964,3.81e-05,0.000276,0.341,0.431,112.363,audio_features,1IT0WQk5J8NsaeII8ktdlZ,spotify:track:1IT0WQk5J8NsaeII8ktdlZ,https://api.spotify.com/v1/tracks/1IT0WQk5J8NsaeII8ktdlZ,https://api.spotify.com/v1/audio-analysis/1IT0WQk5J8NsaeII8ktdlZ,236293,4
0.239,0.969,11,-3.547,0,0.27,0.0224,9.24e-05,0.452,0.245,93.565,audio_features,4MjJlPgUYMQjvHOQq0uvOv,spotify:track:4MjJlPgUYMQjvHOQq0uvOv,https://api.spotify.com/v1/tracks/4MjJlPgUYMQjvHOQq0uvOv,https://api.spotify.com/v1/audio-analysis/4MjJlPgUYMQjvHOQq0uvOv,183782,4
0.569,0.83,9,-4.106,0,0.14,0.0807,0,0.114,0.609,170.094,audio_features,4bPQs0PHn4xbipzdPfn6du,spotify:track:4bPQs0PHn4xbipzdPfn6du,https://api.spotify.com/v1/tracks/4bPQs0PHn4xbipzdPfn6du,https://api.spotify.com/v1/audio-analysis/4bPQs0PHn4xbipzdPfn6du,186635,4
0.572,0.912,7,-4.875,1,0.0707,0.00155,1.2e-06,0.102,0.606,156.073,audio_features,3yZQk5PC52CCmT4ZaTIKvv,spotify:track:3yZQk5PC52CCmT4ZaTIKvv,https://api.spotify.com/v1/tracks/3yZQk5PC52CCmT4ZaTIKvv,https://api.spotify.com/v1/audio-analysis/3yZQk5PC52CCmT4ZaTIKvv,187187,4
0.562,0.904,1,-4.947,1,0.0807,0.00302,0,0.0433,0.651,94.481,audio_features,3px2rAPu74ltbkf9eZsZ8h,spotify:track:3px2rAPu74ltbkf9eZsZ8h,https://api.spotify.com/v1/tracks/3px2rAPu74ltbkf9eZsZ8h,https://api.spotify.com/v1/audio-analysis/3px2rAPu74ltbkf9eZsZ8h,158667,4
0.467,0.952,1,-3.387,0,0.09,0.00109,0,0.212,0.489,136.005,audio_features,6NpUCODxbUGkruC9WCno5I,spotify:track:6NpUCODxbUGkruC9WCno5I,https://api.spotify.com/v1/tracks/6NpUCODxbUGkruC9WCno5I,https://api.spotify.com/v1/audio-analysis/6NpUCODxbUGkruC9WCno5I,213147,4
