danceability,energy,key,loudness,mode,speechiness,acousticness,instrumentalness,liveness,valence,tempo,type,id,uri,track_href,analysis_url,duration_ms,time_signature
0.355,0.899,7,-1.406,0,0.133,0.00032,0.918,0.0947,0.0735,191.648,audio_features,6HgWcisb1icZ70GNkFX9G1,spotify:track:6HgWcisb1icZ70GNkFX9G1,https://api.spotify.com/v1/tracks/6HgWcisb1icZ70GNkFX9G1,https://api.spotify.com/v1/audio-analysis/6HgWcisb1icZ70GNkFX9G1,295787,3
0.602,0.965,10,-0.959,1,0.074,0.000269,0.00202,0.0859,0.215,128.14,audio_features,7ipioDTtamvmdNHwQDsOKc,spotify:track:7ipioDTtamvmdNHwQDsOKc,https://api.spotify.com/v1/tracks/7ipioDTtamvmdNHwQDsOKc,https://api.spotify.com/v1/audio-analysis/7ipioDTtamvmdNHwQDsOKc,196875,4
0.648,0.891,11,-3.464,0,0.0655,8.75e-05,0.497,0.105,0.183,128.002,audio_features,5G704aGDpvefJ6whgkmeR0,spotify:track:5G704aGDpvefJ6whgkmeR0,https://api.spotify.com/v1/tracks/5G704aGDpvefJ6whgkmeR0,https://api.spotify.com/v1/audio-analysis/5G704aGDpvefJ6whgkmeR0,203438,4
0.631,0.959,0,-4.703,1,0.0465,0.0221,0.773,0.105,0.152,127.978,audio_features,7wkHXAtquMS0hHQI5iVjEx,spotify:track:7wkHXAtquMS0hHQI5iVjEx,https://api.spotify.com/v1/tracks/7wkHXAtquMS0hHQI5iVjEx,https://api.spotify.com/v1/audio-analysis/7wkHXAtquMS0hHQI5iVjEx,349031,4
0.741,0.939,1,-2.314,1,0.159,0.0052,0.851,0.352,0.152,128.005,audio_features,5GMliftbplzL1dFWnnutfC,spotify:track:5GMliftbplzL1dFWnnutfC,https://api.spotify.com/v1/tracks/5GMliftbplzL1dFWnnutfC,https://api.spotify.com/v1/audio-analysis/5GMliftbplzL1dFWnnutfC,216307,4
0.427,0.662,7,-7.223,1,0.0649,0.00148,0.000277,0.115,0.186,159.981,audio_features,100pCH9jeWJKKyK2sYtasx,spotify:track:100pCH9jeWJKKyK2sYtasx,https://api.spotify.com/v1/tracks/100pCH9jeWJKKyK2sYtasx,https://api.spotify.com/v1/audio-analysis/100pCH9jeWJKKyK2sYtasx,226080,4
0.601,0.959,0,-4.014,1,0.0405,0.00913,0.0553,0.0944,0.334,128.01,audio_features,6ElsyVt4QaTFnPz6OqVX4R,spotify:track:6ElsyVt4QaTFnPz6OqVX4R,https://api.spotify.com/v1/tracks/6ElsyVt4QaTFnPz6OqVX4R,https://api.spotify.com/v1/audio-analysis/6ElsyVt4QaTFnPz6OqVX4R,280184,4
0.479,0.898,6,-4.077,0,0.0431,4.87e-05,0.144,0.0673,0.311,128.088,audio_features,03oL5fV4T4Yqm2DLSOAGb2,spotify:track:03oL5fV4T4Yqm2DLSOAGb2,https://api.spotify.com/v1/tracks/03oL5fV4T4Yqm2DLSOAGb2,https://api.spotify.com/v1/audio-analysis/03oL5fV4T4Yqm2DLSOAGb2,263593,4
0.697,0.855,6,-6.207,0,0.0468,0.0143,0.016,0.0405,0.361,127.977,audio_features,75mrizH133atPU9k8f3P5e,spotify:track:75mrizH133atPU9k8f3P5e,https://api.spotify.com/v1/tracks/75mrizH133atPU9k8f3P5e,https://api.spotify.com/v1/audio-analysis/75mrizH133atPU9k8f3P5e,343123,4
