danceability,energy,key,loudness,mode,speechiness,acousticness,instrumentalness,liveness,valence,tempo,type,id,uri,track_href,analysis_url,duration_ms,time_signature
0.677,0.885,1,-2.946,1,0.0658,0.00425,0.861,0.052,0.186,128.037,audio_features,1MSKr74HXcrgx6kZA8qXZD,spotify:track:1MSKr74HXcrgx6kZA8qXZD,https://api.spotify.com/v1/tracks/1MSKr74HXcrgx6kZA8qXZD,https://api.spotify.com/v1/audio-analysis/1MSKr74HXcrgx6kZA8qXZD,277500,4
0.644,0.926,1,-2.629,1,0.0566,0.0254,0.00536,0.186,0.04,132.034,audio_features,4XC1n7cIvks7I1ONCWm3W1,spotify:track:4XC1n7cIvks7I1ONCWm3W1,https://api.spotify.com/v1/tracks/4XC1n7cIvks7I1ONCWm3W1,https://api.spotify.com/v1/audio-analysis/4XC1n7cIvks7I1ONCWm3W1,254545,4
0.694,0.9,5,-5.245,1,0.0456,0.0989,0.946,0.473,0.293,127.997,audio_features,7DDVwZpfYLtpyRua3Zgi6E,spotify:track:7DDVwZpfYLtpyRua3Zgi6E,https://api.spotify.com/v1/tracks/7DDVwZpfYLtpyRua3Zgi6E,https://api.spotify.com/v1/audio-analysis/7DDVwZpfYLtpyRua3Zgi6E,183750,4
0.575,0.89,2,-3.169,1,0.0416,0.034,3.23e-06,0.047,0.206,128.041,audio_features,6rK8YLvFotZ78rb9m6MeqE,spotify:track:6rK8YLvFotZ78rb9m6MeqE,https://api.spotify.com/v1/tracks/6rK8YLvFotZ78rb9m6MeqE,https://api.spotify.com/v1/audio-analysis/6rK8YLvFotZ78rb9m6MeqE,278174,4
0.63,0.943,6,-4.185,0,0.0365,0.000328,0.726,0.938,0.409,127.976,audio_features,0TFpP51bxLJfon3qgmzMH6,spotify:track:0TFpP51bxLJfon3qgmzMH6,https://api.spotify.com/v1/tracks/0TFpP51bxLJfon3qgmzMH6,https://api.spotify.com/v1/audio-analysis/0TFpP51bxLJfon3qgmzMH6,294375,4
0.66,0.877,2,-3.591,1,0.0574,0.0019,0.006,0.077,0.431,127.991,audio_features,5JAWOFteEjFCLowgOxMRTO,spotify:track:5JAWOFteEjFCLowgOxMRTO,https://api.spotify.com/v1/tracks/5JAWOFteEjFCLowgOxMRTO,https://api.spotify.com/v1/audio-analysis/5JAWOFteEjFCLowgOxMRTO,200628,4
0.665,0.958,9,-3.954,1,0.0423,0.0196,0.85,0.286,0.0446,129.997,audio_features,16IgAAip8OdSjdC2L9Ff2J,spotify:track:16IgAAip8OdSjdC2L9Ff2J,https://api.spotify.com/v1/tracks/16IgAAip8OdSjdC2L9Ff2J,https://api.spotify.com/v1/audio-analysis/16IgAAip8OdSjdC2L9Ff2J,356075,4
0.407,0.725,5,-5.346,0,0.188,0.0141,2.46e-06,0.306,0.247,196.093,audio_features,1sNSG13fsK6KPKKNIQXXrh,spotify:track:1sNSG13fsK6KPKKNIQXXrh,https://api.spotify.com/v1/tracks/1sNSG13fsK6KPKKNIQXXrh,https://api.spotify.com/v1/audio-analysis/1sNSG13fsK6KPKKNIQXXrh,247267,4
0.794,0.978,5,-2.36,0,0.0773,0.00512,0.199,0.0456,0.869,142.043,audio_features,0d7bKurRfbbKvfWbzmU3Kw,spotify:track:0d7bKurRfbbKvfWbzmU3Kw,https://api.spotify.com/v1/tracks/0d7bKurRfbbKvfWbzmU3Kw,https://api.spotify.com/v1/audio-analysis/0d7bKurRfbbKvfWbzmU3Kw,156761,4
