danceability,energy,key,loudness,mode,speechiness,acousticness,instrumentalness,liveness,valence,tempo,type,id,uri,track_href,analysis_url,duration_ms,time_signature
0.78,0.938,0,-4.034,1,0.0791,0.071,0.144,0.154,0.407,127.0,audio_features,7HsBPZz9DNjSoknVFsOwAh,spotify:track:7HsBPZz9DNjSoknVFsOwAh,https://api.spotify.com/v1/tracks/7HsBPZz9DNjSoknVFsOwAh,https://api.spotify.com/v1/audio-analysis/7HsBPZz9DNjSoknVFsOwAh,221236,4
0.656,0.809,5,-5.747,0,0.129,0.0306,0.492,0.224,0.0416,128.008,audio_features,7Ir9FxNOxe0m9VYONnP4nM,spotify:track:7Ir9FxNOxe0m9VYONnP4nM,https://api.spotify.com/v1/tracks/7Ir9FxNOxe0m9VYONnP4nM,https://api.spotify.com/v1/audio-analysis/7Ir9FxNOxe0m9VYONnP4nM,261560,4
0.493,0.918,8,-4.37,1,0.0583,0.000136,0.909,0.887,0.209,128.022,audio_features,16TCrAFw6KQkVAkUArLGZP,spotify:track:16TCrAFw6KQkVAkUArLGZP,https://api.spotify.com/v1/tracks/16TCrAFw6KQkVAkUArLGZP,https://api.spotify.com/v1/audio-analysis/16TCrAFw6KQkVAkUArLGZP,185500,4
0.618,0.981,8,-3.398,0,0.064,0.0042,0.83,0.214,0.426,139.993,audio_features,1E1W75qdcuzw7rUrWWOiOb,spotify:track:1E1W75qdcuzw7rUrWWOiOb,https://api.spotify.com/v1/tracks/1E1W75qdcuzw7rUrWWOiOb,https://api.spotify.com/v1/audio-analysis/1E1W75qdcuzw7rUrWWOiOb,287143,4
0.695,0.957,7,-5.588,1,0.414,0.00233,0.119,0.143,0.397,144.991,audio_features,6jgW3aGIRhVnZh5eLG0b3r,spotify:track:6jgW3aGIRhVnZh5eLG0b3r,https://api.spotify.com/v1/tracks/6jgW3aGIRhVnZh5eLG0b3r,https://api.spotify.com/v1/audio-analysis/6jgW3aGIRhVnZh5eLG0b3r,188690,4
0.556,0.975,6,-3.367,0,0.0396,0.000151,0.323,0.234,0.366,127.982,audio_features,3ihHag3PvrMLT5OCJtQF6e,spotify:track:3ihHag3PvrMLT5OCJtQF6e,https://api.spotify.com/v1/tracks/3ihHag3PvrMLT5OCJtQF6e,https://api.spotify.com/v1/audio-analysis/3ihHag3PvrMLT5OCJtQF6e,232508,4
0.593,0.984,5,-3.778,0,0.0597,0.00223,0.92,0.395,0.0786,127.997,audio_features,1cyAbOWkD8iDN5D1o5trXk,spotify:track:1cyAbOWkD8iDN5D1o5trXk,https://api.spotify.com/v1/tracks/1cyAbOWkD8iDN5D1o5trXk,https://api.spotify.com/v1/audio-analysis/1cyAbOWkD8iDN5D1o5trXk,292500,4
0.66,0.837,1,-6.448,1,0.0445,0.00266,0.91,0.306,0.26,128.015,audio_features,1UI9XWPGWIEqjz0ssmdPuc,spotify:track:1UI9XWPGWIEqjz0ssmdPuc,https://api.spotify.com/v1/tracks/1UI9XWPGWIEqjz0ssmdPuc,https://api.spotify.com/v1/audio-analysis/1UI9XWPGWIEqjz0ssmdPuc,331875,4
0.58,0.753,0,-6.758,1,0.0437,2.59e-05,0.928,0.0823,0.0466,128.395,audio_features,5RejCe8ZwAdyhf9dqjTkxI,spotify:track:5RejCe8ZwAdyhf9dqjTkxI,https://api.spotify.com/v1/tracks/5RejCe8ZwAdyhf9dqjTkxI,https://api.spotify.com/v1/audio-analysis/5RejCe8ZwAdyhf9dqjTkxI,284000,4
