danceability,energy,key,loudness,mode,speechiness,acousticness,instrumentalness,liveness,valence,tempo,type,id,uri,track_href,analysis_url,duration_ms,time_signature
0.629,0.918,10,-7.883,1,0.0483,0.000272,0.861,0.066,0.037,129.994,audio_features,5Xf4P2dSvHy23f9fmaa58L,spotify:track:5Xf4P2dSvHy23f9fmaa58L,https://api.spotify.com/v1/tracks/5Xf4P2dSvHy23f9fmaa58L,https://api.spotify.com/v1/audio-analysis/5Xf4P2dSvHy23f9fmaa58L,352593,4
0.542,0.879,6,-1.427,0,0.0921,0.0523,0,0.171,0.118,159.888,audio_features,2RpKh7kXSdO8NLrW9VQ46p,spotify:track:2RpKh7kXSdO8NLrW9VQ46p,https://api.spotify.com/v1/tracks/2RpKh7kXSdO8NLrW9VQ46p,https://api.spotify.com/v1/audio-analysis/2RpKh7kXSdO8NLrW9VQ46p,210000,4
0.525,0.538,11,-9.366,0,0.0783,0.14,0.117,0.095,0.802,175.953,audio_features,085XpQzAKm4nAfcfRp2get,spotify:track:085XpQzAKm4nAfcfRp2get,https://api.spotify.com/v1/tracks/085XpQzAKm4nAfcfRp2get,https://api.spotify.com/v1/audio-analysis/085XpQzAKm4nAfcfRp2get,291162,4
0.837,0.942,7,-2.764,1,0.24,0.00206,0.721,0.0646,0.0397,128.01,audio_features,58AczkXOv9CAFw3Gmi5QxO,spotify:track:58AczkXOv9CAFw3Gmi5QxO,https://api.spotify.com/v1/tracks/58AczkXOv9CAFw3Gmi5QxO,https://api.spotify.com/v1/audio-analysis/58AczkXOv9CAFw3Gmi5QxO,285000,4
0.513,0.769,10,-4.45,0,0.0396,0.0984,3.83e-05,0.266,0.174,128.07,audio_features,5gqtxYfxVHLy7TtyzwVIK5,spotify:track:5gqtxYfxVHLy7TtyzwVIK5,https://api.spotify.com/v1/tracks/5gqtxYfxVHLy7TtyzwVIK5,https://api.spotify.com/v1/audio-analysis/5gqtxYfxVHLy7TtyzwVIK5,254250,4
0.658,0.93,5,-2.912,0,0.141,0.0236,0,0.578,0.132,104.018,audio_features,1RJZLVGpBG9nNZiHRQSWTp,spotify:track:1RJZLVGpBG9nNZiHRQSWTp,https://api.spotify.com/v1/tracks/1RJZLVGpBG9nNZiHRQSWTp,https://api.spotify.com/v1/audio-analysis/1RJZLVGpBG9nNZiHRQSWTp,237680,4
0.746,0.978,7,-4.338,1,0.138,0.0009,0.00444,0.181,0.318,127.993,audio_features,07FCO89K4Wz5dgNKNht2F8,spotify:track:07FCO89K4Wz5dgNKNht2F8,https://api.spotify.com/v1/tracks/07FCO89K4Wz5dgNKNht2F8,https://api.spotify.com/v1/audio-analysis/07FCO89K4Wz5dgNKNht2F8,303760,4
0.82,0.875,1,-3.711,1,0.0517,0.000657,0.757,0.0567,0.0605,128.007,audio_features,466V7ttNvuLO8ELoujauso,spotify:track:466V7ttNvuLO8ELoujauso,https://api.spotify.com/v1/tracks/466V7ttNvuLO8ELoujauso,https://api.spotify.com/v1/audio-analysis/466V7ttNvuLO8ELoujauso,275583,4
0.464,0.904,0,-4.471,1,0.0909,0.00902,0.0362,0.0546,0.0561,127.939,audio_features,6NKVHO8qZ7y0ZLTh90PUyY,spotify:track:6NKVHO8qZ7y0ZLTh90PUyY,https://api.spotify.com/v1/tracks/6NKVHO8qZ7y0ZLTh90PUyY,https://api.spotify.com/v1/audio-analysis/6NKVHO8qZ7y0ZLTh90PUyY,367640,4
