danceability,energy,key,loudness,mode,speechiness,acousticness,instrumentalness,liveness,valence,tempo,type,id,uri,track_href,analysis_url,duration_ms,time_signature
0.758,0.823,2,-0.928,0,0.0429,0.00266,0.00306,0.0773,0.379,130.016,audio_features,7mgBAyhwLXvWx7QCQ75AzH,spotify:track:7mgBAyhwLXvWx7QCQ75AzH,https://api.spotify.com/v1/tracks/7mgBAyhwLXvWx7QCQ75AzH,https://api.spotify.com/v1/audio-analysis/7mgBAyhwLXvWx7QCQ75AzH,209538,4
0.568,0.977,1,-2.121,1,0.0356,0.000893,0.699,0.0587,0.0856,128.016,audio_features,6aQAmmN4hVfxJOchkgNImp,spotify:track:6aQAmmN4hVfxJOchkgNImp,https://api.spotify.com/v1/tracks/6aQAmmN4hVfxJOchkgNImp,https://api.spotify.com/v1/audio-analysis/6aQAmmN4hVfxJOchkgNImp,184687,4
0.636,0.879,10,-2.862,1,0.0702,0.000732,0.446,0.324,0.395,128.004,audio_features,21UjDoYP6WJrhIeWjie8Iv,spotify:track:21UjDoYP6WJrhIeWjie8Iv,https://api.spotify.com/v1/tracks/21UjDoYP6WJrhIeWjie8Iv,https://api.spotify.com/v1/audio-analysis/21UjDoYP6WJrhIeWjie8Iv,221250,4
0.688,0.906,1,-4.886,1,0.0469,0.002,0.714,0.0476,0.165,129.993,audio_features,4YHVhvuTn82xLlj9rNpNUN,spotify:track:4YHVhvuTn82xLlj9rNpNUN,https://api.spotify.com/v1/tracks/4YHVhvuTn82xLlj9rNpNUN,https://api.spotify.com/v1/audio-analysis/4YHVhvuTn82xLlj9rNpNUN,327827,4
0.432,0.781,4,-4.038,0,0.0567,0.041,4.21e-06,0.0789,0.197,139.432,audio_features,66hayvUbTotekKU3H4ta1f,spotify:track:66hayvUbTotekKU3H4ta1f,https://api.spotify.com/v1/tracks/66hayvUbTotekKU3H4ta1f,https://api.spotify.com/v1/audio-analysis/66hayvUbTotekKU3H4ta1f,250286,4
0.698,0.897,7,-5.568,1,0.169,0.0135,0.267,0.356,0.125,127.961,audio_features,6olpxpSEXXterxGpBZVGe2,spotify:track:6olpxpSEXXterxGpBZVGe2,https://api.spotify.com/v1/tracks/6olpxpSEXXterxGpBZVGe2,https://api.spotify.com/v1/audio-analysis/6olpxpSEXXterxGpBZVGe2,210019,4
0.778,0.9,5,-3.293,0,0.143,0.0285,0.118,0.141,0.241,128.004,audio_features,0VW5GoY9MAGucDq6W2MGQq,spotify:track:0VW5GoY9MAGucDq6W2MGQq,https://api.spotify.com/v1/tracks/0VW5GoY9MAGucDq6W2MGQq,https://api.spotify.com/v1/audio-analysis/0VW5GoY9MAGucDq6W2MGQq,194368,4
0.723,0.809,7,-3.081,0,0.0625,0.00346,0.00123,0.565,0.274,98.007,audio_features,4WjH9Bzt3kx7z8kl0awxh4,spotify:track:4WjH9Bzt3kx7z8kl0awxh4,https://api.spotify.com/v1/tracks/4WjH9Bzt3kx7z8kl0awxh4,https://api.spotify.com/v1/audio-analysis/4WjH9Bzt3kx7z8kl0awxh4,176561,4
0.692,0.968,1,-3.606,1,0.0458,0.00115,0.766,0.0732,0.415,127.957,audio_features,53ctqsJg0nAwVTuH2jHVZu,spotify:track:53ctqsJg0nAwVTuH2jHVZu,https://api.spotify.com/v1/tracks/53ctqsJg0nAwVTuH2jHVZu,https://api.spotify.com/v1/audio-analysis/53ctqsJg0nAwVTuH2jHVZu,247515,4
