danceability,energy,key,loudness,mode,speechiness,acousticness,instrumentalness,liveness,valence,tempo,type,id,uri,track_href,analysis_url,duration_ms,time_signature
0.525,0.914,3,-4.183,1,0.0705,2.64e-05,0.00127,0.0573,0.461,111.145,audio_features,0rlPOzWbNVui2ABuI5OFhL,spotify:track:0rlPOzWbNVui2ABuI5OFhL,https://api.spotify.com/v1/tracks/0rlPOzWbNVui2ABuI5OFhL,https://api.spotify.com/v1/audio-analysis/0rlPOzWbNVui2ABuI5OFhL,195307,4
0.557,0.886,11,-4.196,0,0.0498,0.000595,9.84e-05,0.0904,0.17,114.025,audio_features,6lq2Md99XWG4TnVNP9cNm0,spotify:track:6lq2Md99XWG4TnVNP9cNm0,https://api.spotify.com/v1/tracks/6lq2Md99XWG4TnVNP9cNm0,https://api.spotify.com/v1/audio-analysis/6lq2Md99XWG4TnVNP9cNm0,262440,4
0.328,0.939,2,-1.654,0,0.0423,4.93e-05,0.0065,0.337,0.329,185.971,audio_features,0pJUUPm7vb34VNImGEkg0L,spotify:track:0pJUUPm7vb34VNImGEkg0L,https://api.spotify.com/v1/tracks/0pJUUPm7vb34VNImGEkg0L,https://api.spotify.com/v1/audio-analysis/0pJUUPm7vb34VNImGEkg0L,233987,4
0.486,0.715,9,-3.397,0,0.0316,0.0097,6.04e-05,0.134,0.225,153.358,audio_features,2VJxr7OFb8IaRwuJreHjSM,spotify:track:2VJxr7OFb8IaRwuJreHjSM,https://api.spotify.com/v1/tracks/2VJxr7OFb8IaRwuJreHjSM,https://api.spotify.com/v1/audio-analysis/2VJxr7OFb8IaRwuJreHjSM,234200,4
0.305,0.913,3,-4.711,1,0.0746,0.00017,0.000111,0.0884,0.443,127.327,audio_features,6pQZQeaM5n1HAEbPaob9S6,spotify:track:6pQZQeaM5n1HAEbPaob9S6,https://api.spotify.com/v1/tracks/6pQZQeaM5n1HAEbPaob9S6,https://api.spotify.com/v1/audio-analysis/6pQZQeaM5n1HAEbPaob9S6,232667,5
0.217,0.92,8,-4.479,1,0.0628,2.86e-05,0,0.102,0.376,167.169,audio_features,44NRdYQw7P0GWuiunRv3hr,spotify:track:44NRdYQw7P0GWuiunRv3hr,https://api.spotify.com/v1/tracks/44NRdYQw7P0GWuiunRv3hr,https://api.spotify.com/v1/audio-analysis/44NRdYQw7P0GWuiunRv3hr,246040,4
0.362,0.923,2,-5.192,1,0.0727,3.87e-05,0.00566,0.476,0.444,99.003,audio_features,1lrwHbZhCXUhb7zI0VcIPA,spotify:track:1lrwHbZhCXUhb7zI0VcIPA,https://api.spotify.com/v1/tracks/1lrwHbZhCXUhb7zI0VcIPA,https://api.spotify.com/v1/audio-analysis/1lrwHbZhCXUhb7zI0VcIPA,290067,4
0.591,0.966,0,-6.444,0,0.0529,0.000104,0.000103,0.0922,0.581,125.056,audio_features,4QEFQlNFerDnWvNU8NASiV,spotify:track:4QEFQlNFerDnWvNU8NASiV,https://api.spotify.com/v1/tracks/4QEFQlNFerDnWvNU8NASiV,https://api.spotify.com/v1/audio-analysis/4QEFQlNFerDnWvNU8NASiV,222726,4
0.695,0.876,3,-4.262,0,0.0553,0.000996,6.89e-06,0.106,0.941,89.954,audio_features,40rvBMQizxkIqnjPdEWY1v,spotify:track:40rvBMQizxkIqnjPdEWY1v,https://api.spotify.com/v1/tracks/40rvBMQizxkIqnjPdEWY1v,https://api.spotify.com/v1/audio-analysis/40rvBMQizxkIqnjPdEWY1v,279213,4
0.43,0.704,1,-8.008,0,0.0804,0.000155,0.00221,0.0933,0.703,118.242,audio_features,7fcfNW0XxTWlwVlftzfDOR,spotify:track:7fcfNW0XxTWlwVlftzfDOR,https://api.spotify.com/v1/tracks/7fcfNW0XxTWlwVlftzfDOR,https://api.spotify.com/v1/audio-analysis/7fcfNW0XxTWlwVlftzfDOR,315120,4
0.325,0.985,11,-3.941,1,0.151,0.00177,0.107,0.351,0.221,125.307,audio_features,5LyRtsQLhcXmy50VXhQXXS,spotify:track:5LyRtsQLhcXmy50VXhQXXS,https://api.spotify.com/v1/tracks/5LyRtsQLhcXmy50VXhQXXS,https://api.spotify.com/v1/audio-analysis/5LyRtsQLhcXmy50VXhQXXS,392600,4
0.412,0.658,4,-12.051,0,0.0708,4.52e-05,0.000774,0.176,0.454,163.071,audio_features,1Y373MqadDRtclJNdnUXVc,spotify:track:1Y373MqadDRtclJNdnUXVc,https://api.spotify.com/v1/tracks/1Y373MqadDRtclJNdnUXVc,https://api.spotify.com/v1/audio-analysis/1Y373MqadDRtclJNdnUXVc,168406,4
0.781,0.689,11,-5.809,0,0.0388,0.00519,0,0.117,0.316,103.017,audio_features,6a6mrB62BlftAfY2Pg2JSt,spotify:track:6a6mrB62BlftAfY2Pg2JSt,https://api.spotify.com/v1/tracks/6a6mrB62BlftAfY2Pg2JSt,https://api.spotify.com/v1/audio-analysis/6a6mrB62BlftAfY2Pg2JSt,195600,4
0.395,0.392,1,-8.034,1,0.0925,0.219,0.00173,0.134,0.103,155.856,audio_features,432hUIl3ISDeytYW5XBQ5h,spotify:track:432hUIl3ISDeytYW5XBQ5h,https://api.spotify.com/v1/tracks/432hUIl3ISDeytYW5XBQ5h,https://api.spotify.com/v1/audio-analysis/432hUIl3ISDeytYW5XBQ5h,301587,4
0.684,0.851,9,-9.792,1,0.0407,0.000613,0.0029,0.535,0.512,112.662,audio_features,4tvBoSWeIW0bjhKNre5mod,spotify:track:4tvBoSWeIW0bjhKNre5mod,https://api.spotify.com/v1/tracks/4tvBoSWeIW0bjhKNre5mod,https://api.spotify.com/v1/audio-analysis/4tvBoSWeIW0bjhKNre5mod,234080,4
0.652,0.871,5,-3.136,0,0.034,0.000535,1.23e-05,0.357,0.938,128.822,audio_features,1OBMSzh2ocRqK2gUFaMBSM,spotify:track:1OBMSzh2ocRqK2gUFaMBSM,https://api.spotify.com/v1/tracks/1OBMSzh2ocRqK2gUFaMBSM,https://api.spotify.com/v1/audio-analysis/1OBMSzh2ocRqK2gUFaMBSM,215560,4
0.671,0.672,0,-3.094,0,0.0688,0.0329,0,0.118,0.632,97.979,audio_features,1OAh8uOEOvTDqkKFsKksCi,spotify:track:1OAh8uOEOvTDqkKFsKksCi,https://api.spotify.com/v1/tracks/1OAh8uOEOvTDqkKFsKksCi,https://api.spotify.com/v1/audio-analysis/1OAh8uOEOvTDqkKFsKksCi,204173,4
