danceability,energy,key,loudness,mode,speechiness,acousticness,instrumentalness,liveness,valence,tempo,type,id,uri,track_href,analysis_url,duration_ms,time_signature
0.928,0.771,3,-5.935,0,0.251,0.102,1.07e-05,0.338,0.679,93.987,audio_features,1EM23A621Z0QyTlWKu7T1l,spotify:track:1EM23A621Z0QyTlWKu7T1l,https://api.spotify.com/v1/tracks/1EM23A621Z0QyTlWKu7T1l,https://api.spotify.com/v1/audio-analysis/1EM23A621Z0QyTlWKu7T1l,231160,4
0.849,0.499,2,-7.872,1,0.271,0.117,4.97e-05,0.268,0.504,92.982,audio_features,0aULRU35N9kTj6O1xMULRR,spotify:track:0aULRU35N9kTj6O1xMULRR,https://api.spotify.com/v1/tracks/0aULRU35N9kTj6O1xMULRR,https://api.spotify.com/v1/audio-analysis/0aULRU35N9kTj6O1xMULRR,359973,4
0.47,0.83,9,-5.35,1,0.115,0.00474,0,0.339,0.587,90.967,audio_features,2wzMOVWqLMBNx7wVvJ7tt0,spotify:track:2wzMOVWqLMBNx7wVvJ7tt0,https://api.spotify.com/v1/tracks/2wzMOVWqLMBNx7wVvJ7tt0,https://api.spotify.com/v1/audio-analysis/2wzMOVWqLMBNx7wVvJ7tt0,218187,4
0.84,0.798,8,-5.079,1,0.0699,0.045,4.32e-05,0.172,0.695,100.175,audio_features,4rLpAOk5KVNcqEMK3m6Lje,spotify:track:4rLpAOk5KVNcqEMK3m6Lje,https://api.spotify.com/v1/tracks/4rLpAOk5KVNcqEMK3m6Lje,https://api.spotify.com/v1/audio-analysis/4rLpAOk5KVNcqEMK3m6Lje,246347,4
0.792,0.503,8,-8.359,1,0.276,0.0198,0,0.347,0.663,87.847,audio_features,4SZ3B3y1TbwTK4OIXMOVEy,spotify:track:4SZ3B3y1TbwTK4OIXMOVEy,https://api.spotify.com/v1/tracks/4SZ3B3y1TbwTK4OIXMOVEy,https://api.spotify.com/v1/audio-analysis/4SZ3B3y1TbwTK4OIXMOVEy,336960,4
0.845,0.884,6,-4.506,0,0.0759,0.0128,2.1e-06,0.203,0.904,104.536,audio_features,4INDiWSKvqSKDEu7mh8HFz,spotify:track:4INDiWSKvqSKDEu7mh8HFz,https://api.spotify.com/v1/tracks/4INDiWSKvqSKDEu7mh8HFz,https://api.spotify.com/v1/audio-analysis/4INDiWSKvqSKDEu7mh8HFz,257400,4
0.901,0.697,9,-3.439,1,0.28,0.145,0,0.287,0.67,93.941,audio_features,7KwZNVEaqikRSBSpyhXK2j,spotify:track:7KwZNVEaqikRSBSpyhXK2j,https://api.spotify.com/v1/tracks/7KwZNVEaqikRSBSpyhXK2j,https://api.spotify.com/v1/audio-analysis/7KwZNVEaqikRSBSpyhXK2j,229827,4
0.835,0.707,8,-5.074,1,0.0598,0.0219,2.19e-05,0.108,0.919,93.955,audio_features,2mKouqwAIdQnMP43zxR89r,spotify:track:2mKouqwAIdQnMP43zxR89r,https://api.spotify.com/v1/tracks/2mKouqwAIdQnMP43zxR89r,https://api.spotify.com/v1/audio-analysis/2mKouqwAIdQnMP43zxR89r,267093,4
0.872,0.673,2,-6.879,1,0.108,0.00802,0,0.155,0.527,162.781,audio_features,2Lg4kvhOrPhpGEZmSe7VAN,spotify:track:2Lg4kvhOrPhpGEZmSe7VAN,https://api.spotify.com/v1/tracks/2Lg4kvhOrPhpGEZmSe7VAN,https://api.spotify.com/v1/audio-analysis/2Lg4kvhOrPhpGEZmSe7VAN,287000,4
