danceability,energy,key,loudness,mode,speechiness,acousticness,instrumentalness,liveness,valence,tempo,type,id,uri,track_href,analysis_url,duration_ms,time_signature
0.953,0.428,8,-17.199,1,0.298,0.0079,0.0302,0.224,0.723,131.737,audio_features,76YDsWGWezclVy9Z6sDGhf,spotify:track:76YDsWGWezclVy9Z6sDGhf,https://api.spotify.com/v1/tracks/76YDsWGWezclVy9Z6sDGhf,https://api.spotify.com/v1/audio-analysis/76YDsWGWezclVy9Z6sDGhf,237000,4
0.871,0.648,10,-7.825,0,0.278,0.266,0,0.2,0.629,92.296,audio_features,6lEIjrQNwJPecJ7mMXjhjo,spotify:track:6lEIjrQNwJPecJ7mMXjhjo,https://api.spotify.com/v1/tracks/6lEIjrQNwJPecJ7mMXjhjo,https://api.spotify.com/v1/audio-analysis/6lEIjrQNwJPecJ7mMXjhjo,355067,4
0.729,0.581,5,-8.235,0,0.18,0.0777,3.81e-06,0.696,0.508,74.038,audio_features,1dF5Y2dd7Wm4wZKvVjWBpr,spotify:track:1dF5Y2dd7Wm4wZKvVjWBpr,https://api.spotify.com/v1/tracks/1dF5Y2dd7Wm4wZKvVjWBpr,https://api.spotify.com/v1/audio-analysis/1dF5Y2dd7Wm4wZKvVjWBpr,314680,4
0.675,0.607,11,-3.538,1,0.162,0.0302,8.97e-06,0.339,0.56,177.928,audio_features,563vSy3HB5NHxel1VGQCW6,spotify:track:563vSy3HB5NHxel1VGQCW6,https://api.spotify.com/v1/tracks/563vSy3HB5NHxel1VGQCW6,https://api.spotify.com/v1/audio-analysis/563vSy3HB5NHxel1VGQCW6,335613,4
0.7,0.758,10,-3.012,0,0.342,0.0444,1.3e-05,0.0401,0.889,78.693,audio_features,2D1hlMwWWXpkc3CZJ5U351,spotify:track:2D1hlMwWWXpkc3CZJ5U351,https://api.spotify.com/v1/tracks/2D1hlMwWWXpkc3CZJ5U351,https://api.spotify.com/v1/audio-analysis/2D1hlMwWWXpkc3CZJ5U351,249467,4
0.798,0.744,7,-5.328,0,0.136,0.33,0.000106,0.292,0.794,82.356,audio_features,2qOm7ukLyHUXWyR4ZWLwxA,spotify:track:2qOm7ukLyHUXWyR4ZWLwxA,https://api.spotify.com/v1/tracks/2qOm7ukLyHUXWyR4ZWLwxA,https://api.spotify.com/v1/audio-analysis/2qOm7ukLyHUXWyR4ZWLwxA,260000,4
0.934,0.459,1,-7.654,1,0.189,0.0516,0,0.222,0.697,103.04,audio_features,6YYd5MLpu45J0uLrMdivF7,spotify:track:6YYd5MLpu45J0uLrMdivF7,https://api.spotify.com/v1/tracks/6YYd5MLpu45J0uLrMdivF7,https://api.spotify.com/v1/audio-analysis/6YYd5MLpu45J0uLrMdivF7,239547,4
0.788,0.672,8,-9.491,0,0.388,0.134,0.000153,0.0975,0.804,177.093,audio_features,0iq0v8ofWKRyzFw6uNpsZr,spotify:track:0iq0v8ofWKRyzFw6uNpsZr,https://api.spotify.com/v1/tracks/0iq0v8ofWKRyzFw6uNpsZr,https://api.spotify.com/v1/audio-analysis/0iq0v8ofWKRyzFw6uNpsZr,311400,4
0.925,0.737,8,-1.292,1,0.0777,0.092,0,0.169,0.603,133.946,audio_features,0Zh5U48tZNeAzzLTV1CVBE,spotify:track:0Zh5U48tZNeAzzLTV1CVBE,https://api.spotify.com/v1/tracks/0Zh5U48tZNeAzzLTV1CVBE,https://api.spotify.com/v1/audio-analysis/0Zh5U48tZNeAzzLTV1CVBE,222240,4
