danceability,energy,key,loudness,mode,speechiness,acousticness,instrumentalness,liveness,valence,tempo,type,id,uri,track_href,analysis_url,duration_ms,time_signature
0.736,0.74,0,-2.18,1,0.0786,0.515,0,0.0468,0.803,140.141,audio_features,66TRwr5uJwPt15mfFkzhbi,spotify:track:66TRwr5uJwPt15mfFkzhbi,https://api.spotify.com/v1/tracks/66TRwr5uJwPt15mfFkzhbi,https://api.spotify.com/v1/audio-analysis/66TRwr5uJwPt15mfFkzhbi,221933,4
0.763,0.627,1,-7.457,1,0.037,0.031,0,0.118,0.152,101.045,audio_features,5KY7zgFeH2GWoL1zP9mME6,spotify:track:5KY7zgFeH2GWoL1zP9mME6,https://api.spotify.com/v1/tracks/5KY7zgFeH2GWoL1zP9mME6,https://api.spotify.com/v1/audio-analysis/5KY7zgFeH2GWoL1zP9mME6,334093,4
0.881,0.788,2,-4.669,1,0.168,0.0212,0,0.0377,0.592,104.997,audio_features,0XUfyU2QviPAs6bxSpXYG4,spotify:track:0XUfyU2QviPAs6bxSpXYG4,https://api.spotify.com/v1/tracks/0XUfyU2QviPAs6bxSpXYG4,https://api.spotify.com/v1/audio-analysis/0XUfyU2QviPAs6bxSpXYG4,250373,4
0.897,0.611,11,-10.489,1,0.211,0.0291,0.186,0.0894,0.769,102.304,audio_features,1oTHteQbmJw15rPxPVXUTv,spotify:track:1oTHteQbmJw15rPxPVXUTv,https://api.spotify.com/v1/tracks/1oTHteQbmJw15rPxPVXUTv,https://api.spotify.com/v1/audio-analysis/1oTHteQbmJw15rPxPVXUTv,208267,4
0.92,0.891,3,-2.398,0,0.253,0.0313,0,0.083,0.311,95.295,audio_features,20LxTsa6936zOlzTWqoPVt,spotify:track:20LxTsa6936zOlzTWqoPVt,https://api.spotify.com/v1/tracks/20LxTsa6936zOlzTWqoPVt,https://api.spotify.com/v1/audio-analysis/20LxTsa6936zOlzTWqoPVt,161600,4
0.78,0.575,9,-7.247,0,0.273,0.43,0,0.143,0.773,84.492,audio_features,2g8HN35AnVGIk7B8yMucww,spotify:track:2g8HN35AnVGIk7B8yMucww,https://api.spotify.com/v1/tracks/2g8HN35AnVGIk7B8yMucww,https://api.spotify.com/v1/audio-analysis/2g8HN35AnVGIk7B8yMucww,252747,4
0.854,0.692,7,-6.625,1,0.0479,0.0668,0,0.247,0.753,101.865,audio_features,06iMqWThw4w8fTFyccvOwr,spotify:track:06iMqWThw4w8fTFyccvOwr,https://api.spotify.com/v1/tracks/06iMqWThw4w8fTFyccvOwr,https://api.spotify.com/v1/audio-analysis/06iMqWThw4w8fTFyccvOwr,291782,4
0.956,0.745,11,-4.753,0,0.12,0.206,0,0.0615,0.912,107.075,audio_features,04KTF78FFg8sOHC1BADqbY,spotify:track:04KTF78FFg8sOHC1BADqbY,https://api.spotify.com/v1/tracks/04KTF78FFg8sOHC1BADqbY,https://api.spotify.com/v1/audio-analysis/04KTF78FFg8sOHC1BADqbY,228240,4
0.804,0.443,6,-10.268,0,0.134,0.0312,0.0225,0.112,0.58,92.035,audio_features,2ImuQo1g14CTR9hZAZD3aQ,spotify:track:2ImuQo1g14CTR9hZAZD3aQ,https://api.spotify.com/v1/tracks/2ImuQo1g14CTR9hZAZD3aQ,https://api.spotify.com/v1/audio-analysis/2ImuQo1g14CTR9hZAZD3aQ,203027,4
