danceability,energy,key,loudness,mode,speechiness,acousticness,instrumentalness,liveness,valence,tempo,type,id,uri,track_href,analysis_url,duration_ms,time_signature
0.787,0.799,8,-4.68,0,0.0993,0.189,0,0.3,0.835,143.052,audio_features,3kZoay4ANo86ehb6s4RwS9,spotify:track:3kZoay4ANo86ehb6s4RwS9,https://api.spotify.com/v1/tracks/3kZoay4ANo86ehb6s4RwS9,https://api.spotify.com/v1/audio-analysis/3kZoay4ANo86ehb6s4RwS9,303053,4
0.829,0.428,0,-9.469,1,0.0831,0.056,0.00413,0.137,0.45,148.075,audio_features,4P7VFiaZb3xrXoqGwZXC3J,spotify:track:4P7VFiaZb3xrXoqGwZXC3J,https://api.spotify.com/v1/tracks/4P7VFiaZb3xrXoqGwZXC3J,https://api.spotify.com/v1/audio-analysis/4P7VFiaZb3xrXoqGwZXC3J,299333,4
0.8,0.723,2,-9.719,1,0.158,0.00228,0,0.26,0.651,111.593,audio_features,0gFB5H3pHN13ERt2FyMuWi,spotify:track:0gFB5H3pHN13ERt2FyMuWi,https://api.spotify.com/v1/tracks/0gFB5H3pHN13ERt2FyMuWi,https://api.spotify.com/v1/audio-analysis/0gFB5H3pHN13ERt2FyMuWi,300640,4
0.9,0.632,4,-6.183,0,0.277,0.201,0.00163,0.0676,0.875,94.062,audio_features,4OhkKmvhjl3yk7JF422GWB,spotify:track:4OhkKmvhjl3yk7JF422GWB,https://api.spotify.com/v1/tracks/4OhkKmvhjl3yk7JF422GWB,https://api.spotify.com/v1/audio-analysis/4OhkKmvhjl3yk7JF422GWB,236733,4
0.818,0.803,1,-4.282,1,0.0797,0.034,0,0.153,0.632,106.97,audio_features,6b8Be6ljOzmkOmFslEb23P,spotify:track:6b8Be6ljOzmkOmFslEb23P,https://api.spotify.com/v1/tracks/6b8Be6ljOzmkOmFslEb23P,https://api.spotify.com/v1/audio-analysis/6b8Be6ljOzmkOmFslEb23P,225983,4
0.79,0.585,8,-6.058,1,0.0348,0.185,0,0.292,0.585,94.072,audio_features,3G7XYAwtxtoGK7fAm4IlD9,spotify:track:3G7XYAwtxtoGK7fAm4IlD9,https://api.spotify.com/v1/tracks/3G7XYAwtxtoGK7fAm4IlD9,https://api.spotify.com/v1/audio-analysis/3G7XYAwtxtoGK7fAm4IlD9,226000,4
0.7,0.598,2,-7.783,1,0.114,0.0369,0,0.111,0.594,160.041,audio_features,0wpbHnOW0zVUtV10LSj9c9,spotify:track:0wpbHnOW0zVUtV10LSj9c9,https://api.spotify.com/v1/tracks/0wpbHnOW0zVUtV10LSj9c9,https://api.spotify.com/v1/audio-analysis/0wpbHnOW0zVUtV10LSj9c9,228453,4
0.797,0.469,8,-8.112,1,0.0646,0.0599,0,0.0753,0.481,103.057,audio_features,5IZc3KIVFhjzJ0L2kiXzUl,spotify:track:5IZc3KIVFhjzJ0L2kiXzUl,https://api.spotify.com/v1/tracks/5IZc3KIVFhjzJ0L2kiXzUl,https://api.spotify.com/v1/audio-analysis/5IZc3KIVFhjzJ0L2kiXzUl,224240,4
0.785,0.566,1,-8.488,1,0.438,0.00816,9.05e-05,0.799,0.611,160.01,audio_features,2A7ZlQRIhZhsJC7bk7hGNB,spotify:track:2A7ZlQRIhZhsJC7bk7hGNB,https://api.spotify.com/v1/tracks/2A7ZlQRIhZhsJC7bk7hGNB,https://api.spotify.com/v1/audio-analysis/2A7ZlQRIhZhsJC7bk7hGNB,311773,4
