danceability,energy,key,loudness,mode,speechiness,acousticness,instrumentalness,liveness,valence,tempo,type,id,uri,track_href,analysis_url,duration_ms,time_signature
0.781,0.526,6,-6.985,0,0.293,0.0619,0,0.0457,0.662,94.992,audio_features,3AYcyxEACnmE6d96RPubID,spotify:track:3AYcyxEACnmE6d96RPubID,https://api.spotify.com/v1/tracks/3AYcyxEACnmE6d96RPubID,https://api.spotify.com/v1/audio-analysis/3AYcyxEACnmE6d96RPubID,235613,4
0.78,0.575,1,-5.628,0,0.139,0.106,0,0.129,0.273,81.502,audio_features,0SGkqnVQo9KPytSri1H6cF,spotify:track:0SGkqnVQo9KPytSri1H6cF,https://api.spotify.com/v1/tracks/0SGkqnVQo9KPytSri1H6cF,https://api.spotify.com/v1/audio-analysis/0SGkqnVQo9KPytSri1H6cF,222360,4
0.812,0.522,2,-5.287,1,0.257,0.0433,0,0.154,0.38,75.524,audio_features,0Fv5N0cHBsl4bzCbollCAS,spotify:track:0Fv5N0cHBsl4bzCbollCAS,https://api.spotify.com/v1/tracks/0Fv5N0cHBsl4bzCbollCAS,https://api.spotify.com/v1/audio-analysis/0Fv5N0cHBsl4bzCbollCAS,142907,4
0.713,0.734,0,-4.894,0,0.325,0.548,0,0.0687,0.89,172.872,audio_features,6ihObRBTB8xdSH2mlERtOX,spotify:track:6ihObRBTB8xdSH2mlERtOX,https://api.spotify.com/v1/tracks/6ihObRBTB8xdSH2mlERtOX,https://api.spotify.com/v1/audio-analysis/6ihObRBTB8xdSH2mlERtOX,248200,4
0.874,0.714,7,-6.664,1,0.129,0.0155,0,0.0968,0.541,95.826,audio_features,6o2g1BJvtYQssH84kBYs7y,spotify:track:6o2g1BJvtYQssH84kBYs7y,https://api.spotify.com/v1/tracks/6o2g1BJvtYQssH84kBYs7y,https://api.spotify.com/v1/audio-analysis/6o2g1BJvtYQssH84kBYs7y,265600,4
0.925,0.737,8,-1.292,1,0.0777,0.092,0,0.169,0.603,133.946,audio_features,0Zh5U48tZNeAzzLTV1CVBE,spotify:track:0Zh5U48tZNeAzzLTV1CVBE,https://api.spotify.com/v1/tracks/0Zh5U48tZNeAzzLTV1CVBE,https://api.spotify.com/v1/audio-analysis/0Zh5U48tZNeAzzLTV1CVBE,222240,4
0.814,0.779,11,-3.271,1,0.235,0.175,0.000671,0.0605,0.544,93.43,audio_features,6ltPEsP4edATzvinHOzvk2,spotify:track:6ltPEsP4edATzvinHOzvk2,https://api.spotify.com/v1/tracks/6ltPEsP4edATzvinHOzvk2,https://api.spotify.com/v1/audio-analysis/6ltPEsP4edATzvinHOzvk2,268005,4
0.869,0.648,11,-8.698,0,0.0633,0.121,2.17e-05,0.126,0.9,125.035,audio_features,3koCCeSaVUyrRo3N2gHrd8,spotify:track:3koCCeSaVUyrRo3N2gHrd8,https://api.spotify.com/v1/tracks/3koCCeSaVUyrRo3N2gHrd8,https://api.spotify.com/v1/audio-analysis/3koCCeSaVUyrRo3N2gHrd8,339320,4
0.835,0.497,2,-7.876,0,0.16,0.0884,0,0.0777,0.373,89.861,audio_features,703b51gh4ah7GYTYwKphj5,spotify:track:703b51gh4ah7GYTYwKphj5,https://api.spotify.com/v1/tracks/703b51gh4ah7GYTYwKphj5,https://api.spotify.com/v1/audio-analysis/703b51gh4ah7GYTYwKphj5,285907,4
