danceability,energy,key,loudness,mode,speechiness,acousticness,instrumentalness,liveness,valence,tempo,type,id,uri,track_href,analysis_url,duration_ms,time_signature
0.769,0.691,4,-4.59,0,0.0563,0.00197,0,0.298,0.681,96.792,audio_features,1BZm0t49YEhM8xbTINoQKp,spotify:track:1BZm0t49YEhM8xbTINoQKp,https://api.spotify.com/v1/tracks/1BZm0t49YEhM8xbTINoQKp,https://api.spotify.com/v1/audio-analysis/1BZm0t49YEhM8xbTINoQKp,280600,4
0.49,0.763,8,-3.802,1,0.108,0.0114,0,0.138,0.632,79.015,audio_features,6xQZuh6E5I7Ga9RNTXUM9k,spotify:track:6xQZuh6E5I7Ga9RNTXUM9k,https://api.spotify.com/v1/tracks/6xQZuh6E5I7Ga9RNTXUM9k,https://api.spotify.com/v1/audio-analysis/6xQZuh6E5I7Ga9RNTXUM9k,301400,4
0.862,0.642,6,-13.652,0,0.101,0.102,0,0.272,0.765,99.201,audio_features,1w29UTa5uUvIri2tWtZ12Y,spotify:track:1w29UTa5uUvIri2tWtZ12Y,https://api.spotify.com/v1/tracks/1w29UTa5uUvIri2tWtZ12Y,https://api.spotify.com/v1/audio-analysis/1w29UTa5uUvIri2tWtZ12Y,267267,4
0.905,0.693,11,-6.418,0,0.131,0.234,0,0.0845,0.963,101.019,audio_features,4NO3hYYJudCN6MrcToFCos,spotify:track:4NO3hYYJudCN6MrcToFCos,https://api.spotify.com/v1/tracks/4NO3hYYJudCN6MrcToFCos,https://api.spotify.com/v1/audio-analysis/4NO3hYYJudCN6MrcToFCos,298307,4
0.648,0.759,6,-4.315,1,0.306,0.0142,0,0.648,0.518,85.996,audio_features,0YImOCkIJ2PWhCXaURCZnY,spotify:track:0YImOCkIJ2PWhCXaURCZnY,https://api.spotify.com/v1/tracks/0YImOCkIJ2PWhCXaURCZnY,https://api.spotify.com/v1/audio-analysis/0YImOCkIJ2PWhCXaURCZnY,324307,4
0.947,0.853,1,-4.489,0,0.164,0.000931,0,0.0502,0.887,99.887,audio_features,4NTn0Yo8hTGW5tbBANBzfh,spotify:track:4NTn0Yo8hTGW5tbBANBzfh,https://api.spotify.com/v1/tracks/4NTn0Yo8hTGW5tbBANBzfh,https://api.spotify.com/v1/audio-analysis/4NTn0Yo8hTGW5tbBANBzfh,259088,4
0.77,0.966,9,-4.418,1,0.0908,0.00167,0,0.128,0.655,97.755,audio_features,2QYUhjzK6yUdSFNvYRv1y6,spotify:track:2QYUhjzK6yUdSFNvYRv1y6,https://api.spotify.com/v1/tracks/2QYUhjzK6yUdSFNvYRv1y6,https://api.spotify.com/v1/audio-analysis/2QYUhjzK6yUdSFNvYRv1y6,250122,4
0.679,0.509,4,-7.31,1,0.0617,0.0856,0,0.438,0.534,144.29,audio_features,5KSJ9k1FYjFLnIRlJT2wF8,spotify:track:5KSJ9k1FYjFLnIRlJT2wF8,https://api.spotify.com/v1/tracks/5KSJ9k1FYjFLnIRlJT2wF8,https://api.spotify.com/v1/audio-analysis/5KSJ9k1FYjFLnIRlJT2wF8,223547,4
0.652,0.814,1,-4.901,1,0.31,0.164,0,0.36,0.788,91.888,audio_features,1dizvxctg9dHEyaYTFufVi,spotify:track:1dizvxctg9dHEyaYTFufVi,https://api.spotify.com/v1/tracks/1dizvxctg9dHEyaYTFufVi,https://api.spotify.com/v1/audio-analysis/1dizvxctg9dHEyaYTFufVi,275893,4
