danceability,energy,key,loudness,mode,speechiness,acousticness,instrumentalness,liveness,valence,tempo,type,id,uri,track_href,analysis_url,duration_ms,time_signature
0.692,0.833,7,-3.974,1,0.0492,0.000136,1.98e-05,0.515,0.692,96.814,audio_features,5XhkV07Vou38wnrzwURUOC,spotify:track:5XhkV07Vou38wnrzwURUOC,https://api.spotify.com/v1/tracks/5XhkV07Vou38wnrzwURUOC,https://api.spotify.com/v1/audio-analysis/5XhkV07Vou38wnrzwURUOC,246320,4
0.549,0.853,7,-4.293,1,0.188,0.0285,0.000296,0.618,0.346,94.695,audio_features,0WKYRFtH6KKbaNWjsxqm70,spotify:track:0WKYRFtH6KKbaNWjsxqm70,https://api.spotify.com/v1/tracks/0WKYRFtH6KKbaNWjsxqm70,https://api.spotify.com/v1/audio-analysis/0WKYRFtH6KKbaNWjsxqm70,211493,4
0.87,0.464,4,-8.337,1,0.178,0.205,0,0.0902,0.457,112.974,audio_features,7aXuop4Qambx5Oi3ynsKQr,spotify:track:7aXuop4Qambx5Oi3ynsKQr,https://api.spotify.com/v1/tracks/7aXuop4Qambx5Oi3ynsKQr,https://api.spotify.com/v1/audio-analysis/7aXuop4Qambx5Oi3ynsKQr,251989,4
0.749,0.605,8,-9.359,0,0.086,0.00186,0.0381,0.115,0.966,142.024,audio_features,3pfXxHoydFRfD7IBGJTQAN,spotify:track:3pfXxHoydFRfD7IBGJTQAN,https://api.spotify.com/v1/tracks/3pfXxHoydFRfD7IBGJTQAN,https://api.spotify.com/v1/audio-analysis/3pfXxHoydFRfD7IBGJTQAN,251733,4
0.881,0.874,6,-4.505,1,0.139,0.0175,1.14e-06,0.154,0.858,107.891,audio_features,0weAUscowxeqDtpCgtbpgp,spotify:track:0weAUscowxeqDtpCgtbpgp,https://api.spotify.com/v1/tracks/0weAUscowxeqDtpCgtbpgp,https://api.spotify.com/v1/audio-analysis/0weAUscowxeqDtpCgtbpgp,227933,4
0.747,0.937,0,-5.746,1,0.0453,0.0208,0,0.29,0.739,103.976,audio_features,3bC1ahPIYt1btJzSSEyyrF,spotify:track:3bC1ahPIYt1btJzSSEyyrF,https://api.spotify.com/v1/tracks/3bC1ahPIYt1btJzSSEyyrF,https://api.spotify.com/v1/audio-analysis/3bC1ahPIYt1btJzSSEyyrF,224653,4
0.918,0.609,10,-5.64,0,0.0791,0.0928,0,0.139,0.304,128.008,audio_features,0CAfXk7DXMnon4gLudAp7J,spotify:track:0CAfXk7DXMnon4gLudAp7J,https://api.spotify.com/v1/tracks/0CAfXk7DXMnon4gLudAp7J,https://api.spotify.com/v1/audio-analysis/0CAfXk7DXMnon4gLudAp7J,231400,4
0.892,0.714,4,-6.055,0,0.141,0.201,0.000234,0.0521,0.817,100.972,audio_features,1AWQoqb9bSvzTjaLralEkT,spotify:track:1AWQoqb9bSvzTjaLralEkT,https://api.spotify.com/v1/tracks/1AWQoqb9bSvzTjaLralEkT,https://api.spotify.com/v1/audio-analysis/1AWQoqb9bSvzTjaLralEkT,267267,4
0.666,0.83,0,-5.715,1,0.0751,0.0123,0,0.191,0.702,113.03,audio_features,6JV2JOEocMgcZxYSZelKcc,spotify:track:6JV2JOEocMgcZxYSZelKcc,https://api.spotify.com/v1/tracks/6JV2JOEocMgcZxYSZelKcc,https://api.spotify.com/v1/audio-analysis/6JV2JOEocMgcZxYSZelKcc,236002,4
