danceability,energy,key,loudness,mode,speechiness,acousticness,instrumentalness,liveness,valence,tempo,type,id,uri,track_href,analysis_url,duration_ms,time_signature
0.848,0.39,9,-15.426,0,0.0549,0.0811,4.75e-06,0.0498,0.968,111.53,audio_features,7bvmwKRBXS8oxoFKsCsjYn,spotify:track:7bvmwKRBXS8oxoFKsCsjYn,https://api.spotify.com/v1/tracks/7bvmwKRBXS8oxoFKsCsjYn,https://api.spotify.com/v1/audio-analysis/7bvmwKRBXS8oxoFKsCsjYn,293667,4
0.715,0.733,1,-7.068,1,0.262,0.134,0,0.157,0.897,87.665,audio_features,4TJduXYW1Pg96EDNnfiwxJ,spotify:track:4TJduXYW1Pg96EDNnfiwxJ,https://api.spotify.com/v1/tracks/4TJduXYW1Pg96EDNnfiwxJ,https://api.spotify.com/v1/audio-analysis/4TJduXYW1Pg96EDNnfiwxJ,295173,4
0.688,0.702,7,-4.792,0,0.0499,0.0215,0,0.128,0.74,94.006,audio_features,6Knv6wdA0luoMUuuoYi2i1,spotify:track:6Knv6wdA0luoMUuuoYi2i1,https://api.spotify.com/v1/tracks/6Knv6wdA0luoMUuuoYi2i1,https://api.spotify.com/v1/audio-analysis/6Knv6wdA0luoMUuuoYi2i1,192191,4
0.849,0.521,11,-12.999,0,0.216,0.304,1.65e-06,0.115,0.763,95.265,audio_features,7nYvUtkQMx1v80S2FH2s9J,spotify:track:7nYvUtkQMx1v80S2FH2s9J,https://api.spotify.com/v1/tracks/7nYvUtkQMx1v80S2FH2s9J,https://api.spotify.com/v1/audio-analysis/7nYvUtkQMx1v80S2FH2s9J,248867,4
0.767,0.856,7,-2.715,1,0.041,0.0303,1.91e-06,0.36,0.747,91.535,audio_features,1JClFT74TYSXlzpagbmj0S,spotify:track:1JClFT74TYSXlzpagbmj0S,https://api.spotify.com/v1/tracks/1JClFT74TYSXlzpagbmj0S,https://api.spotify.com/v1/audio-analysis/1JClFT74TYSXlzpagbmj0S,285027,4
0.683,0.761,7,-3.877,1,0.059,0.0327,1.53e-05,0.103,0.421,103.55,audio_features,36ky6gRpwkcdJUrF2MUpOv,spotify:track:36ky6gRpwkcdJUrF2MUpOv,https://api.spotify.com/v1/tracks/36ky6gRpwkcdJUrF2MUpOv,https://api.spotify.com/v1/audio-analysis/36ky6gRpwkcdJUrF2MUpOv,205739,4
0.719,0.7,7,-5.224,1,0.282,0.0833,0,0.127,0.464,191.621,audio_features,0SDQm9dn5tmUQWicqzy8Hh,spotify:track:0SDQm9dn5tmUQWicqzy8Hh,https://api.spotify.com/v1/tracks/0SDQm9dn5tmUQWicqzy8Hh,https://api.spotify.com/v1/audio-analysis/0SDQm9dn5tmUQWicqzy8Hh,273840,4
0.685,0.547,11,-12.417,0,0.0487,0.0306,1.05e-05,0.0694,0.909,77.509,audio_features,7BVMXNnQSswMX8IJeZUb5T,spotify:track:7BVMXNnQSswMX8IJeZUb5T,https://api.spotify.com/v1/tracks/7BVMXNnQSswMX8IJeZUb5T,https://api.spotify.com/v1/audio-analysis/7BVMXNnQSswMX8IJeZUb5T,289533,4
0.865,0.45,0,-9.387,1,0.0417,0.0359,1.28e-06,0.308,0.352,99.989,audio_features,6NncjnSD7JLEetWb9KqMRY,spotify:track:6NncjnSD7JLEetWb9KqMRY,https://api.spotify.com/v1/tracks/6NncjnSD7JLEetWb9KqMRY,https://api.spotify.com/v1/audio-analysis/6NncjnSD7JLEetWb9KqMRY,247067,4
