danceability,energy,key,loudness,mode,speechiness,acousticness,instrumentalness,liveness,valence,tempo,type,id,uri,track_href,analysis_url,duration_ms,time_signature
0.572,0.89,6,-4.139,0,0.039,0.00082,0.00937,0.564,0.765,158.038,audio_features,11dxtPJKR4E0wlSr0A0t47,spotify:track:11dxtPJKR4E0wlSr0A0t47,https://api.spotify.com/v1/tracks/11dxtPJKR4E0wlSr0A0t47,https://api.spotify.com/v1/audio-analysis/11dxtPJKR4E0wlSr0A0t47,219773,4
0.662,0.739,9,-5.354,0,0.0322,0.00206,0.0603,0.113,0.382,130.999,audio_features,6JY1IdkZGeIcPegKxjSKeb,spotify:track:6JY1IdkZGeIcPegKxjSKeb,https://api.spotify.com/v1/tracks/6JY1IdkZGeIcPegKxjSKeb,https://api.spotify.com/v1/audio-analysis/6JY1IdkZGeIcPegKxjSKeb,188960,4
0.918,0.918,10,-2.218,0,0.0954,0.344,5.35e-06,0.0243,0.882,110.024,audio_features,6RcQOut9fWL6FSqeIr5M1r,spotify:track:6RcQOut9fWL6FSqeIr5M1r,https://api.spotify.com/v1/tracks/6RcQOut9fWL6FSqeIr5M1r,https://api.spotify.com/v1/audio-analysis/6RcQOut9fWL6FSqeIr5M1r,199907,4
0.535,0.888,11,-3.1,1,0.0446,0.000304,2.17e-06,0.324,0.451,126.011,audio_features,19qn6oU2t0E72ENA0aWNsX,spotify:track:19qn6oU2t0E72ENA0aWNsX,https://api.spotify.com/v1/tracks/19qn6oU2t0E72ENA0aWNsX,https://api.spotify.com/v1/audio-analysis/19qn6oU2t0E72ENA0aWNsX,215160,4
0.706,0.8,5,-6.333,1,0.0399,0.00584,0,0.0822,0.629,100.011,audio_features,7hhAwcMTdCHxuYkCHCfzw7,spotify:track:7hhAwcMTdCHxuYkCHCfzw7,https://api.spotify.com/v1/tracks/7hhAwcMTdCHxuYkCHCfzw7,https://api.spotify.com/v1/audio-analysis/7hhAwcMTdCHxuYkCHCfzw7,259333,4
0.668,0.951,2,-3.453,1,0.0784,0.0324,0,0.338,0.826,113.986,audio_features,7yMnml7zdYl5LlDFZPm5Hd,spotify:track:7yMnml7zdYl5LlDFZPm5Hd,https://api.spotify.com/v1/tracks/7yMnml7zdYl5LlDFZPm5Hd,https://api.spotify.com/v1/audio-analysis/7yMnml7zdYl5LlDFZPm5Hd,175093,4
0.585,0.776,5,-5.898,1,0.0459,0.0572,7.74e-06,0.3,0.427,77.987,audio_features,2IiNA0s5eQBSjwK4iNeUvW,spotify:track:2IiNA0s5eQBSjwK4iNeUvW,https://api.spotify.com/v1/tracks/2IiNA0s5eQBSjwK4iNeUvW,https://api.spotify.com/v1/audio-analysis/2IiNA0s5eQBSjwK4iNeUvW,244507,4
0.666,0.87,11,-5.004,0,0.246,0.203,0,0.0851,0.9,160.014,audio_features,2Adn2LNgkHMH5TelQVAu4n,spotify:track:2Adn2LNgkHMH5TelQVAu4n,https://api.spotify.com/v1/tracks/2Adn2LNgkHMH5TelQVAu4n,https://api.spotify.com/v1/audio-analysis/2Adn2LNgkHMH5TelQVAu4n,243920,4
0.708,0.47,9,-7.59,1,0.0659,0.248,0,0.0852,0.536,82.007,audio_features,39afswHs17v53znQm1gDTY,spotify:track:39afswHs17v53znQm1gDTY,https://api.spotify.com/v1/tracks/39afswHs17v53znQm1gDTY,https://api.spotify.com/v1/audio-analysis/39afswHs17v53znQm1gDTY,229413,4
