danceability,energy,key,loudness,mode,speechiness,acousticness,instrumentalness,liveness,valence,tempo,type,id,uri,track_href,analysis_url,duration_ms,time_signature
0.465,0.772,6,-6.281,0,0.058,0.0185,2.43e-06,0.0864,0.741,82.376,audio_features,7bLBekAdZXj48UVI0QpJbO,spotify:track:7bLBekAdZXj48UVI0QpJbO,https://api.spotify.com/v1/tracks/7bLBekAdZXj48UVI0QpJbO,https://api.spotify.com/v1/audio-analysis/7bLBekAdZXj48UVI0QpJbO,221573,4
0.548,0.833,7,-3.294,1,0.0497,0.199,0,0.305,0.467,190.029,audio_features,6dDIOU6AqgLkrjFNPgvKY6,spotify:track:6dDIOU6AqgLkrjFNPgvKY6,https://api.spotify.com/v1/tracks/6dDIOU6AqgLkrjFNPgvKY6,https://api.spotify.com/v1/audio-analysis/6dDIOU6AqgLkrjFNPgvKY6,229693,3
0.576,0.697,10,-4.192,1,0.326,0.0286,1.15e-06,0.167,0.501,175.906,audio_features,07lxDm1s8FVO4GF54Nooiz,spotify:track:07lxDm1s8FVO4GF54Nooiz,https://api.spotify.com/v1/tracks/07lxDm1s8FVO4GF54Nooiz,https://api.spotify.com/v1/audio-analysis/07lxDm1s8FVO4GF54Nooiz,227667,4
0.717,0.857,0,-5.222,1,0.0808,0.0526,0,0.0582,0.739,99.019,audio_features,5XY2LEP0uEeUuDMVNdNTI8,spotify:track:5XY2LEP0uEeUuDMVNdNTI8,https://api.spotify.com/v1/tracks/5XY2LEP0uEeUuDMVNdNTI8,https://api.spotify.com/v1/audio-analysis/5XY2LEP0uEeUuDMVNdNTI8,231933,4
0.624,0.708,11,-6.297,1,0.144,0.00506,2.21e-06,0.111,0.703,176.009,audio_features,5lS7KHsdvkMJp8eASqZWzb,spotify:track:5lS7KHsdvkMJp8eASqZWzb,https://api.spotify.com/v1/tracks/5lS7KHsdvkMJp8eASqZWzb,https://api.spotify.com/v1/audio-analysis/5lS7KHsdvkMJp8eASqZWzb,216320,4
0.718,0.691,4,-6.44,1,0.0387,0.0159,0,0.0627,0.552,100.008,audio_features,6ihL9TjfRjadfEePzXXyVF,spotify:track:6ihL9TjfRjadfEePzXXyVF,https://api.spotify.com/v1/tracks/6ihL9TjfRjadfEePzXXyVF,https://api.spotify.com/v1/audio-analysis/6ihL9TjfRjadfEePzXXyVF,213107,4
0.777,0.82,1,-3.211,0,0.0471,0.00505,2.6e-05,0.142,0.651,119.987,audio_features,5myYDbAurm1CW038qd4gL2,spotify:track:5myYDbAurm1CW038qd4gL2,https://api.spotify.com/v1/tracks/5myYDbAurm1CW038qd4gL2,https://api.spotify.com/v1/audio-analysis/5myYDbAurm1CW038qd4gL2,208133,4
0.559,0.963,7,-1.938,1,0.0817,0.000484,0.00303,0.183,0.7,164.057,audio_features,0OJXdyyVL8K6aovPgfqCcN,spotify:track:0OJXdyyVL8K6aovPgfqCcN,https://api.spotify.com/v1/tracks/0OJXdyyVL8K6aovPgfqCcN,https://api.spotify.com/v1/audio-analysis/0OJXdyyVL8K6aovPgfqCcN,217933,4
0.487,0.9,0,-4.417,1,0.0482,6.79e-05,0,0.358,0.484,149.937,audio_features,4omisSlTk6Dsq2iQD7MA07,spotify:track:4omisSlTk6Dsq2iQD7MA07,https://api.spotify.com/v1/tracks/4omisSlTk6Dsq2iQD7MA07,https://api.spotify.com/v1/audio-analysis/4omisSlTk6Dsq2iQD7MA07,204000,4
