danceability,energy,key,loudness,mode,speechiness,acousticness,instrumentalness,liveness,valence,tempo,type,id,uri,track_href,analysis_url,duration_ms,time_signature
0.492,0.275,6,-13.4,0,0.3,0.687,0,0.101,0.18,92.6,audio_features,7vRriwrloYVaoAe3a9wJHe,spotify:track:7vRriwrloYVaoAe3a9wJHe,https://api.spotify.com/v1/tracks/7vRriwrloYVaoAe3a9wJHe,https://api.spotify.com/v1/audio-analysis/7vRriwrloYVaoAe3a9wJHe,251034,4
0.654,0.235,2,-11.292,0,0.159,0.819,0,0.0891,0.061,88.903,audio_features,4jnO4ztskhv3YkqgFnewtD,spotify:track:4jnO4ztskhv3YkqgFnewtD,https://api.spotify.com/v1/tracks/4jnO4ztskhv3YkqgFnewtD,https://api.spotify.com/v1/audio-analysis/4jnO4ztskhv3YkqgFnewtD,240000,4
0.6,0.102,4,-15.901,1,0.0334,0.786,3.52e-06,0.128,0.124,133.698,audio_features,1KKjApPXuCsMKfds56XD1Y,spotify:track:1KKjApPXuCsMKfds56XD1Y,https://api.spotify.com/v1/tracks/1KKjApPXuCsMKfds56XD1Y,https://api.spotify.com/v1/audio-analysis/1KKjApPXuCsMKfds56XD1Y,185030,4
0.798,0.382,7,-11.972,1,0.333,0.0743,4.58e-06,0.272,0.0553,84.017,audio_features,2DRNRBJr2L3kw9Lj0zTLC7,spotify:track:2DRNRBJr2L3kw9Lj0zTLC7,https://api.spotify.com/v1/tracks/2DRNRBJr2L3kw9Lj0zTLC7,https://api.spotify.com/v1/audio-analysis/2DRNRBJr2L3kw9Lj0zTLC7,173453,4
0.476,0.193,0,-15.306,1,0.404,0.901,0,0.107,0.0929,172.518,audio_features,1RtO2aDYHvfzjqcItbRAWU,spotify:track:1RtO2aDYHvfzjqcItbRAWU,https://api.spotify.com/v1/tracks/1RtO2aDYHvfzjqcItbRAWU,https://api.spotify.com/v1/audio-analysis/1RtO2aDYHvfzjqcItbRAWU,199006,4
0.5,0.292,0,-8.554,1,0.0323,0.746,0,0.188,0.37,145.879,audio_features,1almCHdsfikRPfVB9VrEdT,spotify:track:1almCHdsfikRPfVB9VrEdT,https://api.spotify.com/v1/tracks/1almCHdsfikRPfVB9VrEdT,https://api.spotify.com/v1/audio-analysis/1almCHdsfikRPfVB9VrEdT,185200,4
0.522,0.204,6,-11.48,1,0.0478,0.942,5.93e-06,0.0985,0.252,96.431,audio_features,6e2ufRmytJb3Pz0hWQDvaX,spotify:track:6e2ufRmytJb3Pz0hWQDvaX,https://api.spotify.com/v1/tracks/6e2ufRmytJb3Pz0hWQDvaX,https://api.spotify.com/v1/audio-analysis/6e2ufRmytJb3Pz0hWQDvaX,208123,4
0.693,0.331,7,-8.578,1,0.0352,0.855,3.31e-06,0.211,0.432,120.018,audio_features,0ezwhEUsrRzH9JINThkmwA,spotify:track:0ezwhEUsrRzH9JINThkmwA,https://api.spotify.com/v1/tracks/0ezwhEUsrRzH9JINThkmwA,https://api.spotify.com/v1/audio-analysis/0ezwhEUsrRzH9JINThkmwA,180000,4
0.48,0.127,6,-15.996,1,0.217,0.892,0,0.173,0.324,182.389,audio_features,2WU4ET9r25IVZGQkWOM2UL,spotify:track:2WU4ET9r25IVZGQkWOM2UL,https://api.spotify.com/v1/tracks/2WU4ET9r25IVZGQkWOM2UL,https://api.spotify.com/v1/audio-analysis/2WU4ET9r25IVZGQkWOM2UL,247839,4
