danceability,energy,key,loudness,mode,speechiness,acousticness,instrumentalness,liveness,valence,tempo,type,id,uri,track_href,analysis_url,duration_ms,time_signature
0.489,0.797,6,-2.429,1,0.26,0.154,0,0.192,0.632,82.043,audio_features,5JfiDRHC5dVOyuN2u50vRA,spotify:track:5JfiDRHC5dVOyuN2u50vRA,https://api.spotify.com/v1/tracks/5JfiDRHC5dVOyuN2u50vRA,https://api.spotify.com/v1/audio-analysis/5JfiDRHC5dVOyuN2u50vRA,234800,4
0.57,0.838,1,-3.759,1,0.276,0.0637,0,0.136,0.602,80.192,audio_features,2QFK6m0CEmtu1BJ95lVJqq,spotify:track:2QFK6m0CEmtu1BJ95lVJqq,https://api.spotify.com/v1/tracks/2QFK6m0CEmtu1BJ95lVJqq,https://api.spotify.com/v1/audio-analysis/2QFK6m0CEmtu1BJ95lVJqq,213960,4
0.559,0.823,1,-5.253,0,0.253,0.0157,0,0.433,0.59,90.25,audio_features,3JHx8dYpC7DuAAtgzCshaa,spotify:track:3JHx8dYpC7DuAAtgzCshaa,https://api.spotify.com/v1/tracks/3JHx8dYpC7DuAAtgzCshaa,https://api.spotify.com/v1/audio-analysis/3JHx8dYpC7DuAAtgzCshaa,247333,4
0.492,0.946,5,-2.969,0,0.315,0.365,5.92e-05,0.372,0.623,172.37,audio_features,7Guni9Kv4cxajoglZLzfuN,spotify:track:7Guni9Kv4cxajoglZLzfuN,https://api.spotify.com/v1/tracks/7Guni9Kv4cxajoglZLzfuN,https://api.spotify.com/v1/audio-analysis/7Guni9Kv4cxajoglZLzfuN,221627,4
0.773,0.832,10,-4.663,1,0.295,0.0389,0,0.057,0.802,92.536,audio_features,0EWr7rj8u0R2o8hX397Mwa,spotify:track:0EWr7rj8u0R2o8hX397Mwa,https://api.spotify.com/v1/tracks/0EWr7rj8u0R2o8hX397Mwa,https://api.spotify.com/v1/audio-analysis/0EWr7rj8u0R2o8hX397Mwa,177667,4
0.88,0.558,9,-10.426,1,0.217,0.121,3.35e-05,0.119,0.597,89.024,audio_features,70RG1PwwFzlOPpMr36ErGc,spotify:track:70RG1PwwFzlOPpMr36ErGc,https://api.spotify.com/v1/tracks/70RG1PwwFzlOPpMr36ErGc,https://api.spotify.com/v1/audio-analysis/70RG1PwwFzlOPpMr36ErGc,361267,4
0.854,0.524,2,-10.523,1,0.112,0.0173,0,0.0713,0.636,97.913,audio_features,3g9QWBvqxvbayuPdkTCcym,spotify:track:3g9QWBvqxvbayuPdkTCcym,https://api.spotify.com/v1/tracks/3g9QWBvqxvbayuPdkTCcym,https://api.spotify.com/v1/audio-analysis/3g9QWBvqxvbayuPdkTCcym,441827,4
0.951,0.51,1,-9.75,1,0.178,0.0468,3.04e-06,0.211,0.386,103.065,audio_features,2Qi1Jz1wvZX1QwPaiswzoJ,spotify:track:2Qi1Jz1wvZX1QwPaiswzoJ,https://api.spotify.com/v1/tracks/2Qi1Jz1wvZX1QwPaiswzoJ,https://api.spotify.com/v1/audio-analysis/2Qi1Jz1wvZX1QwPaiswzoJ,343733,4
0.75,0.858,8,-6.37,1,0.0698,0.151,0.419,0.344,0.885,105.291,audio_features,2aZQIcsDqj4br0CKNWP0I3,spotify:track:2aZQIcsDqj4br0CKNWP0I3,https://api.spotify.com/v1/tracks/2aZQIcsDqj4br0CKNWP0I3,https://api.spotify.com/v1/audio-analysis/2aZQIcsDqj4br0CKNWP0I3,110080,4
