danceability,energy,key,loudness,mode,speechiness,acousticness,instrumentalness,liveness,valence,tempo,type,id,uri,track_href,analysis_url,duration_ms,time_signature
0.385,0.931,0,-3.931,1,0.225,0.00415,0,0.361,0.455,140.939,audio_features,1au4OV9YwQE9rjXRY2rpqY,spotify:track:1au4OV9YwQE9rjXRY2rpqY,https://api.spotify.com/v1/tracks/1au4OV9YwQE9rjXRY2rpqY,https://api.spotify.com/v1/audio-analysis/1au4OV9YwQE9rjXRY2rpqY,211093,4
0.603,0.944,11,-3.626,0,0.347,0.0481,0,0.342,0.418,130.035,audio_features,7nCONy10IHp7XD3oYZ0lcx,spotify:track:7nCONy10IHp7XD3oYZ0lcx,https://api.spotify.com/v1/tracks/7nCONy10IHp7XD3oYZ0lcx,https://api.spotify.com/v1/audio-analysis/7nCONy10IHp7XD3oYZ0lcx,202853,4
0.925,0.549,7,-6.572,1,0.0656,0.396,0.000154,0.11,0.0904,100.014,audio_features,4uQ7wYsuL0DryknoDc11Hk,spotify:track:4uQ7wYsuL0DryknoDc11Hk,https://api.spotify.com/v1/tracks/4uQ7wYsuL0DryknoDc11Hk,https://api.spotify.com/v1/audio-analysis/4uQ7wYsuL0DryknoDc11Hk,183160,4
0.754,0.556,8,-7.114,1,0.355,0.191,0,0.0987,0.455,120.859,audio_features,3w23sQ5FSzCKEviFYf0nSQ,spotify:track:3w23sQ5FSzCKEviFYf0nSQ,https://api.spotify.com/v1/tracks/3w23sQ5FSzCKEviFYf0nSQ,https://api.spotify.com/v1/audio-analysis/3w23sQ5FSzCKEviFYf0nSQ,241224,4
0.763,0.63,9,-8.258,0,0.142,0.0622,1.02e-05,0.285,0.17,124.973,audio_features,734xplxSpoW22U5OeeZcr8,spotify:track:734xplxSpoW22U5OeeZcr8,https://api.spotify.com/v1/tracks/734xplxSpoW22U5OeeZcr8,https://api.spotify.com/v1/audio-analysis/734xplxSpoW22U5OeeZcr8,188027,4
0.745,0.589,1,-11.242,0,0.428,0.145,2.02e-05,0.226,0.395,100.02,audio_features,1UledP7E5IenOcwl2oZaSu,spotify:track:1UledP7E5IenOcwl2oZaSu,https://api.spotify.com/v1/tracks/1UledP7E5IenOcwl2oZaSu,https://api.spotify.com/v1/audio-analysis/1UledP7E5IenOcwl2oZaSu,258333,4
0.423,0.59,9,-7.37,0,0.156,0.55,4.22e-05,0.306,0.387,76.035,audio_features,3iut542DAj1c44VzyA6CpN,spotify:track:3iut542DAj1c44VzyA6CpN,https://api.spotify.com/v1/tracks/3iut542DAj1c44VzyA6CpN,https://api.spotify.com/v1/audio-analysis/3iut542DAj1c44VzyA6CpN,112067,4
0.619,0.742,1,-6.995,1,0.496,0.204,0,0.166,0.782,144.602,audio_features,6JKoTnberZoBgUuxa6l4Kh,spotify:track:6JKoTnberZoBgUuxa6l4Kh,https://api.spotify.com/v1/tracks/6JKoTnberZoBgUuxa6l4Kh,https://api.spotify.com/v1/audio-analysis/6JKoTnberZoBgUuxa6l4Kh,277240,4
0.843,0.506,11,-11.312,1,0.285,0.278,6.34e-06,0.129,0.441,122.448,audio_features,2714ySK1pbOIGZwABmRyAz,spotify:track:2714ySK1pbOIGZwABmRyAz,https://api.spotify.com/v1/tracks/2714ySK1pbOIGZwABmRyAz,https://api.spotify.com/v1/audio-analysis/2714ySK1pbOIGZwABmRyAz,331347,4
