danceability,energy,key,loudness,mode,speechiness,acousticness,instrumentalness,liveness,valence,tempo,type,id,uri,track_href,analysis_url,duration_ms,time_signature
0.672,0.52,8,-7.747,1,0.0353,0.859,0,0.115,0.37,120.001,audio_features,5O2P9iiztwhomNh8xkR9lJ,spotify:track:5O2P9iiztwhomNh8xkR9lJ,https://api.spotify.com/v1/tracks/5O2P9iiztwhomNh8xkR9lJ,https://api.spotify.com/v1/audio-analysis/5O2P9iiztwhomNh8xkR9lJ,226600,4
0.614,0.379,4,-10.48,1,0.0476,0.607,0.000464,0.0986,0.201,107.989,audio_features,6fxVffaTuwjgEk5h9QyRjy,spotify:track:6fxVffaTuwjgEk5h9QyRjy,https://api.spotify.com/v1/tracks/6fxVffaTuwjgEk5h9QyRjy,https://api.spotify.com/v1/audio-analysis/6fxVffaTuwjgEk5h9QyRjy,258987,4
0.746,0.754,1,-6.681,1,0.067,0.0152,0,0.0486,0.764,149.882,audio_features,1WP1r7fuvRqZRnUaTi2I1Q,spotify:track:1WP1r7fuvRqZRnUaTi2I1Q,https://api.spotify.com/v1/tracks/1WP1r7fuvRqZRnUaTi2I1Q,https://api.spotify.com/v1/audio-analysis/1WP1r7fuvRqZRnUaTi2I1Q,206880,4
0.628,0.566,6,-7.811,1,0.0575,0.269,3.67e-05,0.135,0.299,119.859,audio_features,5Ck3e6z1bcSCes5gdo0Ddt,spotify:track:5Ck3e6z1bcSCes5gdo0Ddt,https://api.spotify.com/v1/tracks/5Ck3e6z1bcSCes5gdo0Ddt,https://api.spotify.com/v1/audio-analysis/5Ck3e6z1bcSCes5gdo0Ddt,256080,4
0.738,0.868,11,-4.373,0,0.0731,0.0392,0.00169,0.388,0.336,122.003,audio_features,22mek4IiqubGD9ctzxc69s,spotify:track:22mek4IiqubGD9ctzxc69s,https://api.spotify.com/v1/tracks/22mek4IiqubGD9ctzxc69s,https://api.spotify.com/v1/audio-analysis/22mek4IiqubGD9ctzxc69s,212640,4
0.855,0.587,8,-4.589,1,0.0336,0.0505,0.00714,0.105,0.64,111.97,audio_features,1vxw6aYJls2oq3gW0DujAo,spotify:track:1vxw6aYJls2oq3gW0DujAo,https://api.spotify.com/v1/tracks/1vxw6aYJls2oq3gW0DujAo,https://api.spotify.com/v1/audio-analysis/1vxw6aYJls2oq3gW0DujAo,177466,4
0.481,0.451,5,-6.095,0,0.0347,0.336,0,0.0872,0.289,157.966,audio_features,4sPmO7WMQUAf45kwMOtONw,spotify:track:4sPmO7WMQUAf45kwMOtONw,https://api.spotify.com/v1/tracks/4sPmO7WMQUAf45kwMOtONw,https://api.spotify.com/v1/audio-analysis/4sPmO7WMQUAf45kwMOtONw,295493,4
0.376,0.821,0,-3.974,1,0.104,0.0785,0,0.0823,0.331,120.462,audio_features,1wYZZtamWTQAoj8B812uKQ,spotify:track:1wYZZtamWTQAoj8B812uKQ,https://api.spotify.com/v1/tracks/1wYZZtamWTQAoj8B812uKQ,https://api.spotify.com/v1/audio-analysis/1wYZZtamWTQAoj8B812uKQ,199453,4
0.593,0.589,11,-6.401,1,0.0366,0.462,3.88e-06,0.0937,0.306,148.055,audio_features,0HDJk7Sz8DpCsiJR1sjhEO,spotify:track:0HDJk7Sz8DpCsiJR1sjhEO,https://api.spotify.com/v1/tracks/0HDJk7Sz8DpCsiJR1sjhEO,https://api.spotify.com/v1/audio-analysis/0HDJk7Sz8DpCsiJR1sjhEO,207920,4
0.699,0.601,0,-6.48,1,0.0304,0.0972,1.17e-05,0.562,0.434,98.04,audio_features,6olUplztLFFfU7fMYmFXOP,spotify:track:6olUplztLFFfU7fMYmFXOP,https://api.spotify.com/v1/tracks/6olUplztLFFfU7fMYmFXOP,https://api.spotify.com/v1/audio-analysis/6olUplztLFFfU7fMYmFXOP,252013,4
0.8,0.569,1,-6.843,0,0.119,0.00545,0.000319,0.0542,0.325,119.954,audio_features,3HooZZPp0evFShqaJ2Pwer,spotify:track:3HooZZPp0evFShqaJ2Pwer,https://api.spotify.com/v1/tracks/3HooZZPp0evFShqaJ2Pwer,https://api.spotify.com/v1/audio-analysis/3HooZZPp0evFShqaJ2Pwer,269840,4
