danceability,energy,key,loudness,mode,speechiness,acousticness,instrumentalness,liveness,valence,tempo,type,id,uri,track_href,analysis_url,duration_ms,time_signature
0.442,0.146,2,-12.459,1,0.0408,0.936,0,0.129,0.281,70.359,audio_features,11pfbduq7fbQxmXH03OKo7,spotify:track:11pfbduq7fbQxmXH03OKo7,https://api.spotify.com/v1/tracks/11pfbduq7fbQxmXH03OKo7,https://api.spotify.com/v1/audio-analysis/11pfbduq7fbQxmXH03OKo7,172453,3
0.456,0.379,1,-8.573,1,0.0685,0.63,3.1e-06,0.0983,0.225,149.967,audio_features,2XIp6piYEgJzpbYuFg9fcV,spotify:track:2XIp6piYEgJzpbYuFg9fcV,https://api.spotify.com/v1/tracks/2XIp6piYEgJzpbYuFg9fcV,https://api.spotify.com/v1/audio-analysis/2XIp6piYEgJzpbYuFg9fcV,162732,4
0.492,0.81,7,-5.315,1,0.0847,0.0416,0.00379,0.117,0.245,149.954,audio_features,1YLJVmuzeM2YSUkCCaTNUB,spotify:track:1YLJVmuzeM2YSUkCCaTNUB,https://api.spotify.com/v1/tracks/1YLJVmuzeM2YSUkCCaTNUB,https://api.spotify.com/v1/audio-analysis/1YLJVmuzeM2YSUkCCaTNUB,251840,4
0.776,0.603,5,-5.696,1,0.0343,0.0728,6.25e-05,0.111,0.921,96.888,audio_features,5VA4Ispp52EA1sOqzMz3Av,spotify:track:5VA4Ispp52EA1sOqzMz3Av,https://api.spotify.com/v1/tracks/5VA4Ispp52EA1sOqzMz3Av,https://api.spotify.com/v1/audio-analysis/5VA4Ispp52EA1sOqzMz3Av,295920,4
0.476,0.407,4,-9.239,0,0.0368,0.247,0,0.144,0.226,178.258,audio_features,4IFYR5smTnHYCLP82AiDrJ,spotify:track:4IFYR5smTnHYCLP82AiDrJ,https://api.spotify.com/v1/tracks/4IFYR5smTnHYCLP82AiDrJ,https://api.spotify.com/v1/audio-analysis/4IFYR5smTnHYCLP82AiDrJ,242467,4
0.264,0.414,0,-9.563,1,0.0299,0.783,0,0.122,0.192,76.38,audio_features,6DwN81QZmeuwwH4cGssrjl,spotify:track:6DwN81QZmeuwwH4cGssrjl,https://api.spotify.com/v1/tracks/6DwN81QZmeuwwH4cGssrjl,https://api.spotify.com/v1/audio-analysis/6DwN81QZmeuwwH4cGssrjl,221467,4
0.422,0.712,11,-5.907,0,0.1,0.273,0,0.051,0.471,78.454,audio_features,2CvOqDpQIMw69cCzWqr5yr,spotify:track:2CvOqDpQIMw69cCzWqr5yr,https://api.spotify.com/v1/tracks/2CvOqDpQIMw69cCzWqr5yr,https://api.spotify.com/v1/audio-analysis/2CvOqDpQIMw69cCzWqr5yr,261160,4
0.49,0.579,11,-5.141,1,0.0437,0.287,0,0.178,0.185,123.031,audio_features,3xMVrVMmWh5ti8wBn1QGAz,spotify:track:3xMVrVMmWh5ti8wBn1QGAz,https://api.spotify.com/v1/tracks/3xMVrVMmWh5ti8wBn1QGAz,https://api.spotify.com/v1/audio-analysis/3xMVrVMmWh5ti8wBn1QGAz,217947,4
0.63,0.53,0,-7.259,1,0.0434,0.4,0,0.177,0.417,108.038,audio_features,2YlZnw2ikdb837oKMKjBkW,spotify:track:2YlZnw2ikdb837oKMKjBkW,https://api.spotify.com/v1/tracks/2YlZnw2ikdb837oKMKjBkW,https://api.spotify.com/v1/audio-analysis/2YlZnw2ikdb837oKMKjBkW,225053,3
