danceability,energy,key,loudness,mode,speechiness,acousticness,instrumentalness,liveness,valence,tempo,type,id,uri,track_href,analysis_url,duration_ms,time_signature
0.615,0.472,5,-6.073,0,0.0267,0.325,0,0.115,0.327,80.072,audio_features,59tg0OPhiHlbsVZ9GFqUk5,spotify:track:59tg0OPhiHlbsVZ9GFqUk5,https://api.spotify.com/v1/tracks/59tg0OPhiHlbsVZ9GFqUk5,https://api.spotify.com/v1/audio-analysis/59tg0OPhiHlbsVZ9GFqUk5,210507,4
0.606,0.326,7,-9.401,1,0.119,0.868,0,0.12,0.489,78.906,audio_features,6m0qBDIhzICOwWMPZdgyVK,spotify:track:6m0qBDIhzICOwWMPZdgyVK,https://api.spotify.com/v1/tracks/6m0qBDIhzICOwWMPZdgyVK,https://api.spotify.com/v1/audio-analysis/6m0qBDIhzICOwWMPZdgyVK,227500,4
0.581,0.0549,10,-20.514,0,0.0397,0.559,0,0.0718,0.234,152.037,audio_features,3B7udSGy2PfgoCniMSb523,spotify:track:3B7udSGy2PfgoCniMSb523,https://api.spotify.com/v1/tracks/3B7udSGy2PfgoCniMSb523,https://api.spotify.com/v1/audio-analysis/3B7udSGy2PfgoCniMSb523,300840,4
0.474,0.797,6,-4.541,0,0.192,0.193,6.2e-06,0.322,0.399,149.965,audio_features,6QFgpUiLoXlmYDjbe0tjyP,spotify:track:6QFgpUiLoXlmYDjbe0tjyP,https://api.spotify.com/v1/tracks/6QFgpUiLoXlmYDjbe0tjyP,https://api.spotify.com/v1/audio-analysis/6QFgpUiLoXlmYDjbe0tjyP,199107,4
0.667,0.465,8,-8.096,1,0.0339,0.0426,0.00649,0.465,0.34,123.883,audio_features,5dzV75f9qVXVvdXLTqIG4L,spotify:track:5dzV75f9qVXVvdXLTqIG4L,https://api.spotify.com/v1/tracks/5dzV75f9qVXVvdXLTqIG4L,https://api.spotify.com/v1/audio-analysis/5dzV75f9qVXVvdXLTqIG4L,280080,4
0.539,0.414,1,-9.156,0,0.0601,0.253,1.3e-06,0.143,0.123,94.895,audio_features,2wBCrtJS3E3TimRZ5MElTI,spotify:track:2wBCrtJS3E3TimRZ5MElTI,https://api.spotify.com/v1/tracks/2wBCrtJS3E3TimRZ5MElTI,https://api.spotify.com/v1/audio-analysis/2wBCrtJS3E3TimRZ5MElTI,254493,4
0.508,0.611,7,-9.007,1,0.0474,0.419,0.128,0.107,0.258,146.864,audio_features,2cGEhNrXlanEtKjtq2b58d,spotify:track:2cGEhNrXlanEtKjtq2b58d,https://api.spotify.com/v1/tracks/2cGEhNrXlanEtKjtq2b58d,https://api.spotify.com/v1/audio-analysis/2cGEhNrXlanEtKjtq2b58d,197551,4
0.398,0.376,7,-7.346,1,0.0326,0.9,0,0.109,0.238,142.631,audio_features,1iGsItzBkf1OKi7MoyzgEt,spotify:track:1iGsItzBkf1OKi7MoyzgEt,https://api.spotify.com/v1/tracks/1iGsItzBkf1OKi7MoyzgEt,https://api.spotify.com/v1/audio-analysis/1iGsItzBkf1OKi7MoyzgEt,240527,4
0.613,0.47,5,-4.547,0,0.101,0.6,0,0.796,0.413,138.134,audio_features,7uDPmBmZ2Tv3SfeqLyJ12Q,spotify:track:7uDPmBmZ2Tv3SfeqLyJ12Q,https://api.spotify.com/v1/tracks/7uDPmBmZ2Tv3SfeqLyJ12Q,https://api.spotify.com/v1/audio-analysis/7uDPmBmZ2Tv3SfeqLyJ12Q,192187,4
