danceability,energy,key,loudness,mode,speechiness,acousticness,instrumentalness,liveness,valence,tempo,type,id,uri,track_href,analysis_url,duration_ms,time_signature
0.536,0.612,4,-5.847,1,0.272,0.119,0,0.209,0.57,86.768,audio_features,7DFnq8FYhHMCylykf6ZCxA,spotify:track:7DFnq8FYhHMCylykf6ZCxA,https://api.spotify.com/v1/tracks/7DFnq8FYhHMCylykf6ZCxA,https://api.spotify.com/v1/audio-analysis/7DFnq8FYhHMCylykf6ZCxA,229040,4
0.662,0.507,5,-8.238,1,0.118,0.257,0,0.0465,0.676,86.412,audio_features,68vgtRHr7iZHpzGpon6Jlo,spotify:track:68vgtRHr7iZHpzGpon6Jlo,https://api.spotify.com/v1/tracks/68vgtRHr7iZHpzGpon6Jlo,https://api.spotify.com/v1/audio-analysis/68vgtRHr7iZHpzGpon6Jlo,223440,4
0.713,0.678,5,-3.525,0,0.102,0.273,0,0.149,0.734,138.009,audio_features,7H6ev70Weq6DdpZyyTmUXk,spotify:track:7H6ev70Weq6DdpZyyTmUXk,https://api.spotify.com/v1/tracks/7H6ev70Weq6DdpZyyTmUXk,https://api.spotify.com/v1/audio-analysis/7H6ev70Weq6DdpZyyTmUXk,271333,4
0.576,0.697,10,-4.192,1,0.326,0.0286,1.15e-06,0.167,0.501,175.906,audio_features,07lxDm1s8FVO4GF54Nooiz,spotify:track:07lxDm1s8FVO4GF54Nooiz,https://api.spotify.com/v1/tracks/07lxDm1s8FVO4GF54Nooiz,https://api.spotify.com/v1/audio-analysis/07lxDm1s8FVO4GF54Nooiz,227667,4
0.743,0.675,8,-4.267,0,0.0953,0.0251,0.000717,0.0685,0.59,92.909,audio_features,1KGi9sZVMeszgZOWivFpxs,spotify:track:1KGi9sZVMeszgZOWivFpxs,https://api.spotify.com/v1/tracks/1KGi9sZVMeszgZOWivFpxs,https://api.spotify.com/v1/audio-analysis/1KGi9sZVMeszgZOWivFpxs,214400,4
0.557,0.428,5,-11.306,1,0.136,0.0673,0.0019,0.144,0.0996,103.009,audio_features,63FrXif0Pdu4NAPvTh87mw,spotify:track:63FrXif0Pdu4NAPvTh87mw,https://api.spotify.com/v1/tracks/63FrXif0Pdu4NAPvTh87mw,https://api.spotify.com/v1/audio-analysis/63FrXif0Pdu4NAPvTh87mw,378600,4
0.426,0.329,4,-9.296,1,0.0474,0.753,2.23e-05,0.11,0.177,121.351,audio_features,1fnCJ85pEhKrpU9IsxoitM,spotify:track:1fnCJ85pEhKrpU9IsxoitM,https://api.spotify.com/v1/tracks/1fnCJ85pEhKrpU9IsxoitM,https://api.spotify.com/v1/audio-analysis/1fnCJ85pEhKrpU9IsxoitM,253208,4
0.372,0.247,8,-8.706,1,0.0273,0.981,0.000223,0.11,0.239,96.17,audio_features,4d75stQ2jRfq8lzaqhFFKs,spotify:track:4d75stQ2jRfq8lzaqhFFKs,https://api.spotify.com/v1/tracks/4d75stQ2jRfq8lzaqhFFKs,https://api.spotify.com/v1/audio-analysis/4d75stQ2jRfq8lzaqhFFKs,223429,4
0.325,0.18,10,-10.647,1,0.0311,0.91,0.000633,0.113,0.0997,72.416,audio_features,7rPLZ8Krm6CZIbraFUlnWZ,spotify:track:7rPLZ8Krm6CZIbraFUlnWZ,https://api.spotify.com/v1/tracks/7rPLZ8Krm6CZIbraFUlnWZ,https://api.spotify.com/v1/audio-analysis/7rPLZ8Krm6CZIbraFUlnWZ,212040,1
