danceability,energy,key,loudness,mode,speechiness,acousticness,instrumentalness,liveness,valence,tempo,type,id,uri,track_href,analysis_url,duration_ms,time_signature
0.733,0.408,7,-7.834,0,0.0388,0.679,3.92e-05,0.11,0.291,94.947,audio_features,4NYwy0R3NdvORX2B6OZXBT,spotify:track:4NYwy0R3NdvORX2B6OZXBT,https://api.spotify.com/v1/tracks/4NYwy0R3NdvORX2B6OZXBT,https://api.spotify.com/v1/audio-analysis/4NYwy0R3NdvORX2B6OZXBT,197854,4
0.577,0.576,2,-6.299,1,0.0563,0.0143,0,0.602,0.12,133.973,audio_features,30lAGXMytmKjGVZk9BBC3m,spotify:track:30lAGXMytmKjGVZk9BBC3m,https://api.spotify.com/v1/tracks/30lAGXMytmKjGVZk9BBC3m,https://api.spotify.com/v1/audio-analysis/30lAGXMytmKjGVZk9BBC3m,234040,4
0.779,0.572,6,-9.985,0,0.378,0.157,0,0.246,0.647,135.956,audio_features,1zCi4cVFqe6ja16MeGZKRN,spotify:track:1zCi4cVFqe6ja16MeGZKRN,https://api.spotify.com/v1/tracks/1zCi4cVFqe6ja16MeGZKRN,https://api.spotify.com/v1/audio-analysis/1zCi4cVFqe6ja16MeGZKRN,300160,4
0.23,0.694,7,-6.828,0,0.109,0.0619,0.00191,0.112,0.26,172.751,audio_features,2f4IuijXLxYOeBncS60GUD,spotify:track:2f4IuijXLxYOeBncS60GUD,https://api.spotify.com/v1/tracks/2f4IuijXLxYOeBncS60GUD,https://api.spotify.com/v1/audio-analysis/2f4IuijXLxYOeBncS60GUD,226400,3
0.709,0.362,11,-9.814,1,0.055,0.157,0,0.109,0.113,122.043,audio_features,0PXp9QxBfSKGGpWUNaws2X,spotify:track:0PXp9QxBfSKGGpWUNaws2X,https://api.spotify.com/v1/tracks/0PXp9QxBfSKGGpWUNaws2X,https://api.spotify.com/v1/audio-analysis/0PXp9QxBfSKGGpWUNaws2X,251860,4
0.819,0.453,2,-8.086,1,0.135,0.107,0,0.117,0.0915,95.504,audio_features,2Bd5XzFcnBDCJ6HjR21Auu,spotify:track:2Bd5XzFcnBDCJ6HjR21Auu,https://api.spotify.com/v1/tracks/2Bd5XzFcnBDCJ6HjR21Auu,https://api.spotify.com/v1/audio-analysis/2Bd5XzFcnBDCJ6HjR21Auu,272729,4
0.618,0.717,7,-5.738,1,0.318,0.00256,0,0.625,0.603,190.05,audio_features,5NQbUaeTEOGdD6hHcre0dZ,spotify:track:5NQbUaeTEOGdD6hHcre0dZ,https://api.spotify.com/v1/tracks/5NQbUaeTEOGdD6hHcre0dZ,https://api.spotify.com/v1/audio-analysis/5NQbUaeTEOGdD6hHcre0dZ,196693,4
0.713,0.526,1,-5.046,1,0.032,0.00767,0.000148,0.124,0.131,131.05,audio_features,1wHZx0LgzFHyeIZkUydNXq,spotify:track:1wHZx0LgzFHyeIZkUydNXq,https://api.spotify.com/v1/tracks/1wHZx0LgzFHyeIZkUydNXq,https://api.spotify.com/v1/audio-analysis/1wHZx0LgzFHyeIZkUydNXq,262693,4
0.692,0.521,10,-8.465,0,0.33,0.301,0,0.0565,0.463,100.45,audio_features,62vpWI1CHwFy7tMIcSStl8,spotify:track:62vpWI1CHwFy7tMIcSStl8,https://api.spotify.com/v1/tracks/62vpWI1CHwFy7tMIcSStl8,https://api.spotify.com/v1/audio-analysis/62vpWI1CHwFy7tMIcSStl8,292987,4
