danceability,energy,key,loudness,mode,speechiness,acousticness,instrumentalness,liveness,valence,tempo,type,id,uri,track_href,analysis_url,duration_ms,time_signature
0.635,0.847,7,-3.152,1,0.447,0.533,0,0.154,0.568,166.072,audio_features,7JYsArznYOjX2jsrT3UEnL,spotify:track:7JYsArznYOjX2jsrT3UEnL,https://api.spotify.com/v1/tracks/7JYsArznYOjX2jsrT3UEnL,https://api.spotify.com/v1/audio-analysis/7JYsArznYOjX2jsrT3UEnL,234650,4
0.598,0.59,9,-7.593,0,0.107,0.00604,0,0.0425,0.515,144.781,audio_features,5bAwc4oM3fwqdidTHwaVnZ,spotify:track:5bAwc4oM3fwqdidTHwaVnZ,https://api.spotify.com/v1/tracks/5bAwc4oM3fwqdidTHwaVnZ,https://api.spotify.com/v1/audio-analysis/5bAwc4oM3fwqdidTHwaVnZ,222387,4
0.688,0.536,2,-8.144,1,0.0696,0.0712,0,0.131,0.296,94.047,audio_features,5EN3kJFCtehvLCKieHQj1E,spotify:track:5EN3kJFCtehvLCKieHQj1E,https://api.spotify.com/v1/tracks/5EN3kJFCtehvLCKieHQj1E,https://api.spotify.com/v1/audio-analysis/5EN3kJFCtehvLCKieHQj1E,227480,4
0.585,0.421,7,-9.593,1,0.0707,0.106,9.54e-06,0.14,0.24,132.986,audio_features,0Gi17qCJh9e9RJxLaYkm9l,spotify:track:0Gi17qCJh9e9RJxLaYkm9l,https://api.spotify.com/v1/tracks/0Gi17qCJh9e9RJxLaYkm9l,https://api.spotify.com/v1/audio-analysis/0Gi17qCJh9e9RJxLaYkm9l,260640,3
0.738,0.491,1,-9.726,0,0.413,0.626,0,0.126,0.448,94.378,audio_features,10VBBaul4zVD0reteuIHM2,spotify:track:10VBBaul4zVD0reteuIHM2,https://api.spotify.com/v1/tracks/10VBBaul4zVD0reteuIHM2,https://api.spotify.com/v1/audio-analysis/10VBBaul4zVD0reteuIHM2,322160,4
0.725,0.489,0,-12.565,1,0.256,0.228,7.28e-06,0.0854,0.361,95.154,audio_features,76cdpJtbucm5LkjJ073uwP,spotify:track:76cdpJtbucm5LkjJ073uwP,https://api.spotify.com/v1/tracks/76cdpJtbucm5LkjJ073uwP,https://api.spotify.com/v1/audio-analysis/76cdpJtbucm5LkjJ073uwP,179347,4
0.598,0.496,0,-9.309,1,0.0804,0.0253,0.00132,0.12,0.725,128.06,audio_features,4STaHtfguDMkWbPEo6Fwcx,spotify:track:4STaHtfguDMkWbPEo6Fwcx,https://api.spotify.com/v1/tracks/4STaHtfguDMkWbPEo6Fwcx,https://api.spotify.com/v1/audio-analysis/4STaHtfguDMkWbPEo6Fwcx,202661,4
0.717,0.523,10,-6.506,0,0.0611,0.0799,0,0.206,0.282,127.047,audio_features,5is2KiI0FDPLPLRq9hFybw,spotify:track:5is2KiI0FDPLPLRq9hFybw,https://api.spotify.com/v1/tracks/5is2KiI0FDPLPLRq9hFybw,https://api.spotify.com/v1/audio-analysis/5is2KiI0FDPLPLRq9hFybw,228613,4
0.703,0.38,0,-10.678,1,0.113,0.683,0,0.244,0.275,135.859,audio_features,2KB0DJBN3GPoXe9ZJPKE3u,spotify:track:2KB0DJBN3GPoXe9ZJPKE3u,https://api.spotify.com/v1/tracks/2KB0DJBN3GPoXe9ZJPKE3u,https://api.spotify.com/v1/audio-analysis/2KB0DJBN3GPoXe9ZJPKE3u,292893,4
