danceability,energy,key,loudness,mode,speechiness,acousticness,instrumentalness,liveness,valence,tempo,type,id,uri,track_href,analysis_url,duration_ms,time_signature
0.881,0.788,2,-4.669,1,0.168,0.0212,0,0.0377,0.592,104.997,audio_features,0XUfyU2QviPAs6bxSpXYG4,spotify:track:0XUfyU2QviPAs6bxSpXYG4,https://api.spotify.com/v1/tracks/0XUfyU2QviPAs6bxSpXYG4,https://api.spotify.com/v1/audio-analysis/0XUfyU2QviPAs6bxSpXYG4,250373,4
0.709,0.589,8,-7.776,0,0.0433,0.0507,0,0.0585,0.58,133.922,audio_features,29gsi1zZrZxdStACmTQB0Z,spotify:track:29gsi1zZrZxdStACmTQB0Z,https://api.spotify.com/v1/tracks/29gsi1zZrZxdStACmTQB0Z,https://api.spotify.com/v1/audio-analysis/29gsi1zZrZxdStACmTQB0Z,278067,3
0.749,0.865,3,-5.228,1,0.0413,0.00536,0,0.198,0.371,111.914,audio_features,5SsR3wtCOafDmZgvIdRhSm,spotify:track:5SsR3wtCOafDmZgvIdRhSm,https://api.spotify.com/v1/tracks/5SsR3wtCOafDmZgvIdRhSm,https://api.spotify.com/v1/audio-analysis/5SsR3wtCOafDmZgvIdRhSm,216013,4
0.652,0.836,2,-7.179,0,0.153,0.377,0,0.138,0.162,123.946,audio_features,5DOR49R0fehoBmyNL8m4sN,spotify:track:5DOR49R0fehoBmyNL8m4sN,https://api.spotify.com/v1/tracks/5DOR49R0fehoBmyNL8m4sN,https://api.spotify.com/v1/audio-analysis/5DOR49R0fehoBmyNL8m4sN,272453,4
0.898,0.429,9,-7.507,1,0.218,0.0155,3.16e-06,0.1,0.358,93.01,audio_features,49LcgcFofIVoKU7FEO8meP,spotify:track:49LcgcFofIVoKU7FEO8meP,https://api.spotify.com/v1/tracks/49LcgcFofIVoKU7FEO8meP,https://api.spotify.com/v1/audio-analysis/49LcgcFofIVoKU7FEO8meP,196327,4
0.527,0.759,6,-6.475,1,0.282,0.0307,0,0.103,0.802,183.279,audio_features,0zg5XJPiga7E5FxiehriG2,spotify:track:0zg5XJPiga7E5FxiehriG2,https://api.spotify.com/v1/tracks/0zg5XJPiga7E5FxiehriG2,https://api.spotify.com/v1/audio-analysis/0zg5XJPiga7E5FxiehriG2,199320,5
0.525,0.433,6,-10.598,1,0.185,0.107,0,0.135,0.276,160.108,audio_features,43PuMrRfbyyuz4QpZ3oAwN,spotify:track:43PuMrRfbyyuz4QpZ3oAwN,https://api.spotify.com/v1/tracks/43PuMrRfbyyuz4QpZ3oAwN,https://api.spotify.com/v1/audio-analysis/43PuMrRfbyyuz4QpZ3oAwN,194613,4
0.546,0.529,11,-10.511,0,0.0583,0.0862,6.5e-06,0.124,0.247,107.331,audio_features,2Gyc6e2cLxA5hoX1NOvYnU,spotify:track:2Gyc6e2cLxA5hoX1NOvYnU,https://api.spotify.com/v1/tracks/2Gyc6e2cLxA5hoX1NOvYnU,https://api.spotify.com/v1/audio-analysis/2Gyc6e2cLxA5hoX1NOvYnU,237787,4
0.479,0.711,6,-4.977,0,0.236,0.456,0,0.215,0.347,79.54,audio_features,6DkmFhzJrkVhDlcgcEy7Pc,spotify:track:6DkmFhzJrkVhDlcgcEy7Pc,https://api.spotify.com/v1/tracks/6DkmFhzJrkVhDlcgcEy7Pc,https://api.spotify.com/v1/audio-analysis/6DkmFhzJrkVhDlcgcEy7Pc,227755,5
