danceability,energy,key,loudness,mode,speechiness,acousticness,instrumentalness,liveness,valence,tempo,type,id,uri,track_href,analysis_url,duration_ms,time_signature
0.559,0.535,3,-8.136,0,0.274,0.337,0,0.105,0.62,96.989,audio_features,3PiLfzEXHrvT1oJKR8PAJt,spotify:track:3PiLfzEXHrvT1oJKR8PAJt,https://api.spotify.com/v1/tracks/3PiLfzEXHrvT1oJKR8PAJt,https://api.spotify.com/v1/audio-analysis/3PiLfzEXHrvT1oJKR8PAJt,254693,4
0.775,0.496,10,-5.652,1,0.0354,0.0393,0,0.526,0.204,95.072,audio_features,1vS1Rd10oLbmggo9GwOswt,spotify:track:1vS1Rd10oLbmggo9GwOswt,https://api.spotify.com/v1/tracks/1vS1Rd10oLbmggo9GwOswt,https://api.spotify.com/v1/audio-analysis/1vS1Rd10oLbmggo9GwOswt,197813,4
0.854,0.547,9,-7.983,0,0.121,0.0286,0,0.0709,0.431,98.99,audio_features,46Bm6sh2zZRXdBON5QIzIu,spotify:track:46Bm6sh2zZRXdBON5QIzIu,https://api.spotify.com/v1/tracks/46Bm6sh2zZRXdBON5QIzIu,https://api.spotify.com/v1/audio-analysis/46Bm6sh2zZRXdBON5QIzIu,245013,4
0.745,0.637,8,-4.946,1,0.0439,0.0206,0,0.0721,0.531,97.955,audio_features,4B0tKXJguUl5YqW5wDcjNe,spotify:track:4B0tKXJguUl5YqW5wDcjNe,https://api.spotify.com/v1/tracks/4B0tKXJguUl5YqW5wDcjNe,https://api.spotify.com/v1/audio-analysis/4B0tKXJguUl5YqW5wDcjNe,228400,4
0.78,0.581,10,-6.996,0,0.17,0.00497,0,0.215,0.693,102.87,audio_features,4wYFAS2o03xNCN12Yi69Gu,spotify:track:4wYFAS2o03xNCN12Yi69Gu,https://api.spotify.com/v1/tracks/4wYFAS2o03xNCN12Yi69Gu,https://api.spotify.com/v1/audio-analysis/4wYFAS2o03xNCN12Yi69Gu,218880,4
0.695,0.722,9,-4.679,0,0.0547,0.0623,0,0.301,0.752,122.045,audio_features,4tdTnMZx4VIYdXAxL499IH,spotify:track:4tdTnMZx4VIYdXAxL499IH,https://api.spotify.com/v1/tracks/4tdTnMZx4VIYdXAxL499IH,https://api.spotify.com/v1/audio-analysis/4tdTnMZx4VIYdXAxL499IH,228640,4
0.692,0.736,1,-5.109,1,0.11,0.0324,0,0.0787,0.217,73.987,audio_features,1M919GYWDcWoGzhf4i2jYg,spotify:track:1M919GYWDcWoGzhf4i2jYg,https://api.spotify.com/v1/tracks/1M919GYWDcWoGzhf4i2jYg,https://api.spotify.com/v1/audio-analysis/1M919GYWDcWoGzhf4i2jYg,276560,4
0.787,0.556,2,-8.557,1,0.252,0.00357,0,0.161,0.49,138.066,audio_features,3RpNsrSqHf3QOGz6SRLh3p,spotify:track:3RpNsrSqHf3QOGz6SRLh3p,https://api.spotify.com/v1/tracks/3RpNsrSqHf3QOGz6SRLh3p,https://api.spotify.com/v1/audio-analysis/3RpNsrSqHf3QOGz6SRLh3p,224267,4
0.73,0.494,2,-9.626,1,0.0781,0.0248,0,0.348,0.297,107.993,audio_features,77ZhzP75wx1qzhFG4P7vyt,spotify:track:77ZhzP75wx1qzhFG4P7vyt,https://api.spotify.com/v1/tracks/77ZhzP75wx1qzhFG4P7vyt,https://api.spotify.com/v1/audio-analysis/77ZhzP75wx1qzhFG4P7vyt,286373,4
