danceability,energy,key,loudness,mode,speechiness,acousticness,instrumentalness,liveness,valence,tempo,type,id,uri,track_href,analysis_url,duration_ms,time_signature
0.361,0.608,9,-6.757,0,0.098,0.05,7.96e-05,0.183,0.0789,191.812,audio_features,747eWJy8c3u09N30NSqSTp,spotify:track:747eWJy8c3u09N30NSqSTp,https://api.spotify.com/v1/tracks/747eWJy8c3u09N30NSqSTp,https://api.spotify.com/v1/audio-analysis/747eWJy8c3u09N30NSqSTp,199947,4
0.858,0.697,2,-5.361,1,0.23,0.114,0,0.224,0.364,98.012,audio_features,6AoYWCzsDls6c61Zp5qTuU,spotify:track:6AoYWCzsDls6c61Zp5qTuU,https://api.spotify.com/v1/tracks/6AoYWCzsDls6c61Zp5qTuU,https://api.spotify.com/v1/audio-analysis/6AoYWCzsDls6c61Zp5qTuU,290836,4
0.744,0.332,1,-11.315,1,0.0745,0.329,0,0.116,0.277,119.997,audio_features,6KQEXfAdNQ85TabNo6mNIk,spotify:track:6KQEXfAdNQ85TabNo6mNIk,https://api.spotify.com/v1/tracks/6KQEXfAdNQ85TabNo6mNIk,https://api.spotify.com/v1/audio-analysis/6KQEXfAdNQ85TabNo6mNIk,319973,4
0.65,0.753,2,-4.745,0,0.0632,0.324,0,0.307,0.616,82.478,audio_features,7xVwhsuZTUWhIyFeDH6rYr,spotify:track:7xVwhsuZTUWhIyFeDH6rYr,https://api.spotify.com/v1/tracks/7xVwhsuZTUWhIyFeDH6rYr,https://api.spotify.com/v1/audio-analysis/7xVwhsuZTUWhIyFeDH6rYr,221933,4
0.681,0.529,7,-7.897,0,0.0341,0.201,0,0.184,0.568,91.081,audio_features,1Jm1I3APcmVz3MqPr5vfTx,spotify:track:1Jm1I3APcmVz3MqPr5vfTx,https://api.spotify.com/v1/tracks/1Jm1I3APcmVz3MqPr5vfTx,https://api.spotify.com/v1/audio-analysis/1Jm1I3APcmVz3MqPr5vfTx,293840,4
0.647,0.646,9,-5.483,0,0.243,0.0424,0,0.0888,0.721,92.981,audio_features,6dlpABcXrQKRU9G00i6Zba,spotify:track:6dlpABcXrQKRU9G00i6Zba,https://api.spotify.com/v1/tracks/6dlpABcXrQKRU9G00i6Zba,https://api.spotify.com/v1/audio-analysis/6dlpABcXrQKRU9G00i6Zba,201253,4
0.602,0.558,1,-5.923,0,0.0394,0.0437,0,0.233,0.414,134.913,audio_features,5hSe3F7Hvq29iUR7PNPDOU,spotify:track:5hSe3F7Hvq29iUR7PNPDOU,https://api.spotify.com/v1/tracks/5hSe3F7Hvq29iUR7PNPDOU,https://api.spotify.com/v1/audio-analysis/5hSe3F7Hvq29iUR7PNPDOU,213333,4
0.319,0.626,11,-8.816,0,0.0925,0.868,6.14e-05,0.109,0.137,139.886,audio_features,0l1TQyZPwAJ9aOTUpUtMal,spotify:track:0l1TQyZPwAJ9aOTUpUtMal,https://api.spotify.com/v1/tracks/0l1TQyZPwAJ9aOTUpUtMal,https://api.spotify.com/v1/audio-analysis/0l1TQyZPwAJ9aOTUpUtMal,331560,4
0.681,0.608,1,-6.093,1,0.207,0.0477,0,0.225,0.262,97.934,audio_features,16bHRxM89ue0TiCKARYbRp,spotify:track:16bHRxM89ue0TiCKARYbRp,https://api.spotify.com/v1/tracks/16bHRxM89ue0TiCKARYbRp,https://api.spotify.com/v1/audio-analysis/16bHRxM89ue0TiCKARYbRp,200760,4
