danceability,energy,key,loudness,mode,speechiness,acousticness,instrumentalness,liveness,valence,tempo,type,id,uri,track_href,analysis_url,duration_ms,time_signature
0.793,0.505,6,-7.061,0,0.138,0.204,0,0.0413,0.704,97.998,audio_features,1hlwA8qvXx0Bl6iYuDbIuD,spotify:track:1hlwA8qvXx0Bl6iYuDbIuD,https://api.spotify.com/v1/tracks/1hlwA8qvXx0Bl6iYuDbIuD,https://api.spotify.com/v1/audio-analysis/1hlwA8qvXx0Bl6iYuDbIuD,201336,4
0.765,0.356,11,-5.556,0,0.195,0.223,0,0.0963,0.189,96.991,audio_features,3pXF1nA74528Edde4of9CC,spotify:track:3pXF1nA74528Edde4of9CC,https://api.spotify.com/v1/tracks/3pXF1nA74528Edde4of9CC,https://api.spotify.com/v1/audio-analysis/3pXF1nA74528Edde4of9CC,198293,4
0.748,0.741,6,-3.103,1,0.0531,0.00419,0,0.147,0.537,128.077,audio_features,1WoOzgvz6CgH4pX6a1RKGp,spotify:track:1WoOzgvz6CgH4pX6a1RKGp,https://api.spotify.com/v1/tracks/1WoOzgvz6CgH4pX6a1RKGp,https://api.spotify.com/v1/audio-analysis/1WoOzgvz6CgH4pX6a1RKGp,213053,4
0.862,0.804,11,-4.964,0,0.234,0.119,0,0.167,0.767,91.34,audio_features,4ESFr6EFK19L20Wfq5hHC2,spotify:track:4ESFr6EFK19L20Wfq5hHC2,https://api.spotify.com/v1/tracks/4ESFr6EFK19L20Wfq5hHC2,https://api.spotify.com/v1/audio-analysis/4ESFr6EFK19L20Wfq5hHC2,233750,4
0.38,0.481,7,-9.874,0,0.0567,0.464,0,0.0765,0.237,105.36,audio_features,7t5m6zRwIEBxmPt8lNoPPi,spotify:track:7t5m6zRwIEBxmPt8lNoPPi,https://api.spotify.com/v1/tracks/7t5m6zRwIEBxmPt8lNoPPi,https://api.spotify.com/v1/audio-analysis/7t5m6zRwIEBxmPt8lNoPPi,348853,4
0.89,0.667,2,-6.862,1,0.0521,0.0579,2.97e-05,0.108,0.522,105.099,audio_features,0d6gYlrea7zwNsjfAh9Xba,spotify:track:0d6gYlrea7zwNsjfAh9Xba,https://api.spotify.com/v1/tracks/0d6gYlrea7zwNsjfAh9Xba,https://api.spotify.com/v1/audio-analysis/0d6gYlrea7zwNsjfAh9Xba,220467,4
0.516,0.443,7,-10.354,0,0.0942,0.543,0.117,0.205,0.357,79.901,audio_features,2gvkz0Cxw7OtEh2d5G9uEC,spotify:track:2gvkz0Cxw7OtEh2d5G9uEC,https://api.spotify.com/v1/tracks/2gvkz0Cxw7OtEh2d5G9uEC,https://api.spotify.com/v1/audio-analysis/2gvkz0Cxw7OtEh2d5G9uEC,235467,4
0.657,0.855,8,-6.944,1,0.305,0.244,0,0.169,0.565,124.058,audio_features,39HFSqjWEl2Ahe0inOSAuc,spotify:track:39HFSqjWEl2Ahe0inOSAuc,https://api.spotify.com/v1/tracks/39HFSqjWEl2Ahe0inOSAuc,https://api.spotify.com/v1/audio-analysis/39HFSqjWEl2Ahe0inOSAuc,255484,4
0.356,0.567,0,-7.011,0,0.0798,0.0861,0,0.137,0.109,135.553,audio_features,25khomWgBVamSdKw7hzm3l,spotify:track:25khomWgBVamSdKw7hzm3l,https://api.spotify.com/v1/tracks/25khomWgBVamSdKw7hzm3l,https://api.spotify.com/v1/audio-analysis/25khomWgBVamSdKw7hzm3l,242253,5
