danceability,energy,key,loudness,mode,speechiness,acousticness,instrumentalness,liveness,valence,tempo,type,id,uri,track_href,analysis_url,duration_ms,time_signature
0.721,0.69,4,-5.93,0,0.0811,0.0272,0,0.112,0.292,106.042,audio_features,6JdMhQybpCiM754NZDw2pm,spotify:track:6JdMhQybpCiM754NZDw2pm,https://api.spotify.com/v1/tracks/6JdMhQybpCiM754NZDw2pm,https://api.spotify.com/v1/audio-analysis/6JdMhQybpCiM754NZDw2pm,201247,4
0.883,0.584,7,-2.102,0,0.0465,0.0392,4.39e-06,0.0869,0.784,144.975,audio_features,0WgBb7XgdtbUW0GlYel9mH,spotify:track:0WgBb7XgdtbUW0GlYel9mH,https://api.spotify.com/v1/tracks/0WgBb7XgdtbUW0GlYel9mH,https://api.spotify.com/v1/audio-analysis/0WgBb7XgdtbUW0GlYel9mH,161067,4
0.619,0.806,3,-4.8,0,0.0483,0.272,0,0.0671,0.877,95.0,audio_features,7bmqcI1HQwx1PWwYyZO0lg,spotify:track:7bmqcI1HQwx1PWwYyZO0lg,https://api.spotify.com/v1/tracks/7bmqcI1HQwx1PWwYyZO0lg,https://api.spotify.com/v1/audio-analysis/7bmqcI1HQwx1PWwYyZO0lg,253080,4
0.725,0.534,11,-6.238,1,0.0946,0.0752,0,0.0919,0.558,91.974,audio_features,14WWzenpaEgQZlqPq2nk4v,spotify:track:14WWzenpaEgQZlqPq2nk4v,https://api.spotify.com/v1/tracks/14WWzenpaEgQZlqPq2nk4v,https://api.spotify.com/v1/audio-analysis/14WWzenpaEgQZlqPq2nk4v,219320,4
0.869,0.278,0,-11.861,1,0.146,0.00431,0.000119,0.105,0.254,88.994,audio_features,0lgdkbYTXko22XFFKVoW4n,spotify:track:0lgdkbYTXko22XFFKVoW4n,https://api.spotify.com/v1/tracks/0lgdkbYTXko22XFFKVoW4n,https://api.spotify.com/v1/audio-analysis/0lgdkbYTXko22XFFKVoW4n,165525,4
0.919,0.506,1,-7.14,1,0.304,0.132,0,0.0771,0.273,97.465,audio_features,2LvRR121MWFmmEGkuV2vQP,spotify:track:2LvRR121MWFmmEGkuV2vQP,https://api.spotify.com/v1/tracks/2LvRR121MWFmmEGkuV2vQP,https://api.spotify.com/v1/audio-analysis/2LvRR121MWFmmEGkuV2vQP,220240,4
0.711,0.749,1,-6.509,1,0.181,0.082,0,0.134,0.473,59.952,audio_features,7JqG0XUSS5PnBjbiK0C4oE,spotify:track:7JqG0XUSS5PnBjbiK0C4oE,https://api.spotify.com/v1/tracks/7JqG0XUSS5PnBjbiK0C4oE,https://api.spotify.com/v1/audio-analysis/7JqG0XUSS5PnBjbiK0C4oE,240000,4
0.512,0.598,9,-4.959,0,0.115,0.611,0,0.0881,0.345,70.189,audio_features,3MAgQuClHcAV8E9CbeBS6f,spotify:track:3MAgQuClHcAV8E9CbeBS6f,https://api.spotify.com/v1/tracks/3MAgQuClHcAV8E9CbeBS6f,https://api.spotify.com/v1/audio-analysis/3MAgQuClHcAV8E9CbeBS6f,213253,4
0.836,0.67,5,-6.907,0,0.23,0.00826,0.000355,0.0837,0.556,107.018,audio_features,5iUQMwxUPdJBFeGkePtM66,spotify:track:5iUQMwxUPdJBFeGkePtM66,https://api.spotify.com/v1/tracks/5iUQMwxUPdJBFeGkePtM66,https://api.spotify.com/v1/audio-analysis/5iUQMwxUPdJBFeGkePtM66,305350,4
