danceability,energy,key,loudness,mode,speechiness,acousticness,instrumentalness,liveness,valence,tempo,type,id,uri,track_href,analysis_url,duration_ms,time_signature
0.765,0.412,7,-8.932,0,0.0726,0.72,0,0.126,0.632,109.986,audio_features,2BqQQXuBOuhaWeUP7okEx0,spotify:track:2BqQQXuBOuhaWeUP7okEx0,https://api.spotify.com/v1/tracks/2BqQQXuBOuhaWeUP7okEx0,https://api.spotify.com/v1/audio-analysis/2BqQQXuBOuhaWeUP7okEx0,211573,4
0.725,0.199,11,-13.77,0,0.0774,0.862,0.00374,0.114,0.456,120.147,audio_features,2FN5B7qquAKZaDMG6urjh5,spotify:track:2FN5B7qquAKZaDMG6urjh5,https://api.spotify.com/v1/tracks/2FN5B7qquAKZaDMG6urjh5,https://api.spotify.com/v1/audio-analysis/2FN5B7qquAKZaDMG6urjh5,168072,4
0.714,0.701,0,-4.833,1,0.049,0.14,0,0.0689,0.665,119.999,audio_features,3FQwBgaxDrfEnKjfyyF2B0,spotify:track:3FQwBgaxDrfEnKjfyyF2B0,https://api.spotify.com/v1/tracks/3FQwBgaxDrfEnKjfyyF2B0,https://api.spotify.com/v1/audio-analysis/3FQwBgaxDrfEnKjfyyF2B0,207693,4
0.581,0.579,9,-5.866,1,0.036,0.0868,0,0.312,0.852,60.991,audio_features,3zo93Swpm7wIkLJEFc1DIL,spotify:track:3zo93Swpm7wIkLJEFc1DIL,https://api.spotify.com/v1/tracks/3zo93Swpm7wIkLJEFc1DIL,https://api.spotify.com/v1/audio-analysis/3zo93Swpm7wIkLJEFc1DIL,230200,4
0.768,0.557,11,-6.157,0,0.0505,0.0112,0,0.587,0.439,103.045,audio_features,3nZzPmNKA9IkqaFhaM6cku,spotify:track:3nZzPmNKA9IkqaFhaM6cku,https://api.spotify.com/v1/tracks/3nZzPmNKA9IkqaFhaM6cku,https://api.spotify.com/v1/audio-analysis/3nZzPmNKA9IkqaFhaM6cku,193613,4
0.634,0.456,8,-8.802,0,0.0587,0.0833,0,0.12,0.428,118.859,audio_features,5Zyi1309LQ5Xux1buSRRFW,spotify:track:5Zyi1309LQ5Xux1buSRRFW,https://api.spotify.com/v1/tracks/5Zyi1309LQ5Xux1buSRRFW,https://api.spotify.com/v1/audio-analysis/5Zyi1309LQ5Xux1buSRRFW,273280,4
0.677,0.539,8,-6.754,1,0.0398,0.0223,0,0.126,0.443,115.96,audio_features,5lGTCv4PiLcEdyesQqcvkY,spotify:track:5lGTCv4PiLcEdyesQqcvkY,https://api.spotify.com/v1/tracks/5lGTCv4PiLcEdyesQqcvkY,https://api.spotify.com/v1/audio-analysis/5lGTCv4PiLcEdyesQqcvkY,265947,4
0.604,0.467,7,-7.288,1,0.0417,0.00703,0,0.117,0.15,102.032,audio_features,3Sz1T7n5xbFFa8eYdRUPeX,spotify:track:3Sz1T7n5xbFFa8eYdRUPeX,https://api.spotify.com/v1/tracks/3Sz1T7n5xbFFa8eYdRUPeX,https://api.spotify.com/v1/audio-analysis/3Sz1T7n5xbFFa8eYdRUPeX,165907,4
0.668,0.525,9,-8.053,0,0.0361,0.00194,0,0.119,0.194,132.008,audio_features,0SRWWEfElF1f6DUoDvCVP0,spotify:track:0SRWWEfElF1f6DUoDvCVP0,https://api.spotify.com/v1/tracks/0SRWWEfElF1f6DUoDvCVP0,https://api.spotify.com/v1/audio-analysis/0SRWWEfElF1f6DUoDvCVP0,247680,4
