danceability,energy,key,loudness,mode,speechiness,acousticness,instrumentalness,liveness,valence,tempo,type,id,uri,track_href,analysis_url,duration_ms,time_signature
0.472,0.457,6,-7.23,0,0.336,0.13,0,0.0975,0.643,165.969,audio_features,7wwifjNAb172PtDpKK3CoR,spotify:track:7wwifjNAb172PtDpKK3CoR,https://api.spotify.com/v1/tracks/7wwifjNAb172PtDpKK3CoR,https://api.spotify.com/v1/audio-analysis/7wwifjNAb172PtDpKK3CoR,234215,4
0.335,0.475,6,-7.946,0,0.0961,0.493,0.000236,0.11,0.0683,179.919,audio_features,4cieRtd3nCxideC8lesgis,spotify:track:4cieRtd3nCxideC8lesgis,https://api.spotify.com/v1/tracks/4cieRtd3nCxideC8lesgis,https://api.spotify.com/v1/audio-analysis/4cieRtd3nCxideC8lesgis,208000,4
0.821,0.421,8,-7.608,1,0.251,0.945,0.00921,0.198,0.573,109.869,audio_features,6IGkh6YoSHhgfI8qzlTZ98,spotify:track:6IGkh6YoSHhgfI8qzlTZ98,https://api.spotify.com/v1/tracks/6IGkh6YoSHhgfI8qzlTZ98,https://api.spotify.com/v1/audio-analysis/6IGkh6YoSHhgfI8qzlTZ98,254480,4
0.505,0.397,5,-9.349,1,0.324,0.716,0,0.0853,0.558,95.063,audio_features,3eze1OsZ1rqeXkKStNfTmi,spotify:track:3eze1OsZ1rqeXkKStNfTmi,https://api.spotify.com/v1/tracks/3eze1OsZ1rqeXkKStNfTmi,https://api.spotify.com/v1/audio-analysis/3eze1OsZ1rqeXkKStNfTmi,219683,1
0.665,0.498,5,-8.185,1,0.0832,0.228,0,0.0757,0.127,81.967,audio_features,5yuShbu70mtHXY0yLzCQLQ,spotify:track:5yuShbu70mtHXY0yLzCQLQ,https://api.spotify.com/v1/tracks/5yuShbu70mtHXY0yLzCQLQ,https://api.spotify.com/v1/audio-analysis/5yuShbu70mtHXY0yLzCQLQ,179613,4
0.656,0.393,9,-9.19,0,0.416,0.0185,0.000604,0.0903,0.535,93.978,audio_features,1zuGHW5axtzu3NNrEr4vvY,spotify:track:1zuGHW5axtzu3NNrEr4vvY,https://api.spotify.com/v1/tracks/1zuGHW5axtzu3NNrEr4vvY,https://api.spotify.com/v1/audio-analysis/1zuGHW5axtzu3NNrEr4vvY,246857,4
0.671,0.314,5,-8.091,0,0.244,0.11,0,0.0825,0.296,110.898,audio_features,1Tt4sE4pXi57mTD1GCzsqm,spotify:track:1Tt4sE4pXi57mTD1GCzsqm,https://api.spotify.com/v1/tracks/1Tt4sE4pXi57mTD1GCzsqm,https://api.spotify.com/v1/audio-analysis/1Tt4sE4pXi57mTD1GCzsqm,191600,4
0.779,0.455,1,-15.025,1,0.28,0.0542,0,0.177,0.197,140.181,audio_features,7zBPzAjKAqQpcv8F8GCq5s,spotify:track:7zBPzAjKAqQpcv8F8GCq5s,https://api.spotify.com/v1/tracks/7zBPzAjKAqQpcv8F8GCq5s,https://api.spotify.com/v1/audio-analysis/7zBPzAjKAqQpcv8F8GCq5s,153429,4
0.711,0.508,7,-7.299,1,0.0494,0.0354,0,0.141,0.665,98.098,audio_features,2q6j0nlwgKlYy7xgrria4S,spotify:track:2q6j0nlwgKlYy7xgrria4S,https://api.spotify.com/v1/tracks/2q6j0nlwgKlYy7xgrria4S,https://api.spotify.com/v1/audio-analysis/2q6j0nlwgKlYy7xgrria4S,217800,4
