danceability,energy,key,loudness,mode,speechiness,acousticness,instrumentalness,liveness,valence,tempo,type,id,uri,track_href,analysis_url,duration_ms,time_signature
0.566,0.465,2,-11.714,1,0.235,0.0555,0,0.567,0.177,143.015,audio_features,6Z01gUquJsjJC67uNWm6P0,spotify:track:6Z01gUquJsjJC67uNWm6P0,https://api.spotify.com/v1/tracks/6Z01gUquJsjJC67uNWm6P0,https://api.spotify.com/v1/audio-analysis/6Z01gUquJsjJC67uNWm6P0,224720,4
0.418,0.546,0,-9.057,0,0.238,0.227,0,0.229,0.294,160.152,audio_features,0V4l4GQhgnWQGtCWpvA7va,spotify:track:0V4l4GQhgnWQGtCWpvA7va,https://api.spotify.com/v1/tracks/0V4l4GQhgnWQGtCWpvA7va,https://api.spotify.com/v1/audio-analysis/0V4l4GQhgnWQGtCWpvA7va,208813,4
0.492,0.26,9,-17.341,0,0.0921,0.646,0.00178,0.0705,0.312,111.519,audio_features,047fCsbO4NdmwCBn8pcUXl,spotify:track:047fCsbO4NdmwCBn8pcUXl,https://api.spotify.com/v1/tracks/047fCsbO4NdmwCBn8pcUXl,https://api.spotify.com/v1/audio-analysis/047fCsbO4NdmwCBn8pcUXl,347227,5
0.446,0.239,1,-15.327,1,0.0876,0.574,7.76e-05,0.12,0.31,104.675,audio_features,0jF2AdhsalO1L7KkhK4LE5,spotify:track:0jF2AdhsalO1L7KkhK4LE5,https://api.spotify.com/v1/tracks/0jF2AdhsalO1L7KkhK4LE5,https://api.spotify.com/v1/audio-analysis/0jF2AdhsalO1L7KkhK4LE5,237733,4
0.686,0.342,5,-8.555,0,0.0447,0.0212,0,0.111,0.429,104.995,audio_features,5u7o3wXWJI7AN1b9KIf3m8,spotify:track:5u7o3wXWJI7AN1b9KIf3m8,https://api.spotify.com/v1/tracks/5u7o3wXWJI7AN1b9KIf3m8,https://api.spotify.com/v1/audio-analysis/5u7o3wXWJI7AN1b9KIf3m8,224907,4
0.731,0.818,1,-4.564,0,0.0638,0.0517,0,0.0743,0.812,120.993,audio_features,3wrP2GVxWH8VpHPOsKhYgz,spotify:track:3wrP2GVxWH8VpHPOsKhYgz,https://api.spotify.com/v1/tracks/3wrP2GVxWH8VpHPOsKhYgz,https://api.spotify.com/v1/audio-analysis/3wrP2GVxWH8VpHPOsKhYgz,214600,4
0.823,0.563,6,-5.095,1,0.0443,0.0399,0,0.0851,0.682,98.031,audio_features,0k6DnZMLoEUH8NGD5zh2SE,spotify:track:0k6DnZMLoEUH8NGD5zh2SE,https://api.spotify.com/v1/tracks/0k6DnZMLoEUH8NGD5zh2SE,https://api.spotify.com/v1/audio-analysis/0k6DnZMLoEUH8NGD5zh2SE,225227,4
0.797,0.694,10,-4.469,0,0.2,0.114,0,0.294,0.865,116.128,audio_features,6Dy6L7C0OJQnoz40AfaFZO,spotify:track:6Dy6L7C0OJQnoz40AfaFZO,https://api.spotify.com/v1/tracks/6Dy6L7C0OJQnoz40AfaFZO,https://api.spotify.com/v1/audio-analysis/6Dy6L7C0OJQnoz40AfaFZO,265013,4
0.589,0.658,11,-5.288,0,0.203,0.0242,0,0.118,0.251,77.521,audio_features,0hy1SOTEn9ifXTzOwnCwEr,spotify:track:0hy1SOTEn9ifXTzOwnCwEr,https://api.spotify.com/v1/tracks/0hy1SOTEn9ifXTzOwnCwEr,https://api.spotify.com/v1/audio-analysis/0hy1SOTEn9ifXTzOwnCwEr,223973,4
