danceability,energy,key,loudness,mode,speechiness,acousticness,instrumentalness,liveness,valence,tempo,type,id,uri,track_href,analysis_url,duration_ms,time_signature
0.748,0.733,11,-4.421,0,0.072,0.0062,0,0.329,0.291,93.019,audio_features,3ESSGgWzRf1xvP7G5hHMhB,spotify:track:3ESSGgWzRf1xvP7G5hHMhB,https://api.spotify.com/v1/tracks/3ESSGgWzRf1xvP7G5hHMhB,https://api.spotify.com/v1/audio-analysis/3ESSGgWzRf1xvP7G5hHMhB,312240,4
0.695,0.612,5,-5.618,0,0.0321,0.00437,0,0.111,0.435,130.015,audio_features,4ViTIjyIu20lflnea1eyDB,spotify:track:4ViTIjyIu20lflnea1eyDB,https://api.spotify.com/v1/tracks/4ViTIjyIu20lflnea1eyDB,https://api.spotify.com/v1/audio-analysis/4ViTIjyIu20lflnea1eyDB,214154,4
0.825,0.756,11,-3.687,0,0.383,0.265,2.15e-06,0.0762,0.888,172.938,audio_features,12d5QFwzh60IIHlsSnAvps,spotify:track:12d5QFwzh60IIHlsSnAvps,https://api.spotify.com/v1/tracks/12d5QFwzh60IIHlsSnAvps,https://api.spotify.com/v1/audio-analysis/12d5QFwzh60IIHlsSnAvps,177733,4
0.546,0.667,1,-5.236,1,0.274,0.0152,0,0.0895,0.471,87.666,audio_features,7DTlsMOQjGysXHpwwpHuPl,spotify:track:7DTlsMOQjGysXHpwwpHuPl,https://api.spotify.com/v1/tracks/7DTlsMOQjGysXHpwwpHuPl,https://api.spotify.com/v1/audio-analysis/7DTlsMOQjGysXHpwwpHuPl,269693,4
0.76,0.595,1,-6.366,1,0.0391,0.00544,0,0.241,0.361,131.497,audio_features,03tqyYWC9Um2ZqU0ZN849H,spotify:track:03tqyYWC9Um2ZqU0ZN849H,https://api.spotify.com/v1/tracks/03tqyYWC9Um2ZqU0ZN849H,https://api.spotify.com/v1/audio-analysis/03tqyYWC9Um2ZqU0ZN849H,263773,4
0.859,0.627,6,-7.91,0,0.13,0.0388,0.000202,0.101,0.594,142.062,audio_features,5uqphUYsR45kPYplrYSAQh,spotify:track:5uqphUYsR45kPYplrYSAQh,https://api.spotify.com/v1/tracks/5uqphUYsR45kPYplrYSAQh,https://api.spotify.com/v1/audio-analysis/5uqphUYsR45kPYplrYSAQh,260453,4
0.779,0.472,11,-7.116,1,0.218,0.0577,0,0.114,0.412,135.051,audio_features,0PT7nlpo11hYYyfnBgtilT,spotify:track:0PT7nlpo11hYYyfnBgtilT,https://api.spotify.com/v1/tracks/0PT7nlpo11hYYyfnBgtilT,https://api.spotify.com/v1/audio-analysis/0PT7nlpo11hYYyfnBgtilT,142212,4
0.767,0.677,11,-6.128,0,0.184,0.0339,5.51e-06,0.144,0.538,146.155,audio_features,0LWQWOFoz5GJLqcHk1fRO2,spotify:track:0LWQWOFoz5GJLqcHk1fRO2,https://api.spotify.com/v1/tracks/0LWQWOFoz5GJLqcHk1fRO2,https://api.spotify.com/v1/audio-analysis/0LWQWOFoz5GJLqcHk1fRO2,222587,4
0.888,0.632,1,-3.872,1,0.219,0.19,0,0.101,0.662,91.979,audio_features,2NBQmPrOEEjA8VbeWOQGxO,spotify:track:2NBQmPrOEEjA8VbeWOQGxO,https://api.spotify.com/v1/tracks/2NBQmPrOEEjA8VbeWOQGxO,https://api.spotify.com/v1/audio-analysis/2NBQmPrOEEjA8VbeWOQGxO,266067,4
