danceability,energy,key,loudness,mode,speechiness,acousticness,instrumentalness,liveness,valence,tempo,type,id,uri,track_href,analysis_url,duration_ms,time_signature
0.773,0.414,6,-7.436,0,0.0961,0.00411,3.4e-05,0.0733,0.289,99.993,audio_features,6jdOi5U5LBzQrc4c1VT983,spotify:track:6jdOi5U5LBzQrc4c1VT983,https://api.spotify.com/v1/tracks/6jdOi5U5LBzQrc4c1VT983,https://api.spotify.com/v1/audio-analysis/6jdOi5U5LBzQrc4c1VT983,227880,4
0.654,0.342,8,-11.305,0,0.101,0.0487,3.37e-05,0.313,0.294,103.064,audio_features,3ptQ2qKjiGOIW1USCFXVtT,spotify:track:3ptQ2qKjiGOIW1USCFXVtT,https://api.spotify.com/v1/tracks/3ptQ2qKjiGOIW1USCFXVtT,https://api.spotify.com/v1/audio-analysis/3ptQ2qKjiGOIW1USCFXVtT,251973,4
0.484,0.78,9,-5.264,0,0.135,0.147,0,0.057,0.271,137.101,audio_features,6cT5orvyKqwghJp6KB9vG0,spotify:track:6cT5orvyKqwghJp6KB9vG0,https://api.spotify.com/v1/tracks/6cT5orvyKqwghJp6KB9vG0,https://api.spotify.com/v1/audio-analysis/6cT5orvyKqwghJp6KB9vG0,267373,4
0.773,0.414,6,-7.436,0,0.0961,0.00411,3.4e-05,0.0733,0.289,99.993,audio_features,6jdOi5U5LBzQrc4c1VT983,spotify:track:6jdOi5U5LBzQrc4c1VT983,https://api.spotify.com/v1/tracks/6jdOi5U5LBzQrc4c1VT983,https://api.spotify.com/v1/audio-analysis/6jdOi5U5LBzQrc4c1VT983,227880,4
0.559,0.716,11,-3.964,0,0.39,0.737,0,0.252,0.504,176.618,audio_features,4jtyUzZm9WLc2AdaJ1dso7,spotify:track:4jtyUzZm9WLc2AdaJ1dso7,https://api.spotify.com/v1/tracks/4jtyUzZm9WLc2AdaJ1dso7,https://api.spotify.com/v1/audio-analysis/4jtyUzZm9WLc2AdaJ1dso7,275227,4
0.916,0.301,2,-7.657,1,0.237,0.117,0,0.089,0.351,100.518,audio_features,3lSR267IJfT54p0Gfuw7mi,spotify:track:3lSR267IJfT54p0Gfuw7mi,https://api.spotify.com/v1/tracks/3lSR267IJfT54p0Gfuw7mi,https://api.spotify.com/v1/audio-analysis/3lSR267IJfT54p0Gfuw7mi,190595,4
0.853,0.693,1,-6.87,1,0.275,0.0239,0,0.11,0.662,95.967,audio_features,4X5f3vT8MRuXF68pfjNte5,spotify:track:4X5f3vT8MRuXF68pfjNte5,https://api.spotify.com/v1/tracks/4X5f3vT8MRuXF68pfjNte5,https://api.spotify.com/v1/audio-analysis/4X5f3vT8MRuXF68pfjNte5,233787,4
0.893,0.48,1,-3.728,0,0.356,0.00855,0,0.116,0.382,86.976,audio_features,5lFDtgWsjRJu8fPOAyJIAK,spotify:track:5lFDtgWsjRJu8fPOAyJIAK,https://api.spotify.com/v1/tracks/5lFDtgWsjRJu8fPOAyJIAK,https://api.spotify.com/v1/audio-analysis/5lFDtgWsjRJu8fPOAyJIAK,170638,4
0.832,0.427,8,-8.516,0,0.257,0.0474,0,0.101,0.369,99.935,audio_features,6KziiQUOoCmC7Kc7Rv4jar,spotify:track:6KziiQUOoCmC7Kc7Rv4jar,https://api.spotify.com/v1/tracks/6KziiQUOoCmC7Kc7Rv4jar,https://api.spotify.com/v1/audio-analysis/6KziiQUOoCmC7Kc7Rv4jar,217680,4
