danceability,energy,key,loudness,mode,speechiness,acousticness,instrumentalness,liveness,valence,tempo,type,id,uri,track_href,analysis_url,duration_ms,time_signature
0.766,0.442,1,-8.558,1,0.356,0.000107,6.12e-05,0.111,0.39,201.8,audio_features,4Kz4RdRCceaA9VgTqBhBfa,spotify:track:4Kz4RdRCceaA9VgTqBhBfa,https://api.spotify.com/v1/tracks/4Kz4RdRCceaA9VgTqBhBfa,https://api.spotify.com/v1/audio-analysis/4Kz4RdRCceaA9VgTqBhBfa,181573,4
0.886,0.427,6,-10.028,1,0.145,0.0312,0.00099,0.0906,0.23,108.034,audio_features,5uDASfU19gDxSjW8cnCaBp,spotify:track:5uDASfU19gDxSjW8cnCaBp,https://api.spotify.com/v1/tracks/5uDASfU19gDxSjW8cnCaBp,https://api.spotify.com/v1/audio-analysis/5uDASfU19gDxSjW8cnCaBp,177184,4
0.603,0.725,6,-3.054,1,0.0393,0.174,0,0.0786,0.304,122.803,audio_features,3NJG6vMH1ZsectZkocMEm0,spotify:track:3NJG6vMH1ZsectZkocMEm0,https://api.spotify.com/v1/tracks/3NJG6vMH1ZsectZkocMEm0,https://api.spotify.com/v1/audio-analysis/3NJG6vMH1ZsectZkocMEm0,239853,4
0.822,0.422,5,-8.777,0,0.123,0.915,0.00256,0.119,0.363,108.088,audio_features,3C82WSOE6RIIObrBdiBV7j,spotify:track:3C82WSOE6RIIObrBdiBV7j,https://api.spotify.com/v1/tracks/3C82WSOE6RIIObrBdiBV7j,https://api.spotify.com/v1/audio-analysis/3C82WSOE6RIIObrBdiBV7j,178787,4
0.435,0.802,1,-6.871,1,0.324,0.00376,0,0.467,0.454,84.267,audio_features,1fLdeDTrJWNkwOeFyAVLvF,spotify:track:1fLdeDTrJWNkwOeFyAVLvF,https://api.spotify.com/v1/tracks/1fLdeDTrJWNkwOeFyAVLvF,https://api.spotify.com/v1/audio-analysis/1fLdeDTrJWNkwOeFyAVLvF,207000,4
0.675,0.562,7,-7.678,1,0.0352,0.233,0,0.0816,0.309,130.098,audio_features,6eT7xZZlB2mwyzJ2sUKG6w,spotify:track:6eT7xZZlB2mwyzJ2sUKG6w,https://api.spotify.com/v1/tracks/6eT7xZZlB2mwyzJ2sUKG6w,https://api.spotify.com/v1/audio-analysis/6eT7xZZlB2mwyzJ2sUKG6w,256533,4
0.62,0.69,7,-6.508,1,0.0493,0.0931,0,0.131,0.331,133.935,audio_features,0H8XeaJunhvpBdBFIYi6Sh,spotify:track:0H8XeaJunhvpBdBFIYi6Sh,https://api.spotify.com/v1/tracks/0H8XeaJunhvpBdBFIYi6Sh,https://api.spotify.com/v1/audio-analysis/0H8XeaJunhvpBdBFIYi6Sh,234213,4
0.419,0.655,0,-6.679,1,0.247,0.0571,0,0.0962,0.353,76.835,audio_features,3JEzGRDUsozrehZTq3dKE8,spotify:track:3JEzGRDUsozrehZTq3dKE8,https://api.spotify.com/v1/tracks/3JEzGRDUsozrehZTq3dKE8,https://api.spotify.com/v1/audio-analysis/3JEzGRDUsozrehZTq3dKE8,215297,3
0.503,0.64,5,-9.254,0,0.0965,0.268,0.00048,0.131,0.154,89.964,audio_features,3Aof8Ak2rUqmW9S73ehPmv,spotify:track:3Aof8Ak2rUqmW9S73ehPmv,https://api.spotify.com/v1/tracks/3Aof8Ak2rUqmW9S73ehPmv,https://api.spotify.com/v1/audio-analysis/3Aof8Ak2rUqmW9S73ehPmv,358253,4
