danceability,energy,key,loudness,mode,speechiness,acousticness,instrumentalness,liveness,valence,tempo,type,id,uri,track_href,analysis_url,duration_ms,time_signature
0.749,0.53,1,-5.251,1,0.0386,0.0287,0,0.141,0.332,93.869,audio_features,7osBjxxoPSCceUMdkyFh9O,spotify:track:7osBjxxoPSCceUMdkyFh9O,https://api.spotify.com/v1/tracks/7osBjxxoPSCceUMdkyFh9O,https://api.spotify.com/v1/audio-analysis/7osBjxxoPSCceUMdkyFh9O,204324,4
0.735,0.675,4,-6.475,0,0.069,0.0531,4.11e-06,0.0972,0.274,106.017,audio_features,5LrnUYhDOn6eNoVE3TPZj0,spotify:track:5LrnUYhDOn6eNoVE3TPZj0,https://api.spotify.com/v1/tracks/5LrnUYhDOn6eNoVE3TPZj0,https://api.spotify.com/v1/audio-analysis/5LrnUYhDOn6eNoVE3TPZj0,182942,4
0.825,0.45,8,-9.013,1,0.308,0.00355,4.55e-06,0.154,0.704,94.965,audio_features,2eMB5uoWzRml3ofK9ZYlWR,spotify:track:2eMB5uoWzRml3ofK9ZYlWR,https://api.spotify.com/v1/tracks/2eMB5uoWzRml3ofK9ZYlWR,https://api.spotify.com/v1/audio-analysis/2eMB5uoWzRml3ofK9ZYlWR,199578,4
0.699,0.601,0,-6.48,1,0.0304,0.0972,1.17e-05,0.562,0.434,98.04,audio_features,6olUplztLFFfU7fMYmFXOP,spotify:track:6olUplztLFFfU7fMYmFXOP,https://api.spotify.com/v1/tracks/6olUplztLFFfU7fMYmFXOP,https://api.spotify.com/v1/audio-analysis/6olUplztLFFfU7fMYmFXOP,252013,4
0.545,0.487,1,-9.529,1,0.0285,0.0544,0.000885,0.0872,0.119,111.317,audio_features,2hyfepwCRQsenxVLzsaOtA,spotify:track:2hyfepwCRQsenxVLzsaOtA,https://api.spotify.com/v1/tracks/2hyfepwCRQsenxVLzsaOtA,https://api.spotify.com/v1/audio-analysis/2hyfepwCRQsenxVLzsaOtA,216631,4
0.685,0.4,0,-9.749,1,0.122,0.086,0,0.156,0.392,74.962,audio_features,5aGeQVoI3u3k2SArUNuIVq,spotify:track:5aGeQVoI3u3k2SArUNuIVq,https://api.spotify.com/v1/tracks/5aGeQVoI3u3k2SArUNuIVq,https://api.spotify.com/v1/audio-analysis/5aGeQVoI3u3k2SArUNuIVq,221653,4
0.813,0.58,11,-6.724,1,0.0746,0.0405,8.45e-06,0.349,0.443,100.045,audio_features,3eqT34f3rxmm4dR7madDIM,spotify:track:3eqT34f3rxmm4dR7madDIM,https://api.spotify.com/v1/tracks/3eqT34f3rxmm4dR7madDIM,https://api.spotify.com/v1/audio-analysis/3eqT34f3rxmm4dR7madDIM,221972,4
0.903,0.62,2,-8.094,1,0.0587,0.00347,0.000119,0.0504,0.539,134.96,audio_features,2FBUoWkIuQXwayw2RNo5l6,spotify:track:2FBUoWkIuQXwayw2RNo5l6,https://api.spotify.com/v1/tracks/2FBUoWkIuQXwayw2RNo5l6,https://api.spotify.com/v1/audio-analysis/2FBUoWkIuQXwayw2RNo5l6,267067,4
0.801,0.819,11,-5.189,1,0.158,0.292,0,0.515,0.811,139.969,audio_features,0O3TAouZE4vL9dM5SyxgvH,spotify:track:0O3TAouZE4vL9dM5SyxgvH,https://api.spotify.com/v1/tracks/0O3TAouZE4vL9dM5SyxgvH,https://api.spotify.com/v1/audio-analysis/0O3TAouZE4vL9dM5SyxgvH,236280,4
