danceability,energy,key,loudness,mode,speechiness,acousticness,instrumentalness,liveness,valence,tempo,type,id,uri,track_href,analysis_url,duration_ms,time_signature
0.38,0.988,1,-2.042,1,0.0639,2.64e-05,7.86e-05,0.368,0.769,186.113,audio_features,6nTiIhLmQ3FWhvrGafw2zj,spotify:track:6nTiIhLmQ3FWhvrGafw2zj,https://api.spotify.com/v1/tracks/6nTiIhLmQ3FWhvrGafw2zj,https://api.spotify.com/v1/audio-analysis/6nTiIhLmQ3FWhvrGafw2zj,176346,4
0.377,0.681,7,-8.039,1,0.0298,0.00088,0.0023,0.0504,0.285,108.789,audio_features,1QEEqeFIZktqIpPI4jSVSF,spotify:track:1QEEqeFIZktqIpPI4jSVSF,https://api.spotify.com/v1/tracks/1QEEqeFIZktqIpPI4jSVSF,https://api.spotify.com/v1/audio-analysis/1QEEqeFIZktqIpPI4jSVSF,285133,4
0.598,0.676,0,-9.211,1,0.0279,0.13,0.225,0.112,0.805,114.169,audio_features,5MMnwYs0hIxkENRsbkWJ2G,spotify:track:5MMnwYs0hIxkENRsbkWJ2G,https://api.spotify.com/v1/tracks/5MMnwYs0hIxkENRsbkWJ2G,https://api.spotify.com/v1/audio-analysis/5MMnwYs0hIxkENRsbkWJ2G,340742,4
0.333,0.927,9,-8.55,0,0.0733,0.0029,0.000208,0.297,0.385,141.466,audio_features,5QTxFnGygVM4jFQiBovmRo,spotify:track:5QTxFnGygVM4jFQiBovmRo,https://api.spotify.com/v1/tracks/5QTxFnGygVM4jFQiBovmRo,https://api.spotify.com/v1/audio-analysis/5QTxFnGygVM4jFQiBovmRo,308120,4
0.55,0.854,3,-5.968,1,0.036,0.661,0,0.112,0.965,159.231,audio_features,0wz1LjDb9ZNEYwOmDJ3Q4b,spotify:track:0wz1LjDb9ZNEYwOmDJ3Q4b,https://api.spotify.com/v1/tracks/0wz1LjDb9ZNEYwOmDJ3Q4b,https://api.spotify.com/v1/audio-analysis/0wz1LjDb9ZNEYwOmDJ3Q4b,149373,4
0.641,0.725,7,-7.376,1,0.039,0.16,0.00321,0.648,0.808,112.529,audio_features,5piJiL6aRhvrKBa9YuEfS9,spotify:track:5piJiL6aRhvrKBa9YuEfS9,https://api.spotify.com/v1/tracks/5piJiL6aRhvrKBa9YuEfS9,https://api.spotify.com/v1/audio-analysis/5piJiL6aRhvrKBa9YuEfS9,170133,4
0.618,0.748,0,-8.905,1,0.361,0.0384,4.1e-06,0.0477,0.662,134.001,audio_features,3FmAUR4SPWa3P1KyDf21Fu,spotify:track:3FmAUR4SPWa3P1KyDf21Fu,https://api.spotify.com/v1/tracks/3FmAUR4SPWa3P1KyDf21Fu,https://api.spotify.com/v1/audio-analysis/3FmAUR4SPWa3P1KyDf21Fu,191500,4
0.338,0.34,9,-12.049,0,0.0339,0.58,0.0032,0.116,0.197,82.433,audio_features,5CQ30WqJwcep0pYcV4AMNc,spotify:track:5CQ30WqJwcep0pYcV4AMNc,https://api.spotify.com/v1/tracks/5CQ30WqJwcep0pYcV4AMNc,https://api.spotify.com/v1/audio-analysis/5CQ30WqJwcep0pYcV4AMNc,482830,4
0.489,0.724,5,-8.367,1,0.0352,0.313,0.185,0.287,0.15,117.292,audio_features,2KmEgiY8fQs0G6WNxtzQKr,spotify:track:2KmEgiY8fQs0G6WNxtzQKr,https://api.spotify.com/v1/tracks/2KmEgiY8fQs0G6WNxtzQKr,https://api.spotify.com/v1/audio-analysis/2KmEgiY8fQs0G6WNxtzQKr,300400,4
0.41,0.53,2,-10.793,1,0.0342,0.126,2.36e-05,0.285,0.263,128.556,audio_features,2X59ZxwE9x4pWnxsxKhr1E,spotify:track:2X59ZxwE9x4pWnxsxKhr1E,https://api.spotify.com/v1/tracks/2X59ZxwE9x4pWnxsxKhr1E,https://api.spotify.com/v1/audio-analysis/2X59ZxwE9x4pWnxsxKhr1E,221693,4
0.431,0.54,9,-9.6,0,0.0589,0.523,1.34e-06,0.169,0.44,139.288,audio_features,71LsKf3xISiOlY1mj7FFPP,spotify:track:71LsKf3xISiOlY1mj7FFPP,https://api.spotify.com/v1/tracks/71LsKf3xISiOlY1mj7FFPP,https://api.spotify.com/v1/audio-analysis/71LsKf3xISiOlY1mj7FFPP,164547,4
0.76,0.891,11,-5.852,0,0.0372,0.0229,0.0869,0.298,0.966,120.264,audio_features,4Hff1IjRbLGeLgFgxvHflk,spotify:track:4Hff1IjRbLGeLgFgxvHflk,https://api.spotify.com/v1/tracks/4Hff1IjRbLGeLgFgxvHflk,https://api.spotify.com/v1/audio-analysis/4Hff1IjRbLGeLgFgxvHflk,245000,4
0.472,0.856,7,-6.03,1,0.0562,0.147,2.78e-06,0.595,0.841,78.696,audio_features,0Ui8KPWZbJJQ2Y0CIQuVqX,spotify:track:0Ui8KPWZbJJQ2Y0CIQuVqX,https://api.spotify.com/v1/tracks/0Ui8KPWZbJJQ2Y0CIQuVqX,https://api.spotify.com/v1/audio-analysis/0Ui8KPWZbJJQ2Y0CIQuVqX,138200,4
0.818,0.705,6,-6.679,1,0.177,0.00836,0.00233,0.613,0.772,138.559,audio_features,0d28khcov6AiegSCpG5TuT,spotify:track:0d28khcov6AiegSCpG5TuT,https://api.spotify.com/v1/tracks/0d28khcov6AiegSCpG5TuT,https://api.spotify.com/v1/audio-analysis/0d28khcov6AiegSCpG5TuT,222640,4
0.284,0.875,11,-6.069,0,0.0422,0.00752,0.000461,0.402,0.595,75.009,audio_features,1L94M3KIu7QluZe63g64rv,spotify:track:1L94M3KIu7QluZe63g64rv,https://api.spotify.com/v1/tracks/1L94M3KIu7QluZe63g64rv,https://api.spotify.com/v1/audio-analysis/1L94M3KIu7QluZe63g64rv,340907,4
0.285,0.846,2,-6.472,1,0.0438,0.0404,0,0.182,0.287,108.808,audio_features,62nQ8UZVqR2RMvkJHkcO2o,spotify:track:62nQ8UZVqR2RMvkJHkcO2o,https://api.spotify.com/v1/tracks/62nQ8UZVqR2RMvkJHkcO2o,https://api.spotify.com/v1/audio-analysis/62nQ8UZVqR2RMvkJHkcO2o,318227,4
0.61,0.891,4,-5.452,0,0.0587,0.000805,0.0928,0.0657,0.51,139.903,audio_features,51TG9W3y9qyO8BY5RXKgnZ,spotify:track:51TG9W3y9qyO8BY5RXKgnZ,https://api.spotify.com/v1/tracks/51TG9W3y9qyO8BY5RXKgnZ,https://api.spotify.com/v1/audio-analysis/51TG9W3y9qyO8BY5RXKgnZ,246733,4
