danceability,energy,key,loudness,mode,speechiness,acousticness,instrumentalness,liveness,valence,tempo,type,id,uri,track_href,analysis_url,duration_ms,time_signature
0.272,0.348,2,-9.989,1,0.0306,0.325,1.7e-06,0.109,0.232,173.889,audio_features,7FYzUu27xYeCJOfvOgvXGK,spotify:track:7FYzUu27xYeCJOfvOgvXGK,https://api.spotify.com/v1/tracks/7FYzUu27xYeCJOfvOgvXGK,https://api.spotify.com/v1/audio-analysis/7FYzUu27xYeCJOfvOgvXGK,200000,3
0.485,0.24,2,-10.108,1,0.0285,0.885,0,0.118,0.342,103.084,audio_features,1QmP7Zw3zJ1HeZiAE8piLq,spotify:track:1QmP7Zw3zJ1HeZiAE8piLq,https://api.spotify.com/v1/tracks/1QmP7Zw3zJ1HeZiAE8piLq,https://api.spotify.com/v1/audio-analysis/1QmP7Zw3zJ1HeZiAE8piLq,179347,3
0.423,0.419,0,-6.748,1,0.0266,0.662,0.000236,0.0657,0.403,80.39,audio_features,6ZX66gjNqKTMQ0tyLrLYdL,spotify:track:6ZX66gjNqKTMQ0tyLrLYdL,https://api.spotify.com/v1/tracks/6ZX66gjNqKTMQ0tyLrLYdL,https://api.spotify.com/v1/audio-analysis/6ZX66gjNqKTMQ0tyLrLYdL,201547,4
0.547,0.257,0,-12.358,1,0.0252,0.907,0.183,0.0935,0.169,75.752,audio_features,7pKfPomDEeI4TPT6EOYjn9,spotify:track:7pKfPomDEeI4TPT6EOYjn9,https://api.spotify.com/v1/tracks/7pKfPomDEeI4TPT6EOYjn9,https://api.spotify.com/v1/audio-analysis/7pKfPomDEeI4TPT6EOYjn9,187867,4
0.467,0.306,0,-8.915,1,0.0268,0.76,0.000105,0.11,0.141,89.937,audio_features,4imsad2MzJLpDYbrXzBNQf,spotify:track:4imsad2MzJLpDYbrXzBNQf,https://api.spotify.com/v1/tracks/4imsad2MzJLpDYbrXzBNQf,https://api.spotify.com/v1/audio-analysis/4imsad2MzJLpDYbrXzBNQf,227000,4
0.445,0.309,9,-9.278,0,0.0265,0.822,2.02e-05,0.17,0.096,103.517,audio_features,2EeGjrXtXySlIgYeQrS0AO,spotify:track:2EeGjrXtXySlIgYeQrS0AO,https://api.spotify.com/v1/tracks/2EeGjrXtXySlIgYeQrS0AO,https://api.spotify.com/v1/audio-analysis/2EeGjrXtXySlIgYeQrS0AO,187000,3
0.218,0.142,7,-10.915,1,0.0315,0.941,0,0.109,0.241,78.255,audio_features,2F615JJ2fqYQRVXZ9szbc1,spotify:track:2F615JJ2fqYQRVXZ9szbc1,https://api.spotify.com/v1/tracks/2F615JJ2fqYQRVXZ9szbc1,https://api.spotify.com/v1/audio-analysis/2F615JJ2fqYQRVXZ9szbc1,237093,1
0.446,0.502,10,-6.574,1,0.0256,0.204,3.03e-06,0.25,0.378,92.011,audio_features,4RTVuyzegUEM15X3gfrYUJ,spotify:track:4RTVuyzegUEM15X3gfrYUJ,https://api.spotify.com/v1/tracks/4RTVuyzegUEM15X3gfrYUJ,https://api.spotify.com/v1/audio-analysis/4RTVuyzegUEM15X3gfrYUJ,227667,3
0.597,0.663,2,-6.067,1,0.114,0.552,0,0.137,0.805,121.485,audio_features,5pAUnT4EFyLPnzazuNKhLS,spotify:track:5pAUnT4EFyLPnzazuNKhLS,https://api.spotify.com/v1/tracks/5pAUnT4EFyLPnzazuNKhLS,https://api.spotify.com/v1/audio-analysis/5pAUnT4EFyLPnzazuNKhLS,241560,1
