danceability,energy,key,loudness,mode,speechiness,acousticness,instrumentalness,liveness,valence,tempo,type,id,uri,track_href,analysis_url,duration_ms,time_signature
0.407,0.226,9,-12.454,1,0.0293,0.832,0.0222,0.193,0.181,103.244,audio_features,5hBS1OR9t9lnwNN7In1XoC,spotify:track:5hBS1OR9t9lnwNN7In1XoC,https://api.spotify.com/v1/tracks/5hBS1OR9t9lnwNN7In1XoC,https://api.spotify.com/v1/audio-analysis/5hBS1OR9t9lnwNN7In1XoC,223107,4
0.669,0.52,0,-7.584,1,0.0278,0.242,1.15e-05,0.351,0.673,116.993,audio_features,5qkjmZATl8OOPK1ccII55T,spotify:track:5qkjmZATl8OOPK1ccII55T,https://api.spotify.com/v1/tracks/5qkjmZATl8OOPK1ccII55T,https://api.spotify.com/v1/audio-analysis/5qkjmZATl8OOPK1ccII55T,175307,4
0.594,0.251,0,-10.649,1,0.0306,0.881,0,0.133,0.33,119.865,audio_features,3A9VlqQCI2kbJpXgzB4J4Y,spotify:track:3A9VlqQCI2kbJpXgzB4J4Y,https://api.spotify.com/v1/tracks/3A9VlqQCI2kbJpXgzB4J4Y,https://api.spotify.com/v1/audio-analysis/3A9VlqQCI2kbJpXgzB4J4Y,271453,3
0.288,0.302,10,-8.376,1,0.0319,0.832,0.0752,0.122,0.116,127.677,audio_features,4IKSyOV4yPnloFUnn2Grax,spotify:track:4IKSyOV4yPnloFUnn2Grax,https://api.spotify.com/v1/tracks/4IKSyOV4yPnloFUnn2Grax,https://api.spotify.com/v1/audio-analysis/4IKSyOV4yPnloFUnn2Grax,190333,4
0.445,0.309,9,-9.278,0,0.0265,0.822,2.02e-05,0.17,0.096,103.517,audio_features,2EeGjrXtXySlIgYeQrS0AO,spotify:track:2EeGjrXtXySlIgYeQrS0AO,https://api.spotify.com/v1/tracks/2EeGjrXtXySlIgYeQrS0AO,https://api.spotify.com/v1/audio-analysis/2EeGjrXtXySlIgYeQrS0AO,187000,3
0.391,0.536,2,-6.663,1,0.0295,0.495,2.13e-05,0.152,0.397,137.96,audio_features,3rLi0IdY1GuraywSvRDXuF,spotify:track:3rLi0IdY1GuraywSvRDXuF,https://api.spotify.com/v1/tracks/3rLi0IdY1GuraywSvRDXuF,https://api.spotify.com/v1/audio-analysis/3rLi0IdY1GuraywSvRDXuF,204280,3
0.698,0.664,7,-6.218,1,0.0459,0.739,0,0.244,0.884,93.942,audio_features,72c6tthOPHcEaNw9VYwUNN,spotify:track:72c6tthOPHcEaNw9VYwUNN,https://api.spotify.com/v1/tracks/72c6tthOPHcEaNw9VYwUNN,https://api.spotify.com/v1/audio-analysis/72c6tthOPHcEaNw9VYwUNN,169227,4
0.595,0.285,8,-8.967,1,0.0267,0.889,3.37e-06,0.149,0.401,111.089,audio_features,7AugVfwmCgHxmxeFuT5mqa,spotify:track:7AugVfwmCgHxmxeFuT5mqa,https://api.spotify.com/v1/tracks/7AugVfwmCgHxmxeFuT5mqa,https://api.spotify.com/v1/audio-analysis/7AugVfwmCgHxmxeFuT5mqa,229000,4
0.584,0.241,5,-9.42,1,0.0268,0.919,0,0.147,0.448,94.035,audio_features,32z1Z0NdnzMBvwF87kX57z,spotify:track:32z1Z0NdnzMBvwF87kX57z,https://api.spotify.com/v1/tracks/32z1Z0NdnzMBvwF87kX57z,https://api.spotify.com/v1/audio-analysis/32z1Z0NdnzMBvwF87kX57z,233613,4
