danceability,energy,key,loudness,mode,speechiness,acousticness,instrumentalness,liveness,valence,tempo,type,id,uri,track_href,analysis_url,duration_ms,time_signature
0.588,0.585,6,-6.999,0,0.027,0.0992,0,0.2,0.352,91.976,audio_features,32vNg8shxInyMXM87eZ7rF,spotify:track:32vNg8shxInyMXM87eZ7rF,https://api.spotify.com/v1/tracks/32vNg8shxInyMXM87eZ7rF,https://api.spotify.com/v1/audio-analysis/32vNg8shxInyMXM87eZ7rF,248467,4
0.366,0.165,7,-12.686,1,0.0355,0.935,0,0.157,0.321,118.143,audio_features,35uZSnpGVvHbnPMbIxDjLB,spotify:track:35uZSnpGVvHbnPMbIxDjLB,https://api.spotify.com/v1/tracks/35uZSnpGVvHbnPMbIxDjLB,https://api.spotify.com/v1/audio-analysis/35uZSnpGVvHbnPMbIxDjLB,215587,4
0.482,0.762,2,-6.411,1,0.324,0.673,0,0.974,0.704,128.492,audio_features,4xm5DS4A9ysouYbbKxslji,spotify:track:4xm5DS4A9ysouYbbKxslji,https://api.spotify.com/v1/tracks/4xm5DS4A9ysouYbbKxslji,https://api.spotify.com/v1/audio-analysis/4xm5DS4A9ysouYbbKxslji,257173,4
0.241,0.29,5,-8.324,1,0.0331,0.782,0.0406,0.159,0.204,109.841,audio_features,5mUAiGpyzanVPWUZwYP6Ab,spotify:track:5mUAiGpyzanVPWUZwYP6Ab,https://api.spotify.com/v1/tracks/5mUAiGpyzanVPWUZwYP6Ab,https://api.spotify.com/v1/audio-analysis/5mUAiGpyzanVPWUZwYP6Ab,184000,3
0.597,0.387,7,-7.657,1,0.0253,0.81,8.86e-05,0.114,0.282,109.936,audio_features,63BycMAGLgJvrvgnoFtpA9,spotify:track:63BycMAGLgJvrvgnoFtpA9,https://api.spotify.com/v1/tracks/63BycMAGLgJvrvgnoFtpA9,https://api.spotify.com/v1/audio-analysis/63BycMAGLgJvrvgnoFtpA9,192907,4
0.211,0.409,9,-8.021,0,0.0299,0.792,9.04e-06,0.0676,0.127,167.509,audio_features,0PT6flQ8gpSmLLuVcULqbV,spotify:track:0PT6flQ8gpSmLLuVcULqbV,https://api.spotify.com/v1/tracks/0PT6flQ8gpSmLLuVcULqbV,https://api.spotify.com/v1/audio-analysis/0PT6flQ8gpSmLLuVcULqbV,224667,4
0.413,0.532,10,-6.906,1,0.0353,0.557,0,0.238,0.594,95.094,audio_features,4hDF1QEMWBHVld2em6M0V6,spotify:track:4hDF1QEMWBHVld2em6M0V6,https://api.spotify.com/v1/tracks/4hDF1QEMWBHVld2em6M0V6,https://api.spotify.com/v1/audio-analysis/4hDF1QEMWBHVld2em6M0V6,214827,3
0.58,0.461,7,-9.249,1,0.0261,0.527,2.23e-05,0.106,0.369,127.863,audio_features,4Qzu90JKVSDHKTgEspXl7T,spotify:track:4Qzu90JKVSDHKTgEspXl7T,https://api.spotify.com/v1/tracks/4Qzu90JKVSDHKTgEspXl7T,https://api.spotify.com/v1/audio-analysis/4Qzu90JKVSDHKTgEspXl7T,293693,4
0.724,0.427,0,-6.266,1,0.0333,0.548,0,0.6,0.875,131.998,audio_features,1Myps22bOTMGQOaCVx7Vsp,spotify:track:1Myps22bOTMGQOaCVx7Vsp,https://api.spotify.com/v1/tracks/1Myps22bOTMGQOaCVx7Vsp,https://api.spotify.com/v1/audio-analysis/1Myps22bOTMGQOaCVx7Vsp,180027,4
