danceability,energy,key,loudness,mode,speechiness,acousticness,instrumentalness,liveness,valence,tempo,type,id,uri,track_href,analysis_url,duration_ms,time_signature
0.516,0.79,5,-4.112,1,0.0278,0.000501,0.345,0.318,0.452,97.902,audio_features,1twrKWVupBO2H3IF9sQlAn,spotify:track:1twrKWVupBO2H3IF9sQlAn,https://api.spotify.com/v1/tracks/1twrKWVupBO2H3IF9sQlAn,https://api.spotify.com/v1/audio-analysis/1twrKWVupBO2H3IF9sQlAn,222707,4
0.543,0.926,7,-4.302,1,0.0488,0.000791,0,0.106,0.635,107.007,audio_features,2XdUA6fL6PK57CyZWagrTw,spotify:track:2XdUA6fL6PK57CyZWagrTw,https://api.spotify.com/v1/tracks/2XdUA6fL6PK57CyZWagrTw,https://api.spotify.com/v1/audio-analysis/2XdUA6fL6PK57CyZWagrTw,180027,4
0.449,0.682,2,-5.295,0,0.029,0.205,0,0.175,0.254,139.924,audio_features,10fddGyyeUquZZ2uPTjD7P,spotify:track:10fddGyyeUquZZ2uPTjD7P,https://api.spotify.com/v1/tracks/10fddGyyeUquZZ2uPTjD7P,https://api.spotify.com/v1/audio-analysis/10fddGyyeUquZZ2uPTjD7P,223533,4
0.415,0.816,3,-3.831,1,0.0333,0.0299,2.09e-05,0.129,0.264,136.017,audio_features,4xNfsvj9mOVnMTvHZZ8HNk,spotify:track:4xNfsvj9mOVnMTvHZZ8HNk,https://api.spotify.com/v1/tracks/4xNfsvj9mOVnMTvHZZ8HNk,https://api.spotify.com/v1/audio-analysis/4xNfsvj9mOVnMTvHZZ8HNk,232267,4
0.26,0.923,7,-5.023,1,0.157,0.00108,0,0.763,0.387,170.605,audio_features,746bHsY27aWTMYpoxqECOm,spotify:track:746bHsY27aWTMYpoxqECOm,https://api.spotify.com/v1/tracks/746bHsY27aWTMYpoxqECOm,https://api.spotify.com/v1/audio-analysis/746bHsY27aWTMYpoxqECOm,242133,4
0.541,0.904,7,-3.001,1,0.0435,0.00143,0,0.193,0.541,98.122,audio_features,5jZ1Z2GFTf2gwmFc3qiUxs,spotify:track:5jZ1Z2GFTf2gwmFc3qiUxs,https://api.spotify.com/v1/tracks/5jZ1Z2GFTf2gwmFc3qiUxs,https://api.spotify.com/v1/audio-analysis/5jZ1Z2GFTf2gwmFc3qiUxs,208693,4
0.597,0.931,11,-4.591,0,0.0984,0.127,0,0.0504,0.534,92.003,audio_features,0DKNNR9iDjwfCEpMiFXMJq,spotify:track:0DKNNR9iDjwfCEpMiFXMJq,https://api.spotify.com/v1/tracks/0DKNNR9iDjwfCEpMiFXMJq,https://api.spotify.com/v1/audio-analysis/0DKNNR9iDjwfCEpMiFXMJq,235200,4
0.5,0.936,5,-4.521,0,0.0744,0.00747,0,0.13,0.158,101.487,audio_features,0637ix1edWOCcpAcqGpMKB,spotify:track:0637ix1edWOCcpAcqGpMKB,https://api.spotify.com/v1/tracks/0637ix1edWOCcpAcqGpMKB,https://api.spotify.com/v1/audio-analysis/0637ix1edWOCcpAcqGpMKB,239600,4
0.449,0.864,1,-3.892,1,0.0352,2.04e-05,0,0.108,0.713,167.154,audio_features,0ChpoNjXfJPjMvCIN6so6J,spotify:track:0ChpoNjXfJPjMvCIN6so6J,https://api.spotify.com/v1/tracks/0ChpoNjXfJPjMvCIN6so6J,https://api.spotify.com/v1/audio-analysis/0ChpoNjXfJPjMvCIN6so6J,226080,4
