danceability,energy,key,loudness,mode,speechiness,acousticness,instrumentalness,liveness,valence,tempo,type,id,uri,track_href,analysis_url,duration_ms,time_signature
0.45,0.931,1,-3.889,1,0.0684,0.000245,0,0.379,0.658,142.958,audio_features,14gsJ2n8m2UWqUHLTI3fZn,spotify:track:14gsJ2n8m2UWqUHLTI3fZn,https://api.spotify.com/v1/tracks/14gsJ2n8m2UWqUHLTI3fZn,https://api.spotify.com/v1/audio-analysis/14gsJ2n8m2UWqUHLTI3fZn,179733,4
0.442,0.982,0,-4.396,1,0.175,0.00292,0,0.159,0.181,136.834,audio_features,3Ejg9kHDlXEhi4h0sMagfy,spotify:track:3Ejg9kHDlXEhi4h0sMagfy,https://api.spotify.com/v1/tracks/3Ejg9kHDlXEhi4h0sMagfy,https://api.spotify.com/v1/audio-analysis/3Ejg9kHDlXEhi4h0sMagfy,246935,4
0.384,0.921,11,-3.334,1,0.055,0.0948,0,0.168,0.471,89.922,audio_features,1UREw2MCfU0xwBzCAjxlUD,spotify:track:1UREw2MCfU0xwBzCAjxlUD,https://api.spotify.com/v1/tracks/1UREw2MCfU0xwBzCAjxlUD,https://api.spotify.com/v1/audio-analysis/1UREw2MCfU0xwBzCAjxlUD,208186,4
0.581,0.887,4,-3.659,0,0.0624,0.000504,0.00111,0.268,0.724,90.578,audio_features,5eek2X5459T1HoYJk2CKXv,spotify:track:5eek2X5459T1HoYJk2CKXv,https://api.spotify.com/v1/tracks/5eek2X5459T1HoYJk2CKXv,https://api.spotify.com/v1/audio-analysis/5eek2X5459T1HoYJk2CKXv,199893,4
0.454,0.984,7,-3.066,1,0.113,2.43e-05,0.00153,0.0971,0.41,90.994,audio_features,1prVa1dAuXC4jREu0M2uRr,spotify:track:1prVa1dAuXC4jREu0M2uRr,https://api.spotify.com/v1/tracks/1prVa1dAuXC4jREu0M2uRr,https://api.spotify.com/v1/audio-analysis/1prVa1dAuXC4jREu0M2uRr,205747,4
0.602,0.905,2,-4.046,1,0.0775,0.000202,0.064,0.117,0.411,128.019,audio_features,4VqPOruhp5EdPBeR92t6lQ,spotify:track:4VqPOruhp5EdPBeR92t6lQ,https://api.spotify.com/v1/tracks/4VqPOruhp5EdPBeR92t6lQ,https://api.spotify.com/v1/audio-analysis/4VqPOruhp5EdPBeR92t6lQ,304840,4
0.578,0.76,5,-2.307,1,0.0329,0.00188,0,0.142,0.7,127.904,audio_features,203zTFd1zbfG0fiOG9OREv,spotify:track:203zTFd1zbfG0fiOG9OREv,https://api.spotify.com/v1/tracks/203zTFd1zbfG0fiOG9OREv,https://api.spotify.com/v1/audio-analysis/203zTFd1zbfG0fiOG9OREv,219973,4
0.412,0.913,7,-3.428,0,0.0473,6.81e-05,0,0.0959,0.696,169.962,audio_features,5whbAX7oZ7MDlgBplPDkJb,spotify:track:5whbAX7oZ7MDlgBplPDkJb,https://api.spotify.com/v1/tracks/5whbAX7oZ7MDlgBplPDkJb,https://api.spotify.com/v1/audio-analysis/5whbAX7oZ7MDlgBplPDkJb,191133,4
0.288,0.93,2,-3.949,0,0.0406,0.000297,0,0.238,0.732,90.213,audio_features,05T4Rvc2OCzZt9x5muo5no,spotify:track:05T4Rvc2OCzZt9x5muo5no,https://api.spotify.com/v1/tracks/05T4Rvc2OCzZt9x5muo5no,https://api.spotify.com/v1/audio-analysis/05T4Rvc2OCzZt9x5muo5no,181147,4
