danceability,energy,key,loudness,mode,speechiness,acousticness,instrumentalness,liveness,valence,tempo,type,id,uri,track_href,analysis_url,duration_ms,time_signature
0.45,0.634,11,-4.814,1,0.0308,0.0985,0,0.0883,0.13,143.75,audio_features,2usybbJIyVPm1aeGK2bitr,spotify:track:2usybbJIyVPm1aeGK2bitr,https://api.spotify.com/v1/tracks/2usybbJIyVPm1aeGK2bitr,https://api.spotify.com/v1/audio-analysis/2usybbJIyVPm1aeGK2bitr,256440,4
0.68,0.741,2,-5.055,1,0.0357,0.347,1.87e-06,0.117,0.635,127.024,audio_features,2qYsSHsYkihWx043HVJQRV,spotify:track:2qYsSHsYkihWx043HVJQRV,https://api.spotify.com/v1/tracks/2qYsSHsYkihWx043HVJQRV,https://api.spotify.com/v1/audio-analysis/2qYsSHsYkihWx043HVJQRV,229400,4
0.487,0.736,7,-3.269,1,0.0326,0.069,0,0.114,0.184,81.587,audio_features,17X2tSzibD9n9QRjdExcWT,spotify:track:17X2tSzibD9n9QRjdExcWT,https://api.spotify.com/v1/tracks/17X2tSzibD9n9QRjdExcWT,https://api.spotify.com/v1/audio-analysis/17X2tSzibD9n9QRjdExcWT,218200,4
0.41,0.9,0,-4.249,0,0.0656,0.0167,1.09e-05,0.339,0.558,176.962,audio_features,215FCyLSBcXeX0NASXEjyn,spotify:track:215FCyLSBcXeX0NASXEjyn,https://api.spotify.com/v1/tracks/215FCyLSBcXeX0NASXEjyn,https://api.spotify.com/v1/audio-analysis/215FCyLSBcXeX0NASXEjyn,284960,4
0.632,0.866,7,-5.334,0,0.0331,0.0017,2.14e-06,0.153,0.444,120.062,audio_features,5lIyZPP3F45TStqOXwgg8v,spotify:track:5lIyZPP3F45TStqOXwgg8v,https://api.spotify.com/v1/tracks/5lIyZPP3F45TStqOXwgg8v,https://api.spotify.com/v1/audio-analysis/5lIyZPP3F45TStqOXwgg8v,210347,4
0.616,0.596,4,-5.035,1,0.0289,0.654,0,0.218,0.58,137.077,audio_features,1jvUrVUMm1U2XfXX534fRP,spotify:track:1jvUrVUMm1U2XfXX534fRP,https://api.spotify.com/v1/tracks/1jvUrVUMm1U2XfXX534fRP,https://api.spotify.com/v1/audio-analysis/1jvUrVUMm1U2XfXX534fRP,204200,4
0.419,0.836,6,-3.007,1,0.0377,0.129,0,0.0508,0.513,180.944,audio_features,0bu0J8FPbjG95DIX0GdzC8,spotify:track:0bu0J8FPbjG95DIX0GdzC8,https://api.spotify.com/v1/tracks/0bu0J8FPbjG95DIX0GdzC8,https://api.spotify.com/v1/audio-analysis/0bu0J8FPbjG95DIX0GdzC8,183440,4
0.485,0.585,9,-5.28,1,0.0259,0.263,1.16e-06,0.103,0.346,143.031,audio_features,5t0pvNISvXLaNIx253Oe2v,spotify:track:5t0pvNISvXLaNIx253Oe2v,https://api.spotify.com/v1/tracks/5t0pvNISvXLaNIx253Oe2v,https://api.spotify.com/v1/audio-analysis/5t0pvNISvXLaNIx253Oe2v,238413,4
0.554,0.872,6,-2.849,1,0.0897,0.221,0,0.0638,0.657,172.196,audio_features,4cDWuDOQPJsnS88XKrkAFy,spotify:track:4cDWuDOQPJsnS88XKrkAFy,https://api.spotify.com/v1/tracks/4cDWuDOQPJsnS88XKrkAFy,https://api.spotify.com/v1/audio-analysis/4cDWuDOQPJsnS88XKrkAFy,220573,4
