danceability,energy,key,loudness,mode,speechiness,acousticness,instrumentalness,liveness,valence,tempo,type,id,uri,track_href,analysis_url,duration_ms,time_signature
0.56,0.833,0,-4.616,1,0.0383,0.153,1.27e-05,0.164,0.776,153.849,audio_features,1GgV3v03flsR27DI3iQm4C,spotify:track:1GgV3v03flsR27DI3iQm4C,https://api.spotify.com/v1/tracks/1GgV3v03flsR27DI3iQm4C,https://api.spotify.com/v1/audio-analysis/1GgV3v03flsR27DI3iQm4C,173333,4
0.68,0.788,6,-6.677,1,0.0466,0.31,3.82e-06,0.101,0.653,135.943,audio_features,4f3ocvNFdJMmGP04kskM2J,spotify:track:4f3ocvNFdJMmGP04kskM2J,https://api.spotify.com/v1/tracks/4f3ocvNFdJMmGP04kskM2J,https://api.spotify.com/v1/audio-analysis/4f3ocvNFdJMmGP04kskM2J,219147,4
0.454,0.91,9,-5.544,1,0.21,0.0342,0,0.895,0.539,174.066,audio_features,1uhaXll708Tq7NDwu7fJBd,spotify:track:1uhaXll708Tq7NDwu7fJBd,https://api.spotify.com/v1/tracks/1uhaXll708Tq7NDwu7fJBd,https://api.spotify.com/v1/audio-analysis/1uhaXll708Tq7NDwu7fJBd,223627,4
0.484,0.754,6,-5.55,0,0.0532,0.237,0,0.105,0.52,169.906,audio_features,5pgx4Q33u1c1jlpE64WVGY,spotify:track:5pgx4Q33u1c1jlpE64WVGY,https://api.spotify.com/v1/tracks/5pgx4Q33u1c1jlpE64WVGY,https://api.spotify.com/v1/audio-analysis/5pgx4Q33u1c1jlpE64WVGY,231040,4
0.673,0.76,0,-5.126,1,0.0361,0.0682,0.000116,0.309,0.807,113.063,audio_features,3gVRILe7XCyNakb6sy5umX,spotify:track:3gVRILe7XCyNakb6sy5umX,https://api.spotify.com/v1/tracks/3gVRILe7XCyNakb6sy5umX,https://api.spotify.com/v1/audio-analysis/3gVRILe7XCyNakb6sy5umX,171120,4
0.496,0.708,5,-5.175,1,0.0293,0.0512,1.06e-06,0.182,0.502,158.121,audio_features,5ytc87gcx6dZ4nWRNykinV,spotify:track:5ytc87gcx6dZ4nWRNykinV,https://api.spotify.com/v1/tracks/5ytc87gcx6dZ4nWRNykinV,https://api.spotify.com/v1/audio-analysis/5ytc87gcx6dZ4nWRNykinV,232307,4
0.511,0.798,7,-4.314,1,0.0498,0.227,6.51e-06,0.184,0.607,183.303,audio_features,0h3DPHckCUqcWswjVMvdE9,spotify:track:0h3DPHckCUqcWswjVMvdE9,https://api.spotify.com/v1/tracks/0h3DPHckCUqcWswjVMvdE9,https://api.spotify.com/v1/audio-analysis/0h3DPHckCUqcWswjVMvdE9,193187,4
0.472,0.866,2,-3.771,1,0.0413,0.044,0,0.213,0.775,163.867,audio_features,2o5mwv7hvas1jdUg14Nihv,spotify:track:2o5mwv7hvas1jdUg14Nihv,https://api.spotify.com/v1/tracks/2o5mwv7hvas1jdUg14Nihv,https://api.spotify.com/v1/audio-analysis/2o5mwv7hvas1jdUg14Nihv,187613,4
0.359,0.784,7,-4.404,1,0.0438,0.0181,2.72e-05,0.0989,0.444,78.494,audio_features,2SEsRxNSXidnMOZoTEzX1k,spotify:track:2SEsRxNSXidnMOZoTEzX1k,https://api.spotify.com/v1/tracks/2SEsRxNSXidnMOZoTEzX1k,https://api.spotify.com/v1/audio-analysis/2SEsRxNSXidnMOZoTEzX1k,202467,4
