danceability,energy,key,loudness,mode,speechiness,acousticness,instrumentalness,liveness,valence,tempo,type,id,uri,track_href,analysis_url,duration_ms,time_signature
0.681,0.856,11,-5.166,0,0.0517,0.0224,0,0.188,0.755,132.011,audio_features,7EAFj7eJcMF5koWSRJVZcL,spotify:track:7EAFj7eJcMF5koWSRJVZcL,https://api.spotify.com/v1/tracks/7EAFj7eJcMF5koWSRJVZcL,https://api.spotify.com/v1/audio-analysis/7EAFj7eJcMF5koWSRJVZcL,184040,4
0.69,0.416,7,-7.865,1,0.0335,0.617,1.37e-06,0.102,0.479,82.45,audio_features,6ZOPiKQeibCn7fP8dncucL,spotify:track:6ZOPiKQeibCn7fP8dncucL,https://api.spotify.com/v1/tracks/6ZOPiKQeibCn7fP8dncucL,https://api.spotify.com/v1/audio-analysis/6ZOPiKQeibCn7fP8dncucL,230600,3
0.625,0.825,7,-5.758,1,0.0481,0.0621,0,0.0753,0.341,100.004,audio_features,12AOwWanBDN4TQbJRbErqM,spotify:track:12AOwWanBDN4TQbJRbErqM,https://api.spotify.com/v1/tracks/12AOwWanBDN4TQbJRbErqM,https://api.spotify.com/v1/audio-analysis/12AOwWanBDN4TQbJRbErqM,233827,4
0.694,0.779,0,-6.984,1,0.071,0.0688,3.99e-06,0.0803,0.594,84.975,audio_features,03LpkqucyYKcYclDs8HuxO,spotify:track:03LpkqucyYKcYclDs8HuxO,https://api.spotify.com/v1/tracks/03LpkqucyYKcYclDs8HuxO,https://api.spotify.com/v1/audio-analysis/03LpkqucyYKcYclDs8HuxO,221600,4
0.618,0.764,8,-7.086,1,0.0299,0.379,0.000211,0.108,0.447,87.012,audio_features,56PtcCDfdpMYt4LUULMEJx,spotify:track:56PtcCDfdpMYt4LUULMEJx,https://api.spotify.com/v1/tracks/56PtcCDfdpMYt4LUULMEJx,https://api.spotify.com/v1/audio-analysis/56PtcCDfdpMYt4LUULMEJx,208360,4
0.6,0.867,10,-5.394,1,0.0367,0.0072,6.25e-05,0.116,0.619,118.032,audio_features,50nzorQ9gi2md8UpFi8aJT,spotify:track:50nzorQ9gi2md8UpFi8aJT,https://api.spotify.com/v1/tracks/50nzorQ9gi2md8UpFi8aJT,https://api.spotify.com/v1/audio-analysis/50nzorQ9gi2md8UpFi8aJT,236907,4
0.609,0.788,4,-7.855,1,0.0416,0.645,3.72e-05,0.174,0.54,108.053,audio_features,3YimpODfNhxj3rN81v4WvE,spotify:track:3YimpODfNhxj3rN81v4WvE,https://api.spotify.com/v1/tracks/3YimpODfNhxj3rN81v4WvE,https://api.spotify.com/v1/audio-analysis/3YimpODfNhxj3rN81v4WvE,184947,4
0.538,0.664,1,-6.318,1,0.0392,0.193,0,0.0918,0.366,154.033,audio_features,5vCgOg9VqRaAUbnflCO6P3,spotify:track:5vCgOg9VqRaAUbnflCO6P3,https://api.spotify.com/v1/tracks/5vCgOg9VqRaAUbnflCO6P3,https://api.spotify.com/v1/audio-analysis/5vCgOg9VqRaAUbnflCO6P3,256747,4
0.619,0.882,8,-5.99,1,0.0912,0.239,0,0.033,0.897,159.98,audio_features,1J8j3IeJz1HXoHF59LoP4h,spotify:track:1J8j3IeJz1HXoHF59LoP4h,https://api.spotify.com/v1/tracks/1J8j3IeJz1HXoHF59LoP4h,https://api.spotify.com/v1/audio-analysis/1J8j3IeJz1HXoHF59LoP4h,205707,4
