danceability,energy,key,loudness,mode,speechiness,acousticness,instrumentalness,liveness,valence,tempo,type,id,uri,track_href,analysis_url,duration_ms,time_signature
0.589,0.892,2,-3.197,1,0.0365,0.0633,0,0.149,0.76,131.951,audio_features,2jwaErbghhcia4JqUYWz3g,spotify:track:2jwaErbghhcia4JqUYWz3g,https://api.spotify.com/v1/tracks/2jwaErbghhcia4JqUYWz3g,https://api.spotify.com/v1/audio-analysis/2jwaErbghhcia4JqUYWz3g,224630,4
0.497,0.622,3,-7.223,1,0.0342,0.0834,0.000185,0.245,0.522,145.915,audio_features,2Z9HbY480ypmz5JeG0PYia,spotify:track:2Z9HbY480ypmz5JeG0PYia,https://api.spotify.com/v1/tracks/2Z9HbY480ypmz5JeG0PYia,https://api.spotify.com/v1/audio-analysis/2Z9HbY480ypmz5JeG0PYia,376349,4
0.579,0.385,7,-7.885,1,0.0256,0.88,2.17e-06,0.164,0.145,103.779,audio_features,61hmCqoIlTJjcVMMLhcH5n,spotify:track:61hmCqoIlTJjcVMMLhcH5n,https://api.spotify.com/v1/tracks/61hmCqoIlTJjcVMMLhcH5n,https://api.spotify.com/v1/audio-analysis/61hmCqoIlTJjcVMMLhcH5n,259507,4
0.675,0.781,0,-7.365,1,0.0473,0.0822,0.0384,0.119,0.612,132.013,audio_features,29cd2pFF9ltQ5viRWGlbR7,spotify:track:29cd2pFF9ltQ5viRWGlbR7,https://api.spotify.com/v1/tracks/29cd2pFF9ltQ5viRWGlbR7,https://api.spotify.com/v1/audio-analysis/29cd2pFF9ltQ5viRWGlbR7,251640,4
0.55,0.543,2,-8.395,1,0.0408,0.379,0,0.0927,0.562,82.761,audio_features,0lZxd99ZIjA0zUdQAY3FXr,spotify:track:0lZxd99ZIjA0zUdQAY3FXr,https://api.spotify.com/v1/tracks/0lZxd99ZIjA0zUdQAY3FXr,https://api.spotify.com/v1/audio-analysis/0lZxd99ZIjA0zUdQAY3FXr,231293,4
0.666,0.817,2,-6.072,1,0.0453,0.115,1.18e-05,0.0668,0.826,120.02,audio_features,7MtZJEuIZ6GEKGSN7ttTkX,spotify:track:7MtZJEuIZ6GEKGSN7ttTkX,https://api.spotify.com/v1/tracks/7MtZJEuIZ6GEKGSN7ttTkX,https://api.spotify.com/v1/audio-analysis/7MtZJEuIZ6GEKGSN7ttTkX,221120,4
0.622,0.854,4,-5.7,1,0.0337,0.1,0.000288,0.156,0.639,111.022,audio_features,6oBWomqWwisfkdCeCZYD7V,spotify:track:6oBWomqWwisfkdCeCZYD7V,https://api.spotify.com/v1/tracks/6oBWomqWwisfkdCeCZYD7V,https://api.spotify.com/v1/audio-analysis/6oBWomqWwisfkdCeCZYD7V,323040,4
0.417,0.488,2,-7.029,1,0.0292,0.0423,0,0.0959,0.206,188.209,audio_features,6KCa9qGpQ8eCjjFDFwF1r6,spotify:track:6KCa9qGpQ8eCjjFDFwF1r6,https://api.spotify.com/v1/tracks/6KCa9qGpQ8eCjjFDFwF1r6,https://api.spotify.com/v1/audio-analysis/6KCa9qGpQ8eCjjFDFwF1r6,237173,4
0.649,0.666,0,-7.03,1,0.024,0.0147,2.83e-06,0.106,0.622,102.968,audio_features,3Tw85IoP1W5YyD96vWYd1A,spotify:track:3Tw85IoP1W5YyD96vWYd1A,https://api.spotify.com/v1/tracks/3Tw85IoP1W5YyD96vWYd1A,https://api.spotify.com/v1/audio-analysis/3Tw85IoP1W5YyD96vWYd1A,219240,4
