danceability,energy,key,loudness,mode,speechiness,acousticness,instrumentalness,liveness,valence,tempo,type,id,uri,track_href,analysis_url,duration_ms,time_signature
0.588,0.942,2,-3.167,1,0.0727,0.00037,0.00177,0.0762,0.387,103.07,audio_features,4d4AIYFkR8MSWtKBmphyir,spotify:track:4d4AIYFkR8MSWtKBmphyir,https://api.spotify.com/v1/tracks/4d4AIYFkR8MSWtKBmphyir,https://api.spotify.com/v1/audio-analysis/4d4AIYFkR8MSWtKBmphyir,170893,4
0.339,0.931,5,-3.425,0,0.062,0.0015,0.000142,0.425,0.467,112.548,audio_features,3asFGFY3uLjMDmML1p0tYm,spotify:track:3asFGFY3uLjMDmML1p0tYm,https://api.spotify.com/v1/tracks/3asFGFY3uLjMDmML1p0tYm,https://api.spotify.com/v1/audio-analysis/3asFGFY3uLjMDmML1p0tYm,242280,4
0.342,0.981,2,-3.228,0,0.14,2.53e-05,0,0.343,0.207,160.083,audio_features,3imITUqEhkebNbOoS1yrWm,spotify:track:3imITUqEhkebNbOoS1yrWm,https://api.spotify.com/v1/tracks/3imITUqEhkebNbOoS1yrWm,https://api.spotify.com/v1/audio-analysis/3imITUqEhkebNbOoS1yrWm,202640,4
0.42,0.983,10,-3.437,1,0.113,0.000263,0,0.114,0.513,149.958,audio_features,15qf0H31MChhqKr2zvejla,spotify:track:15qf0H31MChhqKr2zvejla,https://api.spotify.com/v1/tracks/15qf0H31MChhqKr2zvejla,https://api.spotify.com/v1/audio-analysis/15qf0H31MChhqKr2zvejla,197200,4
0.199,0.935,1,-3.471,1,0.157,0.000204,0,0.0628,0.637,195.012,audio_features,069deq5woglvUnWok4MqTe,spotify:track:069deq5woglvUnWok4MqTe,https://api.spotify.com/v1/tracks/069deq5woglvUnWok4MqTe,https://api.spotify.com/v1/audio-analysis/069deq5woglvUnWok4MqTe,177240,4
0.288,0.991,3,-3.976,1,0.312,0.000126,3.77e-06,0.0902,0.353,169.607,audio_features,0OQmxZOINqWsbKysfiPSTO,spotify:track:0OQmxZOINqWsbKysfiPSTO,https://api.spotify.com/v1/tracks/0OQmxZOINqWsbKysfiPSTO,https://api.spotify.com/v1/audio-analysis/0OQmxZOINqWsbKysfiPSTO,200036,4
0.194,0.978,0,-4.802,0,0.227,0.00131,0,0.369,0.0858,157.981,audio_features,5rDPm1vZz9YD4Eu86GS6E6,spotify:track:5rDPm1vZz9YD4Eu86GS6E6,https://api.spotify.com/v1/tracks/5rDPm1vZz9YD4Eu86GS6E6,https://api.spotify.com/v1/audio-analysis/5rDPm1vZz9YD4Eu86GS6E6,274034,4
0.439,0.968,6,-3.21,0,0.159,0.00123,0,0.242,0.655,160.055,audio_features,0td6n7lIccGyYKgnWBGUvD,spotify:track:0td6n7lIccGyYKgnWBGUvD,https://api.spotify.com/v1/tracks/0td6n7lIccGyYKgnWBGUvD,https://api.spotify.com/v1/audio-analysis/0td6n7lIccGyYKgnWBGUvD,207778,4
0.443,0.985,4,-4.001,1,0.124,4.63e-05,0,0.378,0.429,143.97,audio_features,2ZsyiMM5KRLZwyy0LCu5iR,spotify:track:2ZsyiMM5KRLZwyy0LCu5iR,https://api.spotify.com/v1/tracks/2ZsyiMM5KRLZwyy0LCu5iR,https://api.spotify.com/v1/audio-analysis/2ZsyiMM5KRLZwyy0LCu5iR,202521,4
