danceability,energy,key,loudness,mode,speechiness,acousticness,instrumentalness,liveness,valence,tempo,type,id,uri,track_href,analysis_url,duration_ms,time_signature
0.697,0.878,6,-3.779,1,0.0351,0.00734,7.98e-06,0.0971,0.802,121.543,audio_features,2zSapg6tQtoABTstNHcYde,spotify:track:2zSapg6tQtoABTstNHcYde,https://api.spotify.com/v1/tracks/2zSapg6tQtoABTstNHcYde,https://api.spotify.com/v1/audio-analysis/2zSapg6tQtoABTstNHcYde,306027,4
0.491,0.776,2,-3.887,1,0.0393,0.314,0,0.146,0.428,154.988,audio_features,4hCv07JQHyyOrC72WjeDuF,spotify:track:4hCv07JQHyyOrC72WjeDuF,https://api.spotify.com/v1/tracks/4hCv07JQHyyOrC72WjeDuF,https://api.spotify.com/v1/audio-analysis/4hCv07JQHyyOrC72WjeDuF,202547,4
0.53,0.813,11,-5.438,1,0.0383,0.155,0.000114,0.0716,0.517,151.937,audio_features,6YhJ305bmiKpGkAz8HkVwI,spotify:track:6YhJ305bmiKpGkAz8HkVwI,https://api.spotify.com/v1/tracks/6YhJ305bmiKpGkAz8HkVwI,https://api.spotify.com/v1/audio-analysis/6YhJ305bmiKpGkAz8HkVwI,242640,4
0.632,0.866,7,-5.334,0,0.0331,0.0017,2.14e-06,0.153,0.444,120.062,audio_features,5lIyZPP3F45TStqOXwgg8v,spotify:track:5lIyZPP3F45TStqOXwgg8v,https://api.spotify.com/v1/tracks/5lIyZPP3F45TStqOXwgg8v,https://api.spotify.com/v1/audio-analysis/5lIyZPP3F45TStqOXwgg8v,210347,4
0.613,0.839,9,-3.799,0,0.0352,0.000854,0,0.341,0.526,104.975,audio_features,2d48mamATjby7wgPjdrSOQ,spotify:track:2d48mamATjby7wgPjdrSOQ,https://api.spotify.com/v1/tracks/2d48mamATjby7wgPjdrSOQ,https://api.spotify.com/v1/audio-analysis/2d48mamATjby7wgPjdrSOQ,223627,4
0.595,0.389,2,-9.245,1,0.0349,0.418,1.39e-06,0.116,0.4,166.052,audio_features,5kNe7PE09d6Kvw5pAsx23n,spotify:track:5kNe7PE09d6Kvw5pAsx23n,https://api.spotify.com/v1/tracks/5kNe7PE09d6Kvw5pAsx23n,https://api.spotify.com/v1/audio-analysis/5kNe7PE09d6Kvw5pAsx23n,227427,4
0.477,0.697,11,-4.348,1,0.0301,0.0306,0,0.113,0.486,150.049,audio_features,5oi5FZxnsT6jno2seBjmZM,spotify:track:5oi5FZxnsT6jno2seBjmZM,https://api.spotify.com/v1/tracks/5oi5FZxnsT6jno2seBjmZM,https://api.spotify.com/v1/audio-analysis/5oi5FZxnsT6jno2seBjmZM,205160,3
0.695,0.641,7,-5.807,1,0.0261,0.142,0,0.131,0.664,101.974,audio_features,63OQWdXMq0Pe6pRpWY5gO0,spotify:track:63OQWdXMq0Pe6pRpWY5gO0,https://api.spotify.com/v1/tracks/63OQWdXMq0Pe6pRpWY5gO0,https://api.spotify.com/v1/audio-analysis/63OQWdXMq0Pe6pRpWY5gO0,181200,4
0.695,0.641,7,-5.807,1,0.0261,0.142,0,0.131,0.664,101.974,audio_features,63OQWdXMq0Pe6pRpWY5gO0,spotify:track:63OQWdXMq0Pe6pRpWY5gO0,https://api.spotify.com/v1/tracks/63OQWdXMq0Pe6pRpWY5gO0,https://api.spotify.com/v1/audio-analysis/63OQWdXMq0Pe6pRpWY5gO0,181200,4
