danceability,energy,key,loudness,mode,speechiness,acousticness,instrumentalness,liveness,valence,tempo,type,id,uri,track_href,analysis_url,duration_ms,time_signature
0.611,0.95,8,-3.509,1,0.0518,0.00141,1.59e-06,0.0543,0.607,132.078,audio_features,4eAwB5pnKFTmsgc3zWoYO0,spotify:track:4eAwB5pnKFTmsgc3zWoYO0,https://api.spotify.com/v1/tracks/4eAwB5pnKFTmsgc3zWoYO0,https://api.spotify.com/v1/audio-analysis/4eAwB5pnKFTmsgc3zWoYO0,193893,4
0.476,0.943,2,-4.149,1,0.0592,5.33e-05,0.00405,0.0689,0.412,134.069,audio_features,57ffw1JGhvRWNvOZue59W3,spotify:track:57ffw1JGhvRWNvOZue59W3,https://api.spotify.com/v1/tracks/57ffw1JGhvRWNvOZue59W3,https://api.spotify.com/v1/audio-analysis/57ffw1JGhvRWNvOZue59W3,296973,4
0.39,0.702,2,-5.825,1,0.036,0.00883,0.00207,0.342,0.195,125.686,audio_features,623FjLu3438Wk5urTsN4sS,spotify:track:623FjLu3438Wk5urTsN4sS,https://api.spotify.com/v1/tracks/623FjLu3438Wk5urTsN4sS,https://api.spotify.com/v1/audio-analysis/623FjLu3438Wk5urTsN4sS,238240,4
0.443,0.769,2,-5.529,1,0.0312,0.00138,0,0.0677,0.17,147.973,audio_features,3nlT74t8h4XlV1D72pErhj,spotify:track:3nlT74t8h4XlV1D72pErhj,https://api.spotify.com/v1/tracks/3nlT74t8h4XlV1D72pErhj,https://api.spotify.com/v1/audio-analysis/3nlT74t8h4XlV1D72pErhj,268693,4
0.355,0.959,8,-2.802,0,0.0951,0.00123,1.97e-05,0.226,0.475,193.125,audio_features,5NfDTmK8fnXgLmUqnFWmbx,spotify:track:5NfDTmK8fnXgLmUqnFWmbx,https://api.spotify.com/v1/tracks/5NfDTmK8fnXgLmUqnFWmbx,https://api.spotify.com/v1/audio-analysis/5NfDTmK8fnXgLmUqnFWmbx,193453,4
0.413,0.445,1,-7.259,0,0.025,0.438,0,0.111,0.117,95.562,audio_features,0pEtR0kQvGsfXu9F9I2NWG,spotify:track:0pEtR0kQvGsfXu9F9I2NWG,https://api.spotify.com/v1/tracks/0pEtR0kQvGsfXu9F9I2NWG,https://api.spotify.com/v1/audio-analysis/0pEtR0kQvGsfXu9F9I2NWG,222200,4
0.446,0.657,7,-4.494,1,0.0262,0.0022,0,0.189,0.215,152.132,audio_features,420JGkyLfLUZcgBHKiIK9v,spotify:track:420JGkyLfLUZcgBHKiIK9v,https://api.spotify.com/v1/tracks/420JGkyLfLUZcgBHKiIK9v,https://api.spotify.com/v1/audio-analysis/420JGkyLfLUZcgBHKiIK9v,250093,3
0.442,0.614,3,-2.709,0,0.0337,0.0121,0.000461,0.135,0.169,123.776,audio_features,2G8gLafzmoHwa6RBih74J3,spotify:track:2G8gLafzmoHwa6RBih74J3,https://api.spotify.com/v1/tracks/2G8gLafzmoHwa6RBih74J3,https://api.spotify.com/v1/audio-analysis/2G8gLafzmoHwa6RBih74J3,258333,4
0.442,0.855,6,-2.985,0,0.0288,0.00049,0.0137,0.273,0.363,175.543,audio_features,4eTIe5eqds88bA9ua6p5p6,spotify:track:4eTIe5eqds88bA9ua6p5p6,https://api.spotify.com/v1/tracks/4eTIe5eqds88bA9ua6p5p6,https://api.spotify.com/v1/audio-analysis/4eTIe5eqds88bA9ua6p5p6,243640,4
