danceability,energy,key,loudness,mode,speechiness,acousticness,instrumentalness,liveness,valence,tempo,type,id,uri,track_href,analysis_url,duration_ms,time_signature
0.493,0.843,5,-4.893,0,0.0482,0.0019,0.0086,0.0835,0.416,92.827,audio_features,6VGKfZmYkkMsd2pij0jNiF,spotify:track:6VGKfZmYkkMsd2pij0jNiF,https://api.spotify.com/v1/tracks/6VGKfZmYkkMsd2pij0jNiF,https://api.spotify.com/v1/audio-analysis/6VGKfZmYkkMsd2pij0jNiF,218800,4
0.492,0.969,9,-4.419,1,0.0491,0.0014,1.32e-06,0.0787,0.538,95.136,audio_features,3K4HG9evC7dg3N0R9cYqk4,spotify:track:3K4HG9evC7dg3N0R9cYqk4,https://api.spotify.com/v1/tracks/3K4HG9evC7dg3N0R9cYqk4,https://api.spotify.com/v1/audio-analysis/3K4HG9evC7dg3N0R9cYqk4,157333,4
0.58,0.877,1,-4.193,0,0.0395,0.00122,0,0.322,0.614,129.968,audio_features,6kp8F9FpHXzjga2MeRDSG8,spotify:track:6kp8F9FpHXzjga2MeRDSG8,https://api.spotify.com/v1/tracks/6kp8F9FpHXzjga2MeRDSG8,https://api.spotify.com/v1/audio-analysis/6kp8F9FpHXzjga2MeRDSG8,219360,4
0.506,0.85,1,-4.039,1,0.0346,0.0208,0,0.244,0.462,125.867,audio_features,21rrpIokftsRDF2StX3TcI,spotify:track:21rrpIokftsRDF2StX3TcI,https://api.spotify.com/v1/tracks/21rrpIokftsRDF2StX3TcI,https://api.spotify.com/v1/audio-analysis/21rrpIokftsRDF2StX3TcI,190400,4
0.49,0.833,6,-5.899,1,0.0487,0.0116,0.000504,0.15,0.39,89.981,audio_features,5FQXMRDSTkn9fowDJ3kZo8,spotify:track:5FQXMRDSTkn9fowDJ3kZo8,https://api.spotify.com/v1/tracks/5FQXMRDSTkn9fowDJ3kZo8,https://api.spotify.com/v1/audio-analysis/5FQXMRDSTkn9fowDJ3kZo8,187347,4
0.402,0.933,7,-5.039,0,0.0533,0.000906,9.83e-06,0.207,0.275,158.661,audio_features,4XwKXDL5dgnSII5kSLnEW1,spotify:track:4XwKXDL5dgnSII5kSLnEW1,https://api.spotify.com/v1/tracks/4XwKXDL5dgnSII5kSLnEW1,https://api.spotify.com/v1/audio-analysis/4XwKXDL5dgnSII5kSLnEW1,239720,4
0.51,0.863,8,-5.474,1,0.0647,8.52e-05,0.000523,0.0917,0.416,106.995,audio_features,2m3aDOFjLEMSfcNcqVAp0Z,spotify:track:2m3aDOFjLEMSfcNcqVAp0Z,https://api.spotify.com/v1/tracks/2m3aDOFjLEMSfcNcqVAp0Z,https://api.spotify.com/v1/audio-analysis/2m3aDOFjLEMSfcNcqVAp0Z,208400,4
0.512,0.864,7,-4.146,1,0.0338,0.000821,0,0.0982,0.527,138.018,audio_features,3pxCXv0NACYfYnLjFcQW5D,spotify:track:3pxCXv0NACYfYnLjFcQW5D,https://api.spotify.com/v1/tracks/3pxCXv0NACYfYnLjFcQW5D,https://api.spotify.com/v1/audio-analysis/3pxCXv0NACYfYnLjFcQW5D,222827,4
0.384,0.871,7,-4.034,1,0.04,0.00991,1.55e-06,0.349,0.321,159.939,audio_features,0P0rnpupoEnxJojWHGtn0a,spotify:track:0P0rnpupoEnxJojWHGtn0a,https://api.spotify.com/v1/tracks/0P0rnpupoEnxJojWHGtn0a,https://api.spotify.com/v1/audio-analysis/0P0rnpupoEnxJojWHGtn0a,235613,4
