danceability,energy,key,loudness,mode,speechiness,acousticness,instrumentalness,liveness,valence,tempo,type,id,uri,track_href,analysis_url,duration_ms,time_signature
0.439,0.945,1,-2.21,1,0.138,0.00677,0,0.166,0.455,161.954,audio_features,0d8aJLKZI1r4uOSLZBJaBK,spotify:track:0d8aJLKZI1r4uOSLZBJaBK,https://api.spotify.com/v1/tracks/0d8aJLKZI1r4uOSLZBJaBK,https://api.spotify.com/v1/audio-analysis/0d8aJLKZI1r4uOSLZBJaBK,195680,4
0.396,0.961,0,-3.339,0,0.111,0.0209,0,0.609,0.27,168.03,audio_features,6mW55jsmWapFREmli1SsIM,spotify:track:6mW55jsmWapFREmli1SsIM,https://api.spotify.com/v1/tracks/6mW55jsmWapFREmli1SsIM,https://api.spotify.com/v1/audio-analysis/6mW55jsmWapFREmli1SsIM,181307,4
0.533,0.967,1,-2.543,1,0.0995,0.00791,0,0.336,0.782,142.018,audio_features,4CbKVDZkYKdv69I4bCaKUq,spotify:track:4CbKVDZkYKdv69I4bCaKUq,https://api.spotify.com/v1/tracks/4CbKVDZkYKdv69I4bCaKUq,https://api.spotify.com/v1/audio-analysis/4CbKVDZkYKdv69I4bCaKUq,186813,4
0.434,0.939,4,-2.983,0,0.0593,0.0425,0,0.491,0.569,159.932,audio_features,0nkzd3yNniB767zSDDdLZ3,spotify:track:0nkzd3yNniB767zSDDdLZ3,https://api.spotify.com/v1/tracks/0nkzd3yNniB767zSDDdLZ3,https://api.spotify.com/v1/audio-analysis/0nkzd3yNniB767zSDDdLZ3,209493,4
0.629,0.933,8,-3.051,1,0.0693,0.00389,0,0.114,0.589,127.0,audio_features,4EYpOdL69yWuIRc49AyeZa,spotify:track:4EYpOdL69yWuIRc49AyeZa,https://api.spotify.com/v1/tracks/4EYpOdL69yWuIRc49AyeZa,https://api.spotify.com/v1/audio-analysis/4EYpOdL69yWuIRc49AyeZa,190360,4
0.45,0.883,7,-4.094,1,0.0524,0.00193,0,0.293,0.328,93.41,audio_features,663Karu2rvKLdnY0eo1n3M,spotify:track:663Karu2rvKLdnY0eo1n3M,https://api.spotify.com/v1/tracks/663Karu2rvKLdnY0eo1n3M,https://api.spotify.com/v1/audio-analysis/663Karu2rvKLdnY0eo1n3M,214707,4
0.479,0.884,9,-4.762,1,0.0483,0.0338,0,0.0802,0.452,146.922,audio_features,7k9iVpyeR5ybSPSkvmAP6K,spotify:track:7k9iVpyeR5ybSPSkvmAP6K,https://api.spotify.com/v1/tracks/7k9iVpyeR5ybSPSkvmAP6K,https://api.spotify.com/v1/audio-analysis/7k9iVpyeR5ybSPSkvmAP6K,198467,4
0.454,0.947,5,-4.085,1,0.0841,0.0187,0,0.346,0.591,149.076,audio_features,2MGpDu11Ute4wFJxaM7m0u,spotify:track:2MGpDu11Ute4wFJxaM7m0u,https://api.spotify.com/v1/tracks/2MGpDu11Ute4wFJxaM7m0u,https://api.spotify.com/v1/audio-analysis/2MGpDu11Ute4wFJxaM7m0u,154133,4
0.498,0.83,6,-5.157,0,0.0421,0.00461,0,0.139,0.453,89.342,audio_features,0M955bMOoilikPXwKLYpoi,spotify:track:0M955bMOoilikPXwKLYpoi,https://api.spotify.com/v1/tracks/0M955bMOoilikPXwKLYpoi,https://api.spotify.com/v1/audio-analysis/0M955bMOoilikPXwKLYpoi,231480,4
