danceability,energy,key,loudness,mode,speechiness,acousticness,instrumentalness,liveness,valence,tempo,type,id,uri,track_href,analysis_url,duration_ms,time_signature
0.687,0.657,7,-6.093,1,0.0455,0.025,0,0.0963,0.786,118.966,audio_features,1X6tCRjIO8AoBtLHMyzYh3,spotify:track:1X6tCRjIO8AoBtLHMyzYh3,https://api.spotify.com/v1/tracks/1X6tCRjIO8AoBtLHMyzYh3,https://api.spotify.com/v1/audio-analysis/1X6tCRjIO8AoBtLHMyzYh3,210853,4
0.682,0.77,8,-4.826,0,0.134,0.0108,0,0.133,0.934,115.042,audio_features,3Cn4LTaEX4U1bg8lyLJv8c,spotify:track:3Cn4LTaEX4U1bg8lyLJv8c,https://api.spotify.com/v1/tracks/3Cn4LTaEX4U1bg8lyLJv8c,https://api.spotify.com/v1/audio-analysis/3Cn4LTaEX4U1bg8lyLJv8c,204067,4
0.54,0.406,7,-4.818,1,0.0372,0.938,0,0.116,0.336,71.934,audio_features,1R5enbYxFP95wun6qxiXTA,spotify:track:1R5enbYxFP95wun6qxiXTA,https://api.spotify.com/v1/tracks/1R5enbYxFP95wun6qxiXTA,https://api.spotify.com/v1/audio-analysis/1R5enbYxFP95wun6qxiXTA,226747,4
0.577,0.803,9,-6.305,1,0.0347,0.0985,0,0.108,0.735,151.115,audio_features,0mahSEa17a2ouPEY9gPTTW,spotify:track:0mahSEa17a2ouPEY9gPTTW,https://api.spotify.com/v1/tracks/0mahSEa17a2ouPEY9gPTTW,https://api.spotify.com/v1/audio-analysis/0mahSEa17a2ouPEY9gPTTW,217547,4
0.523,0.382,8,-8.386,1,0.0274,0.133,0,0.11,0.274,77.925,audio_features,38qDc4DgEnnkr9UaRI5owP,spotify:track:38qDc4DgEnnkr9UaRI5owP,https://api.spotify.com/v1/tracks/38qDc4DgEnnkr9UaRI5owP,https://api.spotify.com/v1/audio-analysis/38qDc4DgEnnkr9UaRI5owP,255387,4
0.577,0.968,1,-3.896,1,0.0779,0.0351,0,0.397,0.677,100.025,audio_features,4Cr5XBkdiv9yB3j3RhWJzQ,spotify:track:4Cr5XBkdiv9yB3j3RhWJzQ,https://api.spotify.com/v1/tracks/4Cr5XBkdiv9yB3j3RhWJzQ,https://api.spotify.com/v1/audio-analysis/4Cr5XBkdiv9yB3j3RhWJzQ,177160,4
0.555,0.862,7,-3.866,1,0.0379,0.0252,0,0.0544,0.692,98.036,audio_features,75Vj2Or86sHJMSIte5bG7K,spotify:track:75Vj2Or86sHJMSIte5bG7K,https://api.spotify.com/v1/tracks/75Vj2Or86sHJMSIte5bG7K,https://api.spotify.com/v1/audio-analysis/75Vj2Or86sHJMSIte5bG7K,202653,4
0.651,0.782,8,-4.295,1,0.0718,0.295,0,0.107,0.945,171.987,audio_features,0OlS52TmtK2gPaEtdmr7DN,spotify:track:0OlS52TmtK2gPaEtdmr7DN,https://api.spotify.com/v1/tracks/0OlS52TmtK2gPaEtdmr7DN,https://api.spotify.com/v1/audio-analysis/0OlS52TmtK2gPaEtdmr7DN,176893,4
0.498,0.804,11,-3.995,1,0.0332,0.125,0,0.167,0.697,166.054,audio_features,7px4t7HGiuMUvFkEOpZEwp,spotify:track:7px4t7HGiuMUvFkEOpZEwp,https://api.spotify.com/v1/tracks/7px4t7HGiuMUvFkEOpZEwp,https://api.spotify.com/v1/audio-analysis/7px4t7HGiuMUvFkEOpZEwp,191827,4
