danceability,energy,key,loudness,mode,speechiness,acousticness,instrumentalness,liveness,valence,tempo,type,id,uri,track_href,analysis_url,duration_ms,time_signature
0.654,0.825,9,-4.245,1,0.0429,0.00872,2.28e-05,0.212,0.547,101.975,audio_features,5Oxgt1m5SMpwM17zByC11n,spotify:track:5Oxgt1m5SMpwM17zByC11n,https://api.spotify.com/v1/tracks/5Oxgt1m5SMpwM17zByC11n,https://api.spotify.com/v1/audio-analysis/5Oxgt1m5SMpwM17zByC11n,232880,4
0.621,0.78,2,-8.502,1,0.0333,0.0174,0,0.0681,0.822,134.022,audio_features,7spHf4BDxD48nnTUDMKbRM,spotify:track:7spHf4BDxD48nnTUDMKbRM,https://api.spotify.com/v1/tracks/7spHf4BDxD48nnTUDMKbRM,https://api.spotify.com/v1/audio-analysis/7spHf4BDxD48nnTUDMKbRM,220387,4
0.621,0.78,2,-8.502,1,0.0333,0.0174,0,0.0681,0.822,134.022,audio_features,7spHf4BDxD48nnTUDMKbRM,spotify:track:7spHf4BDxD48nnTUDMKbRM,https://api.spotify.com/v1/tracks/7spHf4BDxD48nnTUDMKbRM,https://api.spotify.com/v1/audio-analysis/7spHf4BDxD48nnTUDMKbRM,220387,4
0.457,0.846,4,-8.547,1,0.0477,0.0598,0,0.34,0.851,177.353,audio_features,0nVJE0wZocUZsVtcdJ0xFW,spotify:track:0nVJE0wZocUZsVtcdJ0xFW,https://api.spotify.com/v1/tracks/0nVJE0wZocUZsVtcdJ0xFW,https://api.spotify.com/v1/audio-analysis/0nVJE0wZocUZsVtcdJ0xFW,216867,4
0.657,0.785,3,-8.428,1,0.037,0.0301,4.62e-06,0.0927,0.769,127.987,audio_features,5inaLuIZnBLS2rIpM6T2lr,spotify:track:5inaLuIZnBLS2rIpM6T2lr,https://api.spotify.com/v1/tracks/5inaLuIZnBLS2rIpM6T2lr,https://api.spotify.com/v1/audio-analysis/5inaLuIZnBLS2rIpM6T2lr,273587,4
0.496,0.397,1,-10.534,1,0.0299,0.463,6.54e-06,0.128,0.611,160.021,audio_features,34UNcKZ3jvhqFjuA9H18EK,spotify:track:34UNcKZ3jvhqFjuA9H18EK,https://api.spotify.com/v1/tracks/34UNcKZ3jvhqFjuA9H18EK,https://api.spotify.com/v1/audio-analysis/34UNcKZ3jvhqFjuA9H18EK,236027,4
0.708,0.643,8,-10.951,1,0.0424,0.0304,0.000337,0.109,0.577,123.961,audio_features,6UeVYdqd4JtSWvKPXNq5cX,spotify:track:6UeVYdqd4JtSWvKPXNq5cX,https://api.spotify.com/v1/tracks/6UeVYdqd4JtSWvKPXNq5cX,https://api.spotify.com/v1/audio-analysis/6UeVYdqd4JtSWvKPXNq5cX,258173,4
0.708,0.643,8,-10.951,1,0.0424,0.0304,0.000337,0.109,0.577,123.961,audio_features,6UeVYdqd4JtSWvKPXNq5cX,spotify:track:6UeVYdqd4JtSWvKPXNq5cX,https://api.spotify.com/v1/tracks/6UeVYdqd4JtSWvKPXNq5cX,https://api.spotify.com/v1/audio-analysis/6UeVYdqd4JtSWvKPXNq5cX,258173,4
0.652,0.786,2,-5.448,1,0.0336,0.0142,2.19e-06,0.191,0.461,121.01,audio_features,305xhcwBs5dKxh8Uih0Svz,spotify:track:305xhcwBs5dKxh8Uih0Svz,https://api.spotify.com/v1/tracks/305xhcwBs5dKxh8Uih0Svz,https://api.spotify.com/v1/audio-analysis/305xhcwBs5dKxh8Uih0Svz,226720,4
