danceability,energy,key,loudness,mode,speechiness,acousticness,instrumentalness,liveness,valence,tempo,type,id,uri,track_href,analysis_url,duration_ms,time_signature
0.477,0.426,6,-6.961,1,0.043,0.544,0,0.0903,0.789,184.866,audio_features,6GrrkiCRO3HYdgRpO4eKEL,spotify:track:6GrrkiCRO3HYdgRpO4eKEL,https://api.spotify.com/v1/tracks/6GrrkiCRO3HYdgRpO4eKEL,https://api.spotify.com/v1/audio-analysis/6GrrkiCRO3HYdgRpO4eKEL,200067,3
0.198,0.977,3,-3.499,0,0.173,0.00131,4.62e-05,0.23,0.351,195.795,audio_features,2GTBnTnkvaNhVg7ADGnVzN,spotify:track:2GTBnTnkvaNhVg7ADGnVzN,https://api.spotify.com/v1/tracks/2GTBnTnkvaNhVg7ADGnVzN,https://api.spotify.com/v1/audio-analysis/2GTBnTnkvaNhVg7ADGnVzN,199387,4
0.318,0.942,5,-4.125,0,0.0492,0.00435,0,0.0962,0.486,134.879,audio_features,1UMfD9AXeunpbd2TKEtuY9,spotify:track:1UMfD9AXeunpbd2TKEtuY9,https://api.spotify.com/v1/tracks/1UMfD9AXeunpbd2TKEtuY9,https://api.spotify.com/v1/audio-analysis/1UMfD9AXeunpbd2TKEtuY9,238573,4
0.408,0.968,1,-3.123,1,0.081,0.000875,4.1e-06,0.124,0.556,154.479,audio_features,7IMLn7dBjWiUzGXzk20EGb,spotify:track:7IMLn7dBjWiUzGXzk20EGb,https://api.spotify.com/v1/tracks/7IMLn7dBjWiUzGXzk20EGb,https://api.spotify.com/v1/audio-analysis/7IMLn7dBjWiUzGXzk20EGb,234787,4
0.29,0.955,3,-4.204,0,0.0557,0.000523,1.78e-06,0.0875,0.513,103.259,audio_features,0PG3UGZeWW66wnD06zmhc0,spotify:track:0PG3UGZeWW66wnD06zmhc0,https://api.spotify.com/v1/tracks/0PG3UGZeWW66wnD06zmhc0,https://api.spotify.com/v1/audio-analysis/0PG3UGZeWW66wnD06zmhc0,229440,4
0.458,0.933,5,-4.83,0,0.107,0.0018,0.0252,0.0523,0.562,192.01,audio_features,5qAaYMahTumxvF9LuelRtc,spotify:track:5qAaYMahTumxvF9LuelRtc,https://api.spotify.com/v1/tracks/5qAaYMahTumxvF9LuelRtc,https://api.spotify.com/v1/audio-analysis/5qAaYMahTumxvF9LuelRtc,196960,4
0.473,0.735,11,-6.131,0,0.0498,0.0106,0,0.266,0.65,77.273,audio_features,3kj21bGH2CrtMmoOpFvL34,spotify:track:3kj21bGH2CrtMmoOpFvL34,https://api.spotify.com/v1/tracks/3kj21bGH2CrtMmoOpFvL34,https://api.spotify.com/v1/audio-analysis/3kj21bGH2CrtMmoOpFvL34,179453,4
0.46,0.894,0,-5.911,0,0.0755,0.00155,0,0.178,0.404,139.956,audio_features,3p8C2MNIdbRfewXzGwdMOw,spotify:track:3p8C2MNIdbRfewXzGwdMOw,https://api.spotify.com/v1/tracks/3p8C2MNIdbRfewXzGwdMOw,https://api.spotify.com/v1/audio-analysis/3p8C2MNIdbRfewXzGwdMOw,244427,4
0.375,0.894,6,-4.885,1,0.0565,0.000261,0,0.133,0.511,174.039,audio_features,596uoOiPqMKJTHyasCFZPW,spotify:track:596uoOiPqMKJTHyasCFZPW,https://api.spotify.com/v1/tracks/596uoOiPqMKJTHyasCFZPW,https://api.spotify.com/v1/audio-analysis/596uoOiPqMKJTHyasCFZPW,219440,4
