danceability,energy,key,loudness,mode,speechiness,acousticness,instrumentalness,liveness,valence,tempo,type,id,uri,track_href,analysis_url,duration_ms,time_signature
0.646,0.871,7,-6.439,1,0.0322,0.00652,1.77e-06,0.0703,0.842,116.977,audio_features,2zFFdE9bA46zrInDNB6rhG,spotify:track:2zFFdE9bA46zrInDNB6rhG,https://api.spotify.com/v1/tracks/2zFFdE9bA46zrInDNB6rhG,https://api.spotify.com/v1/audio-analysis/2zFFdE9bA46zrInDNB6rhG,227733,4
0.619,0.698,6,-7.432,0,0.0324,0.0627,0,0.137,0.386,125.016,audio_features,1uYo3Z74TbEIEiqBE0U26S,spotify:track:1uYo3Z74TbEIEiqBE0U26S,https://api.spotify.com/v1/tracks/1uYo3Z74TbEIEiqBE0U26S,https://api.spotify.com/v1/audio-analysis/1uYo3Z74TbEIEiqBE0U26S,236453,4
0.567,0.839,6,-4.048,0,0.0698,0.0489,0,0.103,0.903,160.062,audio_features,4llYMkhHa1w7UAdDFRQcEZ,spotify:track:4llYMkhHa1w7UAdDFRQcEZ,https://api.spotify.com/v1/tracks/4llYMkhHa1w7UAdDFRQcEZ,https://api.spotify.com/v1/audio-analysis/4llYMkhHa1w7UAdDFRQcEZ,194507,4
0.434,0.921,10,-2.248,0,0.0688,0.0207,0.00209,0.116,0.426,171.945,audio_features,3bzE57iNavJJxXL9GgBiOK,spotify:track:3bzE57iNavJJxXL9GgBiOK,https://api.spotify.com/v1/tracks/3bzE57iNavJJxXL9GgBiOK,https://api.spotify.com/v1/audio-analysis/3bzE57iNavJJxXL9GgBiOK,195307,4
0.536,0.899,11,-4.393,0,0.0439,0.119,3.86e-06,0.331,0.507,138.043,audio_features,1sGdnwgcaUgKv9pEVGYqI9,spotify:track:1sGdnwgcaUgKv9pEVGYqI9,https://api.spotify.com/v1/tracks/1sGdnwgcaUgKv9pEVGYqI9,https://api.spotify.com/v1/audio-analysis/1sGdnwgcaUgKv9pEVGYqI9,191547,4
0.536,0.722,4,-4.163,1,0.0284,0.312,0,0.117,0.499,143.78,audio_features,4T5Z4mbTe7kuGqgLpaRtTh,spotify:track:4T5Z4mbTe7kuGqgLpaRtTh,https://api.spotify.com/v1/tracks/4T5Z4mbTe7kuGqgLpaRtTh,https://api.spotify.com/v1/audio-analysis/4T5Z4mbTe7kuGqgLpaRtTh,203293,4
0.5,0.81,9,-4.639,0,0.0887,0.433,1.54e-06,0.108,0.535,167.95,audio_features,3ZbSAHswIsfLH3im5Dc0t7,spotify:track:3ZbSAHswIsfLH3im5Dc0t7,https://api.spotify.com/v1/tracks/3ZbSAHswIsfLH3im5Dc0t7,https://api.spotify.com/v1/audio-analysis/3ZbSAHswIsfLH3im5Dc0t7,195480,4
0.629,0.875,9,-4.739,1,0.0445,0.0693,1.92e-05,0.314,0.687,119.965,audio_features,5Q93FHMA17gHIZeeQAvgaJ,spotify:track:5Q93FHMA17gHIZeeQAvgaJ,https://api.spotify.com/v1/tracks/5Q93FHMA17gHIZeeQAvgaJ,https://api.spotify.com/v1/audio-analysis/5Q93FHMA17gHIZeeQAvgaJ,203093,4
0.599,0.821,2,-4.262,1,0.0328,0.0928,3.26e-06,0.373,0.776,104.991,audio_features,64kx1uRSRs0M4qVlZ0RytB,spotify:track:64kx1uRSRs0M4qVlZ0RytB,https://api.spotify.com/v1/tracks/64kx1uRSRs0M4qVlZ0RytB,https://api.spotify.com/v1/audio-analysis/64kx1uRSRs0M4qVlZ0RytB,184093,4
