danceability,energy,key,loudness,mode,speechiness,acousticness,instrumentalness,liveness,valence,tempo,type,id,uri,track_href,analysis_url,duration_ms,time_signature
0.634,0.862,2,-5.337,1,0.0376,0.0287,0,0.0217,0.767,95.989,audio_features,1zWZvrk13cL8Sl3VLeG57F,spotify:track:1zWZvrk13cL8Sl3VLeG57F,https://api.spotify.com/v1/tracks/1zWZvrk13cL8Sl3VLeG57F,https://api.spotify.com/v1/audio-analysis/1zWZvrk13cL8Sl3VLeG57F,227693,4
0.549,0.866,6,-5.306,1,0.0476,0.0733,0,0.25,0.767,87.964,audio_features,4O1CExxinEpKZi3861NlTK,spotify:track:4O1CExxinEpKZi3861NlTK,https://api.spotify.com/v1/tracks/4O1CExxinEpKZi3861NlTK,https://api.spotify.com/v1/audio-analysis/4O1CExxinEpKZi3861NlTK,187400,4
0.69,0.781,5,-5.101,0,0.0305,0.0873,2.28e-06,0.164,0.841,130.02,audio_features,2Fk0WwAqTBesLtKg97nojy,spotify:track:2Fk0WwAqTBesLtKg97nojy,https://api.spotify.com/v1/tracks/2Fk0WwAqTBesLtKg97nojy,https://api.spotify.com/v1/audio-analysis/2Fk0WwAqTBesLtKg97nojy,190733,4
0.837,0.583,3,-7.231,0,0.0367,0.00784,0,0.0637,0.965,106.961,audio_features,4vLRCGOBz4zIS8nEHk5v9j,spotify:track:4vLRCGOBz4zIS8nEHk5v9j,https://api.spotify.com/v1/tracks/4vLRCGOBz4zIS8nEHk5v9j,https://api.spotify.com/v1/audio-analysis/4vLRCGOBz4zIS8nEHk5v9j,195427,4
0.638,0.827,1,-5.793,0,0.0389,0.0054,0.000288,0.0948,0.96,137.077,audio_features,4DdF1l0DzBQy8YL2UVhPrU,spotify:track:4DdF1l0DzBQy8YL2UVhPrU,https://api.spotify.com/v1/tracks/4DdF1l0DzBQy8YL2UVhPrU,https://api.spotify.com/v1/audio-analysis/4DdF1l0DzBQy8YL2UVhPrU,223253,4
0.551,0.834,7,-6.284,0,0.0497,0.0379,1.37e-06,0.0541,0.835,179.994,audio_features,6XvuIlipd1FZCHd4EQrJIW,spotify:track:6XvuIlipd1FZCHd4EQrJIW,https://api.spotify.com/v1/tracks/6XvuIlipd1FZCHd4EQrJIW,https://api.spotify.com/v1/audio-analysis/6XvuIlipd1FZCHd4EQrJIW,194587,4
0.545,0.892,4,-4.944,1,0.0451,0.108,0,0.159,0.646,154.019,audio_features,2MpRdTZORLl6QOE9ODblxR,spotify:track:2MpRdTZORLl6QOE9ODblxR,https://api.spotify.com/v1/tracks/2MpRdTZORLl6QOE9ODblxR,https://api.spotify.com/v1/audio-analysis/2MpRdTZORLl6QOE9ODblxR,189960,4
0.661,0.687,7,-6.552,1,0.0287,0.00823,0,0.308,0.665,123.028,audio_features,78RLlRIfPuoSvWPUbJmK6s,spotify:track:78RLlRIfPuoSvWPUbJmK6s,https://api.spotify.com/v1/tracks/78RLlRIfPuoSvWPUbJmK6s,https://api.spotify.com/v1/audio-analysis/78RLlRIfPuoSvWPUbJmK6s,221960,4
0.543,0.837,11,-6.448,1,0.0608,0.117,0,0.0872,0.506,168.056,audio_features,6GsAD8PgHxmEuIPTG8GP3M,spotify:track:6GsAD8PgHxmEuIPTG8GP3M,https://api.spotify.com/v1/tracks/6GsAD8PgHxmEuIPTG8GP3M,https://api.spotify.com/v1/audio-analysis/6GsAD8PgHxmEuIPTG8GP3M,186080,4
