danceability,energy,key,loudness,mode,speechiness,acousticness,instrumentalness,liveness,valence,tempo,type,id,uri,track_href,analysis_url,duration_ms,time_signature
0.298,0.597,5,-12.107,1,0.0343,0.00111,0,0.0819,0.536,180.434,audio_features,6VSmHLLvYAAkzrYFT3LloU,spotify:track:6VSmHLLvYAAkzrYFT3LloU,https://api.spotify.com/v1/tracks/6VSmHLLvYAAkzrYFT3LloU,https://api.spotify.com/v1/audio-analysis/6VSmHLLvYAAkzrYFT3LloU,197480,4
0.466,0.99,8,-2.349,1,0.0969,0.0136,0.000184,0.456,0.213,139.988,audio_features,1y8lFR39LJlYEdmxyUsXbA,spotify:track:1y8lFR39LJlYEdmxyUsXbA,https://api.spotify.com/v1/tracks/1y8lFR39LJlYEdmxyUsXbA,https://api.spotify.com/v1/audio-analysis/1y8lFR39LJlYEdmxyUsXbA,202027,4
0.556,0.864,3,-5.87,0,0.0584,0.00958,0,0.209,0.4,105.143,audio_features,60a0Rd6pjrkxjPbaKzXjfq,spotify:track:60a0Rd6pjrkxjPbaKzXjfq,https://api.spotify.com/v1/tracks/60a0Rd6pjrkxjPbaKzXjfq,https://api.spotify.com/v1/audio-analysis/60a0Rd6pjrkxjPbaKzXjfq,216880,4
0.496,0.863,9,-4.153,1,0.0381,0.0046,0,0.639,0.243,110.018,audio_features,2nLtzopw4rPReszdYBJU6h,spotify:track:2nLtzopw4rPReszdYBJU6h,https://api.spotify.com/v1/tracks/2nLtzopw4rPReszdYBJU6h,https://api.spotify.com/v1/audio-analysis/2nLtzopw4rPReszdYBJU6h,185587,4
0.623,0.93,5,-5.285,1,0.0324,0.0141,1.64e-06,0.138,0.287,120.119,audio_features,4kfm1uI9QGaoN9qm6CkAMn,spotify:track:4kfm1uI9QGaoN9qm6CkAMn,https://api.spotify.com/v1/tracks/4kfm1uI9QGaoN9qm6CkAMn,https://api.spotify.com/v1/audio-analysis/4kfm1uI9QGaoN9qm6CkAMn,205613,4
0.217,0.905,2,-4.103,1,0.0752,0.000289,0.00011,0.222,0.236,96.95,audio_features,5wQnmLuC1W7ATsArWACrgW,spotify:track:5wQnmLuC1W7ATsArWACrgW,https://api.spotify.com/v1/tracks/5wQnmLuC1W7ATsArWACrgW,https://api.spotify.com/v1/audio-analysis/5wQnmLuC1W7ATsArWACrgW,311107,4
0.467,0.883,2,-3.679,0,0.106,0.000321,0.000152,0.125,0.309,122.252,audio_features,2d6m2F4I7wCuAKtSsdhh83,spotify:track:2d6m2F4I7wCuAKtSsdhh83,https://api.spotify.com/v1/tracks/2d6m2F4I7wCuAKtSsdhh83,https://api.spotify.com/v1/audio-analysis/2d6m2F4I7wCuAKtSsdhh83,299227,4
0.21,0.94,9,-3.427,1,0.123,0.00602,0,0.269,0.255,179.722,audio_features,7lRlq939cDG4SzWOF4VAnd,spotify:track:7lRlq939cDG4SzWOF4VAnd,https://api.spotify.com/v1/tracks/7lRlq939cDG4SzWOF4VAnd,https://api.spotify.com/v1/audio-analysis/7lRlq939cDG4SzWOF4VAnd,186480,4
0.533,0.747,10,-5.678,0,0.0443,0.041,5.7e-06,0.261,0.277,124.97,audio_features,69wXbIKtG6hzE4ID0wJTry,spotify:track:69wXbIKtG6hzE4ID0wJTry,https://api.spotify.com/v1/tracks/69wXbIKtG6hzE4ID0wJTry,https://api.spotify.com/v1/audio-analysis/69wXbIKtG6hzE4ID0wJTry,372133,4
