danceability,energy,key,loudness,mode,speechiness,acousticness,instrumentalness,liveness,valence,tempo,type,id,uri,track_href,analysis_url,duration_ms,time_signature
0.548,0.927,8,-3.463,1,0.066,0.00892,0,0.198,0.356,115.061,audio_features,0sfdLPLiWJCtV7Qj9tdNtI,spotify:track:0sfdLPLiWJCtV7Qj9tdNtI,https://api.spotify.com/v1/tracks/0sfdLPLiWJCtV7Qj9tdNtI,https://api.spotify.com/v1/audio-analysis/0sfdLPLiWJCtV7Qj9tdNtI,203507,4
0.362,0.945,10,-2.651,0,0.0575,0.00131,2.51e-05,0.154,0.487,114.797,audio_features,1UVffD20CfHJ2wD0x0as8L,spotify:track:1UVffD20CfHJ2wD0x0as8L,https://api.spotify.com/v1/tracks/1UVffD20CfHJ2wD0x0as8L,https://api.spotify.com/v1/audio-analysis/1UVffD20CfHJ2wD0x0as8L,243747,4
0.584,0.891,1,-5.463,0,0.0703,0.053,0,0.351,0.741,152.027,audio_features,0zzYcZUvg3EJhYFrLMWJbc,spotify:track:0zzYcZUvg3EJhYFrLMWJbc,https://api.spotify.com/v1/tracks/0zzYcZUvg3EJhYFrLMWJbc,https://api.spotify.com/v1/audio-analysis/0zzYcZUvg3EJhYFrLMWJbc,205840,4
0.398,0.685,4,-6.954,1,0.0338,0.00173,9.82e-06,0.115,0.102,158.085,audio_features,5OT6GKkgFJ6s2QlPIVwZNs,spotify:track:5OT6GKkgFJ6s2QlPIVwZNs,https://api.spotify.com/v1/tracks/5OT6GKkgFJ6s2QlPIVwZNs,https://api.spotify.com/v1/audio-analysis/5OT6GKkgFJ6s2QlPIVwZNs,267867,3
0.504,0.957,0,-2.657,1,0.0529,0.00298,0,0.187,0.676,135.013,audio_features,5ynWvN3bQymHVThxutO4hG,spotify:track:5ynWvN3bQymHVThxutO4hG,https://api.spotify.com/v1/tracks/5ynWvN3bQymHVThxutO4hG,https://api.spotify.com/v1/audio-analysis/5ynWvN3bQymHVThxutO4hG,205627,4
0.48,0.405,6,-7.022,1,0.044,0.29,1.94e-05,0.0874,0.182,178.203,audio_features,4FZDNIoqfZfqFVmOtEJCpE,spotify:track:4FZDNIoqfZfqFVmOtEJCpE,https://api.spotify.com/v1/tracks/4FZDNIoqfZfqFVmOtEJCpE,https://api.spotify.com/v1/audio-analysis/4FZDNIoqfZfqFVmOtEJCpE,238387,3
0.451,0.884,0,-3.451,1,0.0335,0.00177,0,0.193,0.314,97.48,audio_features,6tBtLGv5vi39CEvKOqExYX,spotify:track:6tBtLGv5vi39CEvKOqExYX,https://api.spotify.com/v1/tracks/6tBtLGv5vi39CEvKOqExYX,https://api.spotify.com/v1/audio-analysis/6tBtLGv5vi39CEvKOqExYX,189307,4
0.418,0.951,1,-3.006,1,0.0497,0.00287,0,0.335,0.643,147.942,audio_features,1qvxqCOU41LIoJIneUqt3J,spotify:track:1qvxqCOU41LIoJIneUqt3J,https://api.spotify.com/v1/tracks/1qvxqCOU41LIoJIneUqt3J,https://api.spotify.com/v1/audio-analysis/1qvxqCOU41LIoJIneUqt3J,171707,4
0.438,0.984,8,-2.949,1,0.29,0.00346,0,0.0489,0.157,193.939,audio_features,63x0C2ADUc5bppenvcdrnG,spotify:track:63x0C2ADUc5bppenvcdrnG,https://api.spotify.com/v1/tracks/63x0C2ADUc5bppenvcdrnG,https://api.spotify.com/v1/audio-analysis/63x0C2ADUc5bppenvcdrnG,242800,4
