danceability,energy,key,loudness,mode,speechiness,acousticness,instrumentalness,liveness,valence,tempo,type,id,uri,track_href,analysis_url,duration_ms,time_signature
0.687,0.793,5,-3.577,1,0.0333,0.302,3.46e-06,0.1,0.673,100.993,audio_features,7I5fYc4qKJddht8Ozhqqdx,spotify:track:7I5fYc4qKJddht8Ozhqqdx,https://api.spotify.com/v1/tracks/7I5fYc4qKJddht8Ozhqqdx,https://api.spotify.com/v1/audio-analysis/7I5fYc4qKJddht8Ozhqqdx,206507,4
0.789,0.487,7,-7.314,1,0.0285,0.458,4.36e-06,0.0751,0.49,101.975,audio_features,6arLnfArtdWKOcCYzDd4rS,spotify:track:6arLnfArtdWKOcCYzDd4rS,https://api.spotify.com/v1/tracks/6arLnfArtdWKOcCYzDd4rS,https://api.spotify.com/v1/audio-analysis/6arLnfArtdWKOcCYzDd4rS,188960,4
0.617,0.632,8,-5.381,1,0.0371,0.0675,0,0.108,0.564,151.988,audio_features,5ZManJDV3CexO66nRCkdiV,spotify:track:5ZManJDV3CexO66nRCkdiV,https://api.spotify.com/v1/tracks/5ZManJDV3CexO66nRCkdiV,https://api.spotify.com/v1/audio-analysis/5ZManJDV3CexO66nRCkdiV,207733,4
0.634,0.804,4,-5.152,1,0.0344,0.322,3.71e-05,0.112,0.807,92.542,audio_features,6CCV2biTOmU2wRBTJzapxX,spotify:track:6CCV2biTOmU2wRBTJzapxX,https://api.spotify.com/v1/tracks/6CCV2biTOmU2wRBTJzapxX,https://api.spotify.com/v1/audio-analysis/6CCV2biTOmU2wRBTJzapxX,207107,4
0.571,0.826,1,-4.475,1,0.0362,0.0446,0,0.343,0.713,90.966,audio_features,4iLPK8QnOvqm0Azbsk2GDn,spotify:track:4iLPK8QnOvqm0Azbsk2GDn,https://api.spotify.com/v1/tracks/4iLPK8QnOvqm0Azbsk2GDn,https://api.spotify.com/v1/audio-analysis/4iLPK8QnOvqm0Azbsk2GDn,189000,4
0.551,0.898,6,-3.518,1,0.0363,0.00394,0.000128,0.154,0.445,122.048,audio_features,1vMnUuz3iSTaI1XGwVEJUI,spotify:track:1vMnUuz3iSTaI1XGwVEJUI,https://api.spotify.com/v1/tracks/1vMnUuz3iSTaI1XGwVEJUI,https://api.spotify.com/v1/audio-analysis/1vMnUuz3iSTaI1XGwVEJUI,253187,4
0.558,0.818,8,-4.07,1,0.0403,0.071,0,0.21,0.453,81.034,audio_features,0iA1unTbTbDOWUSlbwJ1pS,spotify:track:0iA1unTbTbDOWUSlbwJ1pS,https://api.spotify.com/v1/tracks/0iA1unTbTbDOWUSlbwJ1pS,https://api.spotify.com/v1/audio-analysis/0iA1unTbTbDOWUSlbwJ1pS,184507,4
0.657,0.77,6,-4.921,1,0.0342,0.0223,0.000372,0.0737,0.774,97.991,audio_features,1Df9kGigOmOSZuqeBb5iEG,spotify:track:1Df9kGigOmOSZuqeBb5iEG,https://api.spotify.com/v1/tracks/1Df9kGigOmOSZuqeBb5iEG,https://api.spotify.com/v1/audio-analysis/1Df9kGigOmOSZuqeBb5iEG,222760,4
0.553,0.747,9,-5.432,1,0.0279,0.106,0,0.154,0.521,90.012,audio_features,3I7krC8kr0gFR7P6vInR1I,spotify:track:3I7krC8kr0gFR7P6vInR1I,https://api.spotify.com/v1/tracks/3I7krC8kr0gFR7P6vInR1I,https://api.spotify.com/v1/audio-analysis/3I7krC8kr0gFR7P6vInR1I,234307,4
