danceability,energy,key,loudness,mode,speechiness,acousticness,instrumentalness,liveness,valence,tempo,type,id,uri,track_href,analysis_url,duration_ms,time_signature
0.593,0.837,7,-2.821,0,0.0544,0.00868,0.00499,0.065,0.573,120.055,audio_features,2Az48I6Q6eGN8G08VcO8UA,spotify:track:2Az48I6Q6eGN8G08VcO8UA,https://api.spotify.com/v1/tracks/2Az48I6Q6eGN8G08VcO8UA,https://api.spotify.com/v1/audio-analysis/2Az48I6Q6eGN8G08VcO8UA,193707,4
0.503,0.952,9,-2.407,1,0.15,0.0235,9.74e-06,0.112,0.539,152.216,audio_features,3e99WsKpLEnTL1APvLNfQR,spotify:track:3e99WsKpLEnTL1APvLNfQR,https://api.spotify.com/v1/tracks/3e99WsKpLEnTL1APvLNfQR,https://api.spotify.com/v1/audio-analysis/3e99WsKpLEnTL1APvLNfQR,178840,4
0.613,0.953,2,-3.435,1,0.0855,0.00148,0.000582,0.152,0.537,105.046,audio_features,305WCRhhS10XUcH6AEwZk6,spotify:track:305WCRhhS10XUcH6AEwZk6,https://api.spotify.com/v1/tracks/305WCRhhS10XUcH6AEwZk6,https://api.spotify.com/v1/audio-analysis/305WCRhhS10XUcH6AEwZk6,213800,4
0.458,0.895,2,-3.972,1,0.0681,0.000219,0.000394,0.106,0.357,130.327,audio_features,5u6fnmRO5V0PTl5M2Eekeu,spotify:track:5u6fnmRO5V0PTl5M2Eekeu,https://api.spotify.com/v1/tracks/5u6fnmRO5V0PTl5M2Eekeu,https://api.spotify.com/v1/audio-analysis/5u6fnmRO5V0PTl5M2Eekeu,243200,4
0.707,0.924,7,-2.842,1,0.031,0.000988,0.00731,0.204,0.919,127.937,audio_features,7EOYLyD4pP4YJVgoVeKUQ1,spotify:track:7EOYLyD4pP4YJVgoVeKUQ1,https://api.spotify.com/v1/tracks/7EOYLyD4pP4YJVgoVeKUQ1,https://api.spotify.com/v1/audio-analysis/7EOYLyD4pP4YJVgoVeKUQ1,206413,4
0.706,0.836,7,-4.799,1,0.302,0.00808,0,0.178,0.659,84.969,audio_features,6ntVQnYlzFPVJkWNRTlbSy,spotify:track:6ntVQnYlzFPVJkWNRTlbSy,https://api.spotify.com/v1/tracks/6ntVQnYlzFPVJkWNRTlbSy,https://api.spotify.com/v1/audio-analysis/6ntVQnYlzFPVJkWNRTlbSy,215787,4
0.515,0.626,7,-5.823,0,0.24,0.00526,0,0.108,0.286,181.882,audio_features,0lZdHkKFAOnVBEq8Ze1Gsg,spotify:track:0lZdHkKFAOnVBEq8Ze1Gsg,https://api.spotify.com/v1/tracks/0lZdHkKFAOnVBEq8Ze1Gsg,https://api.spotify.com/v1/audio-analysis/0lZdHkKFAOnVBEq8Ze1Gsg,203547,4
0.701,0.754,0,-4.556,1,0.0284,0.00537,0,0.202,0.619,94.05,audio_features,03kA9Yu3y69Vxo5I3HxeNd,spotify:track:03kA9Yu3y69Vxo5I3HxeNd,https://api.spotify.com/v1/tracks/03kA9Yu3y69Vxo5I3HxeNd,https://api.spotify.com/v1/audio-analysis/03kA9Yu3y69Vxo5I3HxeNd,227787,4
0.66,0.9,7,-5.02,1,0.14,0.0403,0,0.219,0.591,85.51,audio_features,28GUjBGqZVcAV4PHSYzkj2,spotify:track:28GUjBGqZVcAV4PHSYzkj2,https://api.spotify.com/v1/tracks/28GUjBGqZVcAV4PHSYzkj2,https://api.spotify.com/v1/audio-analysis/28GUjBGqZVcAV4PHSYzkj2,213253,4
