danceability,energy,key,loudness,mode,speechiness,acousticness,instrumentalness,liveness,valence,tempo,type,id,uri,track_href,analysis_url,duration_ms,time_signature
0.437,0.864,4,-7.842,0,0.0904,0.396,0.0314,0.242,0.749,81.394,audio_features,3qT4bUD1MaWpGrTwcvguhb,spotify:track:3qT4bUD1MaWpGrTwcvguhb,https://api.spotify.com/v1/tracks/3qT4bUD1MaWpGrTwcvguhb,https://api.spotify.com/v1/audio-analysis/3qT4bUD1MaWpGrTwcvguhb,295387,4
0.446,0.239,0,-13.945,1,0.0316,0.551,4.1e-06,0.0697,0.298,189.507,audio_features,18AXbzPzBS8Y3AkgSxzJPb,spotify:track:18AXbzPzBS8Y3AkgSxzJPb,https://api.spotify.com/v1/tracks/18AXbzPzBS8Y3AkgSxzJPb,https://api.spotify.com/v1/audio-analysis/18AXbzPzBS8Y3AkgSxzJPb,336453,4
0.969,0.503,2,-7.719,1,0.189,0.192,0.000393,0.0658,0.775,122.009,audio_features,0upSMyj1Wzs6qyiZRuiFWD,spotify:track:0upSMyj1Wzs6qyiZRuiFWD,https://api.spotify.com/v1/tracks/0upSMyj1Wzs6qyiZRuiFWD,https://api.spotify.com/v1/audio-analysis/0upSMyj1Wzs6qyiZRuiFWD,224013,4
0.738,0.607,8,-3.933,0,0.0845,0.00743,0.315,0.0701,0.779,131.983,audio_features,64zjna5dIuO7s9FCDXQMmI,spotify:track:64zjna5dIuO7s9FCDXQMmI,https://api.spotify.com/v1/tracks/64zjna5dIuO7s9FCDXQMmI,https://api.spotify.com/v1/audio-analysis/64zjna5dIuO7s9FCDXQMmI,383893,4
0.722,0.687,0,-5.189,1,0.0556,0.00949,0.00413,0.0462,0.619,128.013,audio_features,7m47Go71qTMBs4kTH7U8F8,spotify:track:7m47Go71qTMBs4kTH7U8F8,https://api.spotify.com/v1/tracks/7m47Go71qTMBs4kTH7U8F8,https://api.spotify.com/v1/audio-analysis/7m47Go71qTMBs4kTH7U8F8,373547,4
0.533,0.905,2,-5.27,1,0.0754,0.00876,0.578,0.0698,0.486,108.9,audio_features,0wJoRiX5K5BxlqZTolB2LD,spotify:track:0wJoRiX5K5BxlqZTolB2LD,https://api.spotify.com/v1/tracks/0wJoRiX5K5BxlqZTolB2LD,https://api.spotify.com/v1/audio-analysis/0wJoRiX5K5BxlqZTolB2LD,170813,4
0.649,0.888,6,-4.807,1,0.0293,0.013,2.23e-06,0.0888,0.553,100.975,audio_features,3b00LSFIRqnHvkoDEs5fkg,spotify:track:3b00LSFIRqnHvkoDEs5fkg,https://api.spotify.com/v1/tracks/3b00LSFIRqnHvkoDEs5fkg,https://api.spotify.com/v1/audio-analysis/3b00LSFIRqnHvkoDEs5fkg,208467,4
0.542,0.531,9,-7.481,1,0.0301,0.0033,1.51e-06,0.338,0.671,105.97,audio_features,56NkIxSZZiMpFP5ZNSxtnT,spotify:track:56NkIxSZZiMpFP5ZNSxtnT,https://api.spotify.com/v1/tracks/56NkIxSZZiMpFP5ZNSxtnT,https://api.spotify.com/v1/audio-analysis/56NkIxSZZiMpFP5ZNSxtnT,183391,4
0.488,0.65,9,-5.11,1,0.0336,0.000597,0.714,0.101,0.77,158.011,audio_features,2hmibAtdObO8F4tnhLENuQ,spotify:track:2hmibAtdObO8F4tnhLENuQ,https://api.spotify.com/v1/tracks/2hmibAtdObO8F4tnhLENuQ,https://api.spotify.com/v1/audio-analysis/2hmibAtdObO8F4tnhLENuQ,219827,4
