danceability,energy,key,loudness,mode,speechiness,acousticness,instrumentalness,liveness,valence,tempo,type,id,uri,track_href,analysis_url,duration_ms,time_signature
0.467,0.988,11,-3.313,1,0.112,0.000152,0.0484,0.28,0.321,130.433,audio_features,70wYA8oYHoMzhRRkARoMhU,spotify:track:70wYA8oYHoMzhRRkARoMhU,https://api.spotify.com/v1/tracks/70wYA8oYHoMzhRRkARoMhU,https://api.spotify.com/v1/audio-analysis/70wYA8oYHoMzhRRkARoMhU,220427,4
0.356,0.924,1,-3.74,1,0.0808,0.00101,0,0.0953,0.232,148.017,audio_features,7oK9VyNzrYvRFo7nQEYkWN,spotify:track:7oK9VyNzrYvRFo7nQEYkWN,https://api.spotify.com/v1/tracks/7oK9VyNzrYvRFo7nQEYkWN,https://api.spotify.com/v1/audio-analysis/7oK9VyNzrYvRFo7nQEYkWN,222587,4
0.644,0.469,1,-9.117,0,0.238,0.179,0,0.658,0.615,79.991,audio_features,0uMUvbkTdjBNZ5UuHZ5PIj,spotify:track:0uMUvbkTdjBNZ5UuHZ5PIj,https://api.spotify.com/v1/tracks/0uMUvbkTdjBNZ5UuHZ5PIj,https://api.spotify.com/v1/audio-analysis/0uMUvbkTdjBNZ5UuHZ5PIj,180675,4
0.508,0.763,1,-5.674,1,0.303,0.0627,0,0.347,0.275,161.59,audio_features,4zGvb8hxGLB2jEPRFiRRqw,spotify:track:4zGvb8hxGLB2jEPRFiRRqw,https://api.spotify.com/v1/tracks/4zGvb8hxGLB2jEPRFiRRqw,https://api.spotify.com/v1/audio-analysis/4zGvb8hxGLB2jEPRFiRRqw,192947,4
0.653,0.909,6,-3.33,1,0.0889,0.439,0,0.106,0.762,123.013,audio_features,0rA39mgUJLhDwBKbmPev8b,spotify:track:0rA39mgUJLhDwBKbmPev8b,https://api.spotify.com/v1/tracks/0rA39mgUJLhDwBKbmPev8b,https://api.spotify.com/v1/audio-analysis/0rA39mgUJLhDwBKbmPev8b,200576,4
0.647,0.582,10,-9.538,0,0.0755,0.41,1.93e-06,0.0715,0.915,167.396,audio_features,4gphxUgq0JSFv2BCLhNDiE,spotify:track:4gphxUgq0JSFv2BCLhNDiE,https://api.spotify.com/v1/tracks/4gphxUgq0JSFv2BCLhNDiE,https://api.spotify.com/v1/audio-analysis/4gphxUgq0JSFv2BCLhNDiE,146480,4
0.462,0.796,9,-6.202,1,0.0322,0.384,0,0.296,0.824,204.028,audio_features,618hiI74zBL8UVgAvfmkLj,spotify:track:618hiI74zBL8UVgAvfmkLj,https://api.spotify.com/v1/tracks/618hiI74zBL8UVgAvfmkLj,https://api.spotify.com/v1/audio-analysis/618hiI74zBL8UVgAvfmkLj,264240,4
0.731,0.867,11,-5.881,1,0.032,0.0395,0,0.0861,0.776,104.019,audio_features,3cfOd4CMv2snFaKAnMdnvK,spotify:track:3cfOd4CMv2snFaKAnMdnvK,https://api.spotify.com/v1/tracks/3cfOd4CMv2snFaKAnMdnvK,https://api.spotify.com/v1/audio-analysis/3cfOd4CMv2snFaKAnMdnvK,200373,4
0.664,0.862,6,-5.403,1,0.0679,0.378,4.19e-06,0.0824,0.782,91.91,audio_features,2mQ1RBK7s87mdPCzh97RSH,spotify:track:2mQ1RBK7s87mdPCzh97RSH,https://api.spotify.com/v1/tracks/2mQ1RBK7s87mdPCzh97RSH,https://api.spotify.com/v1/audio-analysis/2mQ1RBK7s87mdPCzh97RSH,227347,4
