danceability,energy,key,loudness,mode,speechiness,acousticness,instrumentalness,liveness,valence,tempo,type,id,uri,track_href,analysis_url,duration_ms,time_signature
0.709,0.738,7,-12.019,1,0.048,0.00236,0.795,0.073,0.671,96.24,audio_features,2R6go62CuxqqX0w1TgXxes,spotify:track:2R6go62CuxqqX0w1TgXxes,https://api.spotify.com/v1/tracks/2R6go62CuxqqX0w1TgXxes,https://api.spotify.com/v1/audio-analysis/2R6go62CuxqqX0w1TgXxes,216693,4
0.278,0.676,9,-8.821,1,0.0371,0.000423,0.000899,0.136,0.494,104.545,audio_features,6ooluO7DiEhI1zmK94nRCM,spotify:track:6ooluO7DiEhI1zmK94nRCM,https://api.spotify.com/v1/tracks/6ooluO7DiEhI1zmK94nRCM,https://api.spotify.com/v1/audio-analysis/6ooluO7DiEhI1zmK94nRCM,237027,4
0.58,0.981,8,-2.603,0,0.06,0.0171,1.07e-05,0.386,0.861,134.007,audio_features,5XMjXjwCkJVmk0AHm7z8IV,spotify:track:5XMjXjwCkJVmk0AHm7z8IV,https://api.spotify.com/v1/tracks/5XMjXjwCkJVmk0AHm7z8IV,https://api.spotify.com/v1/audio-analysis/5XMjXjwCkJVmk0AHm7z8IV,195667,4
0.579,0.558,2,-6.986,1,0.0895,0.0202,1.26e-06,0.212,0.506,179.949,audio_features,4FSm0Ca6Hzd7Vx7TpSfcSy,spotify:track:4FSm0Ca6Hzd7Vx7TpSfcSy,https://api.spotify.com/v1/tracks/4FSm0Ca6Hzd7Vx7TpSfcSy,https://api.spotify.com/v1/audio-analysis/4FSm0Ca6Hzd7Vx7TpSfcSy,207357,4
0.505,0.833,0,-4.632,1,0.0475,0.00772,7.9e-05,0.069,0.565,130.121,audio_features,5lN1EH25gdiqT1SFALMAq1,spotify:track:5lN1EH25gdiqT1SFALMAq1,https://api.spotify.com/v1/tracks/5lN1EH25gdiqT1SFALMAq1,https://api.spotify.com/v1/audio-analysis/5lN1EH25gdiqT1SFALMAq1,224333,4
0.415,0.968,4,-2.8,1,0.082,4.11e-05,0.271,0.333,0.533,163.981,audio_features,3U4cX8v3BtumWPc39P5bwd,spotify:track:3U4cX8v3BtumWPc39P5bwd,https://api.spotify.com/v1/tracks/3U4cX8v3BtumWPc39P5bwd,https://api.spotify.com/v1/audio-analysis/3U4cX8v3BtumWPc39P5bwd,201560,4
0.511,0.815,7,-3.14,1,0.144,0.0491,0,0.0826,0.586,154.514,audio_features,1bCmvezFg5MRcENzCGG1Cy,spotify:track:1bCmvezFg5MRcENzCGG1Cy,https://api.spotify.com/v1/tracks/1bCmvezFg5MRcENzCGG1Cy,https://api.spotify.com/v1/audio-analysis/1bCmvezFg5MRcENzCGG1Cy,215307,4
0.635,0.914,0,-5.631,1,0.111,0.0597,0,0.601,0.922,156.014,audio_features,5c5a2Ptu8eyIpljhQHjIqk,spotify:track:5c5a2Ptu8eyIpljhQHjIqk,https://api.spotify.com/v1/tracks/5c5a2Ptu8eyIpljhQHjIqk,https://api.spotify.com/v1/audio-analysis/5c5a2Ptu8eyIpljhQHjIqk,175493,4
0.323,0.949,1,-4.429,0,0.0565,0.000224,1.34e-06,0.365,0.385,166.375,audio_features,5dJJnW69ejYOfuntLuLJft,spotify:track:5dJJnW69ejYOfuntLuLJft,https://api.spotify.com/v1/tracks/5dJJnW69ejYOfuntLuLJft,https://api.spotify.com/v1/audio-analysis/5dJJnW69ejYOfuntLuLJft,241320,4
