danceability,energy,key,loudness,mode,speechiness,acousticness,instrumentalness,liveness,valence,tempo,type,id,uri,track_href,analysis_url,duration_ms,time_signature
0.46,0.946,0,-4.43,0,0.0567,0.0135,3.76e-05,0.13,0.563,99.067,audio_features,2Cqj5vzqRTf7lVR2tGFOUr,spotify:track:2Cqj5vzqRTf7lVR2tGFOUr,https://api.spotify.com/v1/tracks/2Cqj5vzqRTf7lVR2tGFOUr,https://api.spotify.com/v1/audio-analysis/2Cqj5vzqRTf7lVR2tGFOUr,195520,4
0.578,0.866,1,-3.804,1,0.0619,0.00701,0,0.257,0.619,128.038,audio_features,4kbj5MwxO1bq9wjT5g9HaA,spotify:track:4kbj5MwxO1bq9wjT5g9HaA,https://api.spotify.com/v1/tracks/4kbj5MwxO1bq9wjT5g9HaA,https://api.spotify.com/v1/audio-analysis/4kbj5MwxO1bq9wjT5g9HaA,199080,4
0.482,0.849,2,-9.198,1,0.0452,0.641,7.74e-06,0.0414,0.937,124.631,audio_features,4Z1fbYp0HuxLBje4MOZcSD,spotify:track:4Z1fbYp0HuxLBje4MOZcSD,https://api.spotify.com/v1/tracks/4Z1fbYp0HuxLBje4MOZcSD,https://api.spotify.com/v1/audio-analysis/4Z1fbYp0HuxLBje4MOZcSD,155227,4
0.417,0.948,11,-3.883,1,0.0875,0.335,0.000482,0.146,0.545,115.629,audio_features,6GIIJqfkGz6dk1OTUtikpn,spotify:track:6GIIJqfkGz6dk1OTUtikpn,https://api.spotify.com/v1/tracks/6GIIJqfkGz6dk1OTUtikpn,https://api.spotify.com/v1/audio-analysis/6GIIJqfkGz6dk1OTUtikpn,151453,4
0.41,0.821,11,-8.557,0,0.194,0.202,0.0367,0.43,0.833,148.665,audio_features,0KqHJXm4Z42fELkW83ZW0r,spotify:track:0KqHJXm4Z42fELkW83ZW0r,https://api.spotify.com/v1/tracks/0KqHJXm4Z42fELkW83ZW0r,https://api.spotify.com/v1/audio-analysis/0KqHJXm4Z42fELkW83ZW0r,249373,4
0.407,0.945,9,-6.6,1,0.431,0.794,0.00264,0.105,0.312,165.533,audio_features,3yaMHnZlxuoZp4KjLiRACI,spotify:track:3yaMHnZlxuoZp4KjLiRACI,https://api.spotify.com/v1/tracks/3yaMHnZlxuoZp4KjLiRACI,https://api.spotify.com/v1/audio-analysis/3yaMHnZlxuoZp4KjLiRACI,216693,4
0.468,0.607,9,-11.367,1,0.0336,0.072,0.000852,0.225,0.886,98.429,audio_features,3MODES4TNtygekLl146Dxd,spotify:track:3MODES4TNtygekLl146Dxd,https://api.spotify.com/v1/tracks/3MODES4TNtygekLl146Dxd,https://api.spotify.com/v1/audio-analysis/3MODES4TNtygekLl146Dxd,263333,4
0.447,0.848,2,-6.175,1,0.222,0.033,7.45e-05,0.722,0.485,172.247,audio_features,1kusepF3AacIEtUTYrw4GV,spotify:track:1kusepF3AacIEtUTYrw4GV,https://api.spotify.com/v1/tracks/1kusepF3AacIEtUTYrw4GV,https://api.spotify.com/v1/audio-analysis/1kusepF3AacIEtUTYrw4GV,203760,4
0.476,0.717,9,-9.192,1,0.0949,0.0382,7.61e-05,0.0818,0.753,93.584,audio_features,0QwZfbw26QeUoIy82Z2jYp,spotify:track:0QwZfbw26QeUoIy82Z2jYp,https://api.spotify.com/v1/tracks/0QwZfbw26QeUoIy82Z2jYp,https://api.spotify.com/v1/audio-analysis/0QwZfbw26QeUoIy82Z2jYp,166267,4
