danceability,energy,key,loudness,mode,speechiness,acousticness,instrumentalness,liveness,valence,tempo,type,id,uri,track_href,analysis_url,duration_ms,time_signature
0.708,0.55,11,-10.205,1,0.152,0.786,0.126,0.113,0.169,87.985,audio_features,0HEfiw4FFDxMTfCIf6k3J5,spotify:track:0HEfiw4FFDxMTfCIf6k3J5,https://api.spotify.com/v1/tracks/0HEfiw4FFDxMTfCIf6k3J5,https://api.spotify.com/v1/audio-analysis/0HEfiw4FFDxMTfCIf6k3J5,254000,4
0.86,0.638,10,-5.773,1,0.201,0.734,0.000708,0.105,0.584,92.997,audio_features,6GSMozgAebBmuM2hCV15H3,spotify:track:6GSMozgAebBmuM2hCV15H3,https://api.spotify.com/v1/tracks/6GSMozgAebBmuM2hCV15H3,https://api.spotify.com/v1/audio-analysis/6GSMozgAebBmuM2hCV15H3,228493,4
0.678,0.795,7,-5.059,1,0.0619,0.102,2.61e-06,0.144,0.332,103.048,audio_features,7xAeGorVKgu3nLYbaUUj8i,spotify:track:7xAeGorVKgu3nLYbaUUj8i,https://api.spotify.com/v1/tracks/7xAeGorVKgu3nLYbaUUj8i,https://api.spotify.com/v1/audio-analysis/7xAeGorVKgu3nLYbaUUj8i,267920,4
0.561,0.829,10,-3.907,1,0.0462,0.00245,0.371,0.214,0.298,188.043,audio_features,3YsVbGBmzDdjwo1aDlh50a,spotify:track:3YsVbGBmzDdjwo1aDlh50a,https://api.spotify.com/v1/tracks/3YsVbGBmzDdjwo1aDlh50a,https://api.spotify.com/v1/audio-analysis/3YsVbGBmzDdjwo1aDlh50a,275747,4
0.358,0.736,4,-6.928,0,0.28,0.122,0,0.158,0.586,83.262,audio_features,0f3guGhyDizp870BWCBQDQ,spotify:track:0f3guGhyDizp870BWCBQDQ,https://api.spotify.com/v1/tracks/0f3guGhyDizp870BWCBQDQ,https://api.spotify.com/v1/audio-analysis/0f3guGhyDizp870BWCBQDQ,151453,4
0.756,0.766,11,-7.448,0,0.112,0.0444,0,0.132,0.615,94.999,audio_features,4fmzMxr135mcvD6AGIs1mO,spotify:track:4fmzMxr135mcvD6AGIs1mO,https://api.spotify.com/v1/tracks/4fmzMxr135mcvD6AGIs1mO,https://api.spotify.com/v1/audio-analysis/4fmzMxr135mcvD6AGIs1mO,176947,4
0.644,0.882,2,-4.076,1,0.06,0.00398,0,0.34,0.685,152.069,audio_features,1AFoCdrMiwEwr4sMKQXcwi,spotify:track:1AFoCdrMiwEwr4sMKQXcwi,https://api.spotify.com/v1/tracks/1AFoCdrMiwEwr4sMKQXcwi,https://api.spotify.com/v1/audio-analysis/1AFoCdrMiwEwr4sMKQXcwi,168440,4
0.709,0.889,1,-4.118,1,0.138,0.16,0,0.0469,0.822,95.01,audio_features,5su7v8UotZpvE5YXEsiNS5,spotify:track:5su7v8UotZpvE5YXEsiNS5,https://api.spotify.com/v1/tracks/5su7v8UotZpvE5YXEsiNS5,https://api.spotify.com/v1/audio-analysis/5su7v8UotZpvE5YXEsiNS5,223480,4
0.677,0.89,6,-5.46,0,0.159,0.0123,0,0.321,0.622,96.009,audio_features,22wKQbMH8n7wZfso2VcLJL,spotify:track:22wKQbMH8n7wZfso2VcLJL,https://api.spotify.com/v1/tracks/22wKQbMH8n7wZfso2VcLJL,https://api.spotify.com/v1/audio-analysis/22wKQbMH8n7wZfso2VcLJL,193707,4
