danceability,energy,key,loudness,mode,speechiness,acousticness,instrumentalness,liveness,valence,tempo,type,id,uri,track_href,analysis_url,duration_ms,time_signature
0.757,0.848,2,-4.234,1,0.335,0.0481,0,0.121,0.686,139.995,audio_features,2rzBvHM9h36Tpdj7Jdajka,spotify:track:2rzBvHM9h36Tpdj7Jdajka,https://api.spotify.com/v1/tracks/2rzBvHM9h36Tpdj7Jdajka,https://api.spotify.com/v1/audio-analysis/2rzBvHM9h36Tpdj7Jdajka,212640,4
0.214,0.91,8,-6.662,1,0.389,0.477,0.00833,0.0517,0.448,175.549,audio_features,2AxCeJ6PSsBYiTckM0HLY7,spotify:track:2AxCeJ6PSsBYiTckM0HLY7,https://api.spotify.com/v1/tracks/2AxCeJ6PSsBYiTckM0HLY7,https://api.spotify.com/v1/audio-analysis/2AxCeJ6PSsBYiTckM0HLY7,313373,4
0.618,0.938,9,-3.442,1,0.0456,0.0179,0,0.167,0.875,91.455,audio_features,3ZOEytgrvLwQaqXreDs2Jx,spotify:track:3ZOEytgrvLwQaqXreDs2Jx,https://api.spotify.com/v1/tracks/3ZOEytgrvLwQaqXreDs2Jx,https://api.spotify.com/v1/audio-analysis/3ZOEytgrvLwQaqXreDs2Jx,269000,4
0.526,0.712,11,-6.525,0,0.0356,0.0161,0,0.179,0.32,105.009,audio_features,1eyzqe2QqGZUmfcPZtrIyt,spotify:track:1eyzqe2QqGZUmfcPZtrIyt,https://api.spotify.com/v1/tracks/1eyzqe2QqGZUmfcPZtrIyt,https://api.spotify.com/v1/audio-analysis/1eyzqe2QqGZUmfcPZtrIyt,241440,4
0.412,0.902,9,-11.6,1,0.405,0.0484,0.131,0.405,0.422,89.74,audio_features,0hCB0YR03f6AmQaHbwWDe8,spotify:track:0hCB0YR03f6AmQaHbwWDe8,https://api.spotify.com/v1/tracks/0hCB0YR03f6AmQaHbwWDe8,https://api.spotify.com/v1/audio-analysis/0hCB0YR03f6AmQaHbwWDe8,333893,4
0.529,0.127,11,-16.066,1,0.0274,0.611,0.000109,0.237,0.578,63.05,audio_features,3zByVQLvdXUaDTubfWkpCk,spotify:track:3zByVQLvdXUaDTubfWkpCk,https://api.spotify.com/v1/tracks/3zByVQLvdXUaDTubfWkpCk,https://api.spotify.com/v1/audio-analysis/3zByVQLvdXUaDTubfWkpCk,203573,4
0.415,0.425,0,-11.082,1,0.0278,0.396,0.000407,0.143,0.281,145.234,audio_features,4BGJSbB5rAcg4pNzD4gfxU,spotify:track:4BGJSbB5rAcg4pNzD4gfxU,https://api.spotify.com/v1/tracks/4BGJSbB5rAcg4pNzD4gfxU,https://api.spotify.com/v1/audio-analysis/4BGJSbB5rAcg4pNzD4gfxU,377093,4
0.758,0.757,8,-5.696,1,0.0374,0.00739,0,0.0479,0.617,97.918,audio_features,4sBvRSGYdjXhm4yBpB61m5,spotify:track:4sBvRSGYdjXhm4yBpB61m5,https://api.spotify.com/v1/tracks/4sBvRSGYdjXhm4yBpB61m5,https://api.spotify.com/v1/audio-analysis/4sBvRSGYdjXhm4yBpB61m5,249213,4
0.595,0.937,1,-3.196,0,0.038,0.0134,0,0.116,0.679,126.995,audio_features,4auE2w8sP6HYrA3Dcokmdl,spotify:track:4auE2w8sP6HYrA3Dcokmdl,https://api.spotify.com/v1/tracks/4auE2w8sP6HYrA3Dcokmdl,https://api.spotify.com/v1/audio-analysis/4auE2w8sP6HYrA3Dcokmdl,258987,4
