danceability,energy,key,loudness,mode,speechiness,acousticness,instrumentalness,liveness,valence,tempo,type,id,uri,track_href,analysis_url,duration_ms,time_signature
0.328,0.858,3,-3.316,1,0.0559,0.0702,0,0.169,0.544,154.494,audio_features,3tJHWW6xuNEIU63mpGcdvx,spotify:track:3tJHWW6xuNEIU63mpGcdvx,https://api.spotify.com/v1/tracks/3tJHWW6xuNEIU63mpGcdvx,https://api.spotify.com/v1/audio-analysis/3tJHWW6xuNEIU63mpGcdvx,254653,4
0.68,0.869,6,-5.805,1,0.0421,0.0393,2.05e-05,0.386,0.556,107.262,audio_features,3rfgt8fw5l6of33oj81VXn,spotify:track:3rfgt8fw5l6of33oj81VXn,https://api.spotify.com/v1/tracks/3rfgt8fw5l6of33oj81VXn,https://api.spotify.com/v1/audio-analysis/3rfgt8fw5l6of33oj81VXn,206200,4
0.643,0.805,2,-7.238,1,0.0476,0.000781,0.578,0.393,0.352,145.029,audio_features,6HbTF52swZiGSJ2cvAJ7PU,spotify:track:6HbTF52swZiGSJ2cvAJ7PU,https://api.spotify.com/v1/tracks/6HbTF52swZiGSJ2cvAJ7PU,https://api.spotify.com/v1/audio-analysis/6HbTF52swZiGSJ2cvAJ7PU,247240,4
0.261,0.673,6,-5.638,1,0.0433,0.00715,0.000405,0.105,0.12,155.325,audio_features,1KkECr5i5B5k4ul9ajFADL,spotify:track:1KkECr5i5B5k4ul9ajFADL,https://api.spotify.com/v1/tracks/1KkECr5i5B5k4ul9ajFADL,https://api.spotify.com/v1/audio-analysis/1KkECr5i5B5k4ul9ajFADL,313453,4
0.515,0.861,10,-5.17,0,0.0321,0.00333,0,0.324,0.221,138.058,audio_features,2MqNfk3vzAAN2753kDKptZ,spotify:track:2MqNfk3vzAAN2753kDKptZ,https://api.spotify.com/v1/tracks/2MqNfk3vzAAN2753kDKptZ,https://api.spotify.com/v1/audio-analysis/2MqNfk3vzAAN2753kDKptZ,257267,4
0.641,0.897,9,-4.369,1,0.0779,0.172,2.89e-06,0.103,0.6,100.069,audio_features,2emjgVnrbTxBpdP6Ww0aJo,spotify:track:2emjgVnrbTxBpdP6Ww0aJo,https://api.spotify.com/v1/tracks/2emjgVnrbTxBpdP6Ww0aJo,https://api.spotify.com/v1/audio-analysis/2emjgVnrbTxBpdP6Ww0aJo,198000,4
0.438,0.94,2,-3.249,1,0.0452,8.74e-05,0.0777,0.3,0.421,100.99,audio_features,1Zqy9bervYUomy12Pbm3rP,spotify:track:1Zqy9bervYUomy12Pbm3rP,https://api.spotify.com/v1/tracks/1Zqy9bervYUomy12Pbm3rP,https://api.spotify.com/v1/audio-analysis/1Zqy9bervYUomy12Pbm3rP,261000,3
0.763,0.807,1,-3.714,1,0.035,0.0714,0.28,0.348,0.559,103.038,audio_features,0vaf64cpnqM7COUZZkoBig,spotify:track:0vaf64cpnqM7COUZZkoBig,https://api.spotify.com/v1/tracks/0vaf64cpnqM7COUZZkoBig,https://api.spotify.com/v1/audio-analysis/0vaf64cpnqM7COUZZkoBig,229640,3
0.645,0.919,7,-3.669,1,0.0853,0.0025,0,0.527,0.77,120.057,audio_features,7JXdE4b0hpNSlZmPyopgii,spotify:track:7JXdE4b0hpNSlZmPyopgii,https://api.spotify.com/v1/tracks/7JXdE4b0hpNSlZmPyopgii,https://api.spotify.com/v1/audio-analysis/7JXdE4b0hpNSlZmPyopgii,207453,4
