danceability,energy,key,loudness,mode,speechiness,acousticness,instrumentalness,liveness,valence,tempo,type,id,uri,track_href,analysis_url,duration_ms,time_signature
0.524,0.945,11,-2.467,0,0.0797,0.0135,0.00332,0.108,0.8,149.819,audio_features,2Y5ngAobMcspRywfmb77k5,spotify:track:2Y5ngAobMcspRywfmb77k5,https://api.spotify.com/v1/tracks/2Y5ngAobMcspRywfmb77k5,https://api.spotify.com/v1/audio-analysis/2Y5ngAobMcspRywfmb77k5,270467,4
0.567,0.711,2,-3.744,0,0.0788,0.0633,1.68e-06,0.334,0.507,141.058,audio_features,3gvyksxkLbyKwi0WjCiPXE,spotify:track:3gvyksxkLbyKwi0WjCiPXE,https://api.spotify.com/v1/tracks/3gvyksxkLbyKwi0WjCiPXE,https://api.spotify.com/v1/audio-analysis/3gvyksxkLbyKwi0WjCiPXE,205267,4
0.754,0.798,11,-3.825,0,0.0486,0.0381,0,0.177,0.607,125.002,audio_features,6iMEAUdTIMwU4X1B5mBj6A,spotify:track:6iMEAUdTIMwU4X1B5mBj6A,https://api.spotify.com/v1/tracks/6iMEAUdTIMwU4X1B5mBj6A,https://api.spotify.com/v1/audio-analysis/6iMEAUdTIMwU4X1B5mBj6A,245926,4
0.779,0.572,6,-9.985,0,0.378,0.157,0,0.246,0.647,135.956,audio_features,1zCi4cVFqe6ja16MeGZKRN,spotify:track:1zCi4cVFqe6ja16MeGZKRN,https://api.spotify.com/v1/tracks/1zCi4cVFqe6ja16MeGZKRN,https://api.spotify.com/v1/audio-analysis/1zCi4cVFqe6ja16MeGZKRN,300160,4
0.716,0.531,7,-7.355,1,0.122,0.0703,0,0.224,0.344,71.994,audio_features,2HbKqm4o0w5wEeEFXm2sD4,spotify:track:2HbKqm4o0w5wEeEFXm2sD4,https://api.spotify.com/v1/tracks/2HbKqm4o0w5wEeEFXm2sD4,https://api.spotify.com/v1/audio-analysis/2HbKqm4o0w5wEeEFXm2sD4,386907,4
0.583,0.586,5,-5.683,1,0.0518,0.000231,0.000633,0.494,0.622,167.798,audio_features,40Gxnw5Vc8hnhGFknXHe3R,spotify:track:40Gxnw5Vc8hnhGFknXHe3R,https://api.spotify.com/v1/tracks/40Gxnw5Vc8hnhGFknXHe3R,https://api.spotify.com/v1/audio-analysis/40Gxnw5Vc8hnhGFknXHe3R,262733,4
0.547,0.865,5,-5.778,0,0.446,0.29,0,0.0874,0.528,170.651,audio_features,03ImchswSXPA2KzLrc9hAL,spotify:track:03ImchswSXPA2KzLrc9hAL,https://api.spotify.com/v1/tracks/03ImchswSXPA2KzLrc9hAL,https://api.spotify.com/v1/audio-analysis/03ImchswSXPA2KzLrc9hAL,195640,4
0.66,0.881,10,-6.119,0,0.0849,0.0722,3.4e-05,0.362,0.586,120.017,audio_features,1RUTIdTnFs8lHSc0Zr4UJB,spotify:track:1RUTIdTnFs8lHSc0Zr4UJB,https://api.spotify.com/v1/tracks/1RUTIdTnFs8lHSc0Zr4UJB,https://api.spotify.com/v1/audio-analysis/1RUTIdTnFs8lHSc0Zr4UJB,227347,4
0.706,0.691,9,-5.86,0,0.0338,0.546,1.3e-06,0.366,0.597,134.751,audio_features,03MWa1FMygR3RrQoQytsjS,spotify:track:03MWa1FMygR3RrQoQytsjS,https://api.spotify.com/v1/tracks/03MWa1FMygR3RrQoQytsjS,https://api.spotify.com/v1/audio-analysis/03MWa1FMygR3RrQoQytsjS,259040,4
