danceability,energy,key,loudness,mode,speechiness,acousticness,instrumentalness,liveness,valence,tempo,type,id,uri,track_href,analysis_url,duration_ms,time_signature
0.635,0.795,7,-5.313,1,0.0269,0.0514,3.08e-06,0.0751,0.628,115.23,audio_features,5JKQMoGmXwDHCodn5pFVHB,spotify:track:5JKQMoGmXwDHCodn5pFVHB,https://api.spotify.com/v1/tracks/5JKQMoGmXwDHCodn5pFVHB,https://api.spotify.com/v1/audio-analysis/5JKQMoGmXwDHCodn5pFVHB,283667,4
0.782,0.905,7,-3.56,1,0.0789,0.0165,1.37e-06,0.0797,0.667,126.748,audio_features,4uqmzWlYa0eLKmbcHNgLej,spotify:track:4uqmzWlYa0eLKmbcHNgLej,https://api.spotify.com/v1/tracks/4uqmzWlYa0eLKmbcHNgLej,https://api.spotify.com/v1/audio-analysis/4uqmzWlYa0eLKmbcHNgLej,214133,4
0.495,0.969,2,-4.994,1,0.0427,0.00399,2.55e-05,0.404,0.966,156.135,audio_features,38Lf9Im0jQhAaKx8ehQM1S,spotify:track:38Lf9Im0jQhAaKx8ehQM1S,https://api.spotify.com/v1/tracks/38Lf9Im0jQhAaKx8ehQM1S,https://api.spotify.com/v1/audio-analysis/38Lf9Im0jQhAaKx8ehQM1S,229240,4
0.432,0.958,9,-4.009,1,0.0819,0.00943,2.79e-06,0.227,0.874,164.018,audio_features,0lqfBvf1Gqmmt3l5Qeirlm,spotify:track:0lqfBvf1Gqmmt3l5Qeirlm,https://api.spotify.com/v1/tracks/0lqfBvf1Gqmmt3l5Qeirlm,https://api.spotify.com/v1/audio-analysis/0lqfBvf1Gqmmt3l5Qeirlm,174360,4
0.608,0.834,0,-3.584,1,0.0239,0.0176,1.8e-05,0.12,0.615,105.782,audio_features,2PZFLJLct6yrvBcCNEkAw0,spotify:track:2PZFLJLct6yrvBcCNEkAw0,https://api.spotify.com/v1/tracks/2PZFLJLct6yrvBcCNEkAw0,https://api.spotify.com/v1/audio-analysis/2PZFLJLct6yrvBcCNEkAw0,259227,4
0.744,0.945,7,-3.266,1,0.0286,0.0512,1.32e-06,0.0435,0.961,113.882,audio_features,1r4KZXhCnoVF8Zj5Q8sedq,spotify:track:1r4KZXhCnoVF8Zj5Q8sedq,https://api.spotify.com/v1/tracks/1r4KZXhCnoVF8Zj5Q8sedq,https://api.spotify.com/v1/audio-analysis/1r4KZXhCnoVF8Zj5Q8sedq,287107,4
0.659,0.919,11,-2.658,1,0.0333,0.155,0.0054,0.312,0.631,123.135,audio_features,2HsjJJL4DhPCzMlnaGv7ap,spotify:track:2HsjJJL4DhPCzMlnaGv7ap,https://api.spotify.com/v1/tracks/2HsjJJL4DhPCzMlnaGv7ap,https://api.spotify.com/v1/audio-analysis/2HsjJJL4DhPCzMlnaGv7ap,221627,4
0.491,0.583,7,-10.964,1,0.0376,0.185,0,0.406,0.908,150.566,audio_features,3yrSvpt2l1xhsV9Em88Pul,spotify:track:3yrSvpt2l1xhsV9Em88Pul,https://api.spotify.com/v1/tracks/3yrSvpt2l1xhsV9Em88Pul,https://api.spotify.com/v1/audio-analysis/3yrSvpt2l1xhsV9Em88Pul,183307,4
0.579,0.508,2,-9.484,1,0.027,0.00574,0.000494,0.0575,0.609,147.125,audio_features,40riOy7x9W7GXjyGp4pjAv,spotify:track:40riOy7x9W7GXjyGp4pjAv,https://api.spotify.com/v1/tracks/40riOy7x9W7GXjyGp4pjAv,https://api.spotify.com/v1/audio-analysis/40riOy7x9W7GXjyGp4pjAv,391376,4
