danceability,energy,key,loudness,mode,speechiness,acousticness,instrumentalness,liveness,valence,tempo,type,id,uri,track_href,analysis_url,duration_ms,time_signature
0.548,0.602,0,-7.277,1,0.0356,0.000403,0.894,0.11,0.0701,134.98,audio_features,0gBhyQ07eMpB40xeEqqwZa,spotify:track:0gBhyQ07eMpB40xeEqqwZa,https://api.spotify.com/v1/tracks/0gBhyQ07eMpB40xeEqqwZa,https://api.spotify.com/v1/audio-analysis/0gBhyQ07eMpB40xeEqqwZa,171867,3
0.712,0.759,11,-5.397,1,0.334,0.016,0.0808,0.217,0.738,79.103,audio_features,4OKXvqtfwlvY2fYJ2lzHPH,spotify:track:4OKXvqtfwlvY2fYJ2lzHPH,https://api.spotify.com/v1/tracks/4OKXvqtfwlvY2fYJ2lzHPH,https://api.spotify.com/v1/audio-analysis/4OKXvqtfwlvY2fYJ2lzHPH,249333,4
0.916,0.472,11,-12.263,0,0.0712,0.0188,0,0.167,0.229,117.066,audio_features,7x9vJE3Xa7mIH106rzO9Tk,spotify:track:7x9vJE3Xa7mIH106rzO9Tk,https://api.spotify.com/v1/tracks/7x9vJE3Xa7mIH106rzO9Tk,https://api.spotify.com/v1/audio-analysis/7x9vJE3Xa7mIH106rzO9Tk,216570,4
0.587,0.698,1,-8.948,1,0.0943,0.0152,0,0.442,0.0985,133.954,audio_features,4Pwjz3DfvfQWV0rO2V8jyh,spotify:track:4Pwjz3DfvfQWV0rO2V8jyh,https://api.spotify.com/v1/tracks/4Pwjz3DfvfQWV0rO2V8jyh,https://api.spotify.com/v1/audio-analysis/4Pwjz3DfvfQWV0rO2V8jyh,310720,4
0.644,0.469,1,-9.117,0,0.238,0.179,0,0.658,0.615,79.991,audio_features,0uMUvbkTdjBNZ5UuHZ5PIj,spotify:track:0uMUvbkTdjBNZ5UuHZ5PIj,https://api.spotify.com/v1/tracks/0uMUvbkTdjBNZ5UuHZ5PIj,https://api.spotify.com/v1/audio-analysis/0uMUvbkTdjBNZ5UuHZ5PIj,180675,4
0.591,0.892,8,-6.114,0,0.293,0.0944,0,0.113,0.712,89.849,audio_features,1fb6b2Mas9q2mWxJazzeRI,spotify:track:1fb6b2Mas9q2mWxJazzeRI,https://api.spotify.com/v1/tracks/1fb6b2Mas9q2mWxJazzeRI,https://api.spotify.com/v1/audio-analysis/1fb6b2Mas9q2mWxJazzeRI,213333,4
0.448,0.647,6,-9.065,0,0.357,0.24,0,0.176,0.494,100.128,audio_features,1VvDddrH1oLpB72nixBGHF,spotify:track:1VvDddrH1oLpB72nixBGHF,https://api.spotify.com/v1/tracks/1VvDddrH1oLpB72nixBGHF,https://api.spotify.com/v1/audio-analysis/1VvDddrH1oLpB72nixBGHF,191774,4
0.479,0.558,11,-6.074,1,0.179,0.227,0,0.0808,0.8,83.465,audio_features,6MEDfjHxnVNcYmHe3mM6L2,spotify:track:6MEDfjHxnVNcYmHe3mM6L2,https://api.spotify.com/v1/tracks/6MEDfjHxnVNcYmHe3mM6L2,https://api.spotify.com/v1/audio-analysis/6MEDfjHxnVNcYmHe3mM6L2,262680,4
0.397,0.668,11,-8.857,0,0.334,0.0189,0,0.0924,0.326,163.829,audio_features,3zmEykbQ6rlvYz4qJHdWMC,spotify:track:3zmEykbQ6rlvYz4qJHdWMC,https://api.spotify.com/v1/tracks/3zmEykbQ6rlvYz4qJHdWMC,https://api.spotify.com/v1/audio-analysis/3zmEykbQ6rlvYz4qJHdWMC,146347,4
