danceability,energy,key,loudness,mode,speechiness,acousticness,instrumentalness,liveness,valence,tempo,type,id,uri,track_href,analysis_url,duration_ms,time_signature
0.657,0.56,6,-10.54,0,0.313,0.316,3.57e-06,0.328,0.448,134.126,audio_features,1uh9AadCenlpEsGpl7Ywdb,spotify:track:1uh9AadCenlpEsGpl7Ywdb,https://api.spotify.com/v1/tracks/1uh9AadCenlpEsGpl7Ywdb,https://api.spotify.com/v1/audio-analysis/1uh9AadCenlpEsGpl7Ywdb,235128,4
0.63,0.605,0,-8.951,1,0.0414,0.484,9.29e-05,0.298,0.266,115.277,audio_features,5iSEsR6NKjlC9SrIJkyL3k,spotify:track:5iSEsR6NKjlC9SrIJkyL3k,https://api.spotify.com/v1/tracks/5iSEsR6NKjlC9SrIJkyL3k,https://api.spotify.com/v1/audio-analysis/5iSEsR6NKjlC9SrIJkyL3k,295293,4
0.577,0.588,1,-7.125,1,0.273,0.0171,4.32e-06,0.485,0.325,100.482,audio_features,7r01OIqRAWXCXX407lPSbL,spotify:track:7r01OIqRAWXCXX407lPSbL,https://api.spotify.com/v1/tracks/7r01OIqRAWXCXX407lPSbL,https://api.spotify.com/v1/audio-analysis/7r01OIqRAWXCXX407lPSbL,204840,5
0.869,0.712,9,-6.136,1,0.103,0.0715,0,0.272,0.435,120.0,audio_features,7eaKWfov7b2Qa2n6HTesL3,spotify:track:7eaKWfov7b2Qa2n6HTesL3,https://api.spotify.com/v1/tracks/7eaKWfov7b2Qa2n6HTesL3,https://api.spotify.com/v1/audio-analysis/7eaKWfov7b2Qa2n6HTesL3,275867,4
0.658,0.591,9,-5.197,1,0.0309,0.00959,5.27e-06,0.325,0.326,114.078,audio_features,6VwBbL8CzPiC4QV66ay7oR,spotify:track:6VwBbL8CzPiC4QV66ay7oR,https://api.spotify.com/v1/tracks/6VwBbL8CzPiC4QV66ay7oR,https://api.spotify.com/v1/audio-analysis/6VwBbL8CzPiC4QV66ay7oR,323747,4
0.553,0.652,0,-6.685,1,0.206,0.0897,0,0.111,0.551,94.505,audio_features,6YbhspuOar1D9WSSnfe7ds,spotify:track:6YbhspuOar1D9WSSnfe7ds,https://api.spotify.com/v1/tracks/6YbhspuOar1D9WSSnfe7ds,https://api.spotify.com/v1/audio-analysis/6YbhspuOar1D9WSSnfe7ds,207347,4
0.839,0.583,1,-5.941,1,0.268,0.239,0,0.262,0.564,87.99,audio_features,53dkS3h9uTNsWYZTPacnpx,spotify:track:53dkS3h9uTNsWYZTPacnpx,https://api.spotify.com/v1/tracks/53dkS3h9uTNsWYZTPacnpx,https://api.spotify.com/v1/audio-analysis/53dkS3h9uTNsWYZTPacnpx,636213,4
0.823,0.733,1,-5.474,1,0.0628,0.0349,0,0.324,0.397,97.972,audio_features,4w7yrP4RAeeyhfG9nJqQvS,spotify:track:4w7yrP4RAeeyhfG9nJqQvS,https://api.spotify.com/v1/tracks/4w7yrP4RAeeyhfG9nJqQvS,https://api.spotify.com/v1/audio-analysis/4w7yrP4RAeeyhfG9nJqQvS,284387,4
0.48,0.808,5,-4.133,1,0.0423,0.0259,0,0.269,0.37,123.387,audio_features,4lLmG1fatRUgnRz0Ol0WUi,spotify:track:4lLmG1fatRUgnRz0Ol0WUi,https://api.spotify.com/v1/tracks/4lLmG1fatRUgnRz0Ol0WUi,https://api.spotify.com/v1/audio-analysis/4lLmG1fatRUgnRz0Ol0WUi,201373,4
