danceability,energy,key,loudness,mode,speechiness,acousticness,instrumentalness,liveness,valence,tempo,type,id,uri,track_href,analysis_url,duration_ms,time_signature
0.671,0.733,7,-7.88,1,0.0653,0.254,0.218,0.207,0.462,120.08,audio_features,7gQzzsppcAezKh0HFjrG3q,spotify:track:7gQzzsppcAezKh0HFjrG3q,https://api.spotify.com/v1/tracks/7gQzzsppcAezKh0HFjrG3q,https://api.spotify.com/v1/audio-analysis/7gQzzsppcAezKh0HFjrG3q,200840,4
0.576,0.768,11,-6.205,0,0.134,0.384,0,0.321,0.593,104.812,audio_features,1Y7q2n46eW4po5GqgW18wR,spotify:track:1Y7q2n46eW4po5GqgW18wR,https://api.spotify.com/v1/tracks/1Y7q2n46eW4po5GqgW18wR,https://api.spotify.com/v1/audio-analysis/1Y7q2n46eW4po5GqgW18wR,242044,4
0.57,0.803,9,-5.288,0,0.334,0.127,0,0.662,0.719,76.908,audio_features,6IKThyOvGgxCqU4llnViJg,spotify:track:6IKThyOvGgxCqU4llnViJg,https://api.spotify.com/v1/tracks/6IKThyOvGgxCqU4llnViJg,https://api.spotify.com/v1/audio-analysis/6IKThyOvGgxCqU4llnViJg,182013,4
0.926,0.427,10,-7.584,0,0.105,0.0703,0.000337,0.0818,0.304,96.025,audio_features,63p3Slj0shAFP0Q7dQetj5,spotify:track:63p3Slj0shAFP0Q7dQetj5,https://api.spotify.com/v1/tracks/63p3Slj0shAFP0Q7dQetj5,https://api.spotify.com/v1/audio-analysis/63p3Slj0shAFP0Q7dQetj5,268480,4
0.576,0.543,9,-7.612,0,0.0879,0.171,0,0.718,0.363,111.922,audio_features,5WqfumG2Ohc6ranjWl2n8i,spotify:track:5WqfumG2Ohc6ranjWl2n8i,https://api.spotify.com/v1/tracks/5WqfumG2Ohc6ranjWl2n8i,https://api.spotify.com/v1/audio-analysis/5WqfumG2Ohc6ranjWl2n8i,258670,4
0.709,0.589,8,-7.776,0,0.0433,0.0507,0,0.0585,0.58,133.922,audio_features,29gsi1zZrZxdStACmTQB0Z,spotify:track:29gsi1zZrZxdStACmTQB0Z,https://api.spotify.com/v1/tracks/29gsi1zZrZxdStACmTQB0Z,https://api.spotify.com/v1/audio-analysis/29gsi1zZrZxdStACmTQB0Z,278067,3
0.453,0.729,7,-5.276,1,0.292,0.0343,0,0.201,0.5,78.647,audio_features,1JV3G6ffweIkmxNma2yMaR,spotify:track:1JV3G6ffweIkmxNma2yMaR,https://api.spotify.com/v1/tracks/1JV3G6ffweIkmxNma2yMaR,https://api.spotify.com/v1/audio-analysis/1JV3G6ffweIkmxNma2yMaR,260473,4
0.756,0.601,5,-8.207,1,0.234,0.151,5.3e-05,0.119,0.137,108.021,audio_features,2AMLUgjBRD61noEhEB1p7x,spotify:track:2AMLUgjBRD61noEhEB1p7x,https://api.spotify.com/v1/tracks/2AMLUgjBRD61noEhEB1p7x,https://api.spotify.com/v1/audio-analysis/2AMLUgjBRD61noEhEB1p7x,217778,4
0.394,0.661,4,-8.684,1,0.192,0.00996,0,0.343,0.335,149.818,audio_features,2N3U8uTYhjX2KwGT0pf5x0,spotify:track:2N3U8uTYhjX2KwGT0pf5x0,https://api.spotify.com/v1/tracks/2N3U8uTYhjX2KwGT0pf5x0,https://api.spotify.com/v1/audio-analysis/2N3U8uTYhjX2KwGT0pf5x0,260987,4
