danceability,energy,key,loudness,mode,speechiness,acousticness,instrumentalness,liveness,valence,tempo,type,id,uri,track_href,analysis_url,duration_ms,time_signature
0.693,0.496,7,-10.146,1,0.0444,0.473,1.14e-05,0.0738,0.149,124.959,audio_features,08ZuYMwYKdxLrGufv125m0,spotify:track:08ZuYMwYKdxLrGufv125m0,https://api.spotify.com/v1/tracks/08ZuYMwYKdxLrGufv125m0,https://api.spotify.com/v1/audio-analysis/08ZuYMwYKdxLrGufv125m0,331760,4
0.561,0.841,0,-4.311,1,0.0515,0.00525,4.53e-05,0.24,0.356,114.943,audio_features,2hUFjIbpKaRqs97OjUAmXb,spotify:track:2hUFjIbpKaRqs97OjUAmXb,https://api.spotify.com/v1/tracks/2hUFjIbpKaRqs97OjUAmXb,https://api.spotify.com/v1/audio-analysis/2hUFjIbpKaRqs97OjUAmXb,279053,4
0.501,0.328,0,-8.329,1,0.0255,0.612,0,0.15,0.263,73.326,audio_features,3FvV3j98xtcylQF1drDc9j,spotify:track:3FvV3j98xtcylQF1drDc9j,https://api.spotify.com/v1/tracks/3FvV3j98xtcylQF1drDc9j,https://api.spotify.com/v1/audio-analysis/3FvV3j98xtcylQF1drDc9j,217000,4
0.567,0.572,9,-7.694,1,0.0318,0.166,0,0.103,0.205,138.062,audio_features,4j8gmCSLLy0TSFg2brV01g,spotify:track:4j8gmCSLLy0TSFg2brV01g,https://api.spotify.com/v1/tracks/4j8gmCSLLy0TSFg2brV01g,https://api.spotify.com/v1/audio-analysis/4j8gmCSLLy0TSFg2brV01g,285733,4
0.363,0.135,7,-11.166,0,0.0295,0.976,0.000265,0.107,0.195,98.45,audio_features,4izhmF4sQgGemZpLC68bC5,spotify:track:4izhmF4sQgGemZpLC68bC5,https://api.spotify.com/v1/tracks/4izhmF4sQgGemZpLC68bC5,https://api.spotify.com/v1/audio-analysis/4izhmF4sQgGemZpLC68bC5,233000,4
0.753,0.421,7,-6.988,1,0.0551,0.103,4.03e-05,0.139,0.134,140.031,audio_features,6cwemXIKrAQeP7TMErGwM3,spotify:track:6cwemXIKrAQeP7TMErGwM3,https://api.spotify.com/v1/tracks/6cwemXIKrAQeP7TMErGwM3,https://api.spotify.com/v1/audio-analysis/6cwemXIKrAQeP7TMErGwM3,345507,4
0.522,0.964,11,-2.645,0,0.095,0.00109,0.000389,0.0387,0.51,170.944,audio_features,5ZdrNnYV5VZWds4WXKf8kf,spotify:track:5ZdrNnYV5VZWds4WXKf8kf,https://api.spotify.com/v1/tracks/5ZdrNnYV5VZWds4WXKf8kf,https://api.spotify.com/v1/audio-analysis/5ZdrNnYV5VZWds4WXKf8kf,218627,4
0.452,0.563,4,-6.607,1,0.0272,0.144,0,0.143,0.209,137.715,audio_features,3ZHfX6kbiY7JVsB63lLOLu,spotify:track:3ZHfX6kbiY7JVsB63lLOLu,https://api.spotify.com/v1/tracks/3ZHfX6kbiY7JVsB63lLOLu,https://api.spotify.com/v1/audio-analysis/3ZHfX6kbiY7JVsB63lLOLu,267653,3
0.517,0.906,1,-3.677,1,0.0735,0.00272,9.26e-06,0.113,0.731,172.977,audio_features,6SpLc7EXZIPpy0sVko0aoU,spotify:track:6SpLc7EXZIPpy0sVko0aoU,https://api.spotify.com/v1/tracks/6SpLc7EXZIPpy0sVko0aoU,https://api.spotify.com/v1/audio-analysis/6SpLc7EXZIPpy0sVko0aoU,211520,4
