danceability,energy,key,loudness,mode,speechiness,acousticness,instrumentalness,liveness,valence,tempo,type,id,uri,track_href,analysis_url,duration_ms,time_signature
0.547,0.936,9,-4.023,1,0.102,0.23,3.04e-06,0.172,0.642,120.003,audio_features,22OqansuvEMQu9W0EfiGTI,spotify:track:22OqansuvEMQu9W0EfiGTI,https://api.spotify.com/v1/tracks/22OqansuvEMQu9W0EfiGTI,https://api.spotify.com/v1/audio-analysis/22OqansuvEMQu9W0EfiGTI,177200,4
0.715,0.838,2,-6.077,0,0.118,0.0897,0,0.15,0.497,120.007,audio_features,4Oyl6oYSNeeZZP0OAxPVaU,spotify:track:4Oyl6oYSNeeZZP0OAxPVaU,https://api.spotify.com/v1/tracks/4Oyl6oYSNeeZZP0OAxPVaU,https://api.spotify.com/v1/audio-analysis/4Oyl6oYSNeeZZP0OAxPVaU,240080,4
0.683,0.753,2,-5.564,0,0.0317,0.0577,0.00208,0.357,0.389,120.03,audio_features,40sRwFjfrRnaTdYPJIg4CP,spotify:track:40sRwFjfrRnaTdYPJIg4CP,https://api.spotify.com/v1/tracks/40sRwFjfrRnaTdYPJIg4CP,https://api.spotify.com/v1/audio-analysis/40sRwFjfrRnaTdYPJIg4CP,234947,4
0.77,0.706,2,-4.705,1,0.0302,0.0605,0.00182,0.0985,0.527,115.011,audio_features,7qxjGHW485TL8ciwkHD5MK,spotify:track:7qxjGHW485TL8ciwkHD5MK,https://api.spotify.com/v1/tracks/7qxjGHW485TL8ciwkHD5MK,https://api.spotify.com/v1/audio-analysis/7qxjGHW485TL8ciwkHD5MK,238040,4
0.565,0.437,6,-7.68,0,0.0403,0.194,7.14e-06,0.0656,0.217,96.132,audio_features,5P3yUXUC9rZPJPNmYGKEAz,spotify:track:5P3yUXUC9rZPJPNmYGKEAz,https://api.spotify.com/v1/tracks/5P3yUXUC9rZPJPNmYGKEAz,https://api.spotify.com/v1/audio-analysis/5P3yUXUC9rZPJPNmYGKEAz,236733,3
0.446,0.76,7,-3.608,1,0.0453,0.00891,0.000108,0.232,0.512,150.033,audio_features,773xZHHSHJvC1z3AAtWgH6,spotify:track:773xZHHSHJvC1z3AAtWgH6,https://api.spotify.com/v1/tracks/773xZHHSHJvC1z3AAtWgH6,https://api.spotify.com/v1/audio-analysis/773xZHHSHJvC1z3AAtWgH6,308388,4
0.608,0.776,11,-3.635,1,0.0511,0.241,0,0.0713,0.814,89.996,audio_features,3C3cr2JQwXIhqAHqOardVO,spotify:track:3C3cr2JQwXIhqAHqOardVO,https://api.spotify.com/v1/tracks/3C3cr2JQwXIhqAHqOardVO,https://api.spotify.com/v1/audio-analysis/3C3cr2JQwXIhqAHqOardVO,263733,4
0.69,0.678,0,-6.52,1,0.154,0.11,0,0.246,0.409,173.995,audio_features,4rfaoyaZvNa60cj3OKSQV9,spotify:track:4rfaoyaZvNa60cj3OKSQV9,https://api.spotify.com/v1/tracks/4rfaoyaZvNa60cj3OKSQV9,https://api.spotify.com/v1/audio-analysis/4rfaoyaZvNa60cj3OKSQV9,239015,4
0.68,0.693,0,-7.234,1,0.0435,0.445,0,0.208,0.851,114.948,audio_features,36tghkPg1AO4HsAzo6YpPp,spotify:track:36tghkPg1AO4HsAzo6YpPp,https://api.spotify.com/v1/tracks/36tghkPg1AO4HsAzo6YpPp,https://api.spotify.com/v1/audio-analysis/36tghkPg1AO4HsAzo6YpPp,163880,4
