danceability,energy,key,loudness,mode,speechiness,acousticness,instrumentalness,liveness,valence,tempo,type,id,uri,track_href,analysis_url,duration_ms,time_signature
0.78,0.716,6,-4.551,0,0.0439,0.0489,5.92e-06,0.0704,0.362,105.017,audio_features,70Cp0ukCMyWeJML77NGERU,spotify:track:70Cp0ukCMyWeJML77NGERU,https://api.spotify.com/v1/tracks/70Cp0ukCMyWeJML77NGERU,https://api.spotify.com/v1/audio-analysis/70Cp0ukCMyWeJML77NGERU,253680,4
0.718,0.714,0,-5.699,1,0.0622,0.0963,0,0.141,0.84,149.949,audio_features,1pKmfhwbZvsyYUP2eOGdw5,spotify:track:1pKmfhwbZvsyYUP2eOGdw5,https://api.spotify.com/v1/tracks/1pKmfhwbZvsyYUP2eOGdw5,https://api.spotify.com/v1/audio-analysis/1pKmfhwbZvsyYUP2eOGdw5,229120,4
0.798,0.318,10,-6.849,0,0.0431,0.0437,0,0.158,0.425,92.49,audio_features,68NsOuum1AegLDhOIr2ADL,spotify:track:68NsOuum1AegLDhOIr2ADL,https://api.spotify.com/v1/tracks/68NsOuum1AegLDhOIr2ADL,https://api.spotify.com/v1/audio-analysis/68NsOuum1AegLDhOIr2ADL,229000,4
0.84,0.608,6,-6.176,1,0.0458,0.248,1.25e-06,0.0874,0.727,115.012,audio_features,3MLtopC0uho28PxZN7Zecy,spotify:track:3MLtopC0uho28PxZN7Zecy,https://api.spotify.com/v1/tracks/3MLtopC0uho28PxZN7Zecy,https://api.spotify.com/v1/audio-analysis/3MLtopC0uho28PxZN7Zecy,231320,4
0.684,0.858,1,-4.266,1,0.0342,0.00694,0.000167,0.0828,0.518,129.963,audio_features,4RdRa3qq0GBSKjomxrkh5K,spotify:track:4RdRa3qq0GBSKjomxrkh5K,https://api.spotify.com/v1/tracks/4RdRa3qq0GBSKjomxrkh5K,https://api.spotify.com/v1/audio-analysis/4RdRa3qq0GBSKjomxrkh5K,273336,4
0.584,0.833,6,-5.9,1,0.041,0.00359,3.44e-05,0.169,0.324,140.013,audio_features,1yf97yL1ll8FYXC27c9VTw,spotify:track:1yf97yL1ll8FYXC27c9VTw,https://api.spotify.com/v1/tracks/1yf97yL1ll8FYXC27c9VTw,https://api.spotify.com/v1/audio-analysis/1yf97yL1ll8FYXC27c9VTw,267387,4
0.537,0.0231,7,-14.407,1,0.0475,0.994,0.0471,0.146,0.342,120.322,audio_features,6BEKt5axiNeWCr9huv0k7I,spotify:track:6BEKt5axiNeWCr9huv0k7I,https://api.spotify.com/v1/tracks/6BEKt5axiNeWCr9huv0k7I,https://api.spotify.com/v1/audio-analysis/6BEKt5axiNeWCr9huv0k7I,142547,4
0.733,0.636,9,-6.693,1,0.0299,0.158,0,0.32,0.591,99.996,audio_features,6QOZWUCG5vq4xtU3mW2ZA2,spotify:track:6QOZWUCG5vq4xtU3mW2ZA2,https://api.spotify.com/v1/tracks/6QOZWUCG5vq4xtU3mW2ZA2,https://api.spotify.com/v1/audio-analysis/6QOZWUCG5vq4xtU3mW2ZA2,213200,4
0.553,0.787,7,-7.827,1,0.0931,0.149,3.25e-05,0.102,0.298,139.841,audio_features,4bk6v5SBxNoVsbOvdOvUAJ,spotify:track:4bk6v5SBxNoVsbOvdOvUAJ,https://api.spotify.com/v1/tracks/4bk6v5SBxNoVsbOvdOvUAJ,https://api.spotify.com/v1/audio-analysis/4bk6v5SBxNoVsbOvdOvUAJ,286507,4
