danceability,energy,key,loudness,mode,speechiness,acousticness,instrumentalness,liveness,valence,tempo,type,id,uri,track_href,analysis_url,duration_ms,time_signature
0.676,0.756,7,-6.528,0,0.0446,0.00217,3.08e-05,0.104,0.543,126.98,audio_features,4NTL7fT4eqfPao94lmqth2,spotify:track:4NTL7fT4eqfPao94lmqth2,https://api.spotify.com/v1/tracks/4NTL7fT4eqfPao94lmqth2,https://api.spotify.com/v1/audio-analysis/4NTL7fT4eqfPao94lmqth2,197467,4
0.629,0.174,6,-9.697,1,0.141,0.616,0,0.118,0.305,134.297,audio_features,1q74TesvRCIo5RvJM5B84F,spotify:track:1q74TesvRCIo5RvJM5B84F,https://api.spotify.com/v1/tracks/1q74TesvRCIo5RvJM5B84F,https://api.spotify.com/v1/audio-analysis/1q74TesvRCIo5RvJM5B84F,146067,1
0.423,0.572,6,-5.109,1,0.0347,0.0158,0,0.231,0.17,165.394,audio_features,0hwJDnHhXkieZLXACWYlwQ,spotify:track:0hwJDnHhXkieZLXACWYlwQ,https://api.spotify.com/v1/tracks/0hwJDnHhXkieZLXACWYlwQ,https://api.spotify.com/v1/audio-analysis/0hwJDnHhXkieZLXACWYlwQ,230613,4
0.599,0.487,6,-7.171,1,0.0317,0.0922,3.45e-06,0.139,0.533,80.062,audio_features,0iQTvb2YHemPgx9wv07TIG,spotify:track:0iQTvb2YHemPgx9wv07TIG,https://api.spotify.com/v1/tracks/0iQTvb2YHemPgx9wv07TIG,https://api.spotify.com/v1/audio-analysis/0iQTvb2YHemPgx9wv07TIG,185320,4
0.654,0.717,2,-5.714,1,0.033,0.0158,0,0.0482,0.473,93.903,audio_features,6OX0nvTLWngPOKZZB3Usen,spotify:track:6OX0nvTLWngPOKZZB3Usen,https://api.spotify.com/v1/tracks/6OX0nvTLWngPOKZZB3Usen,https://api.spotify.com/v1/audio-analysis/6OX0nvTLWngPOKZZB3Usen,248960,4
0.486,0.779,9,-6.398,1,0.0334,0.101,2.51e-05,0.224,0.379,173.99,audio_features,760GxmiU9FCmP5jgnLsNtz,spotify:track:760GxmiU9FCmP5jgnLsNtz,https://api.spotify.com/v1/tracks/760GxmiU9FCmP5jgnLsNtz,https://api.spotify.com/v1/audio-analysis/760GxmiU9FCmP5jgnLsNtz,235813,4
0.512,0.526,1,-5.44,1,0.0251,0.0724,0,0.0675,0.249,85.024,audio_features,05CrK6Q5VGtfPDtyQFJ4Kf,spotify:track:05CrK6Q5VGtfPDtyQFJ4Kf,https://api.spotify.com/v1/tracks/05CrK6Q5VGtfPDtyQFJ4Kf,https://api.spotify.com/v1/audio-analysis/05CrK6Q5VGtfPDtyQFJ4Kf,226330,4
0.57,0.865,8,-4.518,1,0.0472,0.00205,0,0.404,0.691,110.01,audio_features,6od5hFv9IT5JHc7NEF9HRv,spotify:track:6od5hFv9IT5JHc7NEF9HRv,https://api.spotify.com/v1/tracks/6od5hFv9IT5JHc7NEF9HRv,https://api.spotify.com/v1/audio-analysis/6od5hFv9IT5JHc7NEF9HRv,178600,4
0.559,0.895,1,-4.476,0,0.0832,0.0154,0,0.175,0.59,183.825,audio_features,2fh3bZ8jZhMxOcfESE9nQY,spotify:track:2fh3bZ8jZhMxOcfESE9nQY,https://api.spotify.com/v1/tracks/2fh3bZ8jZhMxOcfESE9nQY,https://api.spotify.com/v1/audio-analysis/2fh3bZ8jZhMxOcfESE9nQY,213093,4
