danceability,energy,key,loudness,mode,speechiness,acousticness,instrumentalness,liveness,valence,tempo,type,id,uri,track_href,analysis_url,duration_ms,time_signature
0.515,0.869,11,-4.381,0,0.109,0.00393,0,0.434,0.336,122.748,audio_features,7l9uOhfVJC8Y0c6PXHrgbs,spotify:track:7l9uOhfVJC8Y0c6PXHrgbs,https://api.spotify.com/v1/tracks/7l9uOhfVJC8Y0c6PXHrgbs,https://api.spotify.com/v1/audio-analysis/7l9uOhfVJC8Y0c6PXHrgbs,265333,4
0.489,0.958,1,-2.731,0,0.05,0.000473,0,0.401,0.427,132.975,audio_features,0k8tcDGLSqUQAeuoOaUJj2,spotify:track:0k8tcDGLSqUQAeuoOaUJj2,https://api.spotify.com/v1/tracks/0k8tcDGLSqUQAeuoOaUJj2,https://api.spotify.com/v1/audio-analysis/0k8tcDGLSqUQAeuoOaUJj2,205533,4
0.467,0.803,8,-3.282,1,0.0467,0.000169,6.8e-06,0.123,0.18,129.995,audio_features,62lc21zAcKWs11pbSOabO9,spotify:track:62lc21zAcKWs11pbSOabO9,https://api.spotify.com/v1/tracks/62lc21zAcKWs11pbSOabO9,https://api.spotify.com/v1/audio-analysis/62lc21zAcKWs11pbSOabO9,216093,4
0.57,0.922,0,-5.433,1,0.0424,0.000463,0.000188,0.363,0.32,135.01,audio_features,7m4HUtdXRUHEitLIqbVWxf,spotify:track:7m4HUtdXRUHEitLIqbVWxf,https://api.spotify.com/v1/tracks/7m4HUtdXRUHEitLIqbVWxf,https://api.spotify.com/v1/audio-analysis/7m4HUtdXRUHEitLIqbVWxf,217027,4
0.408,0.499,9,-7.651,1,0.0323,0.665,0,0.11,0.554,88.968,audio_features,5VL7pScLlKe4MbB8EAivgA,spotify:track:5VL7pScLlKe4MbB8EAivgA,https://api.spotify.com/v1/tracks/5VL7pScLlKe4MbB8EAivgA,https://api.spotify.com/v1/audio-analysis/5VL7pScLlKe4MbB8EAivgA,153653,4
0.305,0.701,2,-5.67,1,0.0494,0.00546,1.06e-06,0.182,0.333,75.588,audio_features,1qRKyMsn18kuIIP25W9byL,spotify:track:1qRKyMsn18kuIIP25W9byL,https://api.spotify.com/v1/tracks/1qRKyMsn18kuIIP25W9byL,https://api.spotify.com/v1/audio-analysis/1qRKyMsn18kuIIP25W9byL,283050,4
0.6,0.614,8,-4.688,1,0.0885,0.00669,0,0.166,0.341,121.965,audio_features,2KA3lvDwQQiyvuJJvzifGL,spotify:track:2KA3lvDwQQiyvuJJvzifGL,https://api.spotify.com/v1/tracks/2KA3lvDwQQiyvuJJvzifGL,https://api.spotify.com/v1/audio-analysis/2KA3lvDwQQiyvuJJvzifGL,256467,4
0.405,0.689,10,-5.75,1,0.0365,0.0843,0,0.207,0.397,155.189,audio_features,1S30kHvkkdMkcuCTGSgS41,spotify:track:1S30kHvkkdMkcuCTGSgS41,https://api.spotify.com/v1/tracks/1S30kHvkkdMkcuCTGSgS41,https://api.spotify.com/v1/audio-analysis/1S30kHvkkdMkcuCTGSgS41,191560,4
0.51,0.67,8,-7.519,0,0.0343,0.0851,0,0.162,0.265,124.144,audio_features,1ac22sFSlj3iaQV2qAsFkK,spotify:track:1ac22sFSlj3iaQV2qAsFkK,https://api.spotify.com/v1/tracks/1ac22sFSlj3iaQV2qAsFkK,https://api.spotify.com/v1/audio-analysis/1ac22sFSlj3iaQV2qAsFkK,254387,4
