danceability,energy,key,loudness,mode,speechiness,acousticness,instrumentalness,liveness,valence,tempo,type,id,uri,track_href,analysis_url,duration_ms,time_signature
0.388,0.966,2,-4.244,0,0.162,0.00101,0,0.0548,0.508,175.019,audio_features,5kjKiLCznooPWDQQGwuxo9,spotify:track:5kjKiLCznooPWDQQGwuxo9,https://api.spotify.com/v1/tracks/5kjKiLCznooPWDQQGwuxo9,https://api.spotify.com/v1/audio-analysis/5kjKiLCznooPWDQQGwuxo9,206839,4
0.459,0.993,1,-2.365,1,0.126,0.000299,0,0.222,0.642,160.114,audio_features,6paPOnv74GDnzRxsLeSthj,spotify:track:6paPOnv74GDnzRxsLeSthj,https://api.spotify.com/v1/tracks/6paPOnv74GDnzRxsLeSthj,https://api.spotify.com/v1/audio-analysis/6paPOnv74GDnzRxsLeSthj,199491,4
0.475,0.987,5,-3.515,0,0.121,0.00028,2.36e-06,0.335,0.632,162.002,audio_features,7vBBL9qR7sgvb0vD04iLTk,spotify:track:7vBBL9qR7sgvb0vD04iLTk,https://api.spotify.com/v1/tracks/7vBBL9qR7sgvb0vD04iLTk,https://api.spotify.com/v1/audio-analysis/7vBBL9qR7sgvb0vD04iLTk,213741,4
0.512,0.965,6,-3.7,1,0.0456,6.58e-05,3.06e-05,0.191,0.483,140.07,audio_features,0WKIGF4Bm3YdjIq4n0ID9x,spotify:track:0WKIGF4Bm3YdjIq4n0ID9x,https://api.spotify.com/v1/tracks/0WKIGF4Bm3YdjIq4n0ID9x,https://api.spotify.com/v1/audio-analysis/0WKIGF4Bm3YdjIq4n0ID9x,201076,4
0.424,0.981,7,-3.539,1,0.0717,0.000117,0,0.312,0.568,175.044,audio_features,6i98XCbnmBVUPqKApjeT9p,spotify:track:6i98XCbnmBVUPqKApjeT9p,https://api.spotify.com/v1/tracks/6i98XCbnmBVUPqKApjeT9p,https://api.spotify.com/v1/audio-analysis/6i98XCbnmBVUPqKApjeT9p,199406,4
0.572,0.983,8,-2.848,1,0.0828,0.000161,4.94e-06,0.312,0.552,127.968,audio_features,4o030RTUiWEbE1x3IIMbKh,spotify:track:4o030RTUiWEbE1x3IIMbKh,https://api.spotify.com/v1/tracks/4o030RTUiWEbE1x3IIMbKh,https://api.spotify.com/v1/audio-analysis/4o030RTUiWEbE1x3IIMbKh,225293,4
0.406,0.979,4,-3.159,1,0.212,0.000131,2.6e-06,0.0743,0.334,190.099,audio_features,4rErBOyj2FS9EVzZZGGZtW,spotify:track:4rErBOyj2FS9EVzZZGGZtW,https://api.spotify.com/v1/tracks/4rErBOyj2FS9EVzZZGGZtW,https://api.spotify.com/v1/audio-analysis/4rErBOyj2FS9EVzZZGGZtW,169046,4
0.363,0.952,11,-4.153,1,0.0664,7.57e-05,0,0.0887,0.46,166.727,audio_features,4bKE8zuzZg8e3fNdpK7QY9,spotify:track:4bKE8zuzZg8e3fNdpK7QY9,https://api.spotify.com/v1/tracks/4bKE8zuzZg8e3fNdpK7QY9,https://api.spotify.com/v1/audio-analysis/4bKE8zuzZg8e3fNdpK7QY9,188992,4
0.524,0.895,7,-4.625,0,0.0423,0.00835,0,0.0879,0.557,157.053,audio_features,40t2E0HHaaUTp0dolN4dNp,spotify:track:40t2E0HHaaUTp0dolN4dNp,https://api.spotify.com/v1/tracks/40t2E0HHaaUTp0dolN4dNp,https://api.spotify.com/v1/audio-analysis/40t2E0HHaaUTp0dolN4dNp,226328,4
