danceability,energy,key,loudness,mode,speechiness,acousticness,instrumentalness,liveness,valence,tempo,type,id,uri,track_href,analysis_url,duration_ms,time_signature
0.537,0.424,1,-11.281,1,0.0409,0.0171,0.842,0.355,0.0761,193.994,audio_features,6TMSo0TqIKaotFuWeUKxc6,spotify:track:6TMSo0TqIKaotFuWeUKxc6,https://api.spotify.com/v1/tracks/6TMSo0TqIKaotFuWeUKxc6,https://api.spotify.com/v1/audio-analysis/6TMSo0TqIKaotFuWeUKxc6,260206,4
0.599,0.676,2,-8.213,1,0.0261,0.31,0.0013,0.14,0.895,112.977,audio_features,2aYvXJhIBrxcEnk7uCJCjN,spotify:track:2aYvXJhIBrxcEnk7uCJCjN,https://api.spotify.com/v1/tracks/2aYvXJhIBrxcEnk7uCJCjN,https://api.spotify.com/v1/audio-analysis/2aYvXJhIBrxcEnk7uCJCjN,296573,4
0.467,0.645,1,-7.614,0,0.0364,0.101,0.00524,0.144,0.71,127.947,audio_features,51XZD1FCrWyU3dDWJH4nzb,spotify:track:51XZD1FCrWyU3dDWJH4nzb,https://api.spotify.com/v1/tracks/51XZD1FCrWyU3dDWJH4nzb,https://api.spotify.com/v1/audio-analysis/51XZD1FCrWyU3dDWJH4nzb,201707,3
0.374,0.082,1,-11.402,0,0.0412,0.612,0.202,0.111,0.037,91.428,audio_features,4V89IXbcngfalUVUm21GNM,spotify:track:4V89IXbcngfalUVUm21GNM,https://api.spotify.com/v1/tracks/4V89IXbcngfalUVUm21GNM,https://api.spotify.com/v1/audio-analysis/4V89IXbcngfalUVUm21GNM,247731,1
0.523,0.739,5,-12.498,0,0.0749,5.43e-05,0.00582,0.301,0.263,74.931,audio_features,7LE0LQTThaE1XxpX5725sf,spotify:track:7LE0LQTThaE1XxpX5725sf,https://api.spotify.com/v1/tracks/7LE0LQTThaE1XxpX5725sf,https://api.spotify.com/v1/audio-analysis/7LE0LQTThaE1XxpX5725sf,195474,4
0.7,0.786,8,-4.867,1,0.0277,0.137,0,0.0949,0.721,96.003,audio_features,4i1MWIchrtBoSh6wcAdt7e,spotify:track:4i1MWIchrtBoSh6wcAdt7e,https://api.spotify.com/v1/tracks/4i1MWIchrtBoSh6wcAdt7e,https://api.spotify.com/v1/audio-analysis/4i1MWIchrtBoSh6wcAdt7e,221840,4
0.788,0.417,0,-8.063,1,0.0439,0.338,0,0.221,0.437,96.983,audio_features,6XCofYuJfYQDykaGvH98Ev,spotify:track:6XCofYuJfYQDykaGvH98Ev,https://api.spotify.com/v1/tracks/6XCofYuJfYQDykaGvH98Ev,https://api.spotify.com/v1/audio-analysis/6XCofYuJfYQDykaGvH98Ev,210693,4
0.704,0.49,9,-6.667,1,0.339,0.0961,0.000114,0.157,0.642,155.909,audio_features,4H9FGIjS07wouhMIHNNjEb,spotify:track:4H9FGIjS07wouhMIHNNjEb,https://api.spotify.com/v1/tracks/4H9FGIjS07wouhMIHNNjEb,https://api.spotify.com/v1/audio-analysis/4H9FGIjS07wouhMIHNNjEb,241733,4
0.555,0.822,9,-6.602,1,0.271,0.0962,0,0.0485,0.536,145.276,audio_features,1zp5rSteJmtNfBmgoq9JlB,spotify:track:1zp5rSteJmtNfBmgoq9JlB,https://api.spotify.com/v1/tracks/1zp5rSteJmtNfBmgoq9JlB,https://api.spotify.com/v1/audio-analysis/1zp5rSteJmtNfBmgoq9JlB,142467,4
