danceability,energy,key,loudness,mode,speechiness,acousticness,instrumentalness,liveness,valence,tempo,type,id,uri,track_href,analysis_url,duration_ms,time_signature
0.552,0.915,4,-3.713,1,0.0559,0.0013,3.74e-05,0.206,0.606,90.013,audio_features,5MsZIaCYY6Tsdph0LiB0hE,spotify:track:5MsZIaCYY6Tsdph0LiB0hE,https://api.spotify.com/v1/tracks/5MsZIaCYY6Tsdph0LiB0hE,https://api.spotify.com/v1/audio-analysis/5MsZIaCYY6Tsdph0LiB0hE,203413,4
0.631,0.891,0,-4.202,1,0.0998,0.00368,0.00124,0.157,0.677,119.96,audio_features,66324Jt0mZdXaM7f8uUitE,spotify:track:66324Jt0mZdXaM7f8uUitE,https://api.spotify.com/v1/tracks/66324Jt0mZdXaM7f8uUitE,https://api.spotify.com/v1/audio-analysis/66324Jt0mZdXaM7f8uUitE,243040,4
0.508,0.907,6,-3.443,0,0.0565,0.0423,6.83e-05,0.221,0.587,104.997,audio_features,0l2p5mDOP3czJ2FpD6zWie,spotify:track:0l2p5mDOP3czJ2FpD6zWie,https://api.spotify.com/v1/tracks/0l2p5mDOP3czJ2FpD6zWie,https://api.spotify.com/v1/audio-analysis/0l2p5mDOP3czJ2FpD6zWie,244720,4
0.511,0.95,4,-3.833,0,0.184,0.0612,0,0.203,0.539,151.943,audio_features,49nmsafpkJp2lDj9b4jkxh,spotify:track:49nmsafpkJp2lDj9b4jkxh,https://api.spotify.com/v1/tracks/49nmsafpkJp2lDj9b4jkxh,https://api.spotify.com/v1/audio-analysis/49nmsafpkJp2lDj9b4jkxh,212467,4
0.556,0.851,6,-2.981,0,0.0443,4.46e-05,1.97e-05,0.211,0.271,114.948,audio_features,05Z77MHLPcBA2Wd5eDSJzl,spotify:track:05Z77MHLPcBA2Wd5eDSJzl,https://api.spotify.com/v1/tracks/05Z77MHLPcBA2Wd5eDSJzl,https://api.spotify.com/v1/audio-analysis/05Z77MHLPcBA2Wd5eDSJzl,211027,4
0.571,0.926,8,-3.576,0,0.0479,0.000217,0.00376,0.0522,0.576,133.903,audio_features,3iJmiaoZWzykf3Hl4IeYtI,spotify:track:3iJmiaoZWzykf3Hl4IeYtI,https://api.spotify.com/v1/tracks/3iJmiaoZWzykf3Hl4IeYtI,https://api.spotify.com/v1/audio-analysis/3iJmiaoZWzykf3Hl4IeYtI,226720,4
0.599,0.853,11,-3.878,0,0.0365,0.00123,0.000504,0.37,0.676,94.997,audio_features,3nSiB5WCF2pmRQrYSsteHv,spotify:track:3nSiB5WCF2pmRQrYSsteHv,https://api.spotify.com/v1/tracks/3nSiB5WCF2pmRQrYSsteHv,https://api.spotify.com/v1/audio-analysis/3nSiB5WCF2pmRQrYSsteHv,204507,4
0.474,0.853,8,-3.775,1,0.12,0.000172,0.00121,0.109,0.559,170.076,audio_features,6VOWUjl7sumb6IpBPkjQat,spotify:track:6VOWUjl7sumb6IpBPkjQat,https://api.spotify.com/v1/tracks/6VOWUjl7sumb6IpBPkjQat,https://api.spotify.com/v1/audio-analysis/6VOWUjl7sumb6IpBPkjQat,241600,4
0.557,0.777,9,-6.286,1,0.0636,0.0756,4.29e-05,0.1,0.449,144.968,audio_features,0XJDfLHO7C6b0GpjeB5mpu,spotify:track:0XJDfLHO7C6b0GpjeB5mpu,https://api.spotify.com/v1/tracks/0XJDfLHO7C6b0GpjeB5mpu,https://api.spotify.com/v1/audio-analysis/0XJDfLHO7C6b0GpjeB5mpu,281080,4
