danceability,energy,key,loudness,mode,speechiness,acousticness,instrumentalness,liveness,valence,tempo,type,id,uri,track_href,analysis_url,duration_ms,time_signature
0.654,0.85,0,-5.719,1,0.0804,0.292,4.6e-05,0.0638,0.52,154.962,audio_features,3NDPcoeno6oasqi6Hs75Ax,spotify:track:3NDPcoeno6oasqi6Hs75Ax,https://api.spotify.com/v1/tracks/3NDPcoeno6oasqi6Hs75Ax,https://api.spotify.com/v1/audio-analysis/3NDPcoeno6oasqi6Hs75Ax,253067,4
0.595,0.689,6,-6.107,0,0.148,0.254,5.44e-06,0.129,0.213,168.112,audio_features,03f7xZmt2wHCIDJBFPK8G4,spotify:track:03f7xZmt2wHCIDJBFPK8G4,https://api.spotify.com/v1/tracks/03f7xZmt2wHCIDJBFPK8G4,https://api.spotify.com/v1/audio-analysis/03f7xZmt2wHCIDJBFPK8G4,209427,4
0.587,0.463,9,-7.254,1,0.0433,0.7,0,0.111,0.0756,113.977,audio_features,1zFwTccO7icPFb4VqQ4KPf,spotify:track:1zFwTccO7icPFb4VqQ4KPf,https://api.spotify.com/v1/tracks/1zFwTccO7icPFb4VqQ4KPf,https://api.spotify.com/v1/audio-analysis/1zFwTccO7icPFb4VqQ4KPf,205677,4
0.716,0.73,6,-4.126,0,0.0364,0.058,7.32e-06,0.151,0.339,136.05,audio_features,3fo6DYGktjENCiagUeU9yH,spotify:track:3fo6DYGktjENCiagUeU9yH,https://api.spotify.com/v1/tracks/3fo6DYGktjENCiagUeU9yH,https://api.spotify.com/v1/audio-analysis/3fo6DYGktjENCiagUeU9yH,204086,4
0.559,0.835,5,-5.555,0,0.0424,0.24,0.019,0.185,0.382,114.908,audio_features,3u1FiuSpfsgVnekEMXgMwJ,spotify:track:3u1FiuSpfsgVnekEMXgMwJ,https://api.spotify.com/v1/tracks/3u1FiuSpfsgVnekEMXgMwJ,https://api.spotify.com/v1/audio-analysis/3u1FiuSpfsgVnekEMXgMwJ,189027,4
0.568,0.613,0,-5.069,1,0.0254,0.104,6.23e-06,0.101,0.426,89.951,audio_features,5G9qKplB5e4lIpSncwKWVE,spotify:track:5G9qKplB5e4lIpSncwKWVE,https://api.spotify.com/v1/tracks/5G9qKplB5e4lIpSncwKWVE,https://api.spotify.com/v1/audio-analysis/5G9qKplB5e4lIpSncwKWVE,206280,4
0.576,0.593,9,-6.024,0,0.0306,0.0467,0.000767,0.237,0.373,157.993,audio_features,360Wr96ywrCQq4kTAJ8Pq6,spotify:track:360Wr96ywrCQq4kTAJ8Pq6,https://api.spotify.com/v1/tracks/360Wr96ywrCQq4kTAJ8Pq6,https://api.spotify.com/v1/audio-analysis/360Wr96ywrCQq4kTAJ8Pq6,220013,4
0.517,0.622,1,-3.536,0,0.0577,0.174,0,0.105,0.463,170.154,audio_features,3K1tdhoeE6koNnWgAxEK9Y,spotify:track:3K1tdhoeE6koNnWgAxEK9Y,https://api.spotify.com/v1/tracks/3K1tdhoeE6koNnWgAxEK9Y,https://api.spotify.com/v1/audio-analysis/3K1tdhoeE6koNnWgAxEK9Y,217507,4
0.568,0.692,8,-4.513,1,0.0589,0.0161,0,0.148,0.577,92.023,audio_features,5gWtkdgdyt5bZt9i6n3Kqd,spotify:track:5gWtkdgdyt5bZt9i6n3Kqd,https://api.spotify.com/v1/tracks/5gWtkdgdyt5bZt9i6n3Kqd,https://api.spotify.com/v1/audio-analysis/5gWtkdgdyt5bZt9i6n3Kqd,201520,4
