danceability,energy,key,loudness,mode,speechiness,acousticness,instrumentalness,liveness,valence,tempo,type,id,uri,track_href,analysis_url,duration_ms,time_signature
0.306,0.952,0,-3.554,0,0.082,0.000151,1.09e-06,0.4,0.346,130.89,audio_features,6u9Rx9oQbS949L5udUvYzi,spotify:track:6u9Rx9oQbS949L5udUvYzi,https://api.spotify.com/v1/tracks/6u9Rx9oQbS949L5udUvYzi,https://api.spotify.com/v1/audio-analysis/6u9Rx9oQbS949L5udUvYzi,290573,4
0.49,0.726,6,-7.977,0,0.0962,0.0286,0.668,0.131,0.157,129.983,audio_features,6wgd4M4GP6NQr5RRiIO0FR,spotify:track:6wgd4M4GP6NQr5RRiIO0FR,https://api.spotify.com/v1/tracks/6wgd4M4GP6NQr5RRiIO0FR,https://api.spotify.com/v1/audio-analysis/6wgd4M4GP6NQr5RRiIO0FR,81827,4
0.48,0.977,6,-1.993,1,0.117,0.000463,2.82e-06,0.355,0.331,129.999,audio_features,3EKh7JNsBrGoh2xqPotBKT,spotify:track:3EKh7JNsBrGoh2xqPotBKT,https://api.spotify.com/v1/tracks/3EKh7JNsBrGoh2xqPotBKT,https://api.spotify.com/v1/audio-analysis/3EKh7JNsBrGoh2xqPotBKT,223547,4
0.371,0.979,1,-2.701,1,0.144,0.0002,3.67e-06,0.516,0.473,196.058,audio_features,54MXF9I8s3DuiQo3g0gZ5k,spotify:track:54MXF9I8s3DuiQo3g0gZ5k,https://api.spotify.com/v1/tracks/54MXF9I8s3DuiQo3g0gZ5k,https://api.spotify.com/v1/audio-analysis/54MXF9I8s3DuiQo3g0gZ5k,212547,4
0.403,0.965,6,-2.238,1,0.0964,3.81e-05,0.000276,0.341,0.431,112.363,audio_features,1IT0WQk5J8NsaeII8ktdlZ,spotify:track:1IT0WQk5J8NsaeII8ktdlZ,https://api.spotify.com/v1/tracks/1IT0WQk5J8NsaeII8ktdlZ,https://api.spotify.com/v1/audio-analysis/1IT0WQk5J8NsaeII8ktdlZ,236293,4
0.472,0.925,6,-3.545,0,0.15,0.000394,0.000528,0.0826,0.338,159.989,audio_features,23UoI3jlFiWdo5jadUYo69,spotify:track:23UoI3jlFiWdo5jadUYo69,https://api.spotify.com/v1/tracks/23UoI3jlFiWdo5jadUYo69,https://api.spotify.com/v1/audio-analysis/23UoI3jlFiWdo5jadUYo69,267867,4
0.527,0.933,4,-3.035,0,0.0628,0.000269,6.8e-05,0.293,0.357,127.008,audio_features,2SYMnBpx7zyhSDPQwoOlFO,spotify:track:2SYMnBpx7zyhSDPQwoOlFO,https://api.spotify.com/v1/tracks/2SYMnBpx7zyhSDPQwoOlFO,https://api.spotify.com/v1/audio-analysis/2SYMnBpx7zyhSDPQwoOlFO,217853,4
0.278,0.933,4,-3.85,0,0.115,0.00711,1.68e-05,0.384,0.116,105.001,audio_features,7bUFAdnKK8CxEWWyzdopo0,spotify:track:7bUFAdnKK8CxEWWyzdopo0,https://api.spotify.com/v1/tracks/7bUFAdnKK8CxEWWyzdopo0,https://api.spotify.com/v1/audio-analysis/7bUFAdnKK8CxEWWyzdopo0,356893,3
0.503,0.961,2,-2.993,1,0.0799,2.61e-05,2.67e-06,0.178,0.276,126.023,audio_features,40WWeoX26jtsfdmFx5iRty,spotify:track:40WWeoX26jtsfdmFx5iRty,https://api.spotify.com/v1/tracks/40WWeoX26jtsfdmFx5iRty,https://api.spotify.com/v1/audio-analysis/40WWeoX26jtsfdmFx5iRty,252387,4
