danceability,energy,key,loudness,mode,speechiness,acousticness,instrumentalness,liveness,valence,tempo,type,id,uri,track_href,analysis_url,duration_ms,time_signature
0.595,0.689,6,-6.107,0,0.148,0.254,5.44e-06,0.129,0.213,168.112,audio_features,03f7xZmt2wHCIDJBFPK8G4,spotify:track:03f7xZmt2wHCIDJBFPK8G4,https://api.spotify.com/v1/tracks/03f7xZmt2wHCIDJBFPK8G4,https://api.spotify.com/v1/audio-analysis/03f7xZmt2wHCIDJBFPK8G4,209427,4
0.576,0.593,9,-6.024,0,0.0306,0.0467,0.000767,0.237,0.373,157.993,audio_features,360Wr96ywrCQq4kTAJ8Pq6,spotify:track:360Wr96ywrCQq4kTAJ8Pq6,https://api.spotify.com/v1/tracks/360Wr96ywrCQq4kTAJ8Pq6,https://api.spotify.com/v1/audio-analysis/360Wr96ywrCQq4kTAJ8Pq6,220013,4
0.517,0.622,1,-3.536,0,0.0577,0.174,0,0.105,0.463,170.154,audio_features,3K1tdhoeE6koNnWgAxEK9Y,spotify:track:3K1tdhoeE6koNnWgAxEK9Y,https://api.spotify.com/v1/tracks/3K1tdhoeE6koNnWgAxEK9Y,https://api.spotify.com/v1/audio-analysis/3K1tdhoeE6koNnWgAxEK9Y,217507,4
0.572,0.912,7,-4.875,1,0.0707,0.00155,1.2e-06,0.102,0.606,156.073,audio_features,3yZQk5PC52CCmT4ZaTIKvv,spotify:track:3yZQk5PC52CCmT4ZaTIKvv,https://api.spotify.com/v1/tracks/3yZQk5PC52CCmT4ZaTIKvv,https://api.spotify.com/v1/audio-analysis/3yZQk5PC52CCmT4ZaTIKvv,187187,4
0.642,0.873,2,-5.821,1,0.0551,0.00394,0,0.175,0.662,82.002,audio_features,46Kcradxrva9Dny4lHU1b3,spotify:track:46Kcradxrva9Dny4lHU1b3,https://api.spotify.com/v1/tracks/46Kcradxrva9Dny4lHU1b3,https://api.spotify.com/v1/audio-analysis/46Kcradxrva9Dny4lHU1b3,192053,4
0.68,0.847,5,-5.987,1,0.0449,0.000433,0,0.331,0.834,123.96,audio_features,0zewUY3RSh8yaV7q66Okem,spotify:track:0zewUY3RSh8yaV7q66Okem,https://api.spotify.com/v1/tracks/0zewUY3RSh8yaV7q66Okem,https://api.spotify.com/v1/audio-analysis/0zewUY3RSh8yaV7q66Okem,189107,4
0.604,0.78,8,-5.792,1,0.0353,0.00382,0.0661,0.107,0.287,103.99,audio_features,1ozYwEeDttK6iWc1yQS8c4,spotify:track:1ozYwEeDttK6iWc1yQS8c4,https://api.spotify.com/v1/tracks/1ozYwEeDttK6iWc1yQS8c4,https://api.spotify.com/v1/audio-analysis/1ozYwEeDttK6iWc1yQS8c4,189240,4
0.592,0.891,5,-4.766,0,0.0522,0.000912,0.000128,0.25,0.571,127.955,audio_features,5Q4H1XkVHxQjnrHCUpS61d,spotify:track:5Q4H1XkVHxQjnrHCUpS61d,https://api.spotify.com/v1/tracks/5Q4H1XkVHxQjnrHCUpS61d,https://api.spotify.com/v1/audio-analysis/5Q4H1XkVHxQjnrHCUpS61d,186600,4
0.606,0.924,11,-4.531,0,0.0349,0.00216,3.3e-06,0.24,0.965,144.998,audio_features,2wEjPgOCEczmjlvq60LyQi,spotify:track:2wEjPgOCEczmjlvq60LyQi,https://api.spotify.com/v1/tracks/2wEjPgOCEczmjlvq60LyQi,https://api.spotify.com/v1/audio-analysis/2wEjPgOCEczmjlvq60LyQi,206840,4
