danceability,energy,key,loudness,mode,speechiness,acousticness,instrumentalness,liveness,valence,tempo,type,id,uri,track_href,analysis_url,duration_ms,time_signature
0.541,0.727,2,-4.329,1,0.0307,0.0684,1.69e-06,0.116,0.547,169.953,audio_features,1GIQxjIAuUgA5w3hWW5TgN,spotify:track:1GIQxjIAuUgA5w3hWW5TgN,https://api.spotify.com/v1/tracks/1GIQxjIAuUgA5w3hWW5TgN,https://api.spotify.com/v1/audio-analysis/1GIQxjIAuUgA5w3hWW5TgN,251867,4
0.582,0.967,1,-3.09,0,0.0642,0.0206,0,0.514,0.786,128.099,audio_features,5QCUXpfShyuYYu7eGt9ZiR,spotify:track:5QCUXpfShyuYYu7eGt9ZiR,https://api.spotify.com/v1/tracks/5QCUXpfShyuYYu7eGt9ZiR,https://api.spotify.com/v1/audio-analysis/5QCUXpfShyuYYu7eGt9ZiR,199187,4
0.497,0.923,2,-4.512,1,0.137,0.00282,0,0.158,0.667,181.075,audio_features,4cqYUqmKMcb3q1tdImVpGW,spotify:track:4cqYUqmKMcb3q1tdImVpGW,https://api.spotify.com/v1/tracks/4cqYUqmKMcb3q1tdImVpGW,https://api.spotify.com/v1/audio-analysis/4cqYUqmKMcb3q1tdImVpGW,198000,4
0.554,0.902,4,-4.018,1,0.0569,0.00635,0,0.328,0.657,126.022,audio_features,7LcNhnWCI9w9ivknoSqtvK,spotify:track:7LcNhnWCI9w9ivknoSqtvK,https://api.spotify.com/v1/tracks/7LcNhnWCI9w9ivknoSqtvK,https://api.spotify.com/v1/audio-analysis/7LcNhnWCI9w9ivknoSqtvK,187000,4
0.453,0.945,5,-3.555,1,0.0458,0.025,0,0.279,0.565,162.968,audio_features,0iSiv78I19i3JTeIpsdpPn,spotify:track:0iSiv78I19i3JTeIpsdpPn,https://api.spotify.com/v1/tracks/0iSiv78I19i3JTeIpsdpPn,https://api.spotify.com/v1/audio-analysis/0iSiv78I19i3JTeIpsdpPn,204307,4
0.495,0.893,9,-3.203,1,0.0705,0.0725,0,0.0644,0.73,148.015,audio_features,3QSTCT6N8cLMboxIInwjEt,spotify:track:3QSTCT6N8cLMboxIInwjEt,https://api.spotify.com/v1/tracks/3QSTCT6N8cLMboxIInwjEt,https://api.spotify.com/v1/audio-analysis/3QSTCT6N8cLMboxIInwjEt,209813,4
0.312,0.713,9,-4.489,1,0.0327,0.0258,0,0.135,0.196,169.871,audio_features,0jh2HyqarexLFrEyN1dpKp,spotify:track:0jh2HyqarexLFrEyN1dpKp,https://api.spotify.com/v1/tracks/0jh2HyqarexLFrEyN1dpKp,https://api.spotify.com/v1/audio-analysis/0jh2HyqarexLFrEyN1dpKp,224200,4
0.343,0.945,11,-3.127,1,0.0563,0.000827,0,0.0896,0.474,179.888,audio_features,5ycr8hrMJzZDtYAowyDq3J,spotify:track:5ycr8hrMJzZDtYAowyDq3J,https://api.spotify.com/v1/tracks/5ycr8hrMJzZDtYAowyDq3J,https://api.spotify.com/v1/audio-analysis/5ycr8hrMJzZDtYAowyDq3J,231973,4
0.465,0.896,2,-3.126,1,0.0795,0.00725,0,0.206,0.569,181.014,audio_features,0J69x3mqm7U6tBPKsjpsWR,spotify:track:0J69x3mqm7U6tBPKsjpsWR,https://api.spotify.com/v1/tracks/0J69x3mqm7U6tBPKsjpsWR,https://api.spotify.com/v1/audio-analysis/0J69x3mqm7U6tBPKsjpsWR,182827,4
