danceability,energy,key,loudness,mode,speechiness,acousticness,instrumentalness,liveness,valence,tempo,type,id,uri,track_href,analysis_url,duration_ms,time_signature
0.47,0.461,1,-6.905,1,0.0293,0.5,0,0.131,0.606,81.652,audio_features,1hfVUmorNhSWNuM91Mo8sX,spotify:track:1hfVUmorNhSWNuM91Mo8sX,https://api.spotify.com/v1/tracks/1hfVUmorNhSWNuM91Mo8sX,https://api.spotify.com/v1/audio-analysis/1hfVUmorNhSWNuM91Mo8sX,208040,4
0.657,0.401,3,-8.749,1,0.0294,0.329,0,0.123,0.682,129.995,audio_features,32zTrU13WFPoWoPv0wKuXM,spotify:track:32zTrU13WFPoWoPv0wKuXM,https://api.spotify.com/v1/tracks/32zTrU13WFPoWoPv0wKuXM,https://api.spotify.com/v1/audio-analysis/32zTrU13WFPoWoPv0wKuXM,204245,4
0.486,0.901,2,-6.943,1,0.0391,4.77e-05,0,0.0828,0.348,96.03,audio_features,2ec0NyxHJpuueI501AuCIJ,spotify:track:2ec0NyxHJpuueI501AuCIJ,https://api.spotify.com/v1/tracks/2ec0NyxHJpuueI501AuCIJ,https://api.spotify.com/v1/audio-analysis/2ec0NyxHJpuueI501AuCIJ,218293,4
0.286,0.895,4,-6.393,1,0.095,0.00132,0,0.107,0.132,104.318,audio_features,1v5BlBnf2ZY4tIJXkl7mq1,spotify:track:1v5BlBnf2ZY4tIJXkl7mq1,https://api.spotify.com/v1/tracks/1v5BlBnf2ZY4tIJXkl7mq1,https://api.spotify.com/v1/audio-analysis/1v5BlBnf2ZY4tIJXkl7mq1,242973,3
0.298,0.45,2,-5.769,1,0.0282,0.454,0,0.273,0.41,83.534,audio_features,6BwJLmS6KC7xOADo74vL6q,spotify:track:6BwJLmS6KC7xOADo74vL6q,https://api.spotify.com/v1/tracks/6BwJLmS6KC7xOADo74vL6q,https://api.spotify.com/v1/audio-analysis/6BwJLmS6KC7xOADo74vL6q,213987,4
0.45,0.883,7,-4.094,1,0.0524,0.00193,0,0.293,0.328,93.41,audio_features,663Karu2rvKLdnY0eo1n3M,spotify:track:663Karu2rvKLdnY0eo1n3M,https://api.spotify.com/v1/tracks/663Karu2rvKLdnY0eo1n3M,https://api.spotify.com/v1/audio-analysis/663Karu2rvKLdnY0eo1n3M,214707,4
0.49,0.63,10,-3.775,0,0.0352,0.215,0,0.122,0.205,117.949,audio_features,3Y5mKbaQqZzeId7q7rS2cR,spotify:track:3Y5mKbaQqZzeId7q7rS2cR,https://api.spotify.com/v1/tracks/3Y5mKbaQqZzeId7q7rS2cR,https://api.spotify.com/v1/audio-analysis/3Y5mKbaQqZzeId7q7rS2cR,224107,4
0.204,0.265,9,-9.153,1,0.0323,0.869,0,0.134,0.107,71.157,audio_features,1C0vXECyJHUeqOo2Etvrr2,spotify:track:1C0vXECyJHUeqOo2Etvrr2,https://api.spotify.com/v1/tracks/1C0vXECyJHUeqOo2Etvrr2,https://api.spotify.com/v1/audio-analysis/1C0vXECyJHUeqOo2Etvrr2,262533,4
0.204,0.265,9,-9.153,1,0.0323,0.869,0,0.134,0.107,71.157,audio_features,1C0vXECyJHUeqOo2Etvrr2,spotify:track:1C0vXECyJHUeqOo2Etvrr2,https://api.spotify.com/v1/tracks/1C0vXECyJHUeqOo2Etvrr2,https://api.spotify.com/v1/audio-analysis/1C0vXECyJHUeqOo2Etvrr2,262533,4
