danceability,energy,key,loudness,mode,speechiness,acousticness,instrumentalness,liveness,valence,tempo,type,id,uri,track_href,analysis_url,duration_ms,time_signature
0.517,0.819,9,-4.674,1,0.028,0.279,0,0.104,0.319,77.496,audio_features,3vvBMjyD7ZesKHe1k00gxO,spotify:track:3vvBMjyD7ZesKHe1k00gxO,https://api.spotify.com/v1/tracks/3vvBMjyD7ZesKHe1k00gxO,https://api.spotify.com/v1/audio-analysis/3vvBMjyD7ZesKHe1k00gxO,281800,4
0.37,0.975,6,-2.434,0,0.0764,0.00235,0,0.316,0.378,166.058,audio_features,5z4GWgru4a3X0SFnQMD2oH,spotify:track:5z4GWgru4a3X0SFnQMD2oH,https://api.spotify.com/v1/tracks/5z4GWgru4a3X0SFnQMD2oH,https://api.spotify.com/v1/audio-analysis/5z4GWgru4a3X0SFnQMD2oH,204893,4
0.378,0.983,8,-3.171,0,0.167,0.00137,0,0.428,0.251,160.074,audio_features,66FbkukCI5pva9EbMvT0pV,spotify:track:66FbkukCI5pva9EbMvT0pV,https://api.spotify.com/v1/tracks/66FbkukCI5pva9EbMvT0pV,https://api.spotify.com/v1/audio-analysis/66FbkukCI5pva9EbMvT0pV,206933,4
0.516,0.888,2,-4.715,0,0.0417,0.00726,0,0.121,0.327,114.028,audio_features,0iWCpaSaiIZVPSqjZ9YB5L,spotify:track:0iWCpaSaiIZVPSqjZ9YB5L,https://api.spotify.com/v1/tracks/0iWCpaSaiIZVPSqjZ9YB5L,https://api.spotify.com/v1/audio-analysis/0iWCpaSaiIZVPSqjZ9YB5L,241640,4
0.36,0.968,3,-5.301,0,0.142,0.000133,0,0.397,0.207,169.848,audio_features,2Cz0wgwqdZJgaSOA1Dg6aS,spotify:track:2Cz0wgwqdZJgaSOA1Dg6aS,https://api.spotify.com/v1/tracks/2Cz0wgwqdZJgaSOA1Dg6aS,https://api.spotify.com/v1/audio-analysis/2Cz0wgwqdZJgaSOA1Dg6aS,273453,4
0.508,0.649,10,-7.177,0,0.0349,0.0253,2.28e-06,0.375,0.301,97.52,audio_features,2k3fs1S5gYqwzN8G2QDXiJ,spotify:track:2k3fs1S5gYqwzN8G2QDXiJ,https://api.spotify.com/v1/tracks/2k3fs1S5gYqwzN8G2QDXiJ,https://api.spotify.com/v1/audio-analysis/2k3fs1S5gYqwzN8G2QDXiJ,220653,4
0.285,0.86,4,-5.882,1,0.0537,0.000851,0,0.0815,0.209,106.613,audio_features,51rIDh0FOCNCFkdbtIOyU0,spotify:track:51rIDh0FOCNCFkdbtIOyU0,https://api.spotify.com/v1/tracks/51rIDh0FOCNCFkdbtIOyU0,https://api.spotify.com/v1/audio-analysis/51rIDh0FOCNCFkdbtIOyU0,264413,3
0.403,0.947,0,-5.011,0,0.0884,0.000924,0.0365,0.369,0.307,84.593,audio_features,5hC3nG6GuJoTUZixqS0Co4,spotify:track:5hC3nG6GuJoTUZixqS0Co4,https://api.spotify.com/v1/tracks/5hC3nG6GuJoTUZixqS0Co4,https://api.spotify.com/v1/audio-analysis/5hC3nG6GuJoTUZixqS0Co4,229093,4
0.25,0.661,4,-6.26,0,0.0341,0.00132,3.99e-06,0.108,0.291,126.737,audio_features,04ZoUbYzLKu2HeTU61rufH,spotify:track:04ZoUbYzLKu2HeTU61rufH,https://api.spotify.com/v1/tracks/04ZoUbYzLKu2HeTU61rufH,https://api.spotify.com/v1/audio-analysis/04ZoUbYzLKu2HeTU61rufH,223587,4
