danceability,energy,key,loudness,mode,speechiness,acousticness,instrumentalness,liveness,valence,tempo,type,id,uri,track_href,analysis_url,duration_ms,time_signature
0.47,0.474,5,-9.406,1,0.0262,0.0643,0,0.0645,0.241,170.173,audio_features,49SL9f1Kz73p0bzsNPTY4l,spotify:track:49SL9f1Kz73p0bzsNPTY4l,https://api.spotify.com/v1/tracks/49SL9f1Kz73p0bzsNPTY4l,https://api.spotify.com/v1/audio-analysis/49SL9f1Kz73p0bzsNPTY4l,247773,4
0.432,0.656,7,-6.889,1,0.0419,0.0618,6.01e-05,0.391,0.171,130.276,audio_features,7v1b3qExlTFrpFWrtcnUpE,spotify:track:7v1b3qExlTFrpFWrtcnUpE,https://api.spotify.com/v1/tracks/7v1b3qExlTFrpFWrtcnUpE,https://api.spotify.com/v1/audio-analysis/7v1b3qExlTFrpFWrtcnUpE,293827,4
0.572,0.868,4,-5.811,1,0.058,0.0457,0,0.204,0.491,128.142,audio_features,3AYlkW7zXQWjaIlSjkRHES,spotify:track:3AYlkW7zXQWjaIlSjkRHES,https://api.spotify.com/v1/tracks/3AYlkW7zXQWjaIlSjkRHES,https://api.spotify.com/v1/audio-analysis/3AYlkW7zXQWjaIlSjkRHES,159387,4
0.559,0.795,8,-5.974,1,0.0535,0.0114,0,0.204,0.708,140.137,audio_features,6BlNWpXnsONi1ieRt0Jzsh,spotify:track:6BlNWpXnsONi1ieRt0Jzsh,https://api.spotify.com/v1/tracks/6BlNWpXnsONi1ieRt0Jzsh,https://api.spotify.com/v1/audio-analysis/6BlNWpXnsONi1ieRt0Jzsh,228053,4
0.501,0.933,6,-3.476,0,0.198,0.0457,0,0.376,0.708,170.13,audio_features,4WdopfTdSd0nCLropjhsgH,spotify:track:4WdopfTdSd0nCLropjhsgH,https://api.spotify.com/v1/tracks/4WdopfTdSd0nCLropjhsgH,https://api.spotify.com/v1/audio-analysis/4WdopfTdSd0nCLropjhsgH,174867,4
0.513,0.934,4,-3.347,0,0.163,0.0433,0,0.832,0.591,169.907,audio_features,0N90pptABhFyr1axONlIEB,spotify:track:0N90pptABhFyr1axONlIEB,https://api.spotify.com/v1/tracks/0N90pptABhFyr1axONlIEB,https://api.spotify.com/v1/audio-analysis/0N90pptABhFyr1axONlIEB,203613,4
0.538,0.913,2,-3.493,1,0.138,0.0177,0,0.115,0.409,156.076,audio_features,2hgkutEHVmJRg7drAJAFHi,spotify:track:2hgkutEHVmJRg7drAJAFHi,https://api.spotify.com/v1/tracks/2hgkutEHVmJRg7drAJAFHi,https://api.spotify.com/v1/audio-analysis/2hgkutEHVmJRg7drAJAFHi,191867,4
0.425,0.97,9,-2.512,0,0.163,0.0135,0,0.291,0.431,170.19,audio_features,4C2i4NymWRem1LOVEqwWV6,spotify:track:4C2i4NymWRem1LOVEqwWV6,https://api.spotify.com/v1/tracks/4C2i4NymWRem1LOVEqwWV6,https://api.spotify.com/v1/audio-analysis/4C2i4NymWRem1LOVEqwWV6,202027,4
0.66,0.8,8,-4.644,1,0.0992,0.106,0,0.154,0.476,125.966,audio_features,5eB7w8UZJKjL5XmnC6Pctg,spotify:track:5eB7w8UZJKjL5XmnC6Pctg,https://api.spotify.com/v1/tracks/5eB7w8UZJKjL5XmnC6Pctg,https://api.spotify.com/v1/audio-analysis/5eB7w8UZJKjL5XmnC6Pctg,200227,4
