danceability,energy,key,loudness,mode,speechiness,acousticness,instrumentalness,liveness,valence,tempo,type,id,uri,track_href,analysis_url,duration_ms,time_signature
0.345,0.957,3,-3.796,0,0.113,0.000516,1.1e-05,0.352,0.39,160.915,audio_features,6LhGzSZlIGxZpyIXXZn9ZV,spotify:track:6LhGzSZlIGxZpyIXXZn9ZV,https://api.spotify.com/v1/tracks/6LhGzSZlIGxZpyIXXZn9ZV,https://api.spotify.com/v1/audio-analysis/6LhGzSZlIGxZpyIXXZn9ZV,292360,4
0.559,0.989,1,-3.306,0,0.0651,5.47e-05,0,0.0938,0.332,114.001,audio_features,1IwzGX2T7wtTjTerPiO2qQ,spotify:track:1IwzGX2T7wtTjTerPiO2qQ,https://api.spotify.com/v1/tracks/1IwzGX2T7wtTjTerPiO2qQ,https://api.spotify.com/v1/audio-analysis/1IwzGX2T7wtTjTerPiO2qQ,219040,4
0.555,0.988,1,-3.74,0,0.102,0.000643,0.000182,0.0564,0.554,136.001,audio_features,7trZFY6J0ZfnZYUg3NIHot,spotify:track:7trZFY6J0ZfnZYUg3NIHot,https://api.spotify.com/v1/tracks/7trZFY6J0ZfnZYUg3NIHot,https://api.spotify.com/v1/audio-analysis/7trZFY6J0ZfnZYUg3NIHot,248853,4
0.655,0.792,2,-3.766,1,0.0257,0.00106,0,0.398,0.781,99.989,audio_features,3Fnf4J72Y1ImGILcAh1Z2s,spotify:track:3Fnf4J72Y1ImGILcAh1Z2s,https://api.spotify.com/v1/tracks/3Fnf4J72Y1ImGILcAh1Z2s,https://api.spotify.com/v1/audio-analysis/3Fnf4J72Y1ImGILcAh1Z2s,209187,4
0.398,0.961,6,-3.418,0,0.125,9.76e-05,7.8e-06,0.35,0.379,159.137,audio_features,4tOLvVb1rUCNKp1Sz1wCs2,spotify:track:4tOLvVb1rUCNKp1Sz1wCs2,https://api.spotify.com/v1/tracks/4tOLvVb1rUCNKp1Sz1wCs2,https://api.spotify.com/v1/audio-analysis/4tOLvVb1rUCNKp1Sz1wCs2,230920,4
0.482,0.975,2,-3.098,1,0.103,0.000278,2.69e-05,0.155,0.371,162.08,audio_features,6zUy2nnchfZpzaDalE6sO2,spotify:track:6zUy2nnchfZpzaDalE6sO2,https://api.spotify.com/v1/tracks/6zUy2nnchfZpzaDalE6sO2,https://api.spotify.com/v1/audio-analysis/6zUy2nnchfZpzaDalE6sO2,224307,4
0.505,0.987,3,-2.154,0,0.0673,0.000411,0,0.365,0.581,138.077,audio_features,48vr34351V9Sz1QVxmbYNf,spotify:track:48vr34351V9Sz1QVxmbYNf,https://api.spotify.com/v1/tracks/48vr34351V9Sz1QVxmbYNf,https://api.spotify.com/v1/audio-analysis/48vr34351V9Sz1QVxmbYNf,221960,4
0.531,0.933,1,-3.194,1,0.0462,0.00037,0.000814,0.0888,0.421,100.548,audio_features,0yq3IiS6IbPFmqLN46WxiG,spotify:track:0yq3IiS6IbPFmqLN46WxiG,https://api.spotify.com/v1/tracks/0yq3IiS6IbPFmqLN46WxiG,https://api.spotify.com/v1/audio-analysis/0yq3IiS6IbPFmqLN46WxiG,238307,4
0.559,0.923,1,-3.983,1,0.0416,0.000871,0,0.15,0.199,132.018,audio_features,3bkkbLyK4GIeg4wxIz4ajY,spotify:track:3bkkbLyK4GIeg4wxIz4ajY,https://api.spotify.com/v1/tracks/3bkkbLyK4GIeg4wxIz4ajY,https://api.spotify.com/v1/audio-analysis/3bkkbLyK4GIeg4wxIz4ajY,284667,4
