danceability,energy,key,loudness,mode,speechiness,acousticness,instrumentalness,liveness,valence,tempo,type,id,uri,track_href,analysis_url,duration_ms,time_signature
0.437,0.979,10,-4.267,1,0.148,0.00219,2.56e-05,0.501,0.279,89.96,audio_features,2tr3bmoQBQrLHUYxsg8LpF,spotify:track:2tr3bmoQBQrLHUYxsg8LpF,https://api.spotify.com/v1/tracks/2tr3bmoQBQrLHUYxsg8LpF,https://api.spotify.com/v1/audio-analysis/2tr3bmoQBQrLHUYxsg8LpF,176960,4
0.613,0.873,7,-6.376,0,0.0449,0.00397,0.00111,0.367,0.392,129.989,audio_features,7i9763l5SSfOnqZ35VOcfy,spotify:track:7i9763l5SSfOnqZ35VOcfy,https://api.spotify.com/v1/tracks/7i9763l5SSfOnqZ35VOcfy,https://api.spotify.com/v1/audio-analysis/7i9763l5SSfOnqZ35VOcfy,234813,4
0.734,0.637,4,-5.677,0,0.141,0.0462,2.29e-05,0.0602,0.648,169.977,audio_features,3CRDbSIZ4r5MsZ0YwxuEkn,spotify:track:3CRDbSIZ4r5MsZ0YwxuEkn,https://api.spotify.com/v1/tracks/3CRDbSIZ4r5MsZ0YwxuEkn,https://api.spotify.com/v1/audio-analysis/3CRDbSIZ4r5MsZ0YwxuEkn,202333,4
0.645,0.713,6,-5.355,1,0.0393,0.00835,0,0.113,0.566,74.989,audio_features,2Z8WuEywRWYTKe1NybPQEW,spotify:track:2Z8WuEywRWYTKe1NybPQEW,https://api.spotify.com/v1/tracks/2Z8WuEywRWYTKe1NybPQEW,https://api.spotify.com/v1/audio-analysis/2Z8WuEywRWYTKe1NybPQEW,214507,4
0.715,0.723,6,-5.993,0,0.0569,0.0396,8.57e-05,0.084,0.479,114.985,audio_features,1s9xuJxhYM0LdVqksjegcg,spotify:track:1s9xuJxhYM0LdVqksjegcg,https://api.spotify.com/v1/tracks/1s9xuJxhYM0LdVqksjegcg,https://api.spotify.com/v1/audio-analysis/1s9xuJxhYM0LdVqksjegcg,207160,4
0.655,0.632,2,-4.802,1,0.0489,0.0189,0,0.0722,0.447,120.113,audio_features,3bnVBN67NBEzedqQuWrpP4,spotify:track:3bnVBN67NBEzedqQuWrpP4,https://api.spotify.com/v1/tracks/3bnVBN67NBEzedqQuWrpP4,https://api.spotify.com/v1/audio-analysis/3bnVBN67NBEzedqQuWrpP4,188493,4
0.616,0.811,7,-4.804,1,0.0626,0.0573,1.57e-05,0.0566,0.913,159.929,audio_features,2P61EK6DMGyVyssLWS4fKy,spotify:track:2P61EK6DMGyVyssLWS4fKy,https://api.spotify.com/v1/tracks/2P61EK6DMGyVyssLWS4fKy,https://api.spotify.com/v1/audio-analysis/2P61EK6DMGyVyssLWS4fKy,253093,4
0.423,0.797,0,-4.659,1,0.124,0.177,0,0.137,0.592,82.617,audio_features,1lguQJjlNrIOoOylYVZN3M,spotify:track:1lguQJjlNrIOoOylYVZN3M,https://api.spotify.com/v1/tracks/1lguQJjlNrIOoOylYVZN3M,https://api.spotify.com/v1/audio-analysis/1lguQJjlNrIOoOylYVZN3M,297760,4
0.719,0.645,2,-6.141,0,0.0358,0.121,0.00316,0.362,0.69,123.02,audio_features,57yL3161hUMuw06zzzUCHi,spotify:track:57yL3161hUMuw06zzzUCHi,https://api.spotify.com/v1/tracks/57yL3161hUMuw06zzzUCHi,https://api.spotify.com/v1/audio-analysis/57yL3161hUMuw06zzzUCHi,191493,4
