danceability,energy,key,loudness,mode,speechiness,acousticness,instrumentalness,liveness,valence,tempo,type,id,uri,track_href,analysis_url,duration_ms,time_signature
0.679,0.77,5,-7.673,1,0.111,0.0417,0.0527,0.124,0.843,184.047,audio_features,0kPWjVyvas9lc4oXakOiBj,spotify:track:0kPWjVyvas9lc4oXakOiBj,https://api.spotify.com/v1/tracks/0kPWjVyvas9lc4oXakOiBj,https://api.spotify.com/v1/audio-analysis/0kPWjVyvas9lc4oXakOiBj,158133,4
0.795,0.701,10,-5.718,0,0.0689,0.0539,0,0.0932,0.472,130.952,audio_features,1Woix8PPwCsKjSxeNFcoax,spotify:track:1Woix8PPwCsKjSxeNFcoax,https://api.spotify.com/v1/tracks/1Woix8PPwCsKjSxeNFcoax,https://api.spotify.com/v1/audio-analysis/1Woix8PPwCsKjSxeNFcoax,187293,4
0.533,0.674,8,-6.067,1,0.0415,0.0348,0.000126,0.0962,0.517,157.966,audio_features,0LzrxtB3fPHsebbHLAP7q0,spotify:track:0LzrxtB3fPHsebbHLAP7q0,https://api.spotify.com/v1/tracks/0LzrxtB3fPHsebbHLAP7q0,https://api.spotify.com/v1/audio-analysis/0LzrxtB3fPHsebbHLAP7q0,206040,4
0.861,0.52,0,-6.3,1,0.0936,0.00138,0.389,0.112,0.278,104.982,audio_features,2llTcTRZqVqwbHa4v4k5Zs,spotify:track:2llTcTRZqVqwbHa4v4k5Zs,https://api.spotify.com/v1/tracks/2llTcTRZqVqwbHa4v4k5Zs,https://api.spotify.com/v1/audio-analysis/2llTcTRZqVqwbHa4v4k5Zs,153827,4
0.605,0.454,7,-8.134,1,0.0474,0.294,0.457,0.219,0.337,131.989,audio_features,5DME6hr4iMdVscRv2FrmGG,spotify:track:5DME6hr4iMdVscRv2FrmGG,https://api.spotify.com/v1/tracks/5DME6hr4iMdVscRv2FrmGG,https://api.spotify.com/v1/audio-analysis/5DME6hr4iMdVscRv2FrmGG,147800,4
0.62,0.92,3,-3.272,0,0.28,0.0109,0.871,0.282,0.962,170.136,audio_features,4V7V1GlWBGxW7joFGLMoTt,spotify:track:4V7V1GlWBGxW7joFGLMoTt,https://api.spotify.com/v1/tracks/4V7V1GlWBGxW7joFGLMoTt,https://api.spotify.com/v1/audio-analysis/4V7V1GlWBGxW7joFGLMoTt,180929,4
0.534,0.794,2,-5.775,1,0.0303,0.0838,0.62,0.0962,0.3,128.745,audio_features,2YYmmCXYecSSC0d7CPBTiE,spotify:track:2YYmmCXYecSSC0d7CPBTiE,https://api.spotify.com/v1/tracks/2YYmmCXYecSSC0d7CPBTiE,https://api.spotify.com/v1/audio-analysis/2YYmmCXYecSSC0d7CPBTiE,441947,4
0.477,0.0577,1,-11.965,1,0.0349,0.964,1.42e-06,0.154,0.466,102.558,audio_features,6Ge2Ob69SEZ2l78e3IE0Aw,spotify:track:6Ge2Ob69SEZ2l78e3IE0Aw,https://api.spotify.com/v1/tracks/6Ge2Ob69SEZ2l78e3IE0Aw,https://api.spotify.com/v1/audio-analysis/6Ge2Ob69SEZ2l78e3IE0Aw,120800,3
0.739,0.611,11,-9.829,1,0.0622,0.00557,0.725,0.04,0.794,98.004,audio_features,2cmRpmO04TLaKPzmAzySYZ,spotify:track:2cmRpmO04TLaKPzmAzySYZ,https://api.spotify.com/v1/tracks/2cmRpmO04TLaKPzmAzySYZ,https://api.spotify.com/v1/audio-analysis/2cmRpmO04TLaKPzmAzySYZ,536471,4
