danceability,energy,key,loudness,mode,speechiness,acousticness,instrumentalness,liveness,valence,tempo,type,id,uri,track_href,analysis_url,duration_ms,time_signature
0.569,0.83,9,-4.106,0,0.14,0.0807,0,0.114,0.609,170.094,audio_features,4bPQs0PHn4xbipzdPfn6du,spotify:track:4bPQs0PHn4xbipzdPfn6du,https://api.spotify.com/v1/tracks/4bPQs0PHn4xbipzdPfn6du,https://api.spotify.com/v1/audio-analysis/4bPQs0PHn4xbipzdPfn6du,186635,4
0.418,0.828,11,-4.132,0,0.0475,0.136,0,0.336,0.448,124.783,audio_features,4rstj4vgkFq49R2VV0fbxX,spotify:track:4rstj4vgkFq49R2VV0fbxX,https://api.spotify.com/v1/tracks/4rstj4vgkFq49R2VV0fbxX,https://api.spotify.com/v1/audio-analysis/4rstj4vgkFq49R2VV0fbxX,220720,4
0.488,0.935,2,-3.08,1,0.116,0.0818,0,0.256,0.448,164.971,audio_features,4urmOSZcGQVcGz3rpMzy3y,spotify:track:4urmOSZcGQVcGz3rpMzy3y,https://api.spotify.com/v1/tracks/4urmOSZcGQVcGz3rpMzy3y,https://api.spotify.com/v1/audio-analysis/4urmOSZcGQVcGz3rpMzy3y,206507,4
0.5,0.928,2,-2.377,1,0.213,0.00707,0,0.185,0.627,151.076,audio_features,1ZwSPWyE7Sw9iQHTIwPjSF,spotify:track:1ZwSPWyE7Sw9iQHTIwPjSF,https://api.spotify.com/v1/tracks/1ZwSPWyE7Sw9iQHTIwPjSF,https://api.spotify.com/v1/audio-analysis/1ZwSPWyE7Sw9iQHTIwPjSF,195947,4
0.383,0.861,4,-2.816,0,0.0777,0.0038,0,0.11,0.48,176.084,audio_features,0yhPEz5KxlDwckGJaMlZqM,spotify:track:0yhPEz5KxlDwckGJaMlZqM,https://api.spotify.com/v1/tracks/0yhPEz5KxlDwckGJaMlZqM,https://api.spotify.com/v1/audio-analysis/0yhPEz5KxlDwckGJaMlZqM,228360,4
0.624,0.953,4,-2.602,0,0.104,0.113,0.000128,0.657,0.729,149.992,audio_features,34Jeq8ktRzyOW1uw40InVy,spotify:track:34Jeq8ktRzyOW1uw40InVy,https://api.spotify.com/v1/tracks/34Jeq8ktRzyOW1uw40InVy,https://api.spotify.com/v1/audio-analysis/34Jeq8ktRzyOW1uw40InVy,211573,4
0.528,0.973,4,-2.764,0,0.102,0.00653,0.00118,0.356,0.502,135.965,audio_features,2d6mCgK3KOvAs81JQqPI4Y,spotify:track:2d6mCgK3KOvAs81JQqPI4Y,https://api.spotify.com/v1/tracks/2d6mCgK3KOvAs81JQqPI4Y,https://api.spotify.com/v1/audio-analysis/2d6mCgK3KOvAs81JQqPI4Y,226867,4
0.614,0.877,2,-3.601,1,0.0708,0.00172,2.95e-06,0.706,0.498,108.015,audio_features,6OZPl7bOm8EOshsVmWH5W8,spotify:track:6OZPl7bOm8EOshsVmWH5W8,https://api.spotify.com/v1/tracks/6OZPl7bOm8EOshsVmWH5W8,https://api.spotify.com/v1/audio-analysis/6OZPl7bOm8EOshsVmWH5W8,189387,4
0.562,0.964,4,-2.991,0,0.072,0.000539,1.57e-06,0.579,0.41,138.063,audio_features,53AuxddsgPSlqM619nJhSd,spotify:track:53AuxddsgPSlqM619nJhSd,https://api.spotify.com/v1/tracks/53AuxddsgPSlqM619nJhSd,https://api.spotify.com/v1/audio-analysis/53AuxddsgPSlqM619nJhSd,244960,4
