danceability,energy,key,loudness,mode,speechiness,acousticness,instrumentalness,liveness,valence,tempo,type,id,uri,track_href,analysis_url,duration_ms,time_signature
0.626,0.571,7,-7.461,0,0.0327,0.25,0,0.0946,0.164,129.959,audio_features,16w8ZGVSjI4TlTLV8VimBY,spotify:track:16w8ZGVSjI4TlTLV8VimBY,https://api.spotify.com/v1/tracks/16w8ZGVSjI4TlTLV8VimBY,https://api.spotify.com/v1/audio-analysis/16w8ZGVSjI4TlTLV8VimBY,277623,4
0.677,0.744,1,-4.512,0,0.0882,0.279,0,0.119,0.531,145.928,audio_features,4U38hORPx8SsUAXGumsUYN,spotify:track:4U38hORPx8SsUAXGumsUYN,https://api.spotify.com/v1/tracks/4U38hORPx8SsUAXGumsUYN,https://api.spotify.com/v1/audio-analysis/4U38hORPx8SsUAXGumsUYN,204785,4
0.586,0.83,0,-5.375,1,0.0416,0.00823,0.0028,0.348,0.486,120.017,audio_features,5Dg2h1wsm7ZijCo0yLmbvR,spotify:track:5Dg2h1wsm7ZijCo0yLmbvR,https://api.spotify.com/v1/tracks/5Dg2h1wsm7ZijCo0yLmbvR,https://api.spotify.com/v1/audio-analysis/5Dg2h1wsm7ZijCo0yLmbvR,223082,4
0.57,0.606,7,-8.085,1,0.129,0.0529,0.000727,0.134,0.212,95.038,audio_features,5dcYoYFAXh0f0qI05AoufB,spotify:track:5dcYoYFAXh0f0qI05AoufB,https://api.spotify.com/v1/tracks/5dcYoYFAXh0f0qI05AoufB,https://api.spotify.com/v1/audio-analysis/5dcYoYFAXh0f0qI05AoufB,153657,4
0.731,0.58,10,-7.328,0,0.0399,0.223,0,0.129,0.319,119.997,audio_features,2IO7yf562c1zLzpanal1DT,spotify:track:2IO7yf562c1zLzpanal1DT,https://api.spotify.com/v1/tracks/2IO7yf562c1zLzpanal1DT,https://api.spotify.com/v1/audio-analysis/2IO7yf562c1zLzpanal1DT,199593,4
0.549,0.675,4,-5.637,0,0.0332,0.399,0,0.181,0.206,119.898,audio_features,3SKzTIl9mW0DadTys9SFo3,spotify:track:3SKzTIl9mW0DadTys9SFo3,https://api.spotify.com/v1/tracks/3SKzTIl9mW0DadTys9SFo3,https://api.spotify.com/v1/audio-analysis/3SKzTIl9mW0DadTys9SFo3,214762,4
0.686,0.691,5,-4.616,0,0.0371,0.257,0,0.145,0.477,95.046,audio_features,052vSBPxqdmYRDlkSPiavc,spotify:track:052vSBPxqdmYRDlkSPiavc,https://api.spotify.com/v1/tracks/052vSBPxqdmYRDlkSPiavc,https://api.spotify.com/v1/audio-analysis/052vSBPxqdmYRDlkSPiavc,239080,4
0.725,0.708,5,-5.331,0,0.0756,0.22,0,0.777,0.555,130.029,audio_features,6wNeKPXF0RDKyvfKfri5hf,spotify:track:6wNeKPXF0RDKyvfKfri5hf,https://api.spotify.com/v1/tracks/6wNeKPXF0RDKyvfKfri5hf,https://api.spotify.com/v1/audio-analysis/6wNeKPXF0RDKyvfKfri5hf,231853,4
0.715,0.651,5,-9.241,1,0.12,0.486,0,0.228,0.733,134.914,audio_features,2e4jB31WcGsxKL1ByqdZCq,spotify:track:2e4jB31WcGsxKL1ByqdZCq,https://api.spotify.com/v1/tracks/2e4jB31WcGsxKL1ByqdZCq,https://api.spotify.com/v1/audio-analysis/2e4jB31WcGsxKL1ByqdZCq,195067,4
