danceability,energy,key,loudness,mode,speechiness,acousticness,instrumentalness,liveness,valence,tempo,type,id,uri,track_href,analysis_url,duration_ms,time_signature
0.293,0.932,3,-2.559,0,0.11,0.000141,0.000667,0.0648,0.514,122.739,audio_features,5TNX6rJ91T8PdEt94X50Y9,spotify:track:5TNX6rJ91T8PdEt94X50Y9,https://api.spotify.com/v1/tracks/5TNX6rJ91T8PdEt94X50Y9,https://api.spotify.com/v1/audio-analysis/5TNX6rJ91T8PdEt94X50Y9,221840,4
0.412,0.975,2,-3.51,1,0.0841,5.81e-05,6.72e-05,0.101,0.335,156.061,audio_features,2ag0hixCwLjj9Gi5Z44hbO,spotify:track:2ag0hixCwLjj9Gi5Z44hbO,https://api.spotify.com/v1/tracks/2ag0hixCwLjj9Gi5Z44hbO,https://api.spotify.com/v1/audio-analysis/2ag0hixCwLjj9Gi5Z44hbO,218560,3
0.46,0.91,3,-3.71,1,0.0525,0.000585,0.00155,0.0735,0.327,73.019,audio_features,5u2FOoFhp495GIj5BJC77J,spotify:track:5u2FOoFhp495GIj5BJC77J,https://api.spotify.com/v1/tracks/5u2FOoFhp495GIj5BJC77J,https://api.spotify.com/v1/audio-analysis/5u2FOoFhp495GIj5BJC77J,278587,4
0.438,0.95,6,-4.209,0,0.0869,0.0029,0,0.33,0.408,150.023,audio_features,5OhLBEgXp9TPGlnFw5pXeK,spotify:track:5OhLBEgXp9TPGlnFw5pXeK,https://api.spotify.com/v1/tracks/5OhLBEgXp9TPGlnFw5pXeK,https://api.spotify.com/v1/audio-analysis/5OhLBEgXp9TPGlnFw5pXeK,262800,4
0.261,0.258,4,-12.301,0,0.0291,0.601,0.0642,0.29,0.402,105.343,audio_features,1ebh1wrBHO5JIRS4i95vR0,spotify:track:1ebh1wrBHO5JIRS4i95vR0,https://api.spotify.com/v1/tracks/1ebh1wrBHO5JIRS4i95vR0,https://api.spotify.com/v1/audio-analysis/1ebh1wrBHO5JIRS4i95vR0,64720,4
0.473,0.976,4,-4.498,0,0.13,0.00247,0.00329,0.649,0.0618,105.043,audio_features,635K4hTo5J8d7q8qhfcTMH,spotify:track:635K4hTo5J8d7q8qhfcTMH,https://api.spotify.com/v1/tracks/635K4hTo5J8d7q8qhfcTMH,https://api.spotify.com/v1/audio-analysis/635K4hTo5J8d7q8qhfcTMH,307787,4
0.531,0.984,3,-3.767,0,0.0652,0.0017,1.13e-05,0.361,0.386,107.036,audio_features,2G8PweZBBwTpyP8vpNQJK2,spotify:track:2G8PweZBBwTpyP8vpNQJK2,https://api.spotify.com/v1/tracks/2G8PweZBBwTpyP8vpNQJK2,https://api.spotify.com/v1/audio-analysis/2G8PweZBBwTpyP8vpNQJK2,268480,4
0.537,0.953,6,-2.957,0,0.0422,0.00626,0,0.132,0.4,93.006,audio_features,2Z7Q9xBlQvzsJ0AAUyKr7J,spotify:track:2Z7Q9xBlQvzsJ0AAUyKr7J,https://api.spotify.com/v1/tracks/2Z7Q9xBlQvzsJ0AAUyKr7J,https://api.spotify.com/v1/audio-analysis/2Z7Q9xBlQvzsJ0AAUyKr7J,241667,4
0.44,0.843,0,-5.019,0,0.0687,0.0438,0,0.0565,0.237,155.087,audio_features,0LRrtw1MFASb7tgyHqVXnh,spotify:track:0LRrtw1MFASb7tgyHqVXnh,https://api.spotify.com/v1/tracks/0LRrtw1MFASb7tgyHqVXnh,https://api.spotify.com/v1/audio-analysis/0LRrtw1MFASb7tgyHqVXnh,239573,3
