danceability,energy,key,loudness,mode,speechiness,acousticness,instrumentalness,liveness,valence,tempo,type,id,uri,track_href,analysis_url,duration_ms,time_signature
0.61,0.475,1,-7.199,1,0.0279,0.13,0,0.0802,0.437,123.018,audio_features,6JpHf4oiOXpi0jvuz0pb7i,spotify:track:6JpHf4oiOXpi0jvuz0pb7i,https://api.spotify.com/v1/tracks/6JpHf4oiOXpi0jvuz0pb7i,https://api.spotify.com/v1/audio-analysis/6JpHf4oiOXpi0jvuz0pb7i,220598,4
0.64,0.458,5,-6.315,1,0.0272,0.211,0,0.107,0.494,130.046,audio_features,1XkW4LNh0ss8QIy40EsHMY,spotify:track:1XkW4LNh0ss8QIy40EsHMY,https://api.spotify.com/v1/tracks/1XkW4LNh0ss8QIy40EsHMY,https://api.spotify.com/v1/audio-analysis/1XkW4LNh0ss8QIy40EsHMY,194811,4
0.512,0.965,6,-3.7,1,0.0456,6.58e-05,3.06e-05,0.191,0.483,140.07,audio_features,0WKIGF4Bm3YdjIq4n0ID9x,spotify:track:0WKIGF4Bm3YdjIq4n0ID9x,https://api.spotify.com/v1/tracks/0WKIGF4Bm3YdjIq4n0ID9x,https://api.spotify.com/v1/audio-analysis/0WKIGF4Bm3YdjIq4n0ID9x,201076,4
0.424,0.981,7,-3.539,1,0.0717,0.000117,0,0.312,0.568,175.044,audio_features,6i98XCbnmBVUPqKApjeT9p,spotify:track:6i98XCbnmBVUPqKApjeT9p,https://api.spotify.com/v1/tracks/6i98XCbnmBVUPqKApjeT9p,https://api.spotify.com/v1/audio-analysis/6i98XCbnmBVUPqKApjeT9p,199406,4
0.572,0.983,8,-2.848,1,0.0828,0.000161,4.94e-06,0.312,0.552,127.968,audio_features,4o030RTUiWEbE1x3IIMbKh,spotify:track:4o030RTUiWEbE1x3IIMbKh,https://api.spotify.com/v1/tracks/4o030RTUiWEbE1x3IIMbKh,https://api.spotify.com/v1/audio-analysis/4o030RTUiWEbE1x3IIMbKh,225293,4
0.406,0.979,4,-3.159,1,0.212,0.000131,2.6e-06,0.0743,0.334,190.099,audio_features,4rErBOyj2FS9EVzZZGGZtW,spotify:track:4rErBOyj2FS9EVzZZGGZtW,https://api.spotify.com/v1/tracks/4rErBOyj2FS9EVzZZGGZtW,https://api.spotify.com/v1/audio-analysis/4rErBOyj2FS9EVzZZGGZtW,169046,4
0.363,0.952,11,-4.153,1,0.0664,7.57e-05,0,0.0887,0.46,166.727,audio_features,4bKE8zuzZg8e3fNdpK7QY9,spotify:track:4bKE8zuzZg8e3fNdpK7QY9,https://api.spotify.com/v1/tracks/4bKE8zuzZg8e3fNdpK7QY9,https://api.spotify.com/v1/audio-analysis/4bKE8zuzZg8e3fNdpK7QY9,188992,4
0.515,0.949,1,-2.802,0,0.093,0.00609,0,0.0561,0.572,183.988,audio_features,655ooO5eAEicphEHAhZTS1,spotify:track:655ooO5eAEicphEHAhZTS1,https://api.spotify.com/v1/tracks/655ooO5eAEicphEHAhZTS1,https://api.spotify.com/v1/audio-analysis/655ooO5eAEicphEHAhZTS1,180600,4
0.521,0.924,11,-3.908,0,0.0527,0.0052,1.38e-06,0.339,0.673,139.043,audio_features,7j7r8g91pMGpIqzSR7mcWt,spotify:track:7j7r8g91pMGpIqzSR7mcWt,https://api.spotify.com/v1/tracks/7j7r8g91pMGpIqzSR7mcWt,https://api.spotify.com/v1/audio-analysis/7j7r8g91pMGpIqzSR7mcWt,209933,4
