danceability,energy,key,loudness,mode,speechiness,acousticness,instrumentalness,liveness,valence,tempo,type,id,uri,track_href,analysis_url,duration_ms,time_signature
0.459,0.891,10,-5.057,0,0.0623,0.00511,0,0.106,0.588,154.837,audio_features,18GC3F8YPGB8CePXcTUizQ,spotify:track:18GC3F8YPGB8CePXcTUizQ,https://api.spotify.com/v1/tracks/18GC3F8YPGB8CePXcTUizQ,https://api.spotify.com/v1/audio-analysis/18GC3F8YPGB8CePXcTUizQ,203507,4
0.435,0.887,9,-4.07,1,0.0636,0.000747,0,0.0327,0.408,199.935,audio_features,2GD8Ia7rtJzfgTIy20TaRI,spotify:track:2GD8Ia7rtJzfgTIy20TaRI,https://api.spotify.com/v1/tracks/2GD8Ia7rtJzfgTIy20TaRI,https://api.spotify.com/v1/audio-analysis/2GD8Ia7rtJzfgTIy20TaRI,212040,4
0.459,0.891,10,-5.057,0,0.0623,0.00511,0,0.106,0.588,154.837,audio_features,18GC3F8YPGB8CePXcTUizQ,spotify:track:18GC3F8YPGB8CePXcTUizQ,https://api.spotify.com/v1/tracks/18GC3F8YPGB8CePXcTUizQ,https://api.spotify.com/v1/audio-analysis/18GC3F8YPGB8CePXcTUizQ,203507,4
0.622,0.961,11,-3.198,0,0.154,0.00523,0,0.0854,0.449,114.452,audio_features,0a7BloCiNzLDD9qSQHh5m7,spotify:track:0a7BloCiNzLDD9qSQHh5m7,https://api.spotify.com/v1/tracks/0a7BloCiNzLDD9qSQHh5m7,https://api.spotify.com/v1/audio-analysis/0a7BloCiNzLDD9qSQHh5m7,180267,4
0.494,0.842,7,-4.784,1,0.0843,0.00579,0,0.122,0.574,162.011,audio_features,2TfSHkHiFO4gRztVIkggkE,spotify:track:2TfSHkHiFO4gRztVIkggkE,https://api.spotify.com/v1/tracks/2TfSHkHiFO4gRztVIkggkE,https://api.spotify.com/v1/audio-analysis/2TfSHkHiFO4gRztVIkggkE,229093,4
0.549,0.675,4,-5.637,0,0.0332,0.399,0,0.181,0.206,119.898,audio_features,3SKzTIl9mW0DadTys9SFo3,spotify:track:3SKzTIl9mW0DadTys9SFo3,https://api.spotify.com/v1/tracks/3SKzTIl9mW0DadTys9SFo3,https://api.spotify.com/v1/audio-analysis/3SKzTIl9mW0DadTys9SFo3,214762,4
0.496,0.913,4,-3.286,1,0.0448,0.0101,0,0.118,0.675,165.981,audio_features,6OPoF9qiuV2dNfJ44w3X4M,spotify:track:6OPoF9qiuV2dNfJ44w3X4M,https://api.spotify.com/v1/tracks/6OPoF9qiuV2dNfJ44w3X4M,https://api.spotify.com/v1/audio-analysis/6OPoF9qiuV2dNfJ44w3X4M,189418,4
0.519,0.981,1,-3.473,0,0.0726,0.00136,0.000155,0.0903,0.773,130.039,audio_features,15IYFI3Mm58gOH7dLmKI3w,spotify:track:15IYFI3Mm58gOH7dLmKI3w,https://api.spotify.com/v1/tracks/15IYFI3Mm58gOH7dLmKI3w,https://api.spotify.com/v1/audio-analysis/15IYFI3Mm58gOH7dLmKI3w,216689,4
0.56,0.731,2,-6.121,1,0.0281,0.0475,0,0.282,0.401,99.981,audio_features,0c2yZp1tTYAUiKraMdS8Yg,spotify:track:0c2yZp1tTYAUiKraMdS8Yg,https://api.spotify.com/v1/tracks/0c2yZp1tTYAUiKraMdS8Yg,https://api.spotify.com/v1/audio-analysis/0c2yZp1tTYAUiKraMdS8Yg,244824,4
