danceability,energy,key,loudness,mode,speechiness,acousticness,instrumentalness,liveness,valence,tempo,type,id,uri,track_href,analysis_url,duration_ms,time_signature
0.74,0.959,9,-3.692,1,0.193,0.0629,0,0.0444,0.878,150.007,audio_features,5VYbLzAplnqPaGNpcf8qhZ,spotify:track:5VYbLzAplnqPaGNpcf8qhZ,https://api.spotify.com/v1/tracks/5VYbLzAplnqPaGNpcf8qhZ,https://api.spotify.com/v1/audio-analysis/5VYbLzAplnqPaGNpcf8qhZ,164213,4
0.451,0.951,1,-3.754,1,0.0645,0.00038,2.39e-06,0.261,0.442,162.065,audio_features,3agtg0x11wPvLIWkYR39nZ,spotify:track:3agtg0x11wPvLIWkYR39nZ,https://api.spotify.com/v1/tracks/3agtg0x11wPvLIWkYR39nZ,https://api.spotify.com/v1/audio-analysis/3agtg0x11wPvLIWkYR39nZ,213933,4
0.579,0.849,4,-5.218,0,0.0303,0.108,0,0.0909,0.581,100.021,audio_features,6n8TMVyFKoUmDc4apxceRD,spotify:track:6n8TMVyFKoUmDc4apxceRD,https://api.spotify.com/v1/tracks/6n8TMVyFKoUmDc4apxceRD,https://api.spotify.com/v1/audio-analysis/6n8TMVyFKoUmDc4apxceRD,196907,4
0.466,0.965,1,-2.597,0,0.0904,0.042,0,0.101,0.453,95.028,audio_features,60IkVf7UfQXmt5CwkpcX8a,spotify:track:60IkVf7UfQXmt5CwkpcX8a,https://api.spotify.com/v1/tracks/60IkVf7UfQXmt5CwkpcX8a,https://api.spotify.com/v1/audio-analysis/60IkVf7UfQXmt5CwkpcX8a,173933,3
0.518,0.951,9,-3.198,1,0.0529,0.00919,0,0.148,0.537,98.068,audio_features,3yE7LC2ZyNWsLRSXHb0J06,spotify:track:3yE7LC2ZyNWsLRSXHb0J06,https://api.spotify.com/v1/tracks/3yE7LC2ZyNWsLRSXHb0J06,https://api.spotify.com/v1/audio-analysis/3yE7LC2ZyNWsLRSXHb0J06,197507,4
0.512,0.97,8,-3.886,0,0.212,0.03,0,0.0994,0.427,94.952,audio_features,5egqKwgK5r5rvGD1LrtR7J,spotify:track:5egqKwgK5r5rvGD1LrtR7J,https://api.spotify.com/v1/tracks/5egqKwgK5r5rvGD1LrtR7J,https://api.spotify.com/v1/audio-analysis/5egqKwgK5r5rvGD1LrtR7J,200240,4
0.603,0.908,11,-5.254,1,0.184,0.0144,0,0.671,0.457,133.063,audio_features,5rAxhWcgFng3s570sGO2F8,spotify:track:5rAxhWcgFng3s570sGO2F8,https://api.spotify.com/v1/tracks/5rAxhWcgFng3s570sGO2F8,https://api.spotify.com/v1/audio-analysis/5rAxhWcgFng3s570sGO2F8,184640,4
0.58,0.702,4,-5.565,1,0.0337,0.0466,3.2e-06,0.536,0.299,105.076,audio_features,57BrRMwf9LrcmuOsyGilwr,spotify:track:57BrRMwf9LrcmuOsyGilwr,https://api.spotify.com/v1/tracks/57BrRMwf9LrcmuOsyGilwr,https://api.spotify.com/v1/audio-analysis/57BrRMwf9LrcmuOsyGilwr,208960,4
0.615,0.947,8,-3.817,0,0.11,0.0132,0,0.366,0.498,108.193,audio_features,7kxM3UJwN6rHAW5kwdlAHK,spotify:track:7kxM3UJwN6rHAW5kwdlAHK,https://api.spotify.com/v1/tracks/7kxM3UJwN6rHAW5kwdlAHK,https://api.spotify.com/v1/audio-analysis/7kxM3UJwN6rHAW5kwdlAHK,194427,4
