danceability,energy,key,loudness,mode,speechiness,acousticness,instrumentalness,liveness,valence,tempo,type,id,uri,track_href,analysis_url,duration_ms,time_signature
0.533,0.943,5,-5.151,0,0.118,0.00362,7.86e-06,0.036,0.496,74.997,audio_features,3AjJ6NuoGX8XROGG0MDA6Y,spotify:track:3AjJ6NuoGX8XROGG0MDA6Y,https://api.spotify.com/v1/tracks/3AjJ6NuoGX8XROGG0MDA6Y,https://api.spotify.com/v1/audio-analysis/3AjJ6NuoGX8XROGG0MDA6Y,213053,4
0.438,0.984,8,-5.012,1,0.143,2.97e-05,0.0758,0.0572,0.32,129.921,audio_features,4ulBe5C4Dlz9M1fEAGz0z5,spotify:track:4ulBe5C4Dlz9M1fEAGz0z5,https://api.spotify.com/v1/tracks/4ulBe5C4Dlz9M1fEAGz0z5,https://api.spotify.com/v1/audio-analysis/4ulBe5C4Dlz9M1fEAGz0z5,243933,4
0.453,0.965,8,-3.388,1,0.141,0.000857,0.00275,0.0741,0.743,188.155,audio_features,0h5D9uxuZRAfq6qMMX34vN,spotify:track:0h5D9uxuZRAfq6qMMX34vN,https://api.spotify.com/v1/tracks/0h5D9uxuZRAfq6qMMX34vN,https://api.spotify.com/v1/audio-analysis/0h5D9uxuZRAfq6qMMX34vN,215307,4
0.404,0.857,8,-4.937,1,0.0369,0.00195,0.00235,0.0645,0.529,89.767,audio_features,5Uk1Q0aa8xZgnhQgNDfyo6,spotify:track:5Uk1Q0aa8xZgnhQgNDfyo6,https://api.spotify.com/v1/tracks/5Uk1Q0aa8xZgnhQgNDfyo6,https://api.spotify.com/v1/audio-analysis/5Uk1Q0aa8xZgnhQgNDfyo6,171640,4
0.4,0.991,8,-2.043,1,0.152,4.29e-05,6.6e-06,0.28,0.45,129.519,audio_features,0GBiT1wHV68bU0Cv8ZU2HZ,spotify:track:0GBiT1wHV68bU0Cv8ZU2HZ,https://api.spotify.com/v1/tracks/0GBiT1wHV68bU0Cv8ZU2HZ,https://api.spotify.com/v1/audio-analysis/0GBiT1wHV68bU0Cv8ZU2HZ,159253,4
0.419,0.673,5,-6.577,0,0.0391,0.00295,0,0.0943,0.17,103.017,audio_features,22TsEcjgI6XfLUj5OrCLkw,spotify:track:22TsEcjgI6XfLUj5OrCLkw,https://api.spotify.com/v1/tracks/22TsEcjgI6XfLUj5OrCLkw,https://api.spotify.com/v1/audio-analysis/22TsEcjgI6XfLUj5OrCLkw,264947,4
0.536,0.968,6,-2.373,0,0.0891,0.000831,3.05e-05,0.092,0.57,86.036,audio_features,07BuyVse8pYAWd9DXD7B2D,spotify:track:07BuyVse8pYAWd9DXD7B2D,https://api.spotify.com/v1/tracks/07BuyVse8pYAWd9DXD7B2D,https://api.spotify.com/v1/audio-analysis/07BuyVse8pYAWd9DXD7B2D,235240,4
0.322,0.28,6,-9.367,0,0.0281,0.468,1.1e-06,0.102,0.175,85.794,audio_features,0eZBeB2xFIS65jQHerispi,spotify:track:0eZBeB2xFIS65jQHerispi,https://api.spotify.com/v1/tracks/0eZBeB2xFIS65jQHerispi,https://api.spotify.com/v1/audio-analysis/0eZBeB2xFIS65jQHerispi,248467,4
0.695,0.876,3,-4.262,0,0.0553,0.000996,6.89e-06,0.106,0.941,89.954,audio_features,40rvBMQizxkIqnjPdEWY1v,spotify:track:40rvBMQizxkIqnjPdEWY1v,https://api.spotify.com/v1/tracks/40rvBMQizxkIqnjPdEWY1v,https://api.spotify.com/v1/audio-analysis/40rvBMQizxkIqnjPdEWY1v,279213,4
