danceability,energy,key,loudness,mode,speechiness,acousticness,instrumentalness,liveness,valence,tempo,type,id,uri,track_href,analysis_url,duration_ms,time_signature
0.542,0.932,4,-4.896,1,0.05,0.0747,0,0.613,0.698,140.135,audio_features,3qmvK8QARSPkFTuKeIXSbs,spotify:track:3qmvK8QARSPkFTuKeIXSbs,https://api.spotify.com/v1/tracks/3qmvK8QARSPkFTuKeIXSbs,https://api.spotify.com/v1/audio-analysis/3qmvK8QARSPkFTuKeIXSbs,164760,4
0.461,0.958,4,-3.852,0,0.124,0.000203,9.33e-06,0.459,0.264,159.974,audio_features,5Rcs3fREgibWujLUlUb8KA,spotify:track:5Rcs3fREgibWujLUlUb8KA,https://api.spotify.com/v1/tracks/5Rcs3fREgibWujLUlUb8KA,https://api.spotify.com/v1/audio-analysis/5Rcs3fREgibWujLUlUb8KA,213653,4
0.466,0.852,3,-4.487,1,0.0585,0.00774,2.6e-06,0.0989,0.428,164.032,audio_features,3aYBjxTMvrEOP0A0UXg9ER,spotify:track:3aYBjxTMvrEOP0A0UXg9ER,https://api.spotify.com/v1/tracks/3aYBjxTMvrEOP0A0UXg9ER,https://api.spotify.com/v1/audio-analysis/3aYBjxTMvrEOP0A0UXg9ER,217613,4
0.554,0.978,4,-3.554,1,0.131,0.111,0,0.0731,0.594,135.095,audio_features,4Yf5bqU3NK4kNOypcrLYwU,spotify:track:4Yf5bqU3NK4kNOypcrLYwU,https://api.spotify.com/v1/tracks/4Yf5bqU3NK4kNOypcrLYwU,https://api.spotify.com/v1/audio-analysis/4Yf5bqU3NK4kNOypcrLYwU,162600,4
0.496,0.863,9,-4.153,1,0.0381,0.0046,0,0.639,0.243,110.018,audio_features,2nLtzopw4rPReszdYBJU6h,spotify:track:2nLtzopw4rPReszdYBJU6h,https://api.spotify.com/v1/tracks/2nLtzopw4rPReszdYBJU6h,https://api.spotify.com/v1/audio-analysis/2nLtzopw4rPReszdYBJU6h,185587,4
0.371,0.991,0,-3.237,1,0.254,0.00748,0.651,0.929,0.0757,142.309,audio_features,3h5gMWp1KJQkLBgCtG5EgH,spotify:track:3h5gMWp1KJQkLBgCtG5EgH,https://api.spotify.com/v1/tracks/3h5gMWp1KJQkLBgCtG5EgH,https://api.spotify.com/v1/audio-analysis/3h5gMWp1KJQkLBgCtG5EgH,131160,4
0.395,0.976,7,-4.553,1,0.137,0.00735,0.000222,0.379,0.334,184.011,audio_features,2cZXlLwkRmDww37tbEygXl,spotify:track:2cZXlLwkRmDww37tbEygXl,https://api.spotify.com/v1/tracks/2cZXlLwkRmDww37tbEygXl,https://api.spotify.com/v1/audio-analysis/2cZXlLwkRmDww37tbEygXl,218547,4
0.44,0.993,2,-3.481,0,0.184,0.0104,0,0.964,0.614,169.77,audio_features,3S8MFB68isPbRVgaU0MaIW,spotify:track:3S8MFB68isPbRVgaU0MaIW,https://api.spotify.com/v1/tracks/3S8MFB68isPbRVgaU0MaIW,https://api.spotify.com/v1/audio-analysis/3S8MFB68isPbRVgaU0MaIW,195893,4
0.615,0.911,1,-3.584,0,0.0278,0.0686,0.00188,0.0908,0.685,108.0,audio_features,1r1fPuhj9H4VdXr7OK6FL5,spotify:track:1r1fPuhj9H4VdXr7OK6FL5,https://api.spotify.com/v1/tracks/1r1fPuhj9H4VdXr7OK6FL5,https://api.spotify.com/v1/audio-analysis/1r1fPuhj9H4VdXr7OK6FL5,205400,4
