danceability,energy,key,loudness,mode,speechiness,acousticness,instrumentalness,liveness,valence,tempo,type,id,uri,track_href,analysis_url,duration_ms,time_signature
0.49,0.774,0,-5.436,0,0.0604,0.00305,8.16e-05,0.12,0.297,153.048,audio_features,4BJyt25nburVwbnESDeIc7,spotify:track:4BJyt25nburVwbnESDeIc7,https://api.spotify.com/v1/tracks/4BJyt25nburVwbnESDeIc7,https://api.spotify.com/v1/audio-analysis/4BJyt25nburVwbnESDeIc7,273440,4
0.425,0.882,8,-3.71,1,0.0918,0.000673,0,0.28,0.399,144.117,audio_features,5tYqrn7cItYhDGDLHt8XuH,spotify:track:5tYqrn7cItYhDGDLHt8XuH,https://api.spotify.com/v1/tracks/5tYqrn7cItYhDGDLHt8XuH,https://api.spotify.com/v1/audio-analysis/5tYqrn7cItYhDGDLHt8XuH,190920,4
0.378,0.847,11,-4.858,0,0.0514,0.0107,3.67e-05,0.205,0.49,175.104,audio_features,07EeNeSCYJajyJW5U7Q3Wd,spotify:track:07EeNeSCYJajyJW5U7Q3Wd,https://api.spotify.com/v1/tracks/07EeNeSCYJajyJW5U7Q3Wd,https://api.spotify.com/v1/audio-analysis/07EeNeSCYJajyJW5U7Q3Wd,214947,4
0.567,0.922,1,-3.896,1,0.21,0.00742,0,0.107,0.635,85.968,audio_features,6u6owcenv7xtuLRLc2rkYs,spotify:track:6u6owcenv7xtuLRLc2rkYs,https://api.spotify.com/v1/tracks/6u6owcenv7xtuLRLc2rkYs,https://api.spotify.com/v1/audio-analysis/6u6owcenv7xtuLRLc2rkYs,244440,4
0.298,0.927,10,-4.396,0,0.0995,0.00021,0,0.296,0.389,133.997,audio_features,2SnPuxrfkfwmdIZBidB9gT,spotify:track:2SnPuxrfkfwmdIZBidB9gT,https://api.spotify.com/v1/tracks/2SnPuxrfkfwmdIZBidB9gT,https://api.spotify.com/v1/audio-analysis/2SnPuxrfkfwmdIZBidB9gT,252800,4
0.196,0.85,6,-3.644,1,0.0531,0.00034,1.03e-06,0.0799,0.4,156.725,audio_features,6BWrIaoodtt7EX6kToWZw0,spotify:track:6BWrIaoodtt7EX6kToWZw0,https://api.spotify.com/v1/tracks/6BWrIaoodtt7EX6kToWZw0,https://api.spotify.com/v1/audio-analysis/6BWrIaoodtt7EX6kToWZw0,257693,4
0.513,0.986,2,-4.02,1,0.0817,6.64e-05,0,0.134,0.285,138.025,audio_features,4JwOnrVxfWmog3fSqkZZAs,spotify:track:4JwOnrVxfWmog3fSqkZZAs,https://api.spotify.com/v1/tracks/4JwOnrVxfWmog3fSqkZZAs,https://api.spotify.com/v1/audio-analysis/4JwOnrVxfWmog3fSqkZZAs,225693,4
0.533,0.955,8,-3.708,1,0.0653,0.000165,1.36e-05,0.38,0.55,107.984,audio_features,2yXyz4NLTZx9CLdXfLTp5E,spotify:track:2yXyz4NLTZx9CLdXfLTp5E,https://api.spotify.com/v1/tracks/2yXyz4NLTZx9CLdXfLTp5E,https://api.spotify.com/v1/audio-analysis/2yXyz4NLTZx9CLdXfLTp5E,216733,4
0.517,0.887,10,-7.637,0,0.0732,0.000244,0.00258,0.151,0.531,166.008,audio_features,0ncHMpFGT96pis5pi4iJDm,spotify:track:0ncHMpFGT96pis5pi4iJDm,https://api.spotify.com/v1/tracks/0ncHMpFGT96pis5pi4iJDm,https://api.spotify.com/v1/audio-analysis/0ncHMpFGT96pis5pi4iJDm,321162,4
