danceability,energy,key,loudness,mode,speechiness,acousticness,instrumentalness,liveness,valence,tempo,type,id,uri,track_href,analysis_url,duration_ms,time_signature
0.421,0.892,7,-4.235,1,0.0564,3.33e-05,0.00331,0.141,0.398,95.866,audio_features,1244xKUG27TnmQhUJlo3gU,spotify:track:1244xKUG27TnmQhUJlo3gU,https://api.spotify.com/v1/tracks/1244xKUG27TnmQhUJlo3gU,https://api.spotify.com/v1/audio-analysis/1244xKUG27TnmQhUJlo3gU,359520,4
0.546,0.847,6,-3.502,1,0.0514,0.00518,0,0.0681,0.349,129.987,audio_features,5iIWTJMWOFl3wCLUiUXxOW,spotify:track:5iIWTJMWOFl3wCLUiUXxOW,https://api.spotify.com/v1/tracks/5iIWTJMWOFl3wCLUiUXxOW,https://api.spotify.com/v1/audio-analysis/5iIWTJMWOFl3wCLUiUXxOW,219533,4
0.478,0.988,11,-3.239,0,0.0882,3.38e-05,0.00541,0.391,0.263,124.029,audio_features,3iQut8a4z2G9jLd7eM3Igp,spotify:track:3iQut8a4z2G9jLd7eM3Igp,https://api.spotify.com/v1/tracks/3iQut8a4z2G9jLd7eM3Igp,https://api.spotify.com/v1/audio-analysis/3iQut8a4z2G9jLd7eM3Igp,263587,4
0.671,0.537,8,-8.745,1,0.0358,0.0508,0.0259,0.19,0.273,104.007,audio_features,2iIb73Qn02LsZwpW8RJUxh,spotify:track:2iIb73Qn02LsZwpW8RJUxh,https://api.spotify.com/v1/tracks/2iIb73Qn02LsZwpW8RJUxh,https://api.spotify.com/v1/audio-analysis/2iIb73Qn02LsZwpW8RJUxh,201800,4
0.237,0.958,7,-4.718,1,0.188,0.000248,0.00208,0.0713,0.374,183.605,audio_features,5vC8HUKG1ZOYoEnSjto0LC,spotify:track:5vC8HUKG1ZOYoEnSjto0LC,https://api.spotify.com/v1/tracks/5vC8HUKG1ZOYoEnSjto0LC,https://api.spotify.com/v1/audio-analysis/5vC8HUKG1ZOYoEnSjto0LC,259133,4
0.545,0.882,5,-4.864,1,0.119,0.000169,0.0368,0.332,0.595,122.259,audio_features,6PHn6aXuM2FkzonGWJxY28,spotify:track:6PHn6aXuM2FkzonGWJxY28,https://api.spotify.com/v1/tracks/6PHn6aXuM2FkzonGWJxY28,https://api.spotify.com/v1/audio-analysis/6PHn6aXuM2FkzonGWJxY28,206200,4
0.505,0.964,7,-3.673,1,0.0718,9.97e-05,2.85e-06,0.113,0.571,138.021,audio_features,6WaYiQUPel70HUaCZj5eND,spotify:track:6WaYiQUPel70HUaCZj5eND,https://api.spotify.com/v1/tracks/6WaYiQUPel70HUaCZj5eND,https://api.spotify.com/v1/audio-analysis/6WaYiQUPel70HUaCZj5eND,229773,4
0.48,0.955,9,-3.702,1,0.0395,0.000298,0.0107,0.477,0.658,155.019,audio_features,6T38YYdc9GkLO07TRI3li2,spotify:track:6T38YYdc9GkLO07TRI3li2,https://api.spotify.com/v1/tracks/6T38YYdc9GkLO07TRI3li2,https://api.spotify.com/v1/audio-analysis/6T38YYdc9GkLO07TRI3li2,215000,4
0.558,0.98,6,-3.669,1,0.0468,0.000198,0,0.0847,0.585,107.008,audio_features,1biv377kXl3TcHMdJp92T9,spotify:track:1biv377kXl3TcHMdJp92T9,https://api.spotify.com/v1/tracks/1biv377kXl3TcHMdJp92T9,https://api.spotify.com/v1/audio-analysis/1biv377kXl3TcHMdJp92T9,184027,4
