danceability,energy,key,loudness,mode,speechiness,acousticness,instrumentalness,liveness,valence,tempo,type,id,uri,track_href,analysis_url,duration_ms,time_signature
0.468,0.767,3,-5.86,1,0.0429,0.0301,0,0.0909,0.0992,128.015,audio_features,0QuMMBMqyibCGRjaOwB5CZ,spotify:track:0QuMMBMqyibCGRjaOwB5CZ,https://api.spotify.com/v1/tracks/0QuMMBMqyibCGRjaOwB5CZ,https://api.spotify.com/v1/audio-analysis/0QuMMBMqyibCGRjaOwB5CZ,240653,4
0.475,0.848,3,-3.923,0,0.048,0.00864,0,0.268,0.404,144.042,audio_features,3v3uIqHW0rAuVL6rZcKB2B,spotify:track:3v3uIqHW0rAuVL6rZcKB2B,https://api.spotify.com/v1/tracks/3v3uIqHW0rAuVL6rZcKB2B,https://api.spotify.com/v1/audio-analysis/3v3uIqHW0rAuVL6rZcKB2B,227693,4
0.522,0.979,7,-4.38,1,0.0549,3.06e-05,0.000206,0.201,0.26,130.018,audio_features,6ZtI27zAUyuo1RuNUiYotH,spotify:track:6ZtI27zAUyuo1RuNUiYotH,https://api.spotify.com/v1/tracks/6ZtI27zAUyuo1RuNUiYotH,https://api.spotify.com/v1/audio-analysis/6ZtI27zAUyuo1RuNUiYotH,305744,4
0.504,0.954,4,-6.456,1,0.307,7.41e-05,2.48e-05,0.406,0.348,145.972,audio_features,43BnxEf8eGC4tJjV014xiw,spotify:track:43BnxEf8eGC4tJjV014xiw,https://api.spotify.com/v1/tracks/43BnxEf8eGC4tJjV014xiw,https://api.spotify.com/v1/audio-analysis/43BnxEf8eGC4tJjV014xiw,236200,4
0.437,0.863,11,-5.28,0,0.0941,0.00302,0,0.144,0.233,194.073,audio_features,076jgZgkx4YiJ4q0dN3Xsl,spotify:track:076jgZgkx4YiJ4q0dN3Xsl,https://api.spotify.com/v1/tracks/076jgZgkx4YiJ4q0dN3Xsl,https://api.spotify.com/v1/audio-analysis/076jgZgkx4YiJ4q0dN3Xsl,240928,4
0.346,0.846,1,-4.796,0,0.0621,1.88e-05,0.000858,0.117,0.28,143.152,audio_features,536bkD2pabwDI6kHCzHv5T,spotify:track:536bkD2pabwDI6kHCzHv5T,https://api.spotify.com/v1/tracks/536bkD2pabwDI6kHCzHv5T,https://api.spotify.com/v1/audio-analysis/536bkD2pabwDI6kHCzHv5T,231053,4
0.241,0.534,3,-7.207,1,0.0321,0.0561,2.13e-06,0.103,0.277,159.974,audio_features,7HjNOz8Y7H7uSySXuHNg1Y,spotify:track:7HjNOz8Y7H7uSySXuHNg1Y,https://api.spotify.com/v1/tracks/7HjNOz8Y7H7uSySXuHNg1Y,https://api.spotify.com/v1/audio-analysis/7HjNOz8Y7H7uSySXuHNg1Y,293640,4
0.354,0.982,4,-3.026,0,0.168,0.000237,0.000294,0.204,0.194,143.772,audio_features,61mWefnWQOLf90gepjOCb3,spotify:track:61mWefnWQOLf90gepjOCb3,https://api.spotify.com/v1/tracks/61mWefnWQOLf90gepjOCb3,https://api.spotify.com/v1/audio-analysis/61mWefnWQOLf90gepjOCb3,252613,4
0.51,0.643,0,-6.602,1,0.0485,0.214,3.22e-06,0.101,0.0397,130.081,audio_features,5DHQKZCOZhGNTbYBCekWx0,spotify:track:5DHQKZCOZhGNTbYBCekWx0,https://api.spotify.com/v1/tracks/5DHQKZCOZhGNTbYBCekWx0,https://api.spotify.com/v1/audio-analysis/5DHQKZCOZhGNTbYBCekWx0,270453,4
