danceability,energy,key,loudness,mode,speechiness,acousticness,instrumentalness,liveness,valence,tempo,type,id,uri,track_href,analysis_url,duration_ms,time_signature
0.508,0.971,8,-3.027,1,0.0788,0.00145,0,0.62,0.325,130.023,audio_features,3zZ009FB8sc8JghwVrbLFq,spotify:track:3zZ009FB8sc8JghwVrbLFq,https://api.spotify.com/v1/tracks/3zZ009FB8sc8JghwVrbLFq,https://api.spotify.com/v1/audio-analysis/3zZ009FB8sc8JghwVrbLFq,224160,4
0.524,0.939,9,-3.994,1,0.113,0.00022,0,0.623,0.661,150.184,audio_features,1Vej0qeQ3ioKwpI6FUbRv1,spotify:track:1Vej0qeQ3ioKwpI6FUbRv1,https://api.spotify.com/v1/tracks/1Vej0qeQ3ioKwpI6FUbRv1,https://api.spotify.com/v1/audio-analysis/1Vej0qeQ3ioKwpI6FUbRv1,184867,4
0.291,0.922,2,-4.968,1,0.0885,0.037,0.0198,0.101,0.0404,99.706,audio_features,4BRvD5QdauTo8EuUvYchu3,spotify:track:4BRvD5QdauTo8EuUvYchu3,https://api.spotify.com/v1/tracks/4BRvD5QdauTo8EuUvYchu3,https://api.spotify.com/v1/audio-analysis/4BRvD5QdauTo8EuUvYchu3,395067,4
0.535,0.982,7,-2.003,1,0.107,0.00131,0.0483,0.101,0.576,99.996,audio_features,0lHHU21bJhZEnu7O4Tps4H,spotify:track:0lHHU21bJhZEnu7O4Tps4H,https://api.spotify.com/v1/tracks/0lHHU21bJhZEnu7O4Tps4H,https://api.spotify.com/v1/audio-analysis/0lHHU21bJhZEnu7O4Tps4H,179707,4
0.546,0.98,9,-3.02,0,0.0619,0.0154,0,0.31,0.478,120.037,audio_features,2oNYsdCasRRlz1shXFAz7D,spotify:track:2oNYsdCasRRlz1shXFAz7D,https://api.spotify.com/v1/tracks/2oNYsdCasRRlz1shXFAz7D,https://api.spotify.com/v1/audio-analysis/2oNYsdCasRRlz1shXFAz7D,205120,4
0.508,0.88,5,-6.441,0,0.0448,0.0621,9.43e-05,0.15,0.337,140.065,audio_features,4zNk347FJz4yDDcjUhJJMI,spotify:track:4zNk347FJz4yDDcjUhJJMI,https://api.spotify.com/v1/tracks/4zNk347FJz4yDDcjUhJJMI,https://api.spotify.com/v1/audio-analysis/4zNk347FJz4yDDcjUhJJMI,224467,1
0.557,0.99,2,-3.902,1,0.194,0.0818,3.14e-05,0.373,0.128,95.055,audio_features,35jdp4bY3CABKBroODRq7Y,spotify:track:35jdp4bY3CABKBroODRq7Y,https://api.spotify.com/v1/tracks/35jdp4bY3CABKBroODRq7Y,https://api.spotify.com/v1/audio-analysis/35jdp4bY3CABKBroODRq7Y,106360,4
0.553,0.907,9,-5.623,0,0.0484,0.00401,0,0.266,0.451,100.967,audio_features,00KfIFi2TpAaQGPbRbFbKJ,spotify:track:00KfIFi2TpAaQGPbRbFbKJ,https://api.spotify.com/v1/tracks/00KfIFi2TpAaQGPbRbFbKJ,https://api.spotify.com/v1/audio-analysis/00KfIFi2TpAaQGPbRbFbKJ,200693,4
0.488,0.995,1,-3.096,0,0.108,0.00153,0,0.911,0.679,90.058,audio_features,27gUeiai56GKF6TxvmPJut,spotify:track:27gUeiai56GKF6TxvmPJut,https://api.spotify.com/v1/tracks/27gUeiai56GKF6TxvmPJut,https://api.spotify.com/v1/audio-analysis/27gUeiai56GKF6TxvmPJut,187933,4
