danceability,energy,key,loudness,mode,speechiness,acousticness,instrumentalness,liveness,valence,tempo,type,id,uri,track_href,analysis_url,duration_ms,time_signature
0.438,0.995,0,-4.045,1,0.215,4.01e-05,0,0.323,0.0588,159.884,audio_features,4QDkYTl8yEEk55p2g6peHj,spotify:track:4QDkYTl8yEEk55p2g6peHj,https://api.spotify.com/v1/tracks/4QDkYTl8yEEk55p2g6peHj,https://api.spotify.com/v1/audio-analysis/4QDkYTl8yEEk55p2g6peHj,236520,4
0.508,0.819,5,-5.108,0,0.381,0.0543,0,0.11,0.422,80.017,audio_features,5qGizZYD1lbhGFdTR1yoFv,spotify:track:5qGizZYD1lbhGFdTR1yoFv,https://api.spotify.com/v1/tracks/5qGizZYD1lbhGFdTR1yoFv,https://api.spotify.com/v1/audio-analysis/5qGizZYD1lbhGFdTR1yoFv,261200,4
0.376,0.98,8,-4.38,1,0.0571,0.000203,0.0118,0.066,0.354,85.362,audio_features,2c2UTSuyPbEmxWyTOMwjON,spotify:track:2c2UTSuyPbEmxWyTOMwjON,https://api.spotify.com/v1/tracks/2c2UTSuyPbEmxWyTOMwjON,https://api.spotify.com/v1/audio-analysis/2c2UTSuyPbEmxWyTOMwjON,200013,4
0.166,0.949,10,-3.439,0,0.198,0.000156,2.11e-05,0.192,0.307,172.816,audio_features,6PkquTvmXuL0BuHqC0nZEB,spotify:track:6PkquTvmXuL0BuHqC0nZEB,https://api.spotify.com/v1/tracks/6PkquTvmXuL0BuHqC0nZEB,https://api.spotify.com/v1/audio-analysis/6PkquTvmXuL0BuHqC0nZEB,196027,4
0.654,0.928,4,-3.406,0,0.0717,0.00366,0.002,0.139,0.52,130.951,audio_features,3xktQXIr1OD3ENc19viwDP,spotify:track:3xktQXIr1OD3ENc19viwDP,https://api.spotify.com/v1/tracks/3xktQXIr1OD3ENc19viwDP,https://api.spotify.com/v1/audio-analysis/3xktQXIr1OD3ENc19viwDP,201960,4
0.464,0.969,11,-4.075,1,0.107,0.000165,0,0.284,0.404,147.988,audio_features,5LAvT8mnLzjAj6AiLUIOSg,spotify:track:5LAvT8mnLzjAj6AiLUIOSg,https://api.spotify.com/v1/tracks/5LAvT8mnLzjAj6AiLUIOSg,https://api.spotify.com/v1/audio-analysis/5LAvT8mnLzjAj6AiLUIOSg,223933,3
0.505,0.973,11,-5.048,0,0.177,8.75e-05,0.0162,0.338,0.291,129.041,audio_features,4dhXwXbotkIV3RsOtEowfm,spotify:track:4dhXwXbotkIV3RsOtEowfm,https://api.spotify.com/v1/tracks/4dhXwXbotkIV3RsOtEowfm,https://api.spotify.com/v1/audio-analysis/4dhXwXbotkIV3RsOtEowfm,202147,4
0.4,0.886,7,-5.078,1,0.0521,0.000868,0.000211,0.122,0.406,195.958,audio_features,2D9BrlpeyjXF0vli2dYQ5V,spotify:track:2D9BrlpeyjXF0vli2dYQ5V,https://api.spotify.com/v1/tracks/2D9BrlpeyjXF0vli2dYQ5V,https://api.spotify.com/v1/audio-analysis/2D9BrlpeyjXF0vli2dYQ5V,228867,4
0.581,0.887,4,-3.659,0,0.0624,0.000504,0.00111,0.268,0.724,90.578,audio_features,5eek2X5459T1HoYJk2CKXv,spotify:track:5eek2X5459T1HoYJk2CKXv,https://api.spotify.com/v1/tracks/5eek2X5459T1HoYJk2CKXv,https://api.spotify.com/v1/audio-analysis/5eek2X5459T1HoYJk2CKXv,199893,4
