danceability,energy,key,loudness,mode,speechiness,acousticness,instrumentalness,liveness,valence,tempo,type,id,uri,track_href,analysis_url,duration_ms,time_signature
0.217,0.92,8,-4.479,1,0.0628,2.86e-05,0,0.102,0.376,167.169,audio_features,44NRdYQw7P0GWuiunRv3hr,spotify:track:44NRdYQw7P0GWuiunRv3hr,https://api.spotify.com/v1/tracks/44NRdYQw7P0GWuiunRv3hr,https://api.spotify.com/v1/audio-analysis/44NRdYQw7P0GWuiunRv3hr,246040,4
0.543,0.808,10,-5.484,1,0.0407,7.19e-05,0.00336,0.114,0.472,95.19,audio_features,4a9i7rCLfPjbS1sNamZeQN,spotify:track:4a9i7rCLfPjbS1sNamZeQN,https://api.spotify.com/v1/tracks/4a9i7rCLfPjbS1sNamZeQN,https://api.spotify.com/v1/audio-analysis/4a9i7rCLfPjbS1sNamZeQN,201667,4
0.362,0.923,2,-5.192,1,0.0727,3.87e-05,0.00566,0.476,0.444,99.003,audio_features,1lrwHbZhCXUhb7zI0VcIPA,spotify:track:1lrwHbZhCXUhb7zI0VcIPA,https://api.spotify.com/v1/tracks/1lrwHbZhCXUhb7zI0VcIPA,https://api.spotify.com/v1/audio-analysis/1lrwHbZhCXUhb7zI0VcIPA,290067,4
0.215,0.911,9,-4.715,1,0.0394,6.07e-05,3.47e-06,0.183,0.47,183.535,audio_features,36QG29bbGuJkxNgzY6o9Mu,spotify:track:36QG29bbGuJkxNgzY6o9Mu,https://api.spotify.com/v1/tracks/36QG29bbGuJkxNgzY6o9Mu,https://api.spotify.com/v1/audio-analysis/36QG29bbGuJkxNgzY6o9Mu,315453,4
0.535,0.93,10,-3.829,0,0.0545,3.25e-05,0.0193,0.0787,0.516,98.959,audio_features,6wDVNn4STCopwfQ9lFO2iR,spotify:track:6wDVNn4STCopwfQ9lFO2iR,https://api.spotify.com/v1/tracks/6wDVNn4STCopwfQ9lFO2iR,https://api.spotify.com/v1/audio-analysis/6wDVNn4STCopwfQ9lFO2iR,189320,4
0.178,0.907,0,-4.153,0,0.139,0.000218,1.77e-06,0.321,0.45,83.719,audio_features,6qEgn7WHwQUZhWJ4dBSpR9,spotify:track:6qEgn7WHwQUZhWJ4dBSpR9,https://api.spotify.com/v1/tracks/6qEgn7WHwQUZhWJ4dBSpR9,https://api.spotify.com/v1/audio-analysis/6qEgn7WHwQUZhWJ4dBSpR9,252667,3
0.493,0.936,1,-4.525,1,0.0331,8.53e-06,9.73e-05,0.358,0.683,93.501,audio_features,07huQEWGQAe7aJaeR08Cag,spotify:track:07huQEWGQAe7aJaeR08Cag,https://api.spotify.com/v1/tracks/07huQEWGQAe7aJaeR08Cag,https://api.spotify.com/v1/audio-analysis/07huQEWGQAe7aJaeR08Cag,223547,4
0.331,0.943,4,-3.188,0,0.0698,0.00721,2.06e-06,0.242,0.296,94.612,audio_features,0COqiPhxzoWICwFCS4eZcp,spotify:track:0COqiPhxzoWICwFCS4eZcp,https://api.spotify.com/v1/tracks/0COqiPhxzoWICwFCS4eZcp,https://api.spotify.com/v1/audio-analysis/0COqiPhxzoWICwFCS4eZcp,235893,4
0.43,0.991,1,-2.928,0,0.39,0.000603,0,0.11,0.191,167.912,audio_features,6rmy8aPXRCvzO07qzTzbvd,spotify:track:6rmy8aPXRCvzO07qzTzbvd,https://api.spotify.com/v1/tracks/6rmy8aPXRCvzO07qzTzbvd,https://api.spotify.com/v1/audio-analysis/6rmy8aPXRCvzO07qzTzbvd,241227,4
