danceability,energy,key,loudness,mode,speechiness,acousticness,instrumentalness,liveness,valence,tempo,type,id,uri,track_href,analysis_url,duration_ms,time_signature
0.406,0.888,8,-4.64,1,0.214,0.000202,0.069,0.0832,0.149,122.12,audio_features,1NveOzTZKU1foIDTbapKp0,spotify:track:1NveOzTZKU1foIDTbapKp0,https://api.spotify.com/v1/tracks/1NveOzTZKU1foIDTbapKp0,https://api.spotify.com/v1/audio-analysis/1NveOzTZKU1foIDTbapKp0,208200,4
0.543,0.965,6,-4.038,1,0.0963,0.000613,9.97e-06,0.0883,0.715,155.019,audio_features,3aELm5rswNgDDjwvfuqd9O,spotify:track:3aELm5rswNgDDjwvfuqd9O,https://api.spotify.com/v1/tracks/3aELm5rswNgDDjwvfuqd9O,https://api.spotify.com/v1/audio-analysis/3aELm5rswNgDDjwvfuqd9O,206895,4
0.359,0.442,9,-6.792,1,0.0338,0.217,0,0.0671,0.199,110.559,audio_features,3WnCyz2NJNL5pHsGrXiWzC,spotify:track:3WnCyz2NJNL5pHsGrXiWzC,https://api.spotify.com/v1/tracks/3WnCyz2NJNL5pHsGrXiWzC,https://api.spotify.com/v1/audio-analysis/3WnCyz2NJNL5pHsGrXiWzC,235173,5
0.501,0.916,10,-4.405,0,0.0372,2.76e-05,0.148,0.326,0.375,75.985,audio_features,27MkFIR0Ft1VM5jh039GI5,spotify:track:27MkFIR0Ft1VM5jh039GI5,https://api.spotify.com/v1/tracks/27MkFIR0Ft1VM5jh039GI5,https://api.spotify.com/v1/audio-analysis/27MkFIR0Ft1VM5jh039GI5,343520,4
0.623,0.983,11,-3.548,0,0.151,9.62e-05,0.0617,0.261,0.271,134.975,audio_features,2ZD2yg66kxuyC3QCXwMfoc,spotify:track:2ZD2yg66kxuyC3QCXwMfoc,https://api.spotify.com/v1/tracks/2ZD2yg66kxuyC3QCXwMfoc,https://api.spotify.com/v1/audio-analysis/2ZD2yg66kxuyC3QCXwMfoc,162293,4
0.925,0.737,8,-1.292,1,0.0777,0.092,0,0.169,0.603,133.946,audio_features,0Zh5U48tZNeAzzLTV1CVBE,spotify:track:0Zh5U48tZNeAzzLTV1CVBE,https://api.spotify.com/v1/tracks/0Zh5U48tZNeAzzLTV1CVBE,https://api.spotify.com/v1/audio-analysis/0Zh5U48tZNeAzzLTV1CVBE,222240,4
0.559,0.901,2,-5.643,1,0.0566,2.52e-05,0.0246,0.159,0.192,125.875,audio_features,3SR9EIDmRqdUuYy3fpvYfx,spotify:track:3SR9EIDmRqdUuYy3fpvYfx,https://api.spotify.com/v1/tracks/3SR9EIDmRqdUuYy3fpvYfx,https://api.spotify.com/v1/audio-analysis/3SR9EIDmRqdUuYy3fpvYfx,221547,4
0.609,0.935,6,-2.941,1,0.0479,0.0029,0.000359,0.188,0.498,95.957,audio_features,2Pvw7sZ7cTFMihs9RxNYvD,spotify:track:2Pvw7sZ7cTFMihs9RxNYvD,https://api.spotify.com/v1/tracks/2Pvw7sZ7cTFMihs9RxNYvD,https://api.spotify.com/v1/audio-analysis/2Pvw7sZ7cTFMihs9RxNYvD,252400,4
0.657,0.96,5,-3.524,0,0.07,0.00169,0.000997,0.109,0.567,126.02,audio_features,5bU4KX47KqtDKKaLM4QCzh,spotify:track:5bU4KX47KqtDKKaLM4QCzh,https://api.spotify.com/v1/tracks/5bU4KX47KqtDKKaLM4QCzh,https://api.spotify.com/v1/audio-analysis/5bU4KX47KqtDKKaLM4QCzh,186067,4
