danceability,energy,key,loudness,mode,speechiness,acousticness,instrumentalness,liveness,valence,tempo,type,id,uri,track_href,analysis_url,duration_ms,time_signature
0.512,0.968,6,-3.874,1,0.0658,0.00456,1.24e-06,0.115,0.646,160.102,audio_features,2AQq1I0LiIgfJ7vVLptvy8,spotify:track:2AQq1I0LiIgfJ7vVLptvy8,https://api.spotify.com/v1/tracks/2AQq1I0LiIgfJ7vVLptvy8,https://api.spotify.com/v1/audio-analysis/2AQq1I0LiIgfJ7vVLptvy8,256853,4
0.402,0.969,8,-2.825,1,0.181,9.14e-05,0.0325,0.225,0.262,173.847,audio_features,6RJdYpFQwLyNfDc5FbjkgV,spotify:track:6RJdYpFQwLyNfDc5FbjkgV,https://api.spotify.com/v1/tracks/6RJdYpFQwLyNfDc5FbjkgV,https://api.spotify.com/v1/audio-analysis/6RJdYpFQwLyNfDc5FbjkgV,245227,4
0.373,0.991,7,-2.101,1,0.214,0.000157,1.29e-06,0.162,0.316,197.973,audio_features,7FChJg2hPG2uAZ3hmDg6xL,spotify:track:7FChJg2hPG2uAZ3hmDg6xL,https://api.spotify.com/v1/tracks/7FChJg2hPG2uAZ3hmDg6xL,https://api.spotify.com/v1/audio-analysis/7FChJg2hPG2uAZ3hmDg6xL,257836,3
0.549,0.969,1,-2.763,1,0.049,1.16e-05,0.106,0.104,0.348,101.055,audio_features,2TNPagu8Z4zvDOpmnktF00,spotify:track:2TNPagu8Z4zvDOpmnktF00,https://api.spotify.com/v1/tracks/2TNPagu8Z4zvDOpmnktF00,https://api.spotify.com/v1/audio-analysis/2TNPagu8Z4zvDOpmnktF00,204827,4
0.769,0.899,10,-3.104,0,0.165,0.0139,0,0.0681,0.641,95.058,audio_features,4tXA1TUmKvz7CbUT9LUHDx,spotify:track:4tXA1TUmKvz7CbUT9LUHDx,https://api.spotify.com/v1/tracks/4tXA1TUmKvz7CbUT9LUHDx,https://api.spotify.com/v1/audio-analysis/4tXA1TUmKvz7CbUT9LUHDx,217587,4
0.534,0.933,11,-3.282,1,0.366,0.0835,0,0.394,0.478,202.058,audio_features,4MxZW1XEcPuIZmkANsJabC,spotify:track:4MxZW1XEcPuIZmkANsJabC,https://api.spotify.com/v1/tracks/4MxZW1XEcPuIZmkANsJabC,https://api.spotify.com/v1/audio-analysis/4MxZW1XEcPuIZmkANsJabC,268867,4
0.699,0.696,0,-5.745,1,0.191,0.103,0,0.211,0.428,83.596,audio_features,3rvM0obwHthpskrZKQxYLa,spotify:track:3rvM0obwHthpskrZKQxYLa,https://api.spotify.com/v1/tracks/3rvM0obwHthpskrZKQxYLa,https://api.spotify.com/v1/audio-analysis/3rvM0obwHthpskrZKQxYLa,249040,4
0.867,0.796,6,-4.73,1,0.0693,0.202,0,0.0838,0.776,92.766,audio_features,32SFvZODywPBVDYSYtqxCj,spotify:track:32SFvZODywPBVDYSYtqxCj,https://api.spotify.com/v1/tracks/32SFvZODywPBVDYSYtqxCj,https://api.spotify.com/v1/audio-analysis/32SFvZODywPBVDYSYtqxCj,231040,4
0.528,0.942,3,-2.825,0,0.0512,8.26e-05,0,0.344,0.421,110.058,audio_features,2KG9WFh2LYAMLrJAUikOYZ,spotify:track:2KG9WFh2LYAMLrJAUikOYZ,https://api.spotify.com/v1/tracks/2KG9WFh2LYAMLrJAUikOYZ,https://api.spotify.com/v1/audio-analysis/2KG9WFh2LYAMLrJAUikOYZ,188907,4
