danceability,energy,key,loudness,mode,speechiness,acousticness,instrumentalness,liveness,valence,tempo,type,id,uri,track_href,analysis_url,duration_ms,time_signature
0.23,0.911,0,-6.837,0,0.115,0.0365,0.00347,0.14,0.0398,129.993,audio_features,1HW6A7IaPggPryCLsTUj5c,spotify:track:1HW6A7IaPggPryCLsTUj5c,https://api.spotify.com/v1/tracks/1HW6A7IaPggPryCLsTUj5c,https://api.spotify.com/v1/audio-analysis/1HW6A7IaPggPryCLsTUj5c,273640,4
0.591,0.877,1,-6.816,1,0.0573,1.95e-05,0.911,0.104,0.163,109.944,audio_features,31BQPqg0PGatf52fIeu3Hh,spotify:track:31BQPqg0PGatf52fIeu3Hh,https://api.spotify.com/v1/tracks/31BQPqg0PGatf52fIeu3Hh,https://api.spotify.com/v1/audio-analysis/31BQPqg0PGatf52fIeu3Hh,210560,4
0.462,0.89,1,-4.853,1,0.0382,2.99e-05,0.00909,0.0685,0.383,155.008,audio_features,4wh0E9OwMCxcaIKTg0Mts9,spotify:track:4wh0E9OwMCxcaIKTg0Mts9,https://api.spotify.com/v1/tracks/4wh0E9OwMCxcaIKTg0Mts9,https://api.spotify.com/v1/audio-analysis/4wh0E9OwMCxcaIKTg0Mts9,214853,4
0.384,0.912,3,-4.543,0,0.0738,6.96e-05,0.000355,0.0967,0.508,162.979,audio_features,0zAJqlBcRSvrcCae4TwkBv,spotify:track:0zAJqlBcRSvrcCae4TwkBv,https://api.spotify.com/v1/tracks/0zAJqlBcRSvrcCae4TwkBv,https://api.spotify.com/v1/audio-analysis/0zAJqlBcRSvrcCae4TwkBv,249213,3
0.476,0.907,7,-3.938,1,0.0593,3.98e-05,4.32e-06,0.353,0.303,96.515,audio_features,6AGQ7pKkcnc6RVjtARt1ph,spotify:track:6AGQ7pKkcnc6RVjtARt1ph,https://api.spotify.com/v1/tracks/6AGQ7pKkcnc6RVjtARt1ph,https://api.spotify.com/v1/audio-analysis/6AGQ7pKkcnc6RVjtARt1ph,181667,4
0.392,0.964,10,-4.441,0,0.0644,7.13e-05,0.0387,0.106,0.269,167.024,audio_features,0faXHILILebCGnJBPU6KJJ,spotify:track:0faXHILILebCGnJBPU6KJJ,https://api.spotify.com/v1/tracks/0faXHILILebCGnJBPU6KJJ,https://api.spotify.com/v1/audio-analysis/0faXHILILebCGnJBPU6KJJ,200547,4
0.48,0.955,11,-4.513,0,0.0589,0.000401,3.72e-06,0.371,0.423,159.006,audio_features,3DKpxPyPN4Ux2B43O9a7kH,spotify:track:3DKpxPyPN4Ux2B43O9a7kH,https://api.spotify.com/v1/tracks/3DKpxPyPN4Ux2B43O9a7kH,https://api.spotify.com/v1/audio-analysis/3DKpxPyPN4Ux2B43O9a7kH,209533,4
0.256,0.916,5,-3.383,0,0.0761,1.09e-05,1.01e-05,0.208,0.41,169.11,audio_features,2G1xOn9PhRgi63XWp2ToZx,spotify:track:2G1xOn9PhRgi63XWp2ToZx,https://api.spotify.com/v1/tracks/2G1xOn9PhRgi63XWp2ToZx,https://api.spotify.com/v1/audio-analysis/2G1xOn9PhRgi63XWp2ToZx,238907,4
0.295,0.98,2,-4.075,0,0.0854,3.21e-05,0,0.359,0.283,134.335,audio_features,1KCAEG6JcsTzi8ddZzs0nk,spotify:track:1KCAEG6JcsTzi8ddZzs0nk,https://api.spotify.com/v1/tracks/1KCAEG6JcsTzi8ddZzs0nk,https://api.spotify.com/v1/audio-analysis/1KCAEG6JcsTzi8ddZzs0nk,254613,4
