danceability,energy,key,loudness,mode,speechiness,acousticness,instrumentalness,liveness,valence,tempo,type,id,uri,track_href,analysis_url,duration_ms,time_signature
0.563,0.51,9,-6.751,1,0.0283,0.677,3.8e-06,0.305,0.501,97.467,audio_features,4qkwbl6SxwLE09pxLAFINt,spotify:track:4qkwbl6SxwLE09pxLAFINt,https://api.spotify.com/v1/tracks/4qkwbl6SxwLE09pxLAFINt,https://api.spotify.com/v1/audio-analysis/4qkwbl6SxwLE09pxLAFINt,204307,4
0.41,0.151,6,-22.378,0,0.0459,0.28,0.0436,0.199,0.0832,93.193,audio_features,7uF3yM2MZnK6X3PaYywpLN,spotify:track:7uF3yM2MZnK6X3PaYywpLN,https://api.spotify.com/v1/tracks/7uF3yM2MZnK6X3PaYywpLN,https://api.spotify.com/v1/audio-analysis/7uF3yM2MZnK6X3PaYywpLN,328385,4
0.349,0.265,6,-17.698,1,0.0315,0.839,0.0292,0.326,0.376,139.709,audio_features,6ooOBj2KPyn0XzKOzMyTr3,spotify:track:6ooOBj2KPyn0XzKOzMyTr3,https://api.spotify.com/v1/tracks/6ooOBj2KPyn0XzKOzMyTr3,https://api.spotify.com/v1/audio-analysis/6ooOBj2KPyn0XzKOzMyTr3,125334,3
0.634,0.709,7,-6.879,1,0.026,0.0147,0.000685,0.516,0.6,120.005,audio_features,1u8Dsi5W9BzPQsvHmFLxss,spotify:track:1u8Dsi5W9BzPQsvHmFLxss,https://api.spotify.com/v1/tracks/1u8Dsi5W9BzPQsvHmFLxss,https://api.spotify.com/v1/audio-analysis/1u8Dsi5W9BzPQsvHmFLxss,210627,4
0.317,0.699,1,-5.552,1,0.0447,0.000913,0.0837,0.612,0.33,136.253,audio_features,3ZlRtxxx6zLw1KF8aiJrxR,spotify:track:3ZlRtxxx6zLw1KF8aiJrxR,https://api.spotify.com/v1/tracks/3ZlRtxxx6zLw1KF8aiJrxR,https://api.spotify.com/v1/audio-analysis/3ZlRtxxx6zLw1KF8aiJrxR,279067,4
0.524,0.646,4,-5.729,1,0.0286,0.918,0.003,0.129,0.498,80.168,audio_features,41ZslmsuyeVMZhMs93KBbe,spotify:track:41ZslmsuyeVMZhMs93KBbe,https://api.spotify.com/v1/tracks/41ZslmsuyeVMZhMs93KBbe,https://api.spotify.com/v1/audio-analysis/41ZslmsuyeVMZhMs93KBbe,135288,4
0.589,0.865,1,-2.881,1,0.0347,0.000924,0.355,0.0663,0.524,118.027,audio_features,03gNt9LmzZOZcnjKFKrFMl,spotify:track:03gNt9LmzZOZcnjKFKrFMl,https://api.spotify.com/v1/tracks/03gNt9LmzZOZcnjKFKrFMl,https://api.spotify.com/v1/audio-analysis/03gNt9LmzZOZcnjKFKrFMl,189172,4
0.693,0.447,9,-11.674,1,0.0274,0.0711,0.458,0.106,0.274,113.935,audio_features,3PDNbQyXxsFnXwnM6lnnIC,spotify:track:3PDNbQyXxsFnXwnM6lnnIC,https://api.spotify.com/v1/tracks/3PDNbQyXxsFnXwnM6lnnIC,https://api.spotify.com/v1/audio-analysis/3PDNbQyXxsFnXwnM6lnnIC,246933,4
0.215,0.0133,0,-6.101,1,0.0566,0.00645,0.00403,0.159,0.966,138.006,audio_features,1ZwJALwnYbeHdEVCNVmniz,spotify:track:1ZwJALwnYbeHdEVCNVmniz,https://api.spotify.com/v1/tracks/1ZwJALwnYbeHdEVCNVmniz,https://api.spotify.com/v1/audio-analysis/1ZwJALwnYbeHdEVCNVmniz,591160,5
