danceability,energy,key,loudness,mode,speechiness,acousticness,instrumentalness,liveness,valence,tempo,type,id,uri,track_href,analysis_url,duration_ms,time_signature
0.614,0.275,2,-12.804,0,0.186,0.78,0,0.119,0.165,130.664,audio_features,4XQQovRSltOGWevTCgacXY,spotify:track:4XQQovRSltOGWevTCgacXY,https://api.spotify.com/v1/tracks/4XQQovRSltOGWevTCgacXY,https://api.spotify.com/v1/audio-analysis/4XQQovRSltOGWevTCgacXY,171373,4
0.561,0.569,6,-9.682,1,0.0289,0.365,0.611,0.109,0.53,103.705,audio_features,718purgMpFb2Axhuz0Hbq1,spotify:track:718purgMpFb2Axhuz0Hbq1,https://api.spotify.com/v1/tracks/718purgMpFb2Axhuz0Hbq1,https://api.spotify.com/v1/audio-analysis/718purgMpFb2Axhuz0Hbq1,216787,4
0.535,0.554,11,-8.672,1,0.0792,0.263,0.904,0.105,0.512,131.226,audio_features,5oeOWXjH8NZFOWP0SpSXqV,spotify:track:5oeOWXjH8NZFOWP0SpSXqV,https://api.spotify.com/v1/tracks/5oeOWXjH8NZFOWP0SpSXqV,https://api.spotify.com/v1/audio-analysis/5oeOWXjH8NZFOWP0SpSXqV,231720,4
0.504,0.908,2,-5.559,1,0.035,0.00243,2.42e-05,0.0646,0.341,92.083,audio_features,0UVGoJz5rht7ePiJiyqV5H,spotify:track:0UVGoJz5rht7ePiJiyqV5H,https://api.spotify.com/v1/tracks/0UVGoJz5rht7ePiJiyqV5H,https://api.spotify.com/v1/audio-analysis/0UVGoJz5rht7ePiJiyqV5H,262720,4
0.464,0.687,0,-5.969,1,0.0483,0.251,0,0.158,0.323,137.951,audio_features,6i8PoJvohW1Rgo7L8uFxuX,spotify:track:6i8PoJvohW1Rgo7L8uFxuX,https://api.spotify.com/v1/tracks/6i8PoJvohW1Rgo7L8uFxuX,https://api.spotify.com/v1/audio-analysis/6i8PoJvohW1Rgo7L8uFxuX,230173,4
0.34,0.601,9,-7.036,1,0.0282,0.819,1.12e-06,0.8,0.44,103.38,audio_features,1BbNbsq8BySbaZvkOJ7f2t,spotify:track:1BbNbsq8BySbaZvkOJ7f2t,https://api.spotify.com/v1/tracks/1BbNbsq8BySbaZvkOJ7f2t,https://api.spotify.com/v1/audio-analysis/1BbNbsq8BySbaZvkOJ7f2t,303707,4
0.206,0.114,2,-21.225,1,0.0361,0.835,0.936,0.111,0.0636,109.14,audio_features,0WpXLJwbPQG0TnMjhCZHF0,spotify:track:0WpXLJwbPQG0TnMjhCZHF0,https://api.spotify.com/v1/tracks/0WpXLJwbPQG0TnMjhCZHF0,https://api.spotify.com/v1/audio-analysis/0WpXLJwbPQG0TnMjhCZHF0,233306,4
0.529,0.644,1,-3.692,1,0.0355,0.000746,0.874,0.297,0.586,136.026,audio_features,2wA4NDDRLoEPyA4Zq6J1G1,spotify:track:2wA4NDDRLoEPyA4Zq6J1G1,https://api.spotify.com/v1/tracks/2wA4NDDRLoEPyA4Zq6J1G1,https://api.spotify.com/v1/audio-analysis/2wA4NDDRLoEPyA4Zq6J1G1,180000,4
0.517,0.839,0,-3.521,1,0.0287,0.0014,0.000365,0.108,0.416,94.015,audio_features,0yac0FPhLRH9i9lOng3f81,spotify:track:0yac0FPhLRH9i9lOng3f81,https://api.spotify.com/v1/tracks/0yac0FPhLRH9i9lOng3f81,https://api.spotify.com/v1/audio-analysis/0yac0FPhLRH9i9lOng3f81,215880,4
