danceability,energy,key,loudness,mode,speechiness,acousticness,instrumentalness,liveness,valence,tempo,type,id,uri,track_href,analysis_url,duration_ms,time_signature
0.484,0.824,7,-4.213,1,0.0968,0.638,0,0.251,0.685,183.913,audio_features,0s2daWQFrTz6UYhPQqHTYx,spotify:track:0s2daWQFrTz6UYhPQqHTYx,https://api.spotify.com/v1/tracks/0s2daWQFrTz6UYhPQqHTYx,https://api.spotify.com/v1/audio-analysis/0s2daWQFrTz6UYhPQqHTYx,248360,4
0.354,0.263,0,-8.506,1,0.0483,0.848,0.724,0.115,0.118,79.957,audio_features,3WtB2who5tPeyzpe2rAoPk,spotify:track:3WtB2who5tPeyzpe2rAoPk,https://api.spotify.com/v1/tracks/3WtB2who5tPeyzpe2rAoPk,https://api.spotify.com/v1/audio-analysis/3WtB2who5tPeyzpe2rAoPk,236000,4
0.488,0.503,0,-8.89,1,0.0326,0.00583,0.809,0.101,0.38,144.035,audio_features,2lffRiAET2Xt6BNb4EmkS2,spotify:track:2lffRiAET2Xt6BNb4EmkS2,https://api.spotify.com/v1/tracks/2lffRiAET2Xt6BNb4EmkS2,https://api.spotify.com/v1/audio-analysis/2lffRiAET2Xt6BNb4EmkS2,298613,4
0.487,0.644,1,-7.843,1,0.0439,0.00262,0.00126,0.0917,0.439,114.049,audio_features,65pRaRCyR5RzEixi5j8YaL,spotify:track:65pRaRCyR5RzEixi5j8YaL,https://api.spotify.com/v1/tracks/65pRaRCyR5RzEixi5j8YaL,https://api.spotify.com/v1/audio-analysis/65pRaRCyR5RzEixi5j8YaL,313787,4
0.512,0.206,7,-20.203,0,0.0884,0.0159,0.000813,0.0891,0.155,157.968,audio_features,7bnpRdeH0IIJdFlmPCrc59,spotify:track:7bnpRdeH0IIJdFlmPCrc59,https://api.spotify.com/v1/tracks/7bnpRdeH0IIJdFlmPCrc59,https://api.spotify.com/v1/audio-analysis/7bnpRdeH0IIJdFlmPCrc59,301789,4
0.424,0.492,9,-8.505,0,0.0343,9.17e-05,0.745,0.0989,0.0971,119.99,audio_features,5wmBV7RrEDrEamTvCnuLxX,spotify:track:5wmBV7RrEDrEamTvCnuLxX,https://api.spotify.com/v1/tracks/5wmBV7RrEDrEamTvCnuLxX,https://api.spotify.com/v1/audio-analysis/5wmBV7RrEDrEamTvCnuLxX,283970,4
0.512,0.255,0,-15.867,1,0.0291,0.88,0.532,0.146,0.215,115.144,audio_features,7LZgdL0MxiElfaKZbuuE4l,spotify:track:7LZgdL0MxiElfaKZbuuE4l,https://api.spotify.com/v1/tracks/7LZgdL0MxiElfaKZbuuE4l,https://api.spotify.com/v1/audio-analysis/7LZgdL0MxiElfaKZbuuE4l,253560,3
0.669,0.479,4,-5.748,1,0.0311,0.147,0.953,0.11,0.251,113.643,audio_features,2xApY7GMxzCPOaxnVRkKY1,spotify:track:2xApY7GMxzCPOaxnVRkKY1,https://api.spotify.com/v1/tracks/2xApY7GMxzCPOaxnVRkKY1,https://api.spotify.com/v1/audio-analysis/2xApY7GMxzCPOaxnVRkKY1,157362,3
0.278,0.205,1,-9.504,1,0.0354,0.731,0.00391,0.101,0.18,133.899,audio_features,4MFo2WOdkWySj5C5EaLjaA,spotify:track:4MFo2WOdkWySj5C5EaLjaA,https://api.spotify.com/v1/tracks/4MFo2WOdkWySj5C5EaLjaA,https://api.spotify.com/v1/audio-analysis/4MFo2WOdkWySj5C5EaLjaA,184093,3
