danceability,energy,key,loudness,mode,speechiness,acousticness,instrumentalness,liveness,valence,tempo,type,id,uri,track_href,analysis_url,duration_ms,time_signature
0.376,0.306,2,-14.092,1,0.0324,0.898,0.889,0.0831,0.066,114.761,audio_features,4GjRDgb77p27GQnbZpv1OJ,spotify:track:4GjRDgb77p27GQnbZpv1OJ,https://api.spotify.com/v1/tracks/4GjRDgb77p27GQnbZpv1OJ,https://api.spotify.com/v1/audio-analysis/4GjRDgb77p27GQnbZpv1OJ,275022,3
0.641,0.527,0,-6.697,1,0.0256,0.243,2.51e-05,0.25,0.485,130.018,audio_features,5VrQtf7PVUmprxvDL1n4eU,spotify:track:5VrQtf7PVUmprxvDL1n4eU,https://api.spotify.com/v1/tracks/5VrQtf7PVUmprxvDL1n4eU,https://api.spotify.com/v1/audio-analysis/5VrQtf7PVUmprxvDL1n4eU,216880,3
0.619,0.256,8,-16.575,0,0.0605,0.0946,0.369,0.0896,0.184,160.109,audio_features,74bDxc06ybKuFNHZNgsm0j,spotify:track:74bDxc06ybKuFNHZNgsm0j,https://api.spotify.com/v1/tracks/74bDxc06ybKuFNHZNgsm0j,https://api.spotify.com/v1/audio-analysis/74bDxc06ybKuFNHZNgsm0j,275203,4
0.243,0.277,0,-11.122,1,0.0313,0.582,0.382,0.127,0.139,91.274,audio_features,35szVa0Nju0K1QuElXzSI7,spotify:track:35szVa0Nju0K1QuElXzSI7,https://api.spotify.com/v1/tracks/35szVa0Nju0K1QuElXzSI7,https://api.spotify.com/v1/audio-analysis/35szVa0Nju0K1QuElXzSI7,86204,4
0.516,0.942,2,-4.113,1,0.036,0.000182,0.464,0.116,0.964,95.996,audio_features,5GKVcvTgnFYtfh25qKQtRg,spotify:track:5GKVcvTgnFYtfh25qKQtRg,https://api.spotify.com/v1/tracks/5GKVcvTgnFYtfh25qKQtRg,https://api.spotify.com/v1/audio-analysis/5GKVcvTgnFYtfh25qKQtRg,242293,4
0.605,0.178,6,-19.09,0,0.44,0.598,0.00672,0.0962,0.401,83.975,audio_features,1x4HX2oVcJGrDeRT0A2mbS,spotify:track:1x4HX2oVcJGrDeRT0A2mbS,https://api.spotify.com/v1/tracks/1x4HX2oVcJGrDeRT0A2mbS,https://api.spotify.com/v1/audio-analysis/1x4HX2oVcJGrDeRT0A2mbS,297445,4
0.621,0.569,5,-7.318,1,0.0297,0.928,0.0356,0.115,0.402,110.022,audio_features,4qBHDoJFUUSvTa4aZJfEuw,spotify:track:4qBHDoJFUUSvTa4aZJfEuw,https://api.spotify.com/v1/tracks/4qBHDoJFUUSvTa4aZJfEuw,https://api.spotify.com/v1/audio-analysis/4qBHDoJFUUSvTa4aZJfEuw,257480,4
0.594,0.649,8,-5.724,1,0.0285,0.317,0,0.112,0.416,149.978,audio_features,0YqimumJOGmjrOSPG4m6ie,spotify:track:0YqimumJOGmjrOSPG4m6ie,https://api.spotify.com/v1/tracks/0YqimumJOGmjrOSPG4m6ie,https://api.spotify.com/v1/audio-analysis/0YqimumJOGmjrOSPG4m6ie,276467,3
0.829,0.435,0,-10.136,1,0.0515,0.0363,0.878,0.119,0.594,103.816,audio_features,5VarZFY00sO54HErJ3TPCI,spotify:track:5VarZFY00sO54HErJ3TPCI,https://api.spotify.com/v1/tracks/5VarZFY00sO54HErJ3TPCI,https://api.spotify.com/v1/audio-analysis/5VarZFY00sO54HErJ3TPCI,230147,4
