danceability,energy,key,loudness,mode,speechiness,acousticness,instrumentalness,liveness,valence,tempo,type,id,uri,track_href,analysis_url,duration_ms,time_signature
0.264,0.285,1,-15.208,1,0.0385,0.892,0.000471,0.344,0.0776,84.825,audio_features,2TgxCUZdHFkPEVmFge1OSd,spotify:track:2TgxCUZdHFkPEVmFge1OSd,https://api.spotify.com/v1/tracks/2TgxCUZdHFkPEVmFge1OSd,https://api.spotify.com/v1/audio-analysis/2TgxCUZdHFkPEVmFge1OSd,240671,4
0.392,0.754,3,-8.721,0,0.035,0.0686,0.0145,0.097,0.454,179.026,audio_features,4IkfFEVvZ7Q0h1ZzjqI5cy,spotify:track:4IkfFEVvZ7Q0h1ZzjqI5cy,https://api.spotify.com/v1/tracks/4IkfFEVvZ7Q0h1ZzjqI5cy,https://api.spotify.com/v1/audio-analysis/4IkfFEVvZ7Q0h1ZzjqI5cy,223507,4
0.652,0.302,6,-9.949,1,0.0328,0.389,0.000251,0.153,0.398,129.902,audio_features,5Yyr8yzSVSRjPBplROr0bR,spotify:track:5Yyr8yzSVSRjPBplROr0bR,https://api.spotify.com/v1/tracks/5Yyr8yzSVSRjPBplROr0bR,https://api.spotify.com/v1/audio-analysis/5Yyr8yzSVSRjPBplROr0bR,138154,4
0.821,0.35,7,-10.571,1,0.0412,0.817,0.478,0.329,0.379,119.991,audio_features,1IXiBroTLzGMKvd2OTR0GG,spotify:track:1IXiBroTLzGMKvd2OTR0GG,https://api.spotify.com/v1/tracks/1IXiBroTLzGMKvd2OTR0GG,https://api.spotify.com/v1/audio-analysis/1IXiBroTLzGMKvd2OTR0GG,306000,4
0.664,0.679,5,-8.293,1,0.03,0.149,4.84e-05,0.347,0.804,96.002,audio_features,2pAD0PKMUMtxlMvz33tYzB,spotify:track:2pAD0PKMUMtxlMvz33tYzB,https://api.spotify.com/v1/tracks/2pAD0PKMUMtxlMvz33tYzB,https://api.spotify.com/v1/audio-analysis/2pAD0PKMUMtxlMvz33tYzB,150651,4
0.749,0.575,6,-8.421,0,0.0353,0.503,0.75,0.116,0.695,96.011,audio_features,2IgS8P9oEDuhrEKkjPepBw,spotify:track:2IgS8P9oEDuhrEKkjPepBw,https://api.spotify.com/v1/tracks/2IgS8P9oEDuhrEKkjPepBw,https://api.spotify.com/v1/audio-analysis/2IgS8P9oEDuhrEKkjPepBw,262846,4
0.428,0.645,8,-4.964,1,0.0284,0.268,0,0.258,0.503,190.032,audio_features,3mAJICbS33S8Fs5gBG6zYk,spotify:track:3mAJICbS33S8Fs5gBG6zYk,https://api.spotify.com/v1/tracks/3mAJICbS33S8Fs5gBG6zYk,https://api.spotify.com/v1/audio-analysis/3mAJICbS33S8Fs5gBG6zYk,249587,3
0.288,0.509,11,-6.352,1,0.0327,0.0384,0,0.111,0.406,169.428,audio_features,7xIWodZRRhxnciARkqgNOr,spotify:track:7xIWodZRRhxnciARkqgNOr,https://api.spotify.com/v1/tracks/7xIWodZRRhxnciARkqgNOr,https://api.spotify.com/v1/audio-analysis/7xIWodZRRhxnciARkqgNOr,214256,3
0.385,0.462,9,-8.58,0,0.0297,0.793,0.183,0.0894,0.129,171.864,audio_features,3Bp26HoaFFxBUd8xnIT2jv,spotify:track:3Bp26HoaFFxBUd8xnIT2jv,https://api.spotify.com/v1/tracks/3Bp26HoaFFxBUd8xnIT2jv,https://api.spotify.com/v1/audio-analysis/3Bp26HoaFFxBUd8xnIT2jv,218253,4
